shard,split,video_id,mean_flow_magnitude,median_flow_magnitude,p90_flow_magnitude,mean_fb_error,fb_consistency_ratio_pair,mean_warp_error,human_mask_coverage,human_mean_flow_magnitude,human_mean_fb_error,human_fb_consistency_ratio,human_mean_warp_error,pairs
Dataset_Shard_0000000_0099999,test,-VAjjH6TTts,2.971448745848611,0.5464726488245651,9.790134020280092,1.535176124954596,0.808339188286026,12.484118338227272,0.15436264349489798,8.124536905102431,3.061685002607992,0.5472066957723151,33.63050467520952,200
Dataset_Shard_0000000_0099999,test,-jo_cPHYmjg,0.896459865346551,0.25834770066494456,2.5688777610287072,0.5052577967336401,0.9389388219681654,5.497878794819116,0.06449527662627551,2.974035882949829,0.8676320899836719,0.8435405193815765,15.37106260895729,200
Dataset_Shard_0000000_0099999,test,-wUKLCvobpI,2.2297492920432704,0.9972331727080745,6.00678795917891,1.0174270717171021,0.8541430088927064,12.670441309511661,0.14375229193239797,5.236626544710598,1.8174691456960863,0.7016870387872541,22.572455351826502,200
Dataset_Shard_0000000_0099999,test,3cwtNTYOszU,3.6574455442652107,1.8302960901556071,9.906559136509895,2.230718558812514,0.747215729437453,20.684520073235035,0.17824258609693877,7.384208685159683,3.2808663439936936,0.567551482890608,33.712471357584,200
Dataset_Shard_0000000_0099999,test,46-qefy8Nwc,6.650083136558533,4.52399530261755,14.695316705703735,4.671350061893463,0.5477049285011747,27.331721888780592,0.25409618144132656,7.8933664679527284,3.39011065363884,0.506340819627535,34.33819550514221,200
Dataset_Shard_0000000_0099999,test,4bA4M-spkoI,4.301715256311,1.5902911987807602,12.008502648696304,2.1540241275448353,0.7166864912264923,16.99987645417452,0.2529878826530612,8.190734432453755,3.4414082857288304,0.5191749944956701,28.335323046445847,200
Dataset_Shard_0000000_0099999,test,5Cq1OqWFAzw,3.3644936430454253,1.5875977540295572,9.1975623562932,1.9036903044581412,0.775839439947852,16.528555320501326,0.22278101084183674,6.946153017282486,3.2856098437309265,0.5914271772552478,26.14786136627197,200
Dataset_Shard_0000000_0099999,test,5oBOMUXaJwc,3.4248193541169165,1.177057489361614,10.257052898705005,1.9486009904183448,0.7479016494601758,17.8251264244318,0.18939861686862244,7.836057394742966,3.53684470243752,0.4811933435083437,38.93945402860641,200
Dataset_Shard_0000000_0099999,test,8e9ejcfVQfY,4.735613049296663,1.1561247759102844,13.91742280298844,3.6083633056876714,0.7227197449210877,16.09930574081838,0.09819405691964286,11.476262225543614,5.593426626925357,0.4445124920008942,39.10077004205436,200
Dataset_Shard_0000000_0099999,test,9azhMaMU4Eo,2.309279146566987,0.519939048695378,7.4332435882091525,1.0818843235448004,0.8247748712059665,11.910030623674393,0.12042879065688776,4.3224189586259305,1.5471328916303901,0.7373678537428436,17.03212573456578,200
Dataset_Shard_0100000_0199999,test,CzkK0xSXUMs,1.9183484783768654,0.7268029466550797,5.8774681754410265,0.7155657171644271,0.8875313764150283,13.730635209083557,0.15515565210459184,5.182689735353924,2.0476755996095015,0.7107430816811854,23.09435733405873,200
Dataset_Shard_0100000_0199999,test,F3BeAm1eM6Y,3.263239899277687,2.0100329168327153,8.479720311164856,1.2618524293974043,0.8080851519848723,15.14990923523903,0.20619728555484695,5.248972249189392,1.064055249884841,0.815064638264234,27.137493226081133,200
Dataset_Shard_0100000_0199999,test,HDs_owlm-kM,5.524369316101074,4.374674278944731,12.441650544404984,2.068977768495679,0.6612961972319945,28.319943375587464,0.3263490513392857,6.955467754602433,2.2464590698480604,0.6104106768130169,31.261077959537506,200
Dataset_Shard_0100000_0199999,test,I3ynWCdH9-Q,5.266000834405422,2.898800793346018,13.652945693135262,3.211587485447526,0.6401128082968193,21.220816472768785,0.1987259845344388,7.189457315504551,3.6679749089106917,0.5379184420839281,29.30519877076149,200
Dataset_Shard_0100000_0199999,test,J2BXGfLbEQk,2.5022318048775194,0.6916500800102949,8.026520863175392,1.053732191324234,0.8339357336018816,17.210242116451262,0.1508775111607143,6.328478274941444,1.6500922154262663,0.6860747021253867,30.941678113937378,200
Dataset_Shard_0100000_0199999,test,J2x0zNcfLzg,5.027775553464889,2.947280084602535,12.90939683675766,2.44545695848763,0.6376750637143269,26.844112211465834,0.3042106784119898,7.242742845416069,3.0894873762875794,0.5351539421263873,35.498718845844266,200
Dataset_Shard_0100000_0199999,test,J72oRFQXj5o,4.674429193213582,2.812186710331589,11.45214784860611,2.4562687199842186,0.7031634990535106,19.168466570973397,0.2239597616390306,7.651053734719754,2.820360304992646,0.5937317296267339,28.750402096509934,200
Dataset_Shard_0100000_0199999,test,J8RgC4W1HeU,2.2320368838310243,0.6266217135777697,7.523254637122154,1.3892247080989182,0.8401365862459361,14.314181617200374,0.09989825813137754,6.8166392028331755,2.951363386437297,0.5812121185884114,39.97865300893783,200
Dataset_Shard_0100000_0199999,test,KcYwOQfhWUk,1.5428104409575463,0.30576781508978457,5.5522904546558856,0.6993655789457262,0.9005672998539965,8.034938366115092,0.12058723294005101,5.504764681756496,1.7528869351930916,0.7421606946060425,21.90185739636421,200
Dataset_Shard_0200000_0299999,test,OLLAoZsGd0Q,3.6309126156568525,1.2237218609417324,10.570164624601603,2.355739549342543,0.7889520640568817,14.55453653305769,0.19241290656887755,7.614806442856788,4.25759902600199,0.5794690815709799,24.876000825166702,200
Dataset_Shard_0200000_0299999,test,PfsdriLJNvI,4.68591341972351,1.9936131932772696,12.876264218091965,3.0762345790863037,0.6784609915891054,21.3570399582386,0.20958994339923467,8.581801670730346,4.200170977310627,0.4644513031413958,36.48345600347966,200
Dataset_Shard_0200000_0299999,test,QJ-yAwmzwSs,3.9066360926628114,1.4652961531281472,11.144646217823029,1.9754791005700827,0.7331597647836139,13.016969187259674,0.23718849649234694,7.406609672904015,3.130294675268233,0.5176009839651624,24.421677446365358,200
Dataset_Shard_0200000_0299999,test,QLqrGlVdPCw,4.760559180398413,3.146679218173133,11.104588689747615,2.684327951974119,0.6574439255060937,23.730280551396426,0.11620645328443878,7.38101277619513,2.9575510664056672,0.5513855037263256,35.022879619030284,200
Dataset_Shard_0200000_0299999,test,QULIHG8qXNw,6.160742808878422,4.7905227892100815,13.115797460079193,3.0494667756929994,0.5455739386973348,38.22697268724441,0.27767538265306124,7.840844455361366,3.417507211640477,0.45949767097587163,41.881197514533994,200
Dataset_Shard_0200000_0299999,test,S-x-08mtMhM,3.0682701522894784,0.6197155396383358,9.742465885590393,1.5645718386593217,0.7840900446855693,16.103588224233828,0.19674027423469387,7.717559186234825,2.9629085782852234,0.5368427723629868,31.619138481318952,200
Dataset_Shard_0300000_0399999,test,c3SQmrJFsLY,2.4439381366968154,0.9893278690101579,6.777562877722085,0.8756042582727969,0.8469517592069218,14.139499130249023,0.12882882254464287,5.077674537034182,1.5465936687929207,0.706757749082404,30.763774208840914,200
Dataset_Shard_0300000_0399999,test,hY6RjtE0L18,4.31312068335712,2.2452325649885463,11.541523015797138,2.331569158658385,0.7011404874995775,21.50807679772377,0.23367904974489798,7.871584761738777,3.5142191038653254,0.5562271457245235,34.60881595849991,200
Dataset_Shard_0300000_0399999,test,kMMFVGirbAo,2.8613681007921694,0.6120202460553265,9.445482772290706,1.6089561260677874,0.8114797343258922,14.818137938380241,0.17298529177295918,7.2188558187519085,2.5208238479096328,0.6338470236419226,30.09303379240446,200
Dataset_Shard_0300000_0399999,test,lFhCwScSprM,4.3394750084728,2.160674978529787,11.655946467369795,2.8444322335533796,0.7130921639418472,28.44228773653507,0.20594487404336737,7.007315683008637,3.181233780530747,0.5477450906925952,42.352895463742314,200
Dataset_Shard_0300000_0399999,test,n72VzMg9PvU,3.261746976226568,1.526036707595922,9.075874378979206,1.7021200322732328,0.7644729593762039,17.303082453012465,0.16129344706632653,6.179963929069636,2.265633108052352,0.6248876991290383,30.325842081434093,200
Dataset_Shard_0300000_0399999,test,nVCvscVOQJM,0.5750501359999179,0.096947369473055,2.0140274506807327,0.15621615502983333,0.9791469157246491,4.732511078119278,0.14201799665178572,2.13103675916791,0.33607745099812747,0.9539942586914463,14.820889399051666,200
Dataset_Shard_0400000_0499999,test,nVCvscVOQJM,2.3710535164177418,1.1105987455532886,6.610276268720627,0.8513223269581794,0.8612441167569633,13.523121913671494,0.09546187420280612,3.988771035969257,1.390272346753627,0.7812464177127509,24.075441217422487,200
Dataset_Shard_0400000_0499999,test,ncA2W_lCihM,3.0896797442436217,0.3777246097195894,10.142654881477355,1.7809582091867924,0.7849458167045924,17.701902594566345,0.15332240513392859,8.222828007936478,2.7812934182584286,0.5663296562904141,34.40235192298889,200
Dataset_Shard_0400000_0499999,test,rSvMG28dPqk,5.069048063158989,2.916912700033281,12.924233027696609,2.6175602044165136,0.6890139534326748,22.0784363001585,0.28944913903061226,8.243308187425136,3.2887850174307824,0.5689476089681746,33.21628429293632,200
Dataset_Shard_0400000_0499999,test,sM1dnw-TOcE,4.548979577600839,3.4261575484334976,10.244233239219666,2.27251742537308,0.6927651826778516,22.33179961536254,0.1409897161989796,7.0001184083505885,2.2849824267643943,0.6141924178130264,32.81086462855339,200
Dataset_Shard_0400000_0499999,test,tFReD_CSTZQ,5.32195508025703,3.717406547646176,11.771843769757544,2.7447568824043262,0.6742390272475555,26.94205003850162,0.19547413105867345,7.502254825134296,3.258058742059802,0.5949625638262485,28.937254272545687,200
Dataset_Shard_0400000_0499999,test,uLa8mjhrP18,1.6254714453220367,0.43700001484714446,4.837969556748867,0.7382099624164402,0.8877202088442953,11.307211531996726,0.18587322624362243,3.208269948363304,1.124235834032297,0.8013689677602587,13.308728128671646,200
Dataset_Shard_0400000_0499999,test,uaW87-Yz9wQ,4.000350771471858,2.5538060107454656,9.553762480169535,1.7111521157342942,0.7553717946127214,18.03031232267618,0.22494838169642858,6.287832522392273,2.1968867594748733,0.646787307608367,28.723204045295716,200
Dataset_Shard_0400000_0499999,test,udfXY1v4lks,3.892633694931865,1.6942085386626422,10.634252242147923,2.222189405951649,0.7246542804570442,20.07153704583645,0.14014857700892858,7.714025256186724,3.1708315037563444,0.5542248223854367,30.735099693536757,200
Dataset_Shard_0400000_0499999,test,wxv1SDr8Kck,6.46937063485384,4.773942503975705,14.584928392171859,3.531458210349083,0.5446588414843836,36.59182802200317,0.419865573182398,8.95111492395401,3.915201540291309,0.42887210820338934,45.91838317871094,200
Dataset_Shard_0400000_0499999,test,xfv3d809TTc,8.229609887301923,5.409145605936646,18.059535154104232,5.694408795833588,0.5001634012524228,36.30194410800934,0.2985465162627551,8.272370156692196,4.28911454194651,0.4713814826514225,39.865987879708406,200
Dataset_Shard_0400000_0499999,test,zHY3o_AprOU,5.146862132251263,4.939813614487648,8.393534587621689,1.173455511778593,0.8036064236198267,16.070360025167464,0.10285883689413267,6.05780803412199,1.639115066472441,0.7108472976635503,26.31699143886566,200
Dataset_Shard_0000000_0099999,train,-Hs-zuBOlQE,2.6406403923779727,0.937181332395412,7.118233924508095,1.6099673316068948,0.8360332065751748,7.370624747574329,0.10735550860969388,6.079502513408661,2.4983243998885154,0.6171459511066987,21.163641500473023,200
Dataset_Shard_0000000_0099999,train,-J04CE5dA74,3.2760288468003274,1.2554733419977129,9.283883344978094,1.8266677447408437,0.7660604847535576,17.867706349492074,0.17687290736607142,6.781470250487327,2.9553413201868532,0.5591984628403825,36.388297247886655,200
Dataset_Shard_0000000_0099999,train,-Qoo3Uq5-50,5.278653599470854,4.129399061203003,11.007303847670554,2.3989536898210644,0.6252038449292747,29.753979828357696,0.16972277582908163,7.454464367032051,2.8034712827205657,0.5541967546802279,40.10447065353394,200
Dataset_Shard_0000000_0099999,train,-bqSDAsWptU,5.044841427356005,3.478935863869265,11.522803808450698,2.5818924053013323,0.7014022869475425,20.535284422039986,0.15121312978316326,8.243372446596622,3.814292021840811,0.5382502028371223,31.344444209337233,200
Dataset_Shard_0000000_0099999,train,-tqqp2KwCIQ,3.4360011419653893,0.1272676412021974,12.288747919797897,2.248448502533138,0.7683856869246695,16.40259075641632,0.16256088568239796,11.016414885520936,5.250151663273573,0.3895777322747522,37.36414119720459,200
Dataset_Shard_0000000_0099999,train,02MD08BgFZ0,5.951916296705604,5.523892664443702,9.930246383994819,1.7202480491809546,0.70150007763022,29.82046367406845,0.11576929209183673,6.844122083485127,2.291333896331489,0.6133309001732148,36.996345376968385,200
Dataset_Shard_0000000_0099999,train,0FxsmwVeriw,4.43553124545142,2.9054476178446382,10.513189414130174,2.3092585204797795,0.6928394138171656,23.209783455133437,0.18084911112882654,6.9611050238489405,2.7531216255158144,0.5535895861796142,35.8264103087876,200
Dataset_Shard_0000000_0099999,train,0NN6ySHCHVA,7.16251948416233,6.345890775956214,12.701856886148454,2.289847100805491,0.6387127113908505,32.3753272497654,0.1392207429846939,7.757934728264809,2.2822789669409396,0.5856019035857334,38.04781520724296,200
Dataset_Shard_0000000_0099999,train,0TJxBDyP9dw,4.231155112087727,1.6948967711953447,11.945161263942719,2.548237495087087,0.6916660765631064,25.041147015094758,0.21275370695153062,8.966259620189668,4.251872638165951,0.4056754348839205,50.46940711736679,200
Dataset_Shard_0000000_0099999,train,0U2jrFZuBZM,2.495204463750124,0.7287392221204937,8.01968806564808,0.9986119489744305,0.838893960490779,14.617112993001937,0.16518255739795917,6.174916170239449,2.067833822444081,0.6447286569328233,29.782556304931642,200
Dataset_Shard_0000000_0099999,train,0ZSqAjagrVo,3.093459756821394,1.5306708039040677,8.141623034030198,1.3177044595312326,0.797558009373854,19.107230947613715,0.16062918526785716,5.933540997207165,1.9057048710808158,0.6713345150402797,32.74303167283535,200
Dataset_Shard_0000000_0099999,train,0uLJTnNb2Es,2.3276301492750644,0.29370709881186485,6.9438912653923035,1.3269988584518433,0.8430915329896387,8.311618303656578,0.14542241310586734,5.8434169074893,1.8467182962223887,0.7034345787470377,20.32591544866562,200
Dataset_Shard_0000000_0099999,train,0w6Ky8PBYSQ,6.347087832235266,4.434036803293202,13.024499443904496,3.827185465041548,0.6392273636258988,28.904476202093065,0.10362763073979592,7.321909507728415,3.0423633345239796,0.5485916804442772,41.92664312481415,200
Dataset_Shard_0000000_0099999,train,0zLSpoyKV_A,6.5557156148552895,3.2724983939831147,16.58454988360405,4.0126689443737265,0.5778799638456542,37.472886171340946,0.2916814811862245,10.552656335830688,4.712366529591382,0.3879961533116877,51.926479501724245,200
Dataset_Shard_0000000_0099999,train,10gPc7VqgJk,4.541724322140217,2.8791944361291826,11.59819552063942,2.038099874742329,0.7156717859559535,18.16013688623905,0.20830377072704082,7.1421763976849615,2.5788139078766106,0.6073601769040101,23.430314930975438,200
Dataset_Shard_0000000_0099999,train,1ER3kxd2RvQ,2.531768473237753,0.5012982816714794,8.408872378766537,1.311043463330716,0.8244439532570602,13.191892355680466,0.17435168207908164,6.655669845342636,2.5817907432466747,0.5986358237323273,33.702692513465884,200
Dataset_Shard_0000000_0099999,train,1FhZqPfKWjE,2.077503864765167,0.4670635837531881,6.87510446369648,1.0217664302513003,0.8622855487863568,9.016809585690499,0.15264748086734692,5.807331036031246,2.0620526774972676,0.6884197880521978,23.947623249292374,200
Dataset_Shard_0000000_0099999,train,1YmFjGfQGnw,2.989745181798935,0.7144242036342621,9.254335681200027,1.4790868474543095,0.7806651735842499,17.454399577379228,0.21762386399872446,6.93750174164772,2.9206977178156377,0.5571878183064842,34.52337126731872,200
Dataset_Shard_0000000_0099999,train,1cMfYuRTDX4,11.580297957984731,9.68903762312606,21.528263633586466,6.413971473023994,0.34070685490669766,57.57232648476958,0.16676658163265304,10.65261990268249,4.982600200808374,0.3555144397431244,57.09867920465767,200
Dataset_Shard_0000000_0099999,train,1heJXaiMZBw,1.67825503192842,0.9573376291804016,4.540616042464972,0.5707111492007971,0.9070040877412469,8.391582052707673,0.09189732142857142,4.3028321426222105,1.3483789422098198,0.7543108392043958,28.449654594138266,200
Dataset_Shard_0000000_0099999,train,1hla9mZZWKM,4.719525379985571,3.0813467410206794,11.042048627138138,2.0416880367323755,0.7037563155668333,24.453462812900543,0.23668516820790816,7.465917382836341,2.1743254874646665,0.629042792279869,36.2064338350296,200
Dataset_Shard_0000000_0099999,train,1jkQfyIl7Kg,2.0021162153035403,0.5360568079352379,6.426822348833084,0.7512602939037606,0.8862929561265263,13.003398613929749,0.17240991709183676,5.6530193457007405,1.8918195990473032,0.7170860383836434,26.222222958803176,200
Dataset_Shard_0000000_0099999,train,1kyGOkXUEKI,6.051326430877671,2.408326225937344,15.31620674688369,4.861538387669716,0.640225051976288,26.872262923121454,0.1301349250637755,9.950939205987378,5.164710895667086,0.4049859802715377,42.26119893923402,200
Dataset_Shard_0000000_0099999,train,27uEnvzS8O4,7.322041209340096,6.659557288885116,15.148268721103669,2.880873460397124,0.6491843093890453,23.969483704566954,0.2316926419005102,8.799567261055872,1.8270662371479376,0.6848630091819623,32.35567931637634,200
Dataset_Shard_0000000_0099999,train,2KbVOj8YcRw,5.956546361148358,4.172132654581219,13.691823816299438,3.0110397638753055,0.5765009342187125,29.723228548169136,0.31145099250637753,8.39814152121544,3.5891281069815157,0.45932045590219034,40.29970029115677,200
Dataset_Shard_0000000_0099999,train,2ZnT6CqmPoQ,5.08301869481802,3.739126543812454,11.75398754477501,2.158226476572454,0.6802281472127153,23.49229952096939,0.1608188177614796,6.20218200981617,2.468042408749461,0.6052601585843708,31.065752110481263,200
Dataset_Shard_0000000_0099999,train,2aDuMKNR8Z0,2.9426636046171186,0.9876489043515175,8.845489480197429,1.214831572510302,0.8074837391195238,13.886229864954949,0.20357302295918367,6.333413126468659,2.107750485613942,0.6243582785597748,31.71488661289215,200
Dataset_Shard_0000000_0099999,train,2el-ZR4A4D4,2.568112863600254,0.5555376157537103,7.761816004514694,1.321435272693634,0.8178039337088521,9.081565433740616,0.11724150988520408,6.02342284142971,1.9493846525251866,0.6877189195520813,23.42531336545944,200
Dataset_Shard_0000000_0099999,train,3AR1FxFue7c,2.328993353508413,1.0858097430504858,6.3244147425889965,0.8801876523299142,0.8361033051345745,15.817066945433616,0.11640525350765307,3.6808801323361693,1.399508456196636,0.7462975373078509,24.05622135668993,200
Dataset_Shard_0000000_0099999,train,3Cg8-eoNXdY,6.445721937641501,3.4438612378016114,15.509687856137752,4.669019612902775,0.5943839576934561,31.211838122606277,0.17430404974489797,8.9078327601403,4.821059148330241,0.4198194766796364,52.23231760382652,200
Dataset_Shard_0000000_0099999,train,3YwJ5Fzodfk,1.8839532344043255,0.20302089350065217,6.532874616086483,0.8234877319820225,0.8734428408367861,9.931383556723596,0.16953344228316325,5.485808852910996,1.7485987628996371,0.7058189698150672,22.07917257785797,200
Dataset_Shard_0000000_0099999,train,3p5gb_JqO78,5.6480073934793475,3.8192802791111173,12.499754531681537,1.9197705001942813,0.6838717487890636,20.467220240831374,0.21083725286989796,8.86962749361992,3.012623212262988,0.5122647218735618,33.99190299987793,200
Dataset_Shard_0000000_0099999,train,3sty8XW-6FU,4.8911842597408395,3.3872748994620285,11.438727518447413,2.213513508211763,0.6927338272723333,20.885507391706852,0.28382314253826535,6.303647586105544,2.362680324995872,0.6503509488517419,24.820427539985396,200
Dataset_Shard_0000000_0099999,train,3xK6shdTeCs,4.649263968318701,1.6677132792957128,13.234288078546523,2.496623111516237,0.6851265336362811,15.983819690942765,0.25667091836734696,9.50306046783924,3.6939984484761954,0.4678851054467858,32.123084552288056,200
Dataset_Shard_0000000_0099999,train,49dGxeU0X5E,3.987100708782673,2.7256555880699307,9.644009702205658,2.0977962795458733,0.7804780504096847,12.023173651099205,0.15077566964285713,6.5914577850699425,1.6832309158891439,0.7046226436672535,25.552178497314454,200
Dataset_Shard_0000000_0099999,train,4EtAcruEhTI,4.401780637043994,2.451831248329409,10.973368739410471,2.3476148486917374,0.6847526719810813,28.6641400876001,0.1567660833864796,7.512187364600741,3.1435544698989317,0.5407875624661242,40.951969962483275,200
Dataset_Shard_0000000_0099999,train,4FjwzNlLCdU,2.0354482539743186,0.6462651953101158,6.135901735723019,0.9172245770879089,0.8676005626270178,10.9775793248415,0.1308530970982143,4.538641519248485,1.5701670149713756,0.7152770351473262,22.926451375484465,200
Dataset_Shard_0000000_0099999,train,4KfWaQz2Qxg,2.208042368218303,0.9766231658984907,6.578584778308868,1.2107401796244084,0.8542216515821266,11.10181446671486,0.12350037866709183,5.2658768168593815,1.9874302969778364,0.7193335090867192,23.594212966708,200
Dataset_Shard_0000000_0099999,train,4OwtoyYoSKY,5.446981363743544,4.031934576779604,12.44400957763195,2.4507993981800973,0.6700602434317388,24.591343212127686,0.2724236686862245,7.808330207169056,2.5373160368576646,0.637552401500804,29.068324315547944,200
Dataset_Shard_0000000_0099999,train,4ZL5KtH01eQ,3.847753290235996,2.2558610952435627,9.55160587757826,1.6192528136633337,0.7352250024468016,24.174102114140986,0.2344758450255102,6.775768818383804,2.5602947206053797,0.5660265794947265,37.936498308945446,200
Dataset_Shard_0000000_0099999,train,4ciVQzZxNkk,4.487087478339672,1.7019408054417908,12.659506547208876,3.1339109870046378,0.7178340748699735,14.322265002131463,0.19858876753826532,7.959102381791454,3.497953849513724,0.5704119144949871,28.0769877871871,200
Dataset_Shard_0000000_0099999,train,4xuwsEvzX1g,4.191069940328598,2.968635826185346,10.063222620487213,1.5796315884031356,0.7676320234678208,18.58558289051056,0.2367792370854592,6.135000319033861,2.0150058239884676,0.6661623408956767,27.8389388859272,200
Dataset_Shard_0000000_0099999,train,51bXx1vyjBE,4.272275159303099,2.8889844214404,9.426911732181907,2.0750280443381053,0.7257911655712173,22.061654933840035,0.1425246133609694,6.796487374363933,3.107704863397739,0.6092479490157291,34.03825748094823,200
Dataset_Shard_0000000_0099999,train,59_VE9iR-fE,6.722314845919609,5.168151537179947,14.447561883926392,3.450867429971695,0.5218343423917652,31.718238492012023,0.33500707509566324,8.463478317260742,3.7563512682914735,0.412238878663978,38.87102031707764,200
Dataset_Shard_0000000_0099999,train,5GLtwzZw3tc,5.185329684899188,3.9924913458403397,11.906456377585274,2.327710094525246,0.7070300866123951,19.161407671291382,0.2100552056760204,8.46969696318265,3.3440827627244287,0.5683293553980225,30.294216687032023,200
Dataset_Shard_0000000_0099999,train,5HzD-gmSlU0,9.300118650943041,6.422506375014782,21.269217592477798,6.672917526178062,0.6333573743566844,17.98304427266121,0.17637605628188777,8.398772249817847,2.7707363042794166,0.689315617545955,21.824920334815978,200
Dataset_Shard_0000000_0099999,train,5ITYjnz12-Y,4.77104315161705,2.290737534034997,12.722107511758804,2.6023308954760433,0.6979144977105869,22.223677084445953,0.2526352240114796,8.712735663056373,3.1561912932246923,0.5436152464254254,36.6817281460762,200
Dataset_Shard_0000000_0099999,train,5USYVhzhMes,4.270384723171592,3.078604984274134,9.320678137913346,1.779264372533653,0.7285182593900548,22.25124868452549,0.14902114556760204,6.116381863393472,1.5975962363562575,0.6819827801344276,34.52480591340922,200
Dataset_Shard_0000000_0099999,train,5sNeoy5PKug,3.5045235201716425,1.4779420850053429,9.42946074783802,1.853611760623753,0.7611631474966668,17.037938247919083,0.1503921197385204,5.173319053798914,2.3259164291247725,0.6558910915513791,28.191913920640946,200
Dataset_Shard_0000000_0099999,train,5smiMjCVrkg,2.68172054708004,1.1419084517518059,7.226296840310097,1.1928180227801204,0.8367190272885646,15.64324732542038,0.22337213010204082,5.385237849950791,1.9569027488678694,0.711364182058358,30.51135966658592,200
Dataset_Shard_0000000_0099999,train,6KzSnrEFKlU,2.9114630660414695,1.909671024256386,6.402111146003008,1.7817053875327111,0.7887874633237,12.180025016665459,0.08194465481505102,4.682745585888624,1.5655246315896512,0.7307029095616366,26.39033434987068,200
Dataset_Shard_0000000_0099999,train,6QNI1KTP-uA,4.19780968517065,1.9015879851207138,11.378950340747833,2.0103350529819726,0.7264347273307902,17.606647262573244,0.26632682955994896,7.4441164034605025,2.645156184658408,0.5903219247258016,25.941339530944823,200
Dataset_Shard_0000000_0099999,train,6QeMNsQww3A,8.414495990276336,8.062233136892319,13.639931402206422,1.8015398137643934,0.6398767625358611,38.690547199249266,0.1404097576530612,8.241819068789482,2.0589124927669764,0.5896551516486236,48.98722363948822,200
Dataset_Shard_0000000_0099999,train,6mmq34Ib8xg,4.567870018184185,2.681196899660863,10.83204301059246,2.0793679754808547,0.6874631442136868,25.826612467169763,0.2348581991390306,7.651530188322067,2.7859465064108373,0.5432972600698536,36.9170551276207,200
Dataset_Shard_0000000_0099999,train,6oSMlrVPW8w,2.087772616967559,0.47708916119299827,6.253390674591064,1.1065588212758302,0.8546933114616823,8.41086517393589,0.13918337452168367,5.2108754214644435,1.9605113352462649,0.715730419454676,19.330006453990936,200
Dataset_Shard_0000000_0099999,train,6rdUDJMfJQc,3.0369462676346304,1.0134028841275722,8.950695103108883,1.4563982692733406,0.7912453181790937,11.219068139791489,0.20990692761479593,6.803288706066087,2.601705898161745,0.6164856815292304,22.274394067153334,200
Dataset_Shard_0000000_0099999,train,6s1nSHVMZwM,6.1947278059925885,3.8514972573239357,14.751378277353943,3.7121121577802114,0.6055743602099358,25.751295142173767,0.20947853555484694,8.143052959460766,3.730465485714376,0.5100401175675979,37.27960410162807,200
Dataset_Shard_0000000_0099999,train,6ys4etJ1IFg,7.701615621447563,6.84821216315031,14.448135685920715,3.298288953751326,0.5605542290629572,35.38048144221306,0.27287039620535714,8.466138532161713,3.2984918677434325,0.5211347904795121,42.058704645633696,200
Dataset_Shard_0000000_0099999,train,77rVIqWlxNU,1.7475841761380435,0.40507812933064996,5.524817706272006,0.8515811382234096,0.8846576755771927,9.91772395670414,0.0819271165497449,4.777768267355859,1.332956764753908,0.7588428223870218,27.975798597335814,200
Dataset_Shard_0000000_0099999,train,79n77IIyriY,5.119337212853134,2.639403415652341,13.12140492901206,3.304970291852951,0.6635199285339216,26.725090159773828,0.16490842235331635,8.221208216946106,3.4938538068089473,0.5408904274932533,40.334763182965105,200
Dataset_Shard_0000000_0099999,train,7Uke7HVpaeA,4.367895200848579,2.1237278848327694,11.216322538852692,2.332517694681883,0.740032883057057,16.924626265764235,0.27963219467474487,6.975976466536522,2.1050451612472534,0.658696767850795,26.414143257141113,200
Dataset_Shard_0000000_0099999,train,7ZUOn2pZRls,2.316615303531289,0.8834329689852893,6.626602830588817,0.9486186010949313,0.8570990142745734,17.54317060351372,0.16169074856505103,5.001536652818322,1.6786327083408832,0.7534342011314707,24.735818630456926,200
Dataset_Shard_0000000_0099999,train,7erD56xKJaM,8.71301286637783,7.625411494448781,16.072788919210435,4.564454500516876,0.3829075144963126,57.96371319651604,0.19656090561224487,9.386751490980387,4.772916697710753,0.3807375343738898,67.83030091166496,200
Dataset_Shard_0000000_0099999,train,7nFvvB200qQ,3.5687548415362835,1.3842503035778646,9.427765371799468,1.7120855440571905,0.7832253098588973,13.69647238254547,0.27091517857142855,6.473564619412645,2.293204059485579,0.6566967157988738,22.006890854872765,200
Dataset_Shard_0000000_0099999,train,7nYRFn4c0B8,3.98695114582777,2.483509348463267,9.693257639110088,1.7909111582301558,0.7453022908047017,20.517977316379547,0.2184111926020408,6.5500331664085385,2.7005739894881846,0.5782624349727417,31.57547703742981,200
Dataset_Shard_0000000_0099999,train,7tf2BC4mC8s,2.073231652826071,0.10556091918959282,7.074517123103142,1.0595435930415988,0.8609430600755151,10.278706538677216,0.1448877949617347,6.7619372600317,2.417034811228514,0.6402442830453388,22.24408628940582,200
Dataset_Shard_0000000_0099999,train,87ygy8_a7Uk,6.275535515844822,4.172130934167654,13.98071615755558,3.7643687894940374,0.5897799838199235,32.15863307416439,0.29932567362882656,7.313067321777344,3.193052408695221,0.5212877694320893,41.7366681599617,200
Dataset_Shard_0000000_0099999,train,8BgfmtrtmLI,2.435748464092612,0.7861246609315277,7.391152276098728,1.1774481411837041,0.8371990047456924,9.088487108945847,0.11866181042729591,5.537866272926331,1.6302761586382986,0.7282880257172656,19.519642906188963,200
Dataset_Shard_0000000_0099999,train,8Fo-MdmXmBE,8.402275268435478,6.245079507827759,16.734435660839083,4.385845871269703,0.6039974337002291,17.671986784934997,0.15709891183035712,9.420232346057892,1.7946137346699833,0.7220609300347337,21.938316371440887,200
Dataset_Shard_0000000_0099999,train,8efNcdaz4zU,2.1285467365384103,0.4366215480864048,7.1172939705848695,0.9848212746717036,0.8408082769646922,14.339613605737686,0.14990921954719388,6.241786285638809,2.356046312004328,0.6010622866943534,35.89139377832413,200
Dataset_Shard_0000000_0099999,train,8rYV4ViS9U4,2.161287643238902,1.0519960697554052,5.895288911610842,1.0719108514022082,0.8560252596862845,12.697277358770371,0.12513293207908163,4.344684092373354,1.6925853960359383,0.7414995748708413,22.977428710497914,200
Dataset_Shard_0000000_0099999,train,91wTIWNvkCg,2.5751104402542113,0.8893198152352124,7.904500515162945,1.1200817153602838,0.8177144945624931,12.8082076305151,0.19934630102040818,6.454166027307511,2.415309038385749,0.6140741596287866,26.76484400510788,200
Dataset_Shard_0000000_0099999,train,96ChCVGsYPM,2.1728789522498846,0.9464348189905286,6.314178560376167,0.7170313785690814,0.8764193476135498,11.137949407696723,0.17229542012117346,4.877433172930032,1.1420693788910286,0.8013823408922078,27.117671225368976,200
Dataset_Shard_0000000_0099999,train,9AE2GviExXs,5.530834257006645,4.157224908620119,12.426531006097793,2.565480707734823,0.6161964982701567,24.426506230831148,0.20992775430484695,6.825420049428939,2.4989359196275474,0.5975492764723771,28.411113882064818,200
Dataset_Shard_0000000_0099999,train,9MPPZdAWF4U,2.885323571115732,0.46026245864108206,9.0019084623456,2.165205974280834,0.7957078924064287,11.671652089357377,0.09311234454719389,6.565136079788208,3.739079934991896,0.5410540002490241,34.49194569468498,200
Dataset_Shard_0000000_0099999,train,9Tq2xbgsGkM,6.807735082954168,5.825557593014091,13.827482160627842,3.4934535616636277,0.49725322737575794,44.933195152282714,0.21120954241071427,8.238337365090848,3.216727695930749,0.4594166381566587,48.890965257883074,200
Dataset_Shard_0000000_0099999,train,9lVD-SGOSjg,12.26946283042431,9.158311560153962,24.368093061447144,6.645477823391556,0.4725741612698336,39.07644867181778,0.1727067721619898,9.462213313579559,3.820064092874527,0.49151498370318303,41.64016539216041,200
Dataset_Shard_0000000_0099999,train,9oBVaGfsKf4,4.1468874935805795,2.626860438940237,10.131520969197155,1.8675999525096267,0.7312961841160545,21.67088096857071,0.29451749840561225,6.175504474454502,2.2771609539127895,0.6695119889251403,24.022901502400636,200
Dataset_Shard_0000000_0099999,train,9vQKn6w95ow,8.439476488828658,7.927102161794901,15.330998965501784,3.1713679652661084,0.5583855481547328,30.690908474922182,0.20934351084183675,10.216062070429325,3.7000316454842688,0.4898230473015312,38.057063516378406,200
Dataset_Shard_0000000_0099999,train,9yQHxxtlxt4,2.801840967833996,0.6851212942347047,8.7384787607193,1.2953124370239675,0.8256120471931051,12.261595622003078,0.1552001953125,5.529212447106838,1.921191271841526,0.681838546305465,25.30286348938942,200
Dataset_Shard_0000000_0099999,train,A2dimG5cbgc,3.522358412742615,0.9164424501149915,11.278163391500712,2.1737637097015976,0.761419623994754,15.126327778995037,0.17082170758928572,9.836206724643707,5.013141034692526,0.44712419516255525,35.2139955496788,200
Dataset_Shard_0000000_0099999,train,AE1Dd0KPmlw,4.544733688356355,3.24401006905362,9.820381325930358,2.4852943441085515,0.7098905672408928,19.115636560022832,0.13414461096938776,6.4806097430508816,2.7779214855618193,0.624629372564886,28.650984935723244,200
Dataset_Shard_0000000_0099999,train,AG0EifkPvGY,6.184739506840706,5.193171424157917,12.567406450510026,2.9879691066034137,0.5466226155172393,35.127297294139865,0.20577706473214286,6.919150703251362,2.7690056302398443,0.5270178882965244,44.20683825492859,200
Dataset_Shard_0000000_0099999,train,AKC7bYyldHo,1.4202705239783973,0.26721784815192223,4.8554947723075745,0.6792432681214996,0.9138253666768182,6.066601841598749,0.09944246253188777,5.723453675950878,1.940418966326979,0.7381411511244041,16.193508937954903,200
Dataset_Shard_0000000_0099999,train,AOHQ0aYQ4QI,2.4918391734361647,1.201338800447993,6.734306306540966,0.9975610377080738,0.8378188723768174,13.908681512773036,0.09276725924744898,4.853823308497668,1.5120089176855982,0.7518705198452491,26.47840846300125,200
Dataset_Shard_0000000_0099999,train,AQ_qy4s9-58,5.837105470299721,4.083987607397139,13.5369151699543,3.1179951895028353,0.6365425480333137,20.041808196306228,0.25480369100765304,8.762266882473195,3.568538674617794,0.5517112679301082,26.301940197800285,200
Dataset_Shard_0000000_0099999,train,AXEbpZ0lhEM,5.253658502995968,4.009201864562929,11.787025516033173,2.1929025860130786,0.6944203858332759,20.47256018280983,0.20365025111607143,6.278696852922439,2.060788030810654,0.6858066375464875,24.159615428447722,200
Dataset_Shard_0000000_0099999,train,Aw4Vaqqq_Eg,3.133872116021812,1.821984311471897,7.847709106975235,1.571577284252271,0.8030424830299653,15.186301383376122,0.10427694515306123,5.574739396881359,1.94064103159536,0.7032017162927862,28.6004896402359,200
Dataset_Shard_0000000_0099999,train,Aymbap8XcG8,3.793282817080617,2.0315488073509185,9.541168030500412,1.4413382937852293,0.7382977814491555,24.12451470375061,0.24465212452168367,6.753338004797697,2.3782391107454894,0.5804350075567158,38.43594351410866,200
Dataset_Shard_0000000_0099999,train,AzqgcU5_3mo,1.9643322283029556,0.6826748477481306,6.144013226032257,0.7987573478929698,0.8663409324101973,18.970666935443877,0.1376137994260204,5.497878925765399,1.6794349350620177,0.697892824315741,31.68375726662576,200
Dataset_Shard_0000000_0099999,train,B3np71w5K1c,3.544889777600765,2.119491513017565,8.77113096833229,1.4082743339054287,0.7762254298368733,18.787833673357962,0.19152094626913263,6.275476672649384,2.0031870046816764,0.6289771751900111,31.12557127714157,200
Dataset_Shard_0100000_0199999,train,B3np71w5K1c,3.660124913773034,2.6456418416652423,8.011697527290234,1.5359152393555269,0.7792064689198916,16.875331307172893,0.23186533402423468,5.590872301662704,2.208912483474326,0.6559333214461044,23.91341744072124,200
Dataset_Shard_0100000_0199999,train,B5IAda_ZR3Q,5.475656483136118,4.611738289979403,10.779214962534606,2.1917361299938056,0.6809453722554902,29.290858249943703,0.16751733896683674,6.410945156571106,2.0721641929751784,0.6746083182436692,35.377716916664504,200
Dataset_Shard_0100000_0199999,train,BDFwFmaztC0,3.0189450496435164,1.1944987601228059,8.447435736060143,1.244179375320673,0.8138135093904298,12.078677285909652,0.2599009486607143,5.968535453081131,1.7719782489910723,0.6850081232861132,20.963424451351166,200
Dataset_Shard_0100000_0199999,train,BI2jJ2nsUaw,1.6259448178112508,0.21060169915668667,6.051781141459942,0.5345623307069763,0.9011322163152826,10.91967489540577,0.15031877790178572,5.799373128712177,1.5293350686319171,0.708944107087259,28.743361163139344,200
Dataset_Shard_0100000_0199999,train,BaGpiUru22U,3.264946712851524,0.7702778866421431,9.686670700907706,1.8122425463423133,0.7841887264963268,11.696150183975696,0.20060766103316324,6.787475820183754,2.9708818483538924,0.6228667799086767,22.6792327606678,200
Dataset_Shard_0100000_0199999,train,Bdy36xv68Fs,3.694951971620321,1.7610159677453339,9.998961863219739,1.8772666028887033,0.7365034864188931,21.292010316848756,0.155919264190051,5.815558178573847,2.3380358999501913,0.6317864139574418,29.06273721933365,200
Dataset_Shard_0100000_0199999,train,BevoiaUK5ao,2.2336814532056453,1.0355805516475811,6.571557987034321,1.2457860470935702,0.8349801889821835,12.050145772099494,0.1300749362244898,6.0656428748369215,2.5847490608692167,0.6301991859805927,27.49165823459625,200
Dataset_Shard_0100000_0199999,train,C09ZpevuOVk,4.503352579027414,2.647263400554657,11.210649799704552,2.407787940837443,0.6826613571506184,27.13800928592682,0.24824746890943877,5.881412599310279,2.3294669177383183,0.632498804840397,29.605733503103256,200
Dataset_Shard_0100000_0199999,train,C5tgj76oc7E,4.464934909939766,2.65940165322274,11.29441265106201,2.210223674047738,0.6996144530565713,20.074651602506638,0.2330841438137755,7.488674877285957,2.612879242002964,0.560628876311046,34.023298633098605,200
Dataset_Shard_0100000_0199999,train,CIc39aXlHRY,2.9947370010614396,1.2472407010942697,8.45311020553112,1.1349760322459042,0.8176513026452722,18.82653978765011,0.3029683514030612,5.661664826571942,2.263531992584467,0.6601330429275266,21.896128836870194,200
Dataset_Shard_0100000_0199999,train,CNbMProDX_I,0.9515197948366404,0.11316282734274864,3.757982587069273,0.3479656844306737,0.9450028934481712,6.912610200643539,0.10475017936862244,4.033645869195461,0.7939564661867916,0.8547678104529537,21.549690952301024,200
Dataset_Shard_0100000_0199999,train,CRYDNSvrbis,2.28020512200892,0.6942460719682276,6.862893989868462,1.2451716977311298,0.8271477907720123,12.812686983942985,0.12736597177933673,5.237810691706836,2.182431527343579,0.6615420980122731,30.003207775354387,200
Dataset_Shard_0100000_0199999,train,Ccs73enFclU,5.135827230215073,2.713913226844743,13.637679612636566,2.7063948883861304,0.6453882996220401,18.23112231016159,0.29378467793367347,9.268700026273727,3.9827416487038136,0.45762381076179165,28.24096617937088,200
Dataset_Shard_0100000_0199999,train,CiYlq0pHhnM,4.874175517857075,2.20479668261949,12.878774079084396,2.8648694125562906,0.6954541375168252,20.518540869355203,0.18721051897321428,7.189908155202866,3.2116119223088027,0.5698259389991509,33.413426570892334,200
Dataset_Shard_0100000_0199999,train,Cl1w60d8Tqc,4.086274451315403,1.6725156166822126,11.067971002459526,2.5850874663330616,0.7221836317465946,23.033335364460946,0.18172124123086736,7.605287083648145,3.3206237163278276,0.5610172350824348,36.32785920843482,200
Dataset_Shard_0100000_0199999,train,Ctp1DySPKS0,2.013908127099276,0.30138066740706565,6.479479969441891,1.0289925684779881,0.8624490640037679,9.080435115695,0.11225954639668367,5.739282712042332,2.0777841509506105,0.7044898443717394,17.81592669248581,200
Dataset_Shard_0100000_0199999,train,D2q4s2rE0s_,3.9790176589787007,1.667044698819518,11.174783477783203,1.650656736381352,0.7455238135539767,18.518218643665314,0.2172459941007653,8.612855142951013,2.552295337840915,0.578234024694375,33.283208153247834,200
Dataset_Shard_0100000_0199999,train,DN3a8fF6FtU,2.267502045184374,0.7012583495490253,6.327632728815079,1.6008597320690752,0.8663071509314019,9.984660800993442,0.18886798469387756,4.492730329036712,2.057104753712192,0.7780445785002946,16.661614975333215,200
Dataset_Shard_0100000_0199999,train,DOjCrrrGa5s,5.676837576185353,3.228490881058075,13.654647627317463,3.6613003602810203,0.6401663749131594,42.877535497108475,0.19929587850765304,8.034362022267306,3.8817182481550843,0.5016279518011335,50.69936988863163,200
Dataset_Shard_0100000_0199999,train,DXcoe1mtinI,4.447395613789558,2.27070237275213,11.988517010211945,2.30442725174129,0.6859531350640918,19.309563409090043,0.22152144451530614,8.207498650550843,3.1564330577850344,0.5039391778121728,32.179023184776305,200
Dataset_Shard_0100000_0199999,train,DZHdNtwKBMo,2.238203412517905,1.2497909013554453,6.074775286912918,1.0262497309688479,0.8496329066357567,10.04739573419094,0.09456831951530612,5.036557465642691,1.9309109761193395,0.7205731898720958,24.629362120628358,200
Dataset_Shard_0100000_0199999,train,De9wq1vFUVo,3.61286968363449,3.170006414656527,6.760695845931768,1.4375468400190585,0.7536313378000223,23.515180846750738,0.1207876275510204,4.881744303181767,1.5842678972939028,0.7108956937662353,31.52127404987812,200
Dataset_Shard_0100000_0199999,train,DhitzRyJg4k,6.009515312174335,3.439258402949199,15.270238890908658,3.772430436507566,0.6116736309640042,25.651000548899173,0.21097755899234694,8.700476075005717,4.196158815074013,0.47654182559590097,34.88842681899667,200
Dataset_Shard_0100000_0199999,train,DlBR2IuS-_Q,5.602614276409149,3.7195702094212173,12.940102125406264,2.738256137035787,0.6412080913886004,26.87611364901066,0.29579500159438776,7.996857028305531,3.1214810255751946,0.5590072783694878,32.59370056197047,200
Dataset_Shard_0100000_0199999,train,DpcTinoxOZQ,4.178270513564348,2.3481565999705345,10.379270078539848,1.9383607522770763,0.7220986720532149,21.408811512589455,0.20726741868622447,8.357204240560531,3.205573982819915,0.5623423767149872,28.968134815692903,200
Dataset_Shard_0100000_0199999,train,DwsiVdwkl_M,2.035403089225292,0.005404904766473919,7.62303474098444,0.9131631154567004,0.8860046872726387,7.417222549915314,0.14486069036989796,6.700870648622513,2.1249623917788267,0.7195397514488548,21.533489072322844,200
Dataset_Shard_0100000_0199999,train,E0OylseYSt8,3.9686644157767295,0.8804351569153368,10.056205554902554,2.1165187187865375,0.7850927178499474,12.780760653614998,0.18041872608418366,7.133745693266392,2.3540312035754325,0.6374188990217164,29.928675780296327,200
Dataset_Shard_0100000_0199999,train,E5eP26MKE98,1.3772098563611508,0.18369813182391226,4.770441234111786,0.5531621066760272,0.9143100595939717,7.78721644103527,0.1502375637755102,4.6142871752381325,1.4189972767978907,0.752638402471514,21.805705173015596,200
Dataset_Shard_0100000_0199999,train,EJiNfGhoa3Y,3.603127947747707,1.213008634718135,10.560932666659355,1.7418418426252902,0.7615559457962783,16.84195778489113,0.17059749681122446,6.926989406376615,2.231097074748799,0.621001536112727,27.656702349483968,200
Dataset_Shard_0100000_0199999,train,EQhbPGMfvZU,2.177193593457341,0.16126875835871032,8.21154242992401,0.9092205307073891,0.869785232623503,9.250448339581489,0.15311573262117348,7.537960032522679,2.0538451701030134,0.6963979733076502,24.514225480556487,200
Dataset_Shard_0100000_0199999,train,F1UNeBWv6Ww,1.6966352915018796,0.173175961196539,6.006396339535713,0.8140769799705595,0.8844724252074365,10.722622467279434,0.1506883769132653,5.264110869020223,1.6642477549612522,0.7202959719835867,22.899427909851074,200
Dataset_Shard_0100000_0199999,train,F1mXo8STM24,5.391903566122055,3.828166458271444,12.3575871565938,2.5312424403429032,0.6440691010780006,27.08532662153244,0.27720792809311223,7.750241783261299,2.970522373765707,0.5210087940242556,40.29633420467377,200
Dataset_Shard_0100000_0199999,train,F89GbwV1duU,5.291312566399574,3.953477479070425,11.942820013761521,2.424368718639016,0.6532773552508118,22.289086760282515,0.1912240911989796,7.270352232158184,2.453831974491477,0.6035779476002439,30.078330705165865,200
Dataset_Shard_0100000_0199999,train,FF6KGtNtiwQ,5.630690796906128,2.791964136001716,14.494223359110766,3.307026814542478,0.6344364163282675,25.57497626528144,0.20148038903061224,9.094238720464055,4.403170946191239,0.506288138328014,37.8959674423933,200
Dataset_Shard_0100000_0199999,train,FFcXOiRGMaU,6.530689006894827,4.675583471432328,14.0104658639431,3.1838140772655605,0.5639082375311902,25.84750233888626,0.17107023278061223,8.593963911533356,3.2243608627468348,0.49401159196903444,38.66727957725525,200
Dataset_Shard_0100000_0199999,train,FGjqL-YO8E8,3.2292633835971354,1.8086591819627211,8.706858984977007,1.7306652659736574,0.7768261988546794,16.325266640782356,0.15702746332908163,6.6673726031184195,2.298866560421884,0.602364146976882,40.38164380550384,200
Dataset_Shard_0100000_0199999,train,FNFe75hIKd4,2.6300006859749554,0.4537372197955847,8.686241409778596,1.4413993618264795,0.8038078472004042,10.753564777374267,0.18409638073979592,7.403754851222038,3.108786971718073,0.54090962877114,27.7550554728508,200
Dataset_Shard_0100000_0199999,train,FUGgFV3WFig,3.7117045359313487,1.5508491495996715,10.437919762134552,1.9272772966325282,0.735457636256805,21.066927810907362,0.11126743861607143,5.786162221300183,2.153332163951709,0.6613394214662176,33.82738412097096,200
Dataset_Shard_0100000_0199999,train,FhpkDxLChRA,3.414973778575659,1.665785616133362,9.363646822869777,1.511661365237087,0.7728329512354363,18.24957518517971,0.2313460618622449,6.405121604800224,2.0406327801570296,0.6458158497565826,32.18120501637459,200
Dataset_Shard_0100000_0199999,train,Fi_z7GBejhs,7.086765236184001,5.859722362691537,13.7057583335042,3.1881392055563627,0.5446988985339781,34.17115300655365,0.19739098373724487,8.151484000599012,3.432134097440867,0.47964078491543716,40.68633232553489,200
Dataset_Shard_0100000_0199999,train,FzpQ92s8Idw,4.214448753893375,2.2996557362377645,10.879755047559739,1.9738459653407334,0.7151686798102417,18.61138286948204,0.2308852838010204,7.7037733364105225,2.8207554678618907,0.5471358159585609,33.09110184907913,200
Dataset_Shard_0100000_0199999,train,G5iYNFJuHkc,2.950593722164631,1.53793321046629,7.945078041255474,1.3981719404272734,0.7975782751760001,14.663730906844139,0.162630540497449,4.864541879215467,1.839607940729329,0.7139764457507362,25.581831531891368,200
Dataset_Shard_0100000_0199999,train,G6vEW8-Tk5w,3.8757650707662106,1.8732433657348155,9.908737398982048,2.0343857538327574,0.7503747714923182,15.52091752409935,0.2625599888392857,6.921066213846206,2.813918635174632,0.6199425246039042,21.60854207277298,200
Dataset_Shard_0100000_0199999,train,GVoppuU8cFo,5.465101031064987,4.266195206418633,12.193059120178223,2.6172763070464136,0.598067162790477,30.387924485206604,0.3620059390943877,7.7362022960186,2.971992146074772,0.5058686348465646,41.346862089633944,200
Dataset_Shard_0100000_0199999,train,Gi3eUcsqhks,8.129439686238765,7.139604371935129,15.594324390888215,3.9464779314398766,0.4980133327497629,36.648801167011264,0.1857899194834184,9.235727640092373,4.037941689155996,0.4588125699255113,42.339600157737735,200
Dataset_Shard_0100000_0199999,train,GrND9qai5pY,4.732921115532517,2.1320368105825036,12.7499625736475,2.619674133695662,0.637874758482465,23.034000090956688,0.21779187260841837,8.584627279564739,3.6594116181554273,0.45072896922277444,40.01422872900963,200
Dataset_Shard_0100000_0199999,train,HRJ4OhgNX08,3.82811874628067,2.3633485296927392,9.765528341531754,1.320923575758934,0.7853352255954158,14.85479128241539,0.24074208785076529,6.192663216590882,1.5392423529922963,0.7506778268504862,19.580193145275118,200
Dataset_Shard_0100000_0199999,train,HWcwP-2-gBU,3.4498766873776914,1.581717627607286,9.450225664377212,1.7077937051653862,0.7603810811716805,20.094402618408203,0.20298110650510204,5.332188259040704,2.223092996747291,0.6654436866080188,26.422723752084423,200
Dataset_Shard_0100000_0199999,train,HrG_CiyMH7A,3.129888550043106,1.4105937016522512,8.254690439105033,1.4486819119378924,0.8064844568225067,12.572704693078995,0.18253936144770408,6.114224495589733,2.1709635935351255,0.6649458488100285,23.82842236995697,200
Dataset_Shard_0100000_0199999,train,Hvip1xhAJEk,4.746629498004913,1.9775462781265378,12.60442585349083,3.0748612993210553,0.6982202953009359,15.503188770413399,0.1406817004145408,9.316878700710367,3.6777199690934506,0.5146784560083685,31.6633052277565,200
Dataset_Shard_0100000_0199999,train,I4YrJCXtmDQ,1.829295916967094,0.6023379756460782,5.415575391501188,0.7248582810978406,0.878272634173622,13.083926448822021,0.10961216517857142,3.6064618493977467,1.2805688642407766,0.7693279216997404,20.877390062361954,200
Dataset_Shard_0100000_0199999,train,IJ6v8unnzlw,3.474129274785519,2.200159657895565,8.118697335720062,1.7788351215422153,0.7469710292038481,20.033087121844293,0.15661212531887755,5.12666817009449,2.0320897651836276,0.6792893965160823,25.25285337686539,200
Dataset_Shard_0100000_0199999,train,IMYS4tzoiWw,6.518219301998616,4.757171399677173,14.72808479309082,3.914617286249995,0.5460216505860843,36.53642958164215,0.25546835140306123,8.975277998149394,4.085098734907806,0.43144978290040276,45.28479334831238,200
Dataset_Shard_0100000_0199999,train,IWAeIhWK8k0,2.8173668426275253,1.0924399221502243,7.921514641344547,1.3292669172212481,0.8077030002920614,13.845295412540436,0.2329347696109694,5.54140045940876,2.091342816092074,0.6598132694745914,21.706977627277375,200
Dataset_Shard_0100000_0199999,train,IgXDqL9n1yc,8.04555076122284,7.090146145820618,15.450145461559295,3.203328432366252,0.592248506454131,26.303527150154114,0.24602638711734695,9.035228821542114,2.262873102771118,0.6219653548919648,28.80481262437999,200
Dataset_Shard_0100000_0199999,train,IknWlKwrkqM,6.110277566984296,4.877570461558581,13.10959761530161,3.228629335714504,0.6181193701099993,28.168582246899604,0.28232700892857143,7.228824988342821,3.0564985054009592,0.5939110053608723,31.20500883460045,200
Dataset_Shard_0100000_0199999,train,IpeCPBTMsp8,1.4721161129698157,0.5622103808587418,4.37505483686924,0.6746880474500359,0.9093269410594337,7.1665295368433,0.1036831353635204,5.109595608115196,2.108171359151602,0.7022052762429947,21.535920288562775,200
Dataset_Shard_0100000_0199999,train,IwlK3JWqWhA,3.47527506172657,1.768644988304004,8.946114340424538,1.3453932809922844,0.7796000203089176,21.864897575378418,0.22987583705357142,6.66189494997263,1.9787114473618568,0.6664162665896319,29.92192053556442,200
Dataset_Shard_0100000_0199999,train,JF1WHXagVBg,3.153338918518275,1.4641303206863814,8.592488071471452,1.2246955009782687,0.7970661979241643,14.716363399773837,0.20820531728316324,6.2374333563447,2.414840104430914,0.5802537359869918,26.854469801783562,200
Dataset_Shard_0100000_0199999,train,J_Q3FptXl4E,4.459152211844921,2.488811572324485,11.250536769628525,2.083538928106427,0.6847273706218037,21.145123941898348,0.24512515943877553,8.035991654396057,2.633486817032099,0.5649640693405091,35.95996078491211,200
Dataset_Shard_0100000_0199999,train,JiFbkH4lkEA,4.606369955390692,2.6432108569890262,11.539640952646732,2.2919453226774933,0.6962422913225766,22.648154723644257,0.25424854512117345,7.748505425751209,2.755612901970744,0.5650778712260954,35.159783205986024,200
Dataset_Shard_0100000_0199999,train,JricrURk4aQ,3.6048098550736904,1.526517640138045,9.862688996791839,1.64437583072111,0.779625446650741,16.576853278279305,0.2573964644451531,6.891240829522237,2.7820947337020447,0.5928837333013816,30.0330954515934,200
Dataset_Shard_0100000_0199999,train,K1-1564mVaE,3.2875515140034257,2.653178434166766,7.894610235393047,1.1119979968620464,0.8554266698306546,10.705396266132594,0.08837691326530611,5.777809018939734,1.3379066280648113,0.7687720249900033,25.896924233436586,200
Dataset_Shard_0100000_0199999,train,KGDAv4gY0CU,4.04957403331995,2.1449982834607364,10.164806884527206,1.6697556911036373,0.7383438285195575,22.743371149301527,0.2504783163265306,7.142497299313545,2.2840153843909503,0.6063805210559434,34.135974638462066,200
Dataset_Shard_0100000_0199999,train,KWLQZy3Trfc,1.225370542258024,0.22279577368870376,3.897772754058242,0.7033188997488469,0.9061349827050071,9.297347282767296,0.06465272241709184,5.955237521529198,2.59543449210003,0.6339734969130407,35.98309967279434,200
Dataset_Shard_0100000_0199999,train,K_9S0CZoNLw,8.23547459602356,7.111354965269591,15.580097811222076,3.92646935865283,0.45420335384585625,42.40828159093857,0.3477660634566327,9.441291997432709,3.668464103639126,0.39597394493051274,48.106015577316285,200
Dataset_Shard_0100000_0199999,train,KiIkP5rt664,4.85483629271388,3.246408084630966,11.396351702809334,2.0055036249756815,0.7009997916113373,26.44274977684021,0.2840604073660714,7.119600154608488,2.6132142007909716,0.6086676453720452,33.20665958881378,200
Dataset_Shard_0100000_0199999,train,LABUp-9fzpo,2.5167619798332455,1.0282838901877402,7.288300050795078,1.1160800214204938,0.8332389198529958,17.781744938492775,0.159736328125,5.192064760196954,1.675224201643432,0.6878904408900135,31.58513777256012,200
Dataset_Shard_0100000_0199999,train,LCu1WeLTHHs,4.743107382953167,2.8684088154137135,11.799280593395233,2.5356254916638137,0.666223487616513,24.624163932800293,0.25001534598214287,7.763134511709214,3.298518583625555,0.5423798237908701,37.4387474989891,200
Dataset_Shard_0100000_0199999,train,LNm-RsObqrI,6.121401640474796,5.606383679509163,12.467608307600022,2.2264355310052633,0.6288835075633666,18.92824202477932,0.13822893415178572,7.980050141215324,2.777624912336469,0.5337424215745356,25.428736209869385,200
Dataset_Shard_0100000_0199999,train,LY8eSMG5Zg_,10.822186977267265,8.10871491074562,22.63187497615814,6.464674753844738,0.4278948312167672,35.25464918255806,0.27340979751275507,11.571252182722091,5.201395837813616,0.39687549223398455,47.24825931787491,200
Dataset_Shard_0100000_0199999,train,LqVVbjKegLM,4.0543360595405105,1.6960497299302368,11.576632867455482,2.352353558316827,0.6999676192021181,18.911259635686875,0.16166723134566324,8.090020540384575,3.68595379494247,0.5134891788912829,35.36076716516167,200
Dataset_Shard_0100000_0199999,train,LsLsb6ON3HA,3.9459145583212374,1.9983382971689572,10.26399198770523,2.1023845101892946,0.7271759852939651,20.304241592884065,0.20123425542091838,7.537304129600525,3.0801522271335124,0.5608892813643702,33.196007421016695,200
Dataset_Shard_0100000_0199999,train,LxB4fZIr6QM,3.187277627289295,1.5685202707536519,8.626348314285279,1.3969027248024941,0.7872362352763029,17.897276147007943,0.27070093271683676,5.994846464309376,2.0205498798894403,0.6543794606337343,28.651791750136763,200
Dataset_Shard_0100000_0199999,train,M0U21_jIkjs,3.8448878790438177,1.5510490254545584,10.981579583883285,2.1739535332284867,0.7251396891395803,23.775900369286536,0.17421018016581635,7.756384380459785,3.2779570088535546,0.5288577086726738,42.60882720470428,200
Dataset_Shard_0100000_0199999,train,MI9SBkWfYeE,2.2233002980053427,0.6201388775557279,6.698109751343727,1.3284826382249593,0.8506081070209636,10.706766639351844,0.10164730149872449,6.2261891867173835,2.43555891254975,0.6426431551572344,27.874063203930856,200
Dataset_Shard_0100000_0199999,train,MKXS5-a6wB4,4.085972027629614,1.594936202354729,10.936137002110481,2.356850123591721,0.7507921995396807,13.292715833187103,0.23596071827168366,7.153244713544845,2.7522095200046897,0.6424661532401218,25.69669353365898,200
Dataset_Shard_0100000_0199999,train,MO0BNkMVRUM,9.124318877011538,7.927734731230885,17.04249739944935,4.356578272990882,0.4395100174708215,42.62131132483482,0.20009008290816324,9.875390742272138,4.587297007869929,0.403030399681238,52.349603674411775,200
Dataset_Shard_0100000_0199999,train,MQ0rcxyT_18,4.4932563562691215,2.5042235930636525,11.603427133560182,2.027425365522504,0.7064683874978221,23.677829293012618,0.28116071428571426,7.5885992243886,2.6780996905639767,0.5803324594887609,37.90655753016472,200
Dataset_Shard_0100000_0199999,train,Mb1sAgqD2zk,4.124700539559126,2.515813458962366,9.85503098294139,2.588776653073728,0.7190891505929173,19.29021116912365,0.1296335897640306,6.25968040689826,2.0722631464526056,0.6679993322013967,26.858656681776047,200
Dataset_Shard_0100000_0199999,train,MoldpStWdSM,2.5577242486923932,0.8843649355415255,8.073187897205353,1.029601489752531,0.8255689483405575,14.122530003786087,0.13898028938137755,6.676179076731205,1.9239297591894866,0.6572288883132339,32.386830353736876,200
Dataset_Shard_0100000_0199999,train,MwffJW2HSBw,3.3571792651712893,1.3200602534142671,10.231520748734475,1.6685007232241333,0.7839086680057524,11.41104519188404,0.16815678810586734,7.968038247823715,2.614754313454032,0.6226065269315931,23.954633721113204,200
Dataset_Shard_0100000_0199999,train,Mwqts-3PkoQ,4.6229821521043775,3.1917657480761408,11.42224723815918,2.032183115109801,0.6842510613789129,24.05211935758591,0.11822853555484693,7.846042394042015,2.938887260556221,0.571563107945186,44.400704774856564,200
Dataset_Shard_0100000_0199999,train,Mz477FcOK1I,4.148424248649971,2.6119873800033075,10.171912651451713,2.013913232991472,0.7086011142984343,22.31290742098354,0.19072454958545917,6.3587080919461005,2.3512335884554343,0.5994601845468072,34.03623455613852,200
Dataset_Shard_0100000_0199999,train,NBZN1K9PE38,3.2641831025481225,1.2339648329606279,9.306650864779948,1.768174673691392,0.7841249042897728,13.145871740281581,0.24912179129464285,6.606666239202022,2.7309719597548248,0.6414199009631929,22.203605915308,200
Dataset_Shard_0100000_0199999,train,NDEQ8jZEeMg,3.3515328643471003,0.6577015729027335,10.873659522235393,1.9752496366202832,0.7534380077184817,19.918067638874053,0.16941824776785716,8.95388970065862,4.1513543482963,0.4468724989568026,30.738840588629245,200
Dataset_Shard_0100000_0199999,train,NNaNjLEnyCc,1.9691223698109388,0.29728383067063985,6.957217308878898,1.1442861667089164,0.8609255760488739,11.20574174106121,0.0964191047512755,6.849629709394649,2.699078571081627,0.6092042077972447,31.187840310335158,200
Dataset_Shard_0100000_0199999,train,NSBXNBFcSM_,4.422810893018878,2.3649870898529453,11.144683596210061,2.169577243921249,0.7058870164500227,20.667440776533457,0.29933523995535716,7.871025003831055,3.2465017711477504,0.5395873947703214,30.77122800831683,200
Dataset_Shard_0200000_0299999,train,NTl51OfTzPY,5.769736850820482,4.646648479486466,11.49784226918593,2.7498205769713966,0.6341285045522573,30.242000673562288,0.15405871332908164,6.604641805486754,1.8740206039974874,0.6505093713277929,38.14509645152837,200
Dataset_Shard_0200000_0299999,train,Nd5eAZn0k8Q,3.762909430116415,1.3096838201209904,10.772061005532741,2.030598901025951,0.7416499240487957,14.29422696441412,0.16051558514030614,6.8461524955416095,2.5535549992146844,0.6259311135955847,27.41483769387007,200
Dataset_Shard_0200000_0299999,train,Nenwue8ACQE,4.5260152880847455,3.1051312165521083,10.763993528187275,2.271985497623682,0.6675227005907708,26.38910001754761,0.266237643494898,7.147780784070492,2.880864486694336,0.5300649210423561,39.09602895975113,200
Dataset_Shard_0200000_0299999,train,NjNROlXjW5I,2.343214939339086,0.45958981616189704,7.658840745594352,1.1095767470286229,0.8324893892525086,10.812213664352894,0.18992536272321428,6.127854274776764,2.016625291327946,0.6565137938732778,26.712763457000257,200
Dataset_Shard_0200000_0299999,train,NnlJ2WtQxhw,2.159651292935014,0.8741253068530932,6.461628467142582,0.8611730091366917,0.8498179472349969,11.790913355946541,0.24138881138392856,4.890755082666874,1.5163184701651335,0.7149152313213599,21.32161743760109,200
Dataset_Shard_0200000_0299999,train,NsLZGmOq9MM,1.4808383526280522,0.13501852604094894,5.63503830268979,0.8571350600011647,0.8933320391489151,8.238981959819794,0.07623664700255102,6.631174152493477,2.623665044233203,0.6178140556703268,32.082231872081756,200
Dataset_Shard_0200000_0299999,train,Nt95VxNw1JA,2.56360734552145,1.2832717783749104,6.749275369346142,1.0562407478876412,0.8425756103799884,13.226978967189789,0.11138014190051021,3.9490174844861032,1.336428588964045,0.7839651039281764,22.147763156890868,200
Dataset_Shard_0200000_0299999,train,NumylOGDIqs,6.0499443753797095,4.313340362720479,12.853916042922064,3.0899240099673624,0.633947372795095,23.681856352686882,0.10014628507653062,8.601284509891993,3.2185537795722485,0.5317139691297416,38.47640942702885,200
Dataset_Shard_0200000_0299999,train,O6svjbPlqR0,2.043641108609736,0.4828316111676395,6.676212010234594,0.8684083341807127,0.8566145661119051,12.408036664128304,0.17651426977040818,5.867738433629274,2.197932783998549,0.6380952418500369,29.187412405014037,200
Dataset_Shard_0200000_0299999,train,OOXpm9RUBr4,4.492232764707878,3.0421923480387307,10.359728300096467,1.9036421064101159,0.7225369490723308,23.78873462705873,0.24545489875637755,6.629509401777686,2.169861557872318,0.6908414683280489,26.613108468209976,200
Dataset_Shard_0200000_0299999,train,Oh6s2ckLVCc,2.8680656972527503,0.6202359654195607,9.124198875129222,1.640598386581987,0.8059713530935463,11.111857966780663,0.1222657246492347,8.755796030163765,3.844300728365779,0.5450568780156867,29.162921113967897,200
Dataset_Shard_0200000_0299999,train,P42sNbDRQVI,5.164403053666465,3.6309589198541654,11.620900219185279,2.9689205157285325,0.6045073478328817,47.84700993765146,0.15424784757653062,7.623183303026017,3.3394130936221336,0.5006446781385216,53.25840125158429,200
Dataset_Shard_0200000_0299999,train,PAp-oCbJbao,2.0986546358466147,0.5604338647564873,6.417105922549963,1.0151891655102372,0.8480239719584384,12.64706818461418,0.10777572943239797,5.892502033114433,2.1215529953688383,0.6478220198744167,20.94628527164459,200
Dataset_Shard_0200000_0299999,train,PBh8_Cc90uw,5.448576087653637,3.6734399139508604,12.820836686491965,3.004302030391991,0.6354543274113726,17.814866654276848,0.1972701092155612,5.923302422165871,2.698813699223101,0.6341449740389224,20.590667304992675,200
Dataset_Shard_0200000_0299999,train,PCuj0aU8-4E,3.1655878657102585,1.361751855770126,9.01036877989769,1.2328786699101328,0.8007413068381471,16.670961549282072,0.22162119339923467,6.140729879289865,1.7869176605762913,0.6837980244162,24.763182924389838,200
Dataset_Shard_0200000_0299999,train,PF0ym46Ji90,5.004033342152834,3.2008196430373936,11.969134147763253,2.8055681669712067,0.6479049618751227,29.344670152664186,0.22313755580357142,7.189555772393942,3.245422747414559,0.5367671086868949,40.66127543210983,200
Dataset_Shard_0200000_0299999,train,PGb6eporHd4,5.300389512181282,3.338337050937116,12.357703531980514,2.8328266241401434,0.6540177536323232,23.23655856490135,0.3079461296237245,7.729001529216767,3.0014334765821697,0.5667606794587364,29.673392678499223,200
Dataset_Shard_0200000_0299999,train,PVyHZ65Fny0,7.065282775461673,5.75817918729037,13.9752308511734,3.115559037066996,0.5519588715777249,38.89811167478561,0.2593303571428571,8.691465117647313,3.2621302459423895,0.4784830655465732,46.97239899680019,200
Dataset_Shard_0200000_0299999,train,Pft9pKcpJfQ,2.703697454743087,2.0327840185468085,5.91154866386205,0.975629272093065,0.8460746364436836,11.900709896087646,0.11654735331632653,4.51286147505045,1.460259624030441,0.7552891188161888,22.598778357505797,200
Dataset_Shard_0200000_0299999,train,Pxfgv-VzJb8,3.0129345518350603,1.0723758291212033,8.435648222863675,1.8385408530477434,0.796680451055747,16.663711892366408,0.10816625478316327,6.522007871419191,2.421529667751165,0.6234912402772141,33.58795063495636,200
Dataset_Shard_0200000_0299999,train,Q3-hgENLscU,5.00287603713572,3.752977259904146,11.329142700880766,2.3467724447324874,0.620285985757662,31.626754769086837,0.25730020328443876,7.293148331642151,2.603863229602575,0.5500372146444497,39.11679111719131,200
Dataset_Shard_0200000_0299999,train,QGuO3Ikm9L0,5.211421914510429,1.810642394500319,15.096615765690803,3.1028982491977515,0.7435196850452813,19.02440671801567,0.181015625,11.323351380825043,5.0922726826742295,0.5483208377555121,33.29840440750122,200
Dataset_Shard_0200000_0299999,train,QPaAUPP0L2s,9.40101448237896,7.844721819721162,17.663796568512918,4.625109288915992,0.4581255444479537,40.546175701618196,0.21253537547831633,9.173245940208435,3.8114052818343045,0.4119746823474609,41.66941411137581,200
Dataset_Shard_0200000_0299999,train,QRGS3EjB5I4,6.071165706515313,5.349475354701281,12.148711605072021,2.274456916116178,0.623327407804513,23.191724292039872,0.19258350605867347,7.727360045909881,2.6453850953280926,0.5085717212295877,35.6863670539856,200
Dataset_Shard_0200000_0299999,train,QZqfMruo1-w,6.810431829988956,4.234299638941884,16.327877750992776,4.822232478633523,0.5662158481979456,29.510628152489662,0.3269496372767857,10.185677946805955,5.069619968757033,0.41335953721697555,34.84090688228607,200
Dataset_Shard_0200000_0299999,train,R2AgAYViA-Q,4.8555080246925355,2.7685418819379994,12.054155912399292,2.7539750235527753,0.6798021807794072,20.557961888313294,0.1598453443877551,7.685295711755753,3.175045594405383,0.5451339851432739,32.67669923067093,200
Dataset_Shard_0200000_0299999,train,R8C5qDxBYj0,3.4245870666205884,1.8965127129480244,9.077984229028225,1.4749973175674678,0.7565894778455515,18.093890746831892,0.26266442123724487,6.182949481606483,2.1774773736298085,0.6358299106006693,27.39083557844162,200
Dataset_Shard_0200000_0299999,train,ROt4Y-lkzD8,2.0516782048344613,0.48180984672741034,6.810952520370483,0.9064464816451072,0.8685234934192664,14.535841057300567,0.1444109733737245,6.121218484148849,2.1163500605506123,0.6494659978286411,32.19615196656436,200
Dataset_Shard_0200000_0299999,train,RUu5-e13gZw,6.254405797021463,4.216004226508085,12.858321874178946,3.9984416051302105,0.6303037961607402,32.31422312825918,0.10872807716836734,6.380245577308815,2.494003174715908,0.5854878958736567,48.49048092022538,200
Dataset_Shard_0200000_0299999,train,RWeESNvnYQs,2.5964708981662987,0.9427223501261324,7.939211011826992,1.4675423673726617,0.8092573410706453,13.550624505281448,0.17185965401785716,6.302172220051289,2.8905764679983257,0.6154655234526143,26.828817467689515,200
Dataset_Shard_0200000_0299999,train,RXnWs2i_f2w,4.003789835423231,1.7911019395384937,11.081544608175754,1.8248923052661121,0.7381588683017974,18.43051329433918,0.17528330277423468,6.40361223687185,1.9325575662142365,0.6665509627682744,24.160878762975337,200
Dataset_Shard_0200000_0299999,train,RjAhTdGaZpw,2.3869732817262412,0.545043852198869,7.424765072166919,1.1586215612199158,0.8239943646488704,15.520816086530685,0.16298319913903062,5.495843726694584,2.1353133656084538,0.6574368555020168,27.34962006807327,200
Dataset_Shard_0200000_0299999,train,RrCuR6tPFxI,2.5365517850220205,0.6514001868851483,7.561924898326397,1.1886971359699965,0.8387535836461818,12.32697490811348,0.20122867506377554,5.120472450852394,1.4509467843919992,0.7415906424123088,24.76490021944046,200
Dataset_Shard_0200000_0299999,train,S9MeH6oej30,3.025107869505882,0.5294608050212264,9.78533462613821,1.5688695357739926,0.7786091336088491,18.59705820441246,0.19540108816964286,8.055105805397034,3.3855737867206335,0.4958590228511607,40.97679017543793,200
Dataset_Shard_0200000_0299999,train,SJcqdf3mIc8,2.673820994566195,0.21352225308211928,11.049433246548288,3.11236008317559,0.9194242363999249,8.67471127897501,0.0022952208227040817,0.7506278689019382,0.1332004510448314,0.9896673227227566,30.340498423576356,200
Dataset_Shard_0200000_0299999,train,SWqtN9u71FI,4.4246738117840145,2.996339135093149,10.158988623172045,2.2035228052176534,0.6871129465660034,25.3551707559824,0.16693728077168365,5.9097891372942835,2.191598588786728,0.6642199644549049,34.817793127074836,200
Dataset_Shard_0200000_0299999,train,SjbNwQc9Uko,2.981208287663758,0.559950036285445,8.293523058891296,1.6874250144604594,0.8212638770858355,14.331288249492646,0.12675880899234693,6.609964525527321,3.0998820646990497,0.6201252463293411,31.92016668278724,200
Dataset_Shard_0200000_0299999,train,SpUWKtLtTN8,3.2061984138190747,1.846526138712652,8.368515134453773,1.3780456106737256,0.789939075999281,14.91683570444584,0.20132184709821427,6.065624358057976,2.1519403718411922,0.6638413072259379,29.867271485328676,200
Dataset_Shard_0200000_0299999,train,SrkeG7CkkJY,4.41150938808918,2.935376531612128,10.686986113786697,2.2066288041323423,0.7062813957699664,18.042130602598192,0.19966507892219387,6.660893791615963,2.5376976177841426,0.6194009577311057,28.689386351108553,200
Dataset_Shard_0200000_0299999,train,SsxtoWJHb4o,1.8903540232777596,1.0200572793185712,5.084287733733654,0.47080530758947137,0.9087674250173329,13.41635447382927,0.08802764269770408,5.712172045707702,1.3679608774185181,0.7354353056669403,34.25096017360687,200
Dataset_Shard_0200000_0299999,train,TDCUZ3rN6H8,4.895663621425629,3.0963321045227348,11.465185039639472,2.063776470944285,0.7481892974223879,17.91929332137108,0.22539670360331635,7.276405509710312,1.6122331439703703,0.7478816665705905,24.467176563739777,200
Dataset_Shard_0200000_0299999,train,TLUD5I3rzoc,3.084041253775358,0.9744216019660235,9.00156910777092,1.5800524995848537,0.7875483254513307,14.252758686542512,0.15955297353316328,6.536471921503544,2.0905125192925333,0.6546443791757361,27.007454917430877,200
Dataset_Shard_0200000_0299999,train,T_FBIBGomLM,2.9218298579752444,1.2735111015476286,8.273753073215484,0.9895484529808164,0.823148566025424,14.783780791163444,0.21095982142857142,5.510830326424911,1.5594839691543894,0.7065135860947368,25.958945173323155,200
Dataset_Shard_0200000_0299999,train,TcjaEAyS8ts,5.123320297598839,3.489852261207998,12.412834782600402,2.9659589154273274,0.6353048199772507,19.590034895539283,0.2062809909119898,7.285559073388576,3.2959791675209997,0.5575299719689137,27.23690007209778,200
Dataset_Shard_0200000_0299999,train,TlGCU7dVYvo,3.077365519570939,1.336804693453876,9.01756132908605,1.5351167457196562,0.7886615108513811,17.369977082074328,0.16224071269132653,7.266019056313415,3.1868844747722354,0.5485428695718542,31.968982838392257,200
Dataset_Shard_0200000_0299999,train,Tn_MfGExzrw,4.119017091989517,0.9858545641042292,11.907375016212463,2.15214640006423,0.746171120016054,11.409192559719086,0.1501904296875,9.783211393356323,3.2235289474576714,0.5575185763406075,23.185080050230027,200
Dataset_Shard_0200000_0299999,train,TqH1zY7HkZE,6.275180529598146,4.564701187973842,13.735479133408516,4.021384869478643,0.547006737990266,38.16901603251696,0.16277114556760203,8.28783719349187,3.5418015420640585,0.46150128089661857,46.78154515793547,200
Dataset_Shard_0200000_0299999,train,TxDFFE1BV8k,2.5512730960547922,0.7596252267062664,7.162289287149906,1.349960958082229,0.8382857138270934,12.229064819812775,0.22574139030612245,6.151065288186073,3.00469888292253,0.6563417907738824,20.20473251104355,200
Dataset_Shard_0200000_0299999,train,U5_e_c9A3Rc,6.112272711992264,0.5118336036606251,16.71654443502426,5.084361582398414,0.711143003532524,11.755466059744357,0.13053172831632653,8.42762596487999,3.3892190843448042,0.5197049350981203,36.50387489914894,200
Dataset_Shard_0200000_0299999,train,U7HzviIwyfs,8.600109198689461,7.646970842126757,16.15526880979538,4.3984380474314095,0.3928495621255464,57.668531543016435,0.2170314492984694,9.197778832614421,4.225457106623798,0.38871975531325154,59.68671610474586,200
Dataset_Shard_0200000_0299999,train,UFtV7H3fdIs,4.516543519347906,3.541834010477178,10.047802176475525,2.040515784397721,0.6772260937516221,25.60265474677086,0.15602788185586733,4.5352912671212104,1.5902571779221761,0.7173367331693151,26.893269077390432,200
Dataset_Shard_0200000_0299999,train,UQfPmUjyJUM,6.326648387312889,2.6735326322633775,15.19760588645935,3.996489899456501,0.6108761910737214,23.301229004859923,0.26395089285714285,9.603267357349395,4.014038639888168,0.41428468708933225,42.349852924346926,200
Dataset_Shard_0200000_0299999,train,UTkGQGJkQcM,7.791786247491837,6.621745898709633,15.004912536144257,3.796194614842534,0.5096699193036704,46.064084084033965,0.19961674904336735,8.650669994546334,3.991071854487527,0.48548642102366785,47.98978539016447,200
Dataset_Shard_0200000_0299999,train,UVKesI-XW-I,5.816269410252571,4.56216394379735,12.88070219039917,2.6147690114378928,0.6287888378374864,24.99706808447838,0.27174455915178575,7.040635533928871,2.7723028578236697,0.5831555312840875,27.861324690580368,200
Dataset_Shard_0200000_0299999,train,UhLOi799970,2.3327993230521678,0.4785694632306695,7.812418954074383,1.1212750058621168,0.8486519748433499,11.043319689631462,0.1656673509247449,6.746337296962738,2.420804973915219,0.6330826045684379,29.891409515142442,200
Dataset_Shard_0200000_0299999,train,Ursk6DLqdv4,2.325106103718281,0.2909519815817475,7.725847809612751,1.0758564274944364,0.8569751102818158,7.703207471370697,0.20342554209183675,6.491003078222275,2.3478219928592443,0.6946542313025525,17.57632229924202,200
Dataset_Shard_0200000_0299999,train,UzHgEVKrIqc,4.585467206835747,2.6518048360385,11.45687412828207,2.1212087449710815,0.6940167497287895,24.800862868130206,0.24637984295280613,7.615829364210367,3.3033961359178647,0.5139204849852008,38.467318233251575,200
Dataset_Shard_0200000_0299999,train,WNqNsRzvBvo,2.0344159319996833,0.8253131498768925,6.005387783050537,0.918252075612545,0.861582992296899,7.727608530521393,0.15780512595663265,4.767874330580234,1.524562688721344,0.7329934628522805,17.500145868062972,200
Dataset_Shard_0200000_0299999,train,WQGAJwFwH0w,4.417945518493652,2.464911399241537,11.461978872418404,2.0043335071578623,0.7266717660218657,18.600678802132606,0.23985431281887756,6.9121099203825,2.4609703765809536,0.6501281099761429,26.192790496349335,200
Dataset_Shard_0200000_0299999,train,WRYnLiiVC_o,4.8160803572833535,3.0320791606232524,11.207382352948189,2.313650852162391,0.6960584803981555,20.08137886404991,0.22026108099489797,7.091949053406715,2.41827398005873,0.6221857469412416,28.945608921051026,200
Dataset_Shard_0200000_0299999,train,WaNC6Haohmo,2.020842329412699,0.8392895896174014,5.71227597862482,0.8868258731393144,0.8639384006335264,16.30352599054575,0.1362058553890306,4.905117862671614,1.787994597721845,0.7088900654826996,28.85537896871567,200
Dataset_Shard_0200000_0299999,train,WomgOCKLrVc,3.3936767600476743,0.7650558672752231,10.13636177778244,1.5417546967044473,0.7770673038572242,14.48539932012558,0.22548060825892857,7.216976936459542,2.6790503607690335,0.5936602042441946,25.856519434452057,200
Dataset_Shard_0200000_0299999,train,Wxgkda9YiHw,5.9515634785592555,5.044623895469122,11.927060378789902,2.550311696641147,0.5864928440223244,35.263293610215186,0.1579768215880102,7.271472280025482,2.4538136681169274,0.5637618065465175,39.47780854523182,200
Dataset_Shard_0200000_0299999,train,WzV4jMKBeew,4.774838667660951,3.402174702109769,11.344588897824288,2.8318031314760446,0.6940409651503998,23.00811759710312,0.12138073979591837,7.420372101068497,2.6151161042600872,0.5704412062872565,43.24156637191773,200
Dataset_Shard_0200000_0299999,train,X5tZRyCgJK8,5.111950840055942,3.242618786938502,12.585778037905692,2.660754472836852,0.6478180793054765,21.94321866154671,0.19194734534438776,8.029008565545082,3.4399789936095475,0.5285991189304187,31.357912531197073,200
Dataset_Shard_0200000_0299999,train,X7orN2iRgls,3.5246882790327074,1.502353413226083,9.514471431970597,1.7797638962976634,0.7561185338681905,12.122046986222268,0.17769292091836736,6.825016120672226,2.3131629403308036,0.6430163147325709,26.401035060882567,200
Dataset_Shard_0200000_0299999,train,XCsmC9bEuDg,0.9722889990732074,0.13721227027941496,3.3966477005183697,0.43011373552028087,0.9391687101087394,7.450213398039341,0.13341208944515306,3.9651731072366236,1.719635701123625,0.7582096421618228,20.89461762547493,200
Dataset_Shard_0200000_0299999,train,XHK8f0jmGFw,2.6281279097497463,0.6136394420452416,8.78886246085167,1.167483490779996,0.8295712931066654,15.098817429542542,0.16360231983418366,7.047304871082306,1.9187303026393057,0.6645374933795383,28.364425563812254,200
Dataset_Shard_0200000_0299999,train,XK0SUybge_0,4.457906586602331,2.69269251069054,10.483654578328133,2.1597888676077126,0.7065049818708822,19.28836750149727,0.25412707270408164,6.734058959782123,2.8864606188796462,0.5756385769998961,26.579326922893525,200
Dataset_Shard_0200000_0299999,train,XRtazMBnC9Y,2.2752847207000015,0.6201807041479248,7.080467476189842,1.199170596654294,0.8315659050425198,14.372740876059979,0.11976632254464287,5.929150519541298,2.2170180123766,0.6284079988575344,40.34683472937475,200
Dataset_Shard_0200000_0299999,train,XSkVffeCQ8c,2.2727954837679865,0.5896553184292861,6.811594255417585,1.1719506713934242,0.8443946152385241,13.18872801721096,0.10469856106505102,4.782536129802465,1.7607145557925106,0.73626400679577,24.73049064397812,200
Dataset_Shard_0200000_0299999,train,Xb5EGVKJPoI,5.809258756637573,3.4690386600978673,13.646197656393051,3.5086616687476635,0.5996442911686362,29.35861817955971,0.27401098134566326,8.319714049100876,3.6871394884586333,0.4585239295542515,43.520117375850674,200
Dataset_Shard_0200000_0299999,train,XhaQLBKD6Sc,7.647003277242184,5.9344271228276195,16.12451674580574,3.895236463174224,0.5382930514660926,32.93000651359558,0.27877919722576533,8.852695847959257,3.0460267520765774,0.5163518314774284,35.79244351297617,200
Dataset_Shard_0200000_0299999,train,Xkv0iBd50dQ,5.107392019033432,2.981804197682068,12.493374490737915,2.376204625442624,0.6701356179795642,24.122557163238525,0.29990473533163264,8.20794221162796,3.256929542124271,0.520008236494325,37.09547334194183,200
Dataset_Shard_0200000_0299999,train,Xr0VL5ak2YA,2.30245551019907,0.2579932044725865,7.964992626905441,0.9630236012488603,0.8291543163125826,15.777298899888992,0.170589524872449,6.689634959101677,2.235627960264683,0.5822735443852297,39.376958060264585,200
Dataset_Shard_0200000_0299999,train,Y1rsLA_zWpw,3.5329937808588148,1.5800423781806603,9.5253615128994,1.8384855911321938,0.7511958893848862,15.949139611423016,0.19562171157525512,6.616545100039803,2.194429215338314,0.6234064176291443,33.16540955080651,200
Dataset_Shard_0200000_0299999,train,YLFEJ_74Qps,3.5456950357556343,2.0454018207988702,9.200951449275017,1.5822771283332258,0.7684433891727724,20.89747787833214,0.18219527264030613,6.054799836277962,2.2846985691785813,0.6218497506646294,35.08359466195107,200
Dataset_Shard_0200000_0299999,train,YTTraNue048,9.10677965760231,7.596052717901767,18.06053915977478,4.516219332367182,0.4533453669676015,33.32411756038666,0.2368720105229592,9.147422591010109,3.897985048063565,0.44807233479463604,33.5863799098134,200
Dataset_Shard_0200000_0299999,train,YUA8cOH4wTA,3.9045521456003187,1.9393244622647763,10.136498037576676,2.040822404026985,0.7235842782204677,16.753509247303008,0.23501265545280614,6.201110318303108,2.374033386707306,0.6368146637827405,25.99528592824936,200
Dataset_Shard_0200000_0299999,train,Yg5Ssy3qkgQ,4.555005484372377,4.1741068306565285,8.346334013342858,1.3703798492439092,0.7939025871151718,18.24573929786682,0.1767890027104592,5.425257838775869,1.1582308578450466,0.798028247253674,26.656850713789463,200
Dataset_Shard_0200000_0299999,train,Ykj7lbApeTs,4.241084930449724,1.6723098346125334,11.755152767300606,3.5238814947381614,0.7163922468933479,17.971897687911987,0.1435804966517857,8.303751695752144,4.820474686175585,0.5107015151279739,38.411337695121766,200
Dataset_Shard_0200000_0299999,train,YweVXE4EVWM,2.616360377892852,0.970602771192789,7.798932145386934,1.3132458606176078,0.7887596420146744,12.174143677949905,0.18823122608418366,5.921307027339935,2.3603487711027267,0.6043702949440639,26.78210590481758,200
Dataset_Shard_0200000_0299999,train,Z3wah38KgoA,3.1877228531241415,0.6704224692122079,9.984639169871807,1.800329227298498,0.8014115254515249,10.385851386785507,0.1441569674744898,7.280603832900524,2.4898476515710355,0.6513780483296512,20.24909425020218,200
Dataset_Shard_0200000_0299999,train,ZBsE2JWimj0,4.962581150829792,2.523277650810778,12.385909359455109,3.250011204332113,0.6633302641491775,20.20486717402935,0.20124900350765304,7.209434341788292,3.1634834216535093,0.48996566919926,35.48385681390762,200
Dataset_Shard_0200000_0299999,train,ZPGB4_jJCyc,6.718081643208861,5.801696829590947,13.303677216768264,3.1776623043138534,0.5548003727083392,27.994700385034083,0.202086256377551,8.457031806111337,3.0697952472791075,0.5007200523935884,36.38429822325706,200
Dataset_Shard_0200000_0299999,train,Z_Nk-d3D3VI,2.0838404977321625,0.7207524091005325,5.797831165790558,0.8336041470989585,0.8678444144348216,10.28719582080841,0.20573421556122448,3.885277690291405,0.9213277028617449,0.8365340231291643,18.499630771279335,200
Dataset_Shard_0200000_0299999,train,ZbjWbqnnYyE,2.7354969204217197,0.7032765777793247,8.460321315079927,1.2740441271662712,0.8191070311299188,14.385145225524901,0.2068276666135204,6.742564460933209,2.411329015046358,0.6244355823350638,29.434654120206833,200
Dataset_Shard_0200000_0299999,train,Zcn7rbz3Xqc,3.213179246634245,1.2730908331554383,8.905013216733932,1.5096161694265902,0.7688647606020068,16.743971030116082,0.19789690290178574,6.412270374000072,2.5410084299743176,0.5619631666666811,32.31314423084259,200
Dataset_Shard_0200000_0299999,train,aIi6zkwglCM,3.1054665374600154,2.191743457813197,7.104773877418384,1.2853632192246778,0.7833193400029228,19.575972349224614,0.14626255580357142,5.159341253017864,1.877726802572173,0.6895520491786642,24.3998085220356,200
Dataset_Shard_0200000_0299999,train,aKAbodQ83uk,2.5472118443250658,0.709016932323575,7.89427848815918,1.3727995800971984,0.8060877433570265,16.77325011610985,0.17256307796556122,5.568804026246071,2.1188954976946115,0.6329573901547951,32.303158285617826,200
Dataset_Shard_0200000_0299999,train,aUad-7rZkQE,1.3966947309672832,0.2681520118564367,4.180251162946224,0.6116532485373318,0.9107868622421224,6.503094967603683,0.18188715720663265,3.084728118479252,0.9120112265273929,0.8568348952247029,13.862164709568024,200
Dataset_Shard_0200000_0299999,train,aq7naPyd_ps,2.3940193240344523,1.0280751537531614,5.723602926433086,1.096213280633092,0.8632155885309213,7.573204809427262,0.12891372369260204,4.990856822133065,1.83188979126513,0.7049841345907814,20.10826371192932,200
Dataset_Shard_0200000_0299999,train,aykwHkSTKps,3.7990474671125414,1.7753958104539196,9.542085602879524,2.5303100395947693,0.7555008324309531,16.238790742754937,0.20202118542729594,5.463760516047477,2.184125458560884,0.698123328173684,24.81900957584381,200
Dataset_Shard_0200000_0299999,train,b4wQRPqpcHo,6.080016864137724,3.2563594672549514,13.671948287636042,4.142065692266915,0.6701754775867717,24.87757711708546,0.11306590800382653,7.372636645492166,2.7729761855024844,0.5522792812828964,45.09998491048813,200
Dataset_Shard_0200000_0299999,train,b7nnK-iWh_s,1.068874632026635,0.18121167871297575,3.3202314733290206,0.3579893642488648,0.9396294462386863,6.862828717512243,0.13486078024959983,2.677542080774027,0.7343213881420738,0.8678893950805032,14.30893760101468,102
Dataset_Shard_0300000_0399999,train,b7nnK-iWh_s,1.783496058024466,0.34761956833302976,5.6792533826828,0.7946398167312145,0.8802134480446885,10.368649428486824,0.10276496731505101,4.410210092663765,1.3807405400834978,0.7509637255387218,25.809487417936325,200
Dataset_Shard_0300000_0399999,train,bDs_lr_2dpg,1.208820031657815,0.26895908505190164,3.9417788949608803,0.5541424346808345,0.9227730736389664,6.696978049427271,0.12529506138392857,3.5680005145072937,1.247256439719349,0.801538975352562,16.008458411693574,200
Dataset_Shard_0300000_0399999,train,bGaEvKvZWas,3.838487772941589,2.144832278965041,9.328304294347763,1.8526464729942382,0.7706196240509606,17.03593724310398,0.18989467075892857,5.994662636518479,2.3603404845297336,0.6435331817974516,32.85568674087524,200
Dataset_Shard_0300000_0399999,train,bQ869A6Z27I,5.0051533672213555,3.8200753007642927,10.300064361095428,2.1498947230353953,0.6719343159514363,32.08929450035095,0.19384237484056122,5.841965687100936,1.9146808848450427,0.6504559098738727,37.68079050932982,200
Dataset_Shard_0300000_0399999,train,bf8S2Tnk5-c,3.2161111165583134,0.8002051141485572,10.258407625555993,1.4476066553592681,0.7793240424605006,21.61673370361328,0.22174256616709184,8.25165517270565,3.1049987500160934,0.5311359863928575,28.071131227016448,200
Dataset_Shard_0300000_0399999,train,bkQ5uGu5qE8,2.5191273580491544,1.4384297842532396,6.368651442527771,0.9406713406648487,0.855089860220755,12.548052619099616,0.14701560507015307,4.8716629326343535,1.5807557522505522,0.7237028207127427,29.295587084293366,200
Dataset_Shard_0300000_0399999,train,bnVPLUTCR7U,4.306894992627203,2.7323554380051793,10.532064574062824,1.708555663449224,0.7500399520593976,22.343097573816777,0.2230861367984694,5.123987190052867,1.7153861528425478,0.7479898229479426,24.80860856205225,200
Dataset_Shard_0300000_0399999,train,btNRAupsVCA,3.158959936797619,1.7733640825236217,8.3193906237185,1.2340140241850168,0.7825684539314767,19.058100839853285,0.16425422512755103,5.788094173073769,1.8815637904033065,0.6595410446512023,32.16553963661194,200
Dataset_Shard_0300000_0399999,train,c2Gd126Ko_w,5.664180590063333,4.676905250458512,12.213807336390019,2.571597305489704,0.6078909737416545,35.057658109664914,0.17262705277423468,7.259368909825571,2.752146776780719,0.5307474818829182,44.42576243340969,200
Dataset_Shard_0300000_0399999,train,c7Al1YuIwUI,6.327056029215455,3.565183330113068,15.385670318305493,5.686622415781021,0.661204853717971,16.356062154471875,0.1498944714604592,6.154080417752266,2.529305219128728,0.6249757348159138,23.029061017036437,200
Dataset_Shard_0300000_0399999,train,cCQSFjK9mhw,1.4528714945912362,0.4652721989899874,4.205082276314497,0.8280507621495053,0.9020687476892973,7.867644556462765,0.17441436144770406,3.661525313928723,1.7836645032092928,0.7756684330313032,12.308561226129532,200
Dataset_Shard_0300000_0399999,train,cF3FypUIZhA,6.693666935712099,2.6184041096176953,12.162999640703202,3.3945995473116635,0.6894114301305078,21.030361626148224,0.225157545440051,7.853897240161896,3.30639962553978,0.5192594322352238,39.19526026964188,200
Dataset_Shard_0300000_0399999,train,cFUZYGRYK94,8.75904532238841,7.775850795934093,15.908947710394859,4.089534715982154,0.40579793938286957,55.1351192843914,0.2551125039859694,9.270753118395806,4.1376168429479,0.38035023466247514,57.38271686077118,200
Dataset_Shard_0300000_0399999,train,cPcyix9lBG0,5.161523231863976,3.532847088035196,12.137445474863052,2.428189539462328,0.6809850427967625,19.991574232578277,0.19586306202168366,7.310839636325836,2.363914458155632,0.6209875772746756,29.908476221561433,200
Dataset_Shard_0300000_0399999,train,cQAkgnu0KNE,2.512643713951111,0.4813293603807688,8.12536404401064,1.0825888990983368,0.8387223490675924,14.477384400367736,0.1316440130739796,6.923235238790512,1.8214036586135627,0.6942983249948342,30.46288173675537,200
Dataset_Shard_0300000_0399999,train,cTIbhq8KHSM,4.070168335288763,2.4247121105715634,10.052146183550358,1.9504886333458125,0.7086606672525976,21.738488899469374,0.16644262197066326,6.953198229074478,2.2009249255806207,0.6071982394897303,37.732406253814695,200
Dataset_Shard_0300000_0399999,train,ciLvB2zwaOE,3.979252998221491,1.852759566015087,10.95401918860298,2.1194483985647095,0.7140170026541186,21.36639132007258,0.22696129623724492,7.624556257651129,3.4277500424569007,0.5049998145144172,36.291754303940685,200
Dataset_Shard_0300000_0399999,train,ck3jZjhnQ84,3.132144224345684,1.5708202907313988,8.4534600263834,1.446138586141169,0.7857119274944405,14.38060054898262,0.2884164740114796,5.514778448045254,2.217927968427539,0.668555301728264,19.23142606139183,200
Dataset_Shard_0300000_0399999,train,cqUD7jK9olE,4.8388138216361405,3.4029984365805284,11.12382915597409,1.9191381221823394,0.7054164533303332,21.70060195297003,0.24223184390943878,7.707773229936138,3.046527030528523,0.5985148781524728,33.57947336022742,200
Dataset_Shard_0300000_0399999,train,cxKVZ0NO0V4,3.8807585632801054,1.066137107334216,12.112204818725585,2.4564157423377035,0.7227718596404817,18.92499781847,0.18924206792091838,8.946268171072006,3.9920177111029624,0.45427440158541993,34.70696849822998,200
Dataset_Shard_0300000_0399999,train,d21L6jFe6C8,4.519342186152935,2.366323557589203,11.96079701423645,2.474313106685877,0.6561407127626849,28.26696861743927,0.2560871731505102,8.17183307826519,3.250512970387936,0.48814445570396037,42.56614767074585,200
Dataset_Shard_0300000_0399999,train,d9IvvjcFxp8,1.6111260670423508,0.1407481958391145,6.392630056291819,0.9151898134965449,0.8879272173043625,8.304328927397728,0.07895707110969388,6.800540255308151,2.6765459422022104,0.6270670791669732,33.269160939455034,200
Dataset_Shard_0300000_0399999,train,dadeCjt1zZ8,4.70013685464859,2.822079608235508,12.054601747989654,2.3022475668042897,0.696237478007959,20.303611468076706,0.19279755261479592,6.822832094132901,2.7510164677724243,0.6037246117050777,29.659836699962614,200
Dataset_Shard_0300000_0399999,train,dpttD5WWzs0,3.9280376648157835,1.4978198510780931,11.212471034824848,1.7725665793009102,0.7347235588562893,22.52866525530815,0.24010303730867347,8.188054941892624,2.820444459989667,0.5318143954425505,40.1731600856781,200
Dataset_Shard_0300000_0399999,train,dtf0Qt8rCPE,4.28855584923178,2.2069663338037206,11.424825711846351,2.5073007551208137,0.6989003147195457,20.221888527870178,0.14960548867984694,7.251452695429325,3.1289094350859523,0.5128120215385059,32.76530123472214,200
Dataset_Shard_0300000_0399999,train,e63J3OFgS7M,3.435059735625982,0.9740116257034243,10.332305288016796,1.9591838830988855,0.7543972770415749,18.43780524969101,0.16243343431122448,8.656513457894325,3.6693282528920097,0.5132637185819436,34.9588128221035,200
Dataset_Shard_0300000_0399999,train,eAyLA25v2ls,6.357553612887859,4.94506340848282,13.420877254009246,2.8148023668676614,0.6060132174623494,33.461216326951984,0.2842073899872449,8.010083230137825,2.6910377707332374,0.5324068065994025,40.515420486927034,200
Dataset_Shard_0300000_0399999,train,eC9gwP4mNPQ,5.573661468625069,4.088815804347396,12.463674671649933,2.511944842711091,0.6481275610579915,28.734033472537995,0.34480259486607145,7.900426694154739,3.0132333859801292,0.5655201824894658,31.49997182369232,200
Dataset_Shard_0300000_0399999,train,ePQhPKVW2vk,5.772639668970369,2.7423529882740696,14.093334893593564,3.949242204066832,0.6343365267270398,23.599564150124788,0.31543068399234697,7.933667690774891,4.319380322429933,0.5057109714067853,28.121393857635557,200
Dataset_Shard_0300000_0399999,train,eVYUkO383bM,3.7558753142133354,1.9167790307759685,9.938826521394075,1.8133882998814805,0.7308031464777077,20.355604312717915,0.24444963727678573,7.040013377879427,2.7364102650950146,0.5701040470654657,31.060614638291298,200
Dataset_Shard_0300000_0399999,train,eg5ydF06A9U,2.3060656034946443,0.16387583955656737,7.9249106588959695,1.1018735818378627,0.8318504048039759,14.267384728193283,0.1298777303890306,6.037288292348385,2.2680570147931576,0.6234903698010876,38.61794145584106,200
Dataset_Shard_0300000_0399999,train,euGB9ACrIrg,3.612292510867119,1.5563029139162972,9.834882102608681,1.6725209223106503,0.74551715706124,17.915770341157913,0.28561493542729594,6.994176053106785,2.844834342598915,0.5315578097942923,31.542797558307647,200
Dataset_Shard_0300000_0399999,train,f10cdSfKzdc,4.925767887234688,3.157116255853325,11.22394892692566,2.5577802535146477,0.6456336279805006,25.988216676712035,0.20058384486607142,6.704345309734345,2.247015253454447,0.5701304463962551,37.2553619480133,200
Dataset_Shard_0300000_0399999,train,fGK4CtMVIGk,2.8037228461354973,0.967345058801584,8.603973770737648,1.4513325269334019,0.7935757947883999,14.034013209939003,0.13808643574617346,6.994691632525937,2.600279126313326,0.5987376156031208,38.427993567418305,200
Dataset_Shard_0300000_0399999,train,fJ0BU_4rY28,3.820085310637951,1.9473947638645768,9.746407815217971,1.8867009675875306,0.737011094984448,24.78083255469799,0.18766751036352042,6.910263093709946,2.7390082115493715,0.5531789330207082,43.11549000740051,200
Dataset_Shard_0300000_0399999,train,fM0ea2tSBNQ,3.957511896006763,2.633821803663159,9.3832317443192,1.7198392495233565,0.7398817779949476,17.522790838479995,0.17519013073979595,6.59588871628046,2.445831943983212,0.6435527535056608,26.044477143287658,200
Dataset_Shard_0300000_0399999,train,fVXYoBINHcs,5.857859003543854,3.613610414583236,14.634611724615096,3.2940083508193494,0.6074174509919505,28.144012141227723,0.23733488121811225,8.171443973551504,3.8077350501189358,0.5003917555765084,36.758247367627916,200
Dataset_Shard_0300000_0399999,train,fcmXnubsug8,8.068218550607561,4.329658796526491,18.32785681337118,5.6786321530491115,0.5821042512181493,31.649301627278327,0.21377770248724487,8.059162131547929,3.292880557514727,0.5397579564961298,37.5679158949852,200
Dataset_Shard_0300000_0399999,train,fj1Kji79nQ8,3.5370356218516825,1.4200057911081239,9.837487344145774,2.018569166157395,0.7322604043942134,19.138665835857392,0.20674734933035716,7.351081785559654,3.5999722592905163,0.472156607828856,29.792389727830887,200
Dataset_Shard_0300000_0399999,train,g0YkYrnLS_A,4.518632475910708,1.891753814835488,12.295546584390104,2.7943663159618155,0.6965831683778809,24.753414716422558,0.21011220503826533,8.259467420589644,3.5210345089883774,0.49780439445408925,40.72652633808087,200
Dataset_Shard_0300000_0399999,train,g6LFKsNbbnw,5.175059012472629,3.505212356336415,12.69265951871872,2.449092486128211,0.6616546958165057,30.853509109020234,0.13360461176658162,9.616725045442582,3.959359355866909,0.3953194236090496,61.59188759326935,200
Dataset_Shard_0300000_0399999,train,gFTV_Kjw3OE,2.556626848950982,0.7647162355296314,7.834027480185032,1.1420517075248062,0.8149084749253757,13.724842582941056,0.1738882134885204,5.589554220587015,1.862931689042598,0.6651213874858125,28.53721116065979,200
Dataset_Shard_0300000_0399999,train,gKgHFMHDn3g,8.835942227244377,6.882431743517518,18.969356848001482,5.858236954286695,0.5388682424352382,29.756903522014618,0.15978585379464286,10.14869107425213,2.6637756957858802,0.5738995212342214,34.33578127145767,200
Dataset_Shard_0300000_0399999,train,gQW3RFC0ofo,2.6844854435324668,2.048842990747653,5.883563911989331,0.9209373091347516,0.8602052897316902,13.608791590332984,0.1166683274872449,4.055993493164424,0.9808055781555595,0.8296854364239017,25.033740638494493,200
Dataset_Shard_0300000_0399999,train,gQmCY2PXvtQ,3.4022915710508825,1.2159187636896969,9.775459736585617,1.8221674315072596,0.7636011238498,16.007402732372285,0.18558693399234694,7.079118991494179,2.804766872152686,0.5821464159386758,33.44332193851471,200
Dataset_Shard_0300000_0399999,train,gRZZVFAq8-s,5.567744832187891,3.4535909728705882,13.53764338195324,3.380867093652487,0.6163770385211851,17.428000552654268,0.23648347815688775,7.641747943786904,3.7405306976288557,0.5488930281385104,26.061125260591506,200
Dataset_Shard_0300000_0399999,train,gZNb0Jwiu7c,4.833226293921471,3.301499277539551,11.353721325397492,2.273737275265157,0.6481944729602516,30.689877536296844,0.29987105389030616,6.998274284601211,2.634198743999004,0.5273749524056784,38.77135449409485,200
Dataset_Shard_0300000_0399999,train,gcMtz5Gyj2A,0.9499471105262637,0.19777127903886138,3.560573119819164,0.38500280167907475,0.9439085176909718,5.085889219939709,0.0796158522002551,4.386740584522486,1.2802780226804316,0.8051653175981248,19.255535784959793,200
Dataset_Shard_0300000_0399999,train,gcsbxVIuYr4,6.830245840251446,7.023228007256985,13.08444228887558,2.729527909718454,0.6987102116817109,14.78527643918991,0.10012466119260204,9.751333457827569,2.1387929534353316,0.7170883784022672,22.364858211278914,200
Dataset_Shard_0300000_0399999,train,gdh2-9qm8fE,3.4826651268452404,0.4196301701141056,11.245976335704327,2.1038882050663235,0.768563580761641,16.427151085734366,0.19259177694515306,8.854863639473916,3.733222306445241,0.5116480359422657,37.85954666852951,200
Dataset_Shard_0300000_0399999,train,gpSJUuKG1rY,3.6456268160045147,1.4440283999964594,10.305669930577277,1.7012789937108754,0.7664264458742338,15.544785389900207,0.194432298309949,7.640126771330833,2.7875033843517305,0.574833212775073,31.635397334098815,200
Dataset_Shard_0300000_0399999,train,gtUBWqX0ceM,5.7760223957896235,4.799504324328154,11.5532600826025,2.657771654613316,0.716027871955721,25.046486288309097,0.1578904257015306,7.141655074059964,1.6934965118393301,0.7136802960949111,32.94671698689461,200
Dataset_Shard_0300000_0399999,train,h6yjx26N9WE,2.6594573137164117,0.9218590552825481,7.982005485296249,1.242004917114973,0.826148659374984,13.262186544537544,0.22117436623086736,5.684119480418158,1.8107828521307239,0.6949828014319799,24.7586094653327,200
Dataset_Shard_0300000_0399999,train,hT-ia0Oj-VE,7.918677767217159,7.11599665671587,14.56019914984703,3.3360839144140484,0.4954354429378267,43.302582595348355,0.23707130899234696,8.339003285765648,3.4157277730852367,0.46192175537778746,45.57398140192032,200
Dataset_Shard_0300000_0399999,train,haSfscv0K_Q,4.808338797390461,2.2308774764463304,12.52178032513708,2.424917429946363,0.6998089727569026,22.326495772600175,0.2695378268494898,8.940420722588897,3.0820872944034634,0.5438049217127944,37.3540169352293,200
Dataset_Shard_0300000_0399999,train,hds-48OBLUc,2.4209753695875404,0.57122011470492,7.70305544257164,1.281106961639598,0.8443550714651431,7.582523074150085,0.14677834024234693,5.675710698366165,1.7550734050944448,0.7216904328073633,16.076313138008118,200
Dataset_Shard_0300000_0399999,train,hgp1tH8T4qA,2.296008468233049,0.942158259768039,6.18464261084795,1.1548800022527574,0.8575378196953287,11.63390418291092,0.16072275589923468,4.826323167234659,1.8335567639395594,0.7337949409575364,26.494680879116057,200
Dataset_Shard_0300000_0399999,train,hw40llsYXWQ,3.5516482556611297,1.717356097009033,9.67125260323286,1.6593324017338456,0.7677789973173523,20.814069962501527,0.20371312978316325,7.062728288173676,2.8285593448951842,0.552947578733312,39.76333224773407,200
Dataset_Shard_0300000_0399999,train,hyxtYzAFcv8,4.957748078107834,3.0408247756958007,12.50767697930336,2.2861610615253447,0.6696652351564266,18.612793136835098,0.19543656329719386,7.968952129483223,2.8213074944913386,0.540015589684229,27.87668031692505,200
Dataset_Shard_0300000_0399999,train,iNEWcQaXeKw,8.460379670262336,6.8424100089073185,15.327600271701813,4.062245120108128,0.520653419856401,44.41426472902298,0.13230777662627552,8.288983781933785,3.2810552498884498,0.5221524544764146,52.726362210512164,200
Dataset_Shard_0300000_0399999,train,if7qojtGe5U,2.8304690200835467,1.65863289414905,6.9374473252892495,1.0141132268682123,0.8378062399414098,19.28222201228142,0.2034829400510204,5.114078843593598,1.4438029635697602,0.7427355982975556,33.87356813669205,200
Dataset_Shard_0300000_0399999,train,ij9lUf2EqLQ,2.639583539366722,1.0816024041973287,7.637054521292448,1.435359056480229,0.8466017511585562,7.973943545520306,0.12811583227040818,6.434840041697026,2.760362357608974,0.6538956161448545,23.428445208072663,200
Dataset_Shard_0300000_0399999,train,ijkiYD_qvrI,4.138175608366728,2.758278707591817,9.574281279444694,2.129646642431617,0.6917856737072526,31.254500985741615,0.17778509646045917,6.224809505818412,2.6782616533432155,0.5656854184440244,36.96195158494636,200
Dataset_Shard_0300000_0399999,train,ir37UNwA0L8,2.5735701389610766,0.7592788555938751,7.779125005602837,1.210444588791579,0.8081421800836341,17.570435690283777,0.17478655133928572,5.802759442329407,2.2715407084673642,0.6246896400216988,30.365470519065855,200
Dataset_Shard_0300000_0399999,train,ivKq1LrQnIw,3.543242154568434,1.9868322276137769,9.272194719910622,1.624184786118567,0.7499253223125322,26.145418152213097,0.15678362165178572,6.468972766399384,2.2519921204447746,0.5942509308373565,37.37221399784088,200
Dataset_Shard_0300000_0399999,train,j9xytCxCRas,4.495946190357208,2.154353122152388,12.027266449928284,2.9130501307547094,0.6915089750443026,14.044299807548523,0.19839176100127554,7.901109099388123,3.4287882578372955,0.5191519498010397,27.887886843681336,200
Dataset_Shard_0300000_0399999,train,jOYC6mxNnOU,4.7023326926678415,2.6946701398305595,11.2137770986557,2.2175052027776836,0.7246730644199083,21.808019009828566,0.1837205038265306,6.507672631144524,2.2968526686355473,0.6206489095302006,34.022602962255476,200
Dataset_Shard_0300000_0399999,train,jTsp_AmBAo0,4.2700001196751876,2.6387096355234143,10.457746016784117,2.114195198219859,0.7145923244572745,19.89556573779817,0.21974420041454082,6.137265858513436,2.1495931041826886,0.6565179321023971,25.919401951036853,200
Dataset_Shard_0300000_0399999,train,jYXIs1jlomo,2.6078135827183724,0.4897175849182531,8.626268568336963,1.4795927865803242,0.8057450178482729,11.352447970807553,0.17600356744260204,5.688217506760266,2.7962884731248776,0.6299496919376798,22.94076193289831,200
Dataset_Shard_0300000_0399999,train,jaAfalvJdzs,3.684819253087044,2.0443343441095205,9.516024488210679,1.4206576591264457,0.7870131963234255,21.936705303192138,0.26967504384566326,6.004520997405052,1.6860533691197634,0.726177456030992,23.861186970472335,200
Dataset_Shard_0300000_0399999,train,jlS3u6WQJ0k,6.421688733297342,5.326582169578209,14.218748487855773,2.8013379748231273,0.657839027701713,22.794037845535204,0.11270717075892858,8.807206231163581,4.067509705647244,0.48671650549256434,33.161681994278915,200
Dataset_Shard_0300000_0399999,train,joZScleEqcM,2.987951378673315,1.7887694393785205,7.56831219047308,1.2935316453687846,0.7990086698792563,16.963332508206367,0.18007593271683675,5.219220668788767,1.864894536958891,0.68679760766101,28.59200829848036,200
Dataset_Shard_0300000_0399999,train,jsECb6fwYeM,3.821301858127117,1.8655220856145025,10.493345177173614,1.901182708442211,0.7291445361381185,20.713016661405565,0.1495704121492347,7.076373056769371,2.693334154263139,0.579048773993992,32.46337371826172,200
Dataset_Shard_0300000_0399999,train,kOD48vrvC9c,4.710395261347294,2.4303465535491706,12.492539941072463,2.6046334279328587,0.6571238662778488,25.071828848123552,0.27181361607142857,8.48207899749279,3.9818367497622966,0.4423000839213255,44.47214021921158,200
Dataset_Shard_0300000_0399999,train,kTz4ixn3FNQ,5.723039431869983,3.9636057459190486,12.927473251819611,3.415010627284646,0.594547081815396,24.680383068323135,0.24982641103316325,7.171273144483567,3.7726527683436872,0.5303275811297081,30.423623638153074,200
Dataset_Shard_0300000_0399999,train,kkSQWC1v0Zs,5.076566694378853,2.103722250475548,12.228820041418075,2.884222739562392,0.6960251462598133,21.16329156398773,0.17695053411989797,6.57834204013975,2.5440866687268864,0.6508734877098457,24.257865251918265,200
Dataset_Shard_0300000_0399999,train,kmoiuVMBrJg,5.189657762423158,3.115734739303589,13.037902763783931,2.906998402904719,0.6874729990585806,18.527311345636846,0.18630909199617346,6.85544578820467,2.5915476247668265,0.6141783756694514,27.200605281591415,200
Dataset_Shard_0300000_0399999,train,kwXkEFlx1Q4,7.021550667490811,6.387915962580592,12.621861352920533,2.981446437607519,0.5299995218136611,41.245366886258125,0.1466716159119898,7.909133536732407,3.293955890661164,0.5124589601999366,47.32725602249615,200
Dataset_Shard_0300000_0399999,train,kx4_1AOBE18,1.879466324597597,0.6070331470202655,5.425805503875017,1.038584609720856,0.8832706845945288,9.87994718015194,0.1329588847257653,4.881451618671417,1.9109204934723676,0.7162772831442012,25.00517790555954,200
Dataset_Shard_0300000_0399999,train,lEgp6oBfREo,2.81700781583786,0.8052470585517585,8.508153795599938,1.2909204868599773,0.7966565789457699,15.4245578622818,0.2122492825255102,6.585438462495804,2.320303436592221,0.6077532728285451,34.6474954867363,200
Dataset_Shard_0300000_0399999,train,lMNq15l1QT0,4.25413690328598,1.986335411518812,11.10479029893875,2.0846981344744564,0.7159937854410433,20.372423835992812,0.25051448899872447,7.020535792261362,2.5996456341445446,0.5838667051793024,30.228725752830506,200
Dataset_Shard_0300000_0399999,train,lOe0gTapJ1k,3.6971457090973856,1.9079458547383548,9.824136645197868,1.6064261427149176,0.7469690376898587,16.950800430178642,0.28611238440688774,6.514471213817597,2.4168016697466372,0.5956271873809288,27.11655884027481,200
Dataset_Shard_0300000_0399999,train,lRBRTysHyrA,7.027286644279957,4.401513154990971,16.502329022884368,4.8285509213060145,0.5406523250514389,32.4217040681839,0.2933984375,8.694045524597168,4.319685163572431,0.40547396463561136,46.61568703651428,200
Dataset_Shard_0300000_0399999,train,lpi9Yuj2Lk_,4.8684267514944075,2.821085311509669,12.469529447555542,2.041724745184183,0.6806784925787887,25.075640959739687,0.3284366031568877,8.455363931655883,2.5130285300314426,0.5483039544532773,39.25340076446533,200
Dataset_Shard_0300000_0399999,train,ltNtwExtVa4,5.923302420675754,2.762297608719673,14.887064131498336,4.35854356944561,0.64823247878773,28.4757058262825,0.23341587611607142,7.303131641177897,3.4522482537178076,0.5432823343137054,35.45328703145729,200
Dataset_Shard_0300000_0399999,train,m6Nb2qOf30Y,5.270776607245207,4.0253237360808996,11.899605123400688,2.2355520787648855,0.658259890915875,21.715885095596313,0.14071378746811225,7.072641696333886,2.4782798651978375,0.5871071966649908,31.552088305950164,200
Dataset_Shard_0300000_0399999,train,m8cxfdV2LB4,6.144649615883827,2.7212141874060034,14.344126694202423,3.8243476939201355,0.6540125800766937,21.20590356349945,0.1785319674744898,7.889718914628029,2.901164723336697,0.5312188272005567,37.36704477787018,200
Dataset_Shard_0300000_0399999,train,mFrrmh9euA4,4.659574629068374,2.010475221723318,13.136129785776138,2.527757026925683,0.6545699897391145,28.096467552185057,0.19027413504464286,9.527377772331239,3.6760854467749597,0.42390730289275,49.96897024154663,200
Dataset_Shard_0300000_0399999,train,n-F9z5TA1vE,3.8589719140529635,2.1797841513901948,9.921719417572021,1.373459532931447,0.7793116782105456,16.936590521335603,0.2885592713647959,6.512410878539085,1.675059397034347,0.7079379053952166,26.739347472190858,200
Dataset_Shard_0300000_0399999,train,n0gRomV5Gnk,2.24336515404284,0.6174302327659098,7.118642698824406,1.1071403561532498,0.8347537752771388,12.966574862003327,0.18508460220025513,5.513012138605117,2.1595037771761416,0.634060711951918,31.655817708969117,200
Dataset_Shard_0300000_0399999,train,n1jA2GVDa-o,1.8759585317969323,0.4696875830786303,5.842980661094189,0.8296411765553057,0.8748812497388719,8.942639562487603,0.15651247608418367,4.807490736693143,1.489555195849389,0.7624122745694953,20.28466776609421,200
Dataset_Shard_0300000_0399999,train,n7YqEWvxyrA,11.662195512055769,7.743429228928099,25.94776487026131,7.042885992571246,0.44495361912838455,48.85434784113895,0.30497339365433673,9.203945573036908,4.651552745842346,0.43359213477977493,50.217441209498794,200
Dataset_Shard_0300000_0399999,train,nNJK2P8gqPA,2.3061340445280076,0.6221022225613706,6.7124870431423185,0.9929455856978894,0.8637729952729891,10.09308381974697,0.23230508609693878,5.18062700510025,1.6232253931462766,0.7459355081347289,20.78066379070282,200
Dataset_Shard_0300000_0399999,train,nNo4Kzvf548,3.1660200597159562,2.0214384627249093,7.3819716570153835,1.926540114446543,0.7593120044920648,18.291720187515022,0.1103351203762755,5.548109840096441,2.4874676691991042,0.6700008738903843,29.79533470213413,200
Dataset_Shard_0400000_0499999,train,ncZh6hd-xIk,3.813794357478619,2.1520772279985247,9.742184731960297,1.713614479675889,0.7631554398351106,15.161274949908256,0.17237175143494898,6.643719424977899,1.9528252089768647,0.6393319317985402,33.583933954238894,200
Dataset_Shard_0400000_0499999,train,ng40P4mMO3s,5.2252808560431,3.677528743874282,11.632995538711548,2.506781220547855,0.6254953985879528,37.851213426589965,0.2514859693877551,7.542723163366317,3.622066520601511,0.4593324702268359,48.53168289899826,200
Dataset_Shard_0400000_0499999,train,nhbz8VTchUE,3.6830457776039838,2.1585811183881014,9.418305170834065,1.6260498218983412,0.7680664480983527,17.75740538239479,0.20148527184311224,5.557295281733386,2.2597129941624736,0.6718948779891873,25.132796651721,200
Dataset_Shard_0400000_0499999,train,nvGSZykPC-E,1.5653204590827228,0.7527668414323125,4.294341558143497,0.5855506693851202,0.9003128807758742,13.212683043181896,0.19242845184948978,3.7741728104394863,1.285601382541936,0.7722929307854055,25.14515636473894,200
Dataset_Shard_0400000_0499999,train,o4fPTM4nXHA,1.6638717073947191,0.1600840282207355,5.929781230390072,0.6387898742314428,0.8896186324016323,11.179338878393173,0.15561453683035714,5.068744996786117,1.4666441790759563,0.7183530933520644,29.00562572956085,200
Dataset_Shard_0400000_0499999,train,oLt2YHQmxyo,4.1008329989016055,2.5641116045229135,10.086463360786437,1.7173204438015819,0.7455740271061626,15.767587739229203,0.2379522082270408,6.053539223968983,2.0048428052850067,0.6749446067759828,22.544621541500092,200
Dataset_Shard_0400000_0499999,train,oN1DmJvfFYU,3.9081393338739874,1.8493008652888239,10.685444996953011,1.7945079430751503,0.7133020764488757,23.050621168017386,0.27150121572066327,7.368475967943668,2.89076536539942,0.5258755752809382,36.47930353164673,200
Dataset_Shard_0400000_0499999,train,oOmQQ_LW06o,2.943967515528202,1.4587573184724898,8.039237649738789,1.058490365575999,0.8134808386329077,20.078057333230973,0.24976721938775512,5.672514954209328,1.7617451459169389,0.6706527916472466,32.814723944664,200
Dataset_Shard_0400000_0499999,train,oXwNFZng37M,2.472134268283844,0.9306732917390764,7.247487536668777,1.0750744093954563,0.836414547119201,12.259208587408066,0.19159538424744899,5.60611506164074,1.8373265989869834,0.675398244914032,29.769960205554963,200
Dataset_Shard_0400000_0499999,train,oYJk9jqnp5E,4.859417402409017,3.5044460854617165,11.00145498652011,2.5627660374785775,0.670634125385959,22.52499886199832,0.1719694674744898,6.714788824687642,2.677530355972435,0.5886371919867553,31.031168245371664,200
Dataset_Shard_0400000_0499999,train,odXf_O2kwg8,7.751912459135055,5.985318925893275,15.829883606575896,4.853590204780922,0.4712853424874776,61.845903217196465,0.13196906887755103,8.225334699158338,4.005894421963644,0.4554264912215906,66.76388830505311,200
Dataset_Shard_0400000_0499999,train,oeJE10KLFIk,3.8320439240336417,1.558512296071276,10.90281600356102,2.1566896187514066,0.7153642850382284,18.524912046194075,0.14741260762117347,7.113411214351654,3.0324025106430055,0.5762989110726301,31.42162001609802,200
Dataset_Shard_0400000_0499999,train,og-5KsPqZrA,7.421288408190012,6.339622488170862,14.179682935625316,3.1733750504720954,0.5555403475183648,33.350789222121236,0.17344258211096938,8.257384475310392,3.0918210075252137,0.5266097998110078,36.06597263949923,200
Dataset_Shard_0400000_0499999,train,oli_KZ4buY_,1.6799044588953256,0.1810879113653209,6.0574002502858635,0.8329820943437517,0.8859667673228769,5.997462519407272,0.11759954958545919,6.310120893120765,2.4794169213622808,0.6194147615671737,19.234714847803115,200
Dataset_Shard_0400000_0499999,train,ooRkX9iO-V8,2.420667014196515,0.6616090446058661,7.4216935673356055,0.8880264095589518,0.8483513001773697,16.438780081272125,0.23167530293367344,5.582814172506333,1.5365540441870689,0.7021213352076886,30.969044773578645,200
Dataset_Shard_0400000_0499999,train,pGv2v2SSQY0,1.9067886865139008,0.550775351296179,5.602633280009031,0.9747159799095243,0.8727147583446871,7.921755375862122,0.12950175382653062,4.526722328960895,1.4382816459983587,0.7903050612027133,19.11586765885353,200
Dataset_Shard_0400000_0499999,train,pLCE_Kc3_rs,5.387233210355044,4.362952183224261,10.96331869006157,2.070940461233258,0.6738887369029274,24.875447863340376,0.17911242426658164,6.365462363734841,2.1982457786798477,0.6317451057887894,29.725307807326317,200
Dataset_Shard_0400000_0499999,train,paTT6mFga2A,4.433673657774925,2.0172517523774878,11.905569512844085,2.2285763929784297,0.7130762974342302,22.673530257940293,0.26626494738520406,8.153279601335525,3.508369156867266,0.5142421814495054,37.94497411251068,200
Dataset_Shard_0400000_0499999,train,ph67f1KcoCc,2.4415695491433143,1.4128335147537292,6.422422348558903,1.0231805518548935,0.8305494675851616,15.933146412372588,0.13551847496811223,5.007942966073752,1.723284238083288,0.6927079742608234,26.67750784277916,200
Dataset_Shard_0400000_0499999,train,phc99Ienk8Q,1.5454675196111203,0.47384580498561263,4.813945624232292,0.7196930348314345,0.897033441342257,10.669014714360237,0.12811623086734694,4.384220032058656,1.2965617951750756,0.767083816939511,19.594303948879244,200
Dataset_Shard_0400000_0499999,train,py87QzHSZHg,5.608252726495266,3.776349941343069,12.59694701731205,3.5948356302455067,0.6275118628703403,24.11178564786911,0.13243413185586733,7.306142044104636,3.0389347489504144,0.5483167473558591,33.35694160401821,200
Dataset_Shard_0400000_0499999,train,q4vz6MTv3g8,2.8969052267074584,1.9847404765244574,6.403197767287493,1.098673215508461,0.8432066962367256,13.194001117944717,0.12043706154336734,5.410727459043264,2.1615382326114925,0.7109265864946894,28.489121420383455,200
Dataset_Shard_0400000_0499999,train,qBFGirFLB38,5.713787989020347,4.113248472227715,13.521736254692078,3.0275585733354093,0.615932503510169,23.209762539863586,0.20869778380102041,7.580551683306694,3.0922475129365923,0.5451349559109502,30.59526401758194,200
Dataset_Shard_0400000_0499999,train,qJHtaMqYzd8,2.237043771073222,0.5751986851560651,7.0561609584093095,1.163676260765642,0.8412904199721489,11.775361498594284,0.1354444355867347,5.5519153499603275,2.2843874513357876,0.6402835598375046,22.714731650352476,200
Dataset_Shard_0400000_0499999,train,qUEhPbkqz0w,6.144655930399895,3.4582788359746335,15.34149041056633,4.3226645045354966,0.5592871930904202,32.565647404193875,0.24440609056122448,9.564526768922805,4.3633237286284565,0.3888313043899629,49.902877235412596,200
Dataset_Shard_0400000_0499999,train,qkQttwJ0DEY,2.8760161143541336,0.6210385948419571,8.865982410907746,1.5111772894114255,0.8044686457230757,11.408431538343429,0.12270159040178572,7.241231054365635,2.375627532452345,0.6218199501771624,27.0736727142334,200
Dataset_Shard_0400000_0499999,train,qnLfS6_QOQc,2.3423543152958155,0.3650843623827677,8.032016813457012,1.212222700919956,0.8478931025250125,10.173756844997406,0.14874262595663265,6.3071041288971905,2.1232281786948444,0.6834834703753736,23.24022059202194,200
Dataset_Shard_0400000_0499999,train,qs-2SwlcufA,4.140084282457829,2.2416060249321164,10.989312996864319,1.829264994226396,0.7197513251191567,22.202000489234923,0.22713139748086736,7.65731541993795,2.5735653908419773,0.5752568029257992,32.5251442919299,200
Dataset_Shard_0400000_0499999,train,qxwqNmXb_pM,1.2155092936009169,0.33960505546769126,4.203859115242958,0.5438443852402269,0.9174164731473619,9.578753435611725,0.11002291932397959,4.062338650524616,1.2066276760585606,0.7833547551984625,24.014382393360137,200
Dataset_Shard_0400000_0499999,train,rJL6f0C3zVk,8.240857834625057,7.223226048967627,14.994498501708732,3.681742196510313,0.5055748364376105,35.85604045815766,0.20697704081632654,8.5413985323417,3.7245937916910044,0.4680259527861911,43.991670018956064,200
Dataset_Shard_0400000_0499999,train,rLlr1JgTkDk,2.3443129757791756,0.282437988370657,8.109541355073452,1.0713717644102871,0.8324725288792766,13.26547848701477,0.1381234056122449,6.827022534608841,2.3116271653026343,0.6077880804892434,34.820306587219235,200
Dataset_Shard_0400000_0499999,train,rYzVEZZO83c,5.728726799488068,4.608613713681698,12.044787860810757,2.3260537881217895,0.6467192633806397,20.41748263657093,0.13939423230229592,7.5864558777958155,2.564501117366017,0.601500784738616,24.983409983925522,200
Dataset_Shard_0400000_0499999,train,rx9tSu1wTeY,2.7507782077044247,1.3898286372807342,7.50212225407362,1.4169045175053179,0.8139669598092472,13.558955446183681,0.13807667012117347,5.776326820254326,2.4458371759951114,0.6628469462083166,21.49990643262863,200
Dataset_Shard_0400000_0499999,train,sAhIK9HKTqs,2.267288944143802,1.7502202862966805,5.053561936020851,0.6339068563375622,0.9026800023184403,10.843047321438789,0.10900759327168368,4.180576540194452,1.045925900042057,0.8005815393531232,25.652842851281164,200
Dataset_Shard_0400000_0499999,train,sBLH1z63TGw,2.187529896758497,0.7170905828941614,6.511870443820953,1.0121099964063616,0.8531056449060767,15.37597356915474,0.1018961256377551,4.832949739396572,1.6264242323115468,0.7477155632427595,22.081117610931397,200
Dataset_Shard_0400000_0499999,train,sMUdNbpJLWw,5.65193205146119,2.839668271681294,12.70134731501341,3.7821832600422205,0.6774585148759789,24.837774073779585,0.20648208306760205,7.4211370059102775,3.422782508665696,0.5466655778586866,31.923957247138024,200
Dataset_Shard_0400000_0499999,train,sTE1jXTBt6s,4.201978251636028,1.6092449185997248,11.596967537999154,2.500011457130313,0.736255734921263,14.568152074217796,0.21467893016581635,8.544233458340168,3.510617306791246,0.5319992382194201,28.548963955640794,200
Dataset_Shard_0400000_0499999,train,snGQA5LPehE,2.7232494466006756,0.8399389260169119,8.16093149393797,1.2649951569922269,0.8222304291415508,12.679334242343902,0.20228545519770408,6.507898707389831,2.272352696955204,0.6458898911990354,24.768049302101137,200
Dataset_Shard_0400000_0499999,train,soqNFAIhsEA,7.108939277902246,5.870546374935657,13.885484272539616,3.351350193899125,0.5388148978031565,38.72489075422287,0.19699716996173466,8.127025626064277,3.3107317864848302,0.4932229452312019,45.5732398276031,200
Dataset_Shard_0400000_0499999,train,tKpQA-YM5qw,4.502796565294266,2.810334209538996,11.19992292881012,1.9088643589615821,0.686876812595967,23.359094905853272,0.21150659677933675,7.322000090355286,2.6798986669344593,0.5614828844218107,34.632721159625795,200
Dataset_Shard_0400000_0499999,train,tMUc1b6NHsk,4.9011489799642005,3.40872592713451,11.349274320397527,2.147088222914754,0.6480032347439155,29.92830786217004,0.23799007493622448,7.527840377122629,2.9545725338475313,0.4959370882927828,39.755198795720936,200
Dataset_Shard_0400000_0499999,train,tTHpaGSDRCA,3.3227971579134463,0.876646536863409,10.761220988631248,1.7752438836544753,0.7740326537627754,12.366733705997467,0.20344337930484696,7.800990689396858,2.925638888478279,0.5463349670597271,22.222052613496782,200
Dataset_Shard_0400000_0499999,train,tVK6t2vfa6g,1.4592916547134518,0.20741748420521616,4.754613479971885,0.49536670667119326,0.9148135989562429,8.856544127464295,0.1529524075255102,3.9690172462165356,0.9907956541329622,0.8261172119644102,18.59304921388626,200
Dataset_Shard_0400000_0499999,train,t_qmGs9IgK4,7.835062181353569,6.824280250370503,15.50716609597206,3.6113511687889694,0.4983680007894188,41.521942548155785,0.19316107302295918,9.274424875080586,4.049638282191008,0.47285847350474663,42.85199443539183,200
Dataset_Shard_0400000_0499999,train,trD-QUe4ZNU,2.3798257779330014,1.5270731570536737,6.184746853709221,0.8252112113963812,0.8869926351564262,7.222986362576485,0.14288803411989798,5.07333779618144,1.4295856541767717,0.7825818972553339,20.038435990810395,200
Dataset_Shard_0400000_0499999,train,twyPRvVFhZM,4.07107993632555,2.65180832739803,9.665171254873275,1.7894814429059624,0.7169857994069954,24.01264875292778,0.19707928093112245,6.292286721765995,2.1573579045385123,0.6145366587643815,36.33065712451935,200
Dataset_Shard_0400000_0499999,train,uJLCrvIrjqA,4.036858877837658,2.0978141194209456,10.320352948904038,2.375210921447724,0.7732704463256609,16.026734335422518,0.25039540816326533,6.261670717298984,2.48344982393086,0.7304757536229373,20.540058419704437,200
Dataset_Shard_0400000_0499999,train,uNQDRZz4TUU,5.590479582324624,3.7717311871796846,12.78390304595232,2.665018049292266,0.6497829940525753,25.159287895560265,0.19453443877551022,8.260811758041381,2.9852793829888107,0.544835204379938,34.08431140422821,200
Dataset_Shard_0400000_0499999,train,udsPZ1WnDLY,1.568462592959404,0.4623103572893888,4.575595798492432,0.6109126695990562,0.9169353280947077,7.578128432035446,0.09028051259566328,4.5333387893438335,1.1000733027979732,0.800150545582544,27.345790836811066,200
Dataset_Shard_0400000_0499999,train,ui7IAukQXtI,3.4792602517455817,1.4793474500812591,9.79543439567089,1.8709791164845229,0.746732521359219,17.05677010715008,0.17433075573979592,6.350631959289313,2.6039083882793785,0.6010593282024694,28.245950363874435,200
Dataset_Shard_0400000_0499999,train,ujOANeD1dtA,6.8391482463479045,6.660097719430923,10.66501600086689,1.4915231119282544,0.7646568823023313,21.94151817917824,0.11711505500637756,7.218918246030808,1.9718474930524825,0.6457092132560527,30.11815811395645,200
Dataset_Shard_0400000_0499999,train,ukBG8k6dca4,8.568225833177566,8.004997406601905,14.67057791531086,2.9726272803544997,0.5381168544888878,39.13109414577484,0.1086262356505102,8.555816703438758,2.6858879759907723,0.5279059911696089,41.94969675064087,200
Dataset_Shard_0400000_0499999,train,ukn-1au2zeM,6.50175850957632,5.213867599144578,13.706540096998214,3.0153699929267166,0.5806580543839011,32.54939082980156,0.24159239477040817,8.721892146468162,3.64651244916209,0.5386984345545344,44.82025877952576,200
Dataset_Shard_0400000_0499999,train,uu2DI2YM5VY,6.3138857126235965,4.958586100619287,12.877714314460754,2.9097278821468353,0.5856538899069834,37.10327468276024,0.22589714205994899,7.773079184889793,2.7315349735319616,0.551834408069446,45.16893726110458,200
Dataset_Shard_0400000_0499999,train,uwuY48k-xus,3.8563643933460114,2.885196420911234,7.934840330928564,1.838858465035446,0.7603264945442642,18.3670952886343,0.1455469746492347,5.07023268982768,1.9129195358045399,0.6710485381182103,33.43579879283905,200
Dataset_Shard_0400000_0499999,train,uyHdKE2S3m8,4.038958467021584,2.2382665936648847,10.516766556501388,1.6301551071181892,0.7564127748143374,21.052103492021562,0.31674166932397957,7.095921833515167,2.2867442454770206,0.595817435393012,31.814886846542358,200
Dataset_Shard_0400000_0499999,train,vCp0mrZdlmU,4.810572423636914,2.132415977176279,12.755605130195617,3.072089662514627,0.6751670965123883,22.131809010505677,0.18413036112882655,8.448543138504029,3.8045377446711064,0.45579611071101456,39.56635313987732,200
Dataset_Shard_0400000_0499999,train,vNuWxJankEQ,1.8115270150825382,0.6154825809318573,5.301628170460463,0.7716610550880432,0.882784701082685,10.603932634592056,0.13415298150510202,4.494989606997697,1.4769629000248097,0.7515384433528353,22.568084295392037,200
Dataset_Shard_0400000_0499999,train,vrgv_E5pDII,4.833820889294148,2.6510094618052245,12.253204861879349,2.5413930498063566,0.6670934620336451,21.71544431447983,0.3223236208545919,6.420662512779236,2.7302309235930444,0.5963841048602341,28.47362561702728,200
Dataset_Shard_0400000_0499999,train,vwz7M5xbztM,5.630808040499687,3.3225728229294327,13.564781974107028,3.7352355626784264,0.5980613991062309,38.62511581122875,0.3089434191645408,7.868314759135246,4.1299516153708105,0.45486149862171416,42.19441497206688,200
Dataset_Shard_0400000_0499999,train,w40fRDQNQo4,3.6913544037938117,1.937916519040882,9.678807945847511,2.112422295245342,0.7361425415956019,17.945641928911208,0.2165559231505102,6.861257914602756,2.4450921025220307,0.6226507774695793,30.011435831785203,200
Dataset_Shard_0400000_0499999,train,wNvrCt-FlUo,6.875507309436798,5.401534599661827,14.614537045955657,3.2616028329730034,0.5552240201341992,28.40709132909775,0.2793179009885204,8.56244343996048,3.2748258370906114,0.5063084901848961,38.82850172519684,200
Dataset_Shard_0400000_0499999,train,wXHNYyQIIA_,1.0901780635491014,0.6170032645948231,2.525073090083897,0.5198465784545988,0.9121397660251835,13.967836002111435,0.07099170918367347,3.5427586737275125,1.1231062212213874,0.8098760401949571,25.028189074993133,200
Dataset_Shard_0400000_0499999,train,wXQHg2GbOv4,1.08052473757416,0.15276761333458125,3.483041048422456,0.4454870348703116,0.9324393453727619,7.761369264125824,0.10051688058035714,3.297155258059502,1.1072451712749898,0.8060543488779668,21.94075500011444,200
Dataset_Shard_0400000_0499999,train,wZIPPpbh3_c,3.2003764802217485,1.1544986065570264,9.258829143047333,1.5026996620744466,0.7882723929862341,15.103955954313278,0.1618798828125,7.116715725064278,2.0810647109895943,0.6422662005647861,32.32775839567184,200
Dataset_Shard_0400000_0499999,train,wi-keYwDk1s,2.9964198713749646,1.8514129992295056,7.623459388911724,1.2726611090824007,0.8082808641331357,12.301069192290306,0.17956642617984694,5.4556585630355405,1.8298146497631387,0.7097859876820614,24.403834599684924,200
Dataset_Shard_0400000_0499999,train,wt0RIrkrfY_,5.819804748296738,3.673915309412405,13.986773899793626,2.8593694051355123,0.6723941847951593,29.06448217868805,0.2014779974489796,9.84123080253601,5.01573573410511,0.4115294878982926,52.37164073944092,200
Dataset_Shard_0400000_0499999,train,xHaiHZ9xq9s,3.0611742255091667,1.329575470960699,7.759403367936611,1.4072157871164381,0.8103214742476826,13.917869762182235,0.15668496890943878,5.2057999422587455,1.5891919602360576,0.7322244582411757,23.76647823035717,200
Dataset_Shard_0400000_0499999,train,xKtXanP9FYk,1.948604297041893,0.5842121030483395,5.846024999171496,0.9859326200280338,0.8778785860986109,11.889149878621101,0.18837900589923467,2.530764549970627,0.6177169925253838,0.9004896936195255,18.370594725608825,200
Dataset_Shard_0400000_0499999,train,xLp8iOxXFxo,4.345808734893799,2.631509872218594,11.049712435007095,1.9848948757350444,0.697735801938332,21.641641249656676,0.195430982940051,6.9528481698036195,2.3071486448869107,0.6106394731823386,33.904006581306454,200
Dataset_Shard_0400000_0499999,train,xVaf2MFNbnY,3.3014321944117544,0.6801733604725451,10.6721623980999,1.6164519628882408,0.7677220676594061,12.496238287091256,0.1951316366390306,8.67059508562088,2.793183294385672,0.5177586040490161,32.74529244422913,200
Dataset_Shard_0400000_0499999,train,xjdsZdUofoU,5.873284332156182,3.7211611773446203,14.41439590215683,3.6461527861654757,0.6500624286998266,20.61481861114502,0.23734404894770406,8.500551905930042,4.215532340407371,0.5550692392187205,29.815927662849425,200
Dataset_Shard_0400000_0499999,train,yQGj3B57_Iw,2.8321769146621225,0.7772696823999286,8.998280847370625,1.4287942046672106,0.7929348204294672,14.131135234832763,0.1653496691645408,6.9972504144907,2.4855669267475604,0.5864259588338137,27.7654318857193,200
Dataset_Shard_0400000_0499999,train,yR15HSy2iYM,3.1693812879920005,0.8769627923367079,9.75349317252636,1.5116344297677278,0.7918499391079048,13.202375435233115,0.2418635403380102,7.0854526060819625,2.5968360962346195,0.6154776473106558,24.170897332429885,200
Dataset_Shard_0400000_0499999,train,ybDcIfdcUVU,3.6252874788083136,2.8655671513499694,7.651858919113875,1.3219240845798048,0.7960967977713955,18.55184661269188,0.13359733737244897,5.503185944911093,1.6931878089392558,0.6907695392267864,26.002784875035285,200
Dataset_Shard_0400000_0499999,train,ytmhoYpa1ws,5.320620888622943,3.6908232308083098,11.89953593363054,3.232652348964475,0.6762055932758466,23.495143924728037,0.18765615035076533,7.2277759462001265,2.720937433365325,0.6143094700296299,33.15191695852205,200
Dataset_Shard_0400000_0499999,train,z06sgpMVS10,0.8050436248444021,0.196692261910066,2.706983536556363,0.2611404501600191,0.9590778795705517,5.8873437651991845,0.0870930325255102,2.730595263913274,0.454963105134666,0.9265965113109371,17.191593455076216,200
Dataset_Shard_0400000_0499999,train,z3mVtH-Jqw4,3.3146924013644457,1.5207868741545827,8.949390065968037,1.68135353397578,0.8058806930261868,12.971470908522607,0.18141173070790817,7.213524199128151,2.15580705570057,0.7042546501316651,26.74174459695816,200
Dataset_Shard_0400000_0499999,train,z4KIYSXA8OY,4.965353952646256,1.7005747667327524,13.521054872274398,3.3376794973760844,0.6811073329491648,18.50111980199814,0.15528529575892858,10.214759546220302,4.442408962585032,0.41665910431128694,42.69111547708511,200
Dataset_Shard_0400000_0499999,train,z4eQhv4jhsU,5.5738369061797854,4.153671725671739,12.266026927232742,2.478727339152247,0.6543732545430019,27.880346342921257,0.2250016940369898,7.541733490526676,2.7628610618039966,0.5646507562312227,37.343085463047025,200
Dataset_Shard_0400000_0499999,train,zAmGTHQ8LUI,4.477947129607201,1.989705029129982,11.113463596105575,2.6673383286595342,0.6833507054862352,17.605185399055483,0.1195246731505102,5.517889384627342,1.5984330397844315,0.7243459349807747,32.62040510177612,200
Dataset_Shard_0400000_0499999,train,zHW35Y8ghrY,1.7380771006643772,0.4141646509524435,5.599301492571831,0.7059999595582486,0.8804227738998478,14.220381516218186,0.1868556680484694,4.612442814707756,1.488404088653624,0.7188019776079667,36.9524273443222,200
Dataset_Shard_0400000_0499999,train,zUXPNRKCJqk,2.580135515630245,0.7861394856940024,7.655809596329927,1.251005894728005,0.8235572969703618,13.462852416038514,0.19268624441964285,5.7947436076402665,1.995226788111031,0.6638465458201489,23.313937250375748,200
Dataset_Shard_0400000_0499999,train,zXVq4sDkwEQ,3.9119429737329483,1.6792235519038514,10.158248491436243,2.2372592376265676,0.7686908765441101,9.326081971228122,0.10468799824617347,6.614144259933382,3.020829116221867,0.6030428342252704,22.668482922315597,200
Dataset_Shard_0400000_0499999,train,za-_NYW8Mjo,4.239614377766848,2.772851714588469,10.297601600885391,1.661708064051345,0.7514862674805408,23.21610995411873,0.18865045041454082,5.609785615876317,1.6505110820569098,0.7162373821568468,31.395737521648407,200
Dataset_Shard_0400000_0499999,train,zbn9xbXTC00,2.053958921357989,0.5897698539495468,6.317339580953121,0.8331428286619484,0.872563008778933,11.454679007530212,0.20284658003826533,5.321963757574558,2.0129080928489564,0.6653419015554776,24.92276407957077,200
Dataset_Shard_0400000_0499999,train,zjbMfssb9tU,3.1008604784309863,2.030437592314556,7.423773047029972,1.116586928702891,0.8319761556289805,17.5651574665308,0.28652144451530615,4.454579072355991,1.1788764169499337,0.8201689142001394,25.823289821089713,200
Dataset_Shard_0400000_0499999,train,zo9h0PqVn-U,5.4671348920464515,3.7116130594164134,12.625842257142066,2.7575646417587993,0.6234714117163247,29.337106620073317,0.20755998883928573,8.07535230112262,3.1029047361860282,0.5327731784197082,43.506684563457966,200
Dataset_Shard_0400000_0499999,train,zsbl6oa5pGQ,10.375909665822983,8.968134308755397,18.886741859912874,5.491081541627645,0.35581932703620717,53.88570871591568,0.21807547433035715,9.566730040609837,4.830164324790239,0.36703033273117397,52.42954155921936,200
Dataset_Shard_0500000_0599999,train,zsbl6oa5pGQ,9.436382079720497,8.570285774767399,16.808332241773606,3.3107403104007243,0.5501487506635477,33.15184088945389,0.26847925302933673,9.321569100022316,2.943282092027366,0.5486697765576133,36.22326569914818,200
Dataset_Shard_0000000_0099999,val,0xr9UkXgp2E,8.564774586558341,4.968876423854381,19.617240287661552,5.849217735901475,0.5527462555653336,35.095591422319416,0.21022849569515306,9.002734394669533,3.9962696647644043,0.47029381523614977,43.35236591100693,200
Dataset_Shard_0000000_0099999,val,24jIoFvJ_7o,4.393673234954476,2.8084434120170774,10.801062401682138,2.078023361992091,0.670797023091717,32.48561149597168,0.278620754942602,6.8477364923059945,2.5434356884472074,0.552548075310712,44.69152405738831,200
Dataset_Shard_0000000_0099999,val,2RUNdnb2B1w,4.739368342161178,1.6199251521330424,13.566705071926117,2.9963337065279485,0.698735715497847,18.971596122980117,0.23432567362882653,8.195837436914443,3.7156401497125624,0.4907572845458074,32.20725657939911,200
Dataset_Shard_0000000_0099999,val,3HZMLSYtFEM,5.97127591193188,3.4432369204961786,13.60875425968523,3.8291834274621213,0.608835728643433,32.68124984089285,0.11182278380102041,8.268645083036645,4.008894809586182,0.47707059559760956,38.659809882074406,200
Dataset_Shard_0000000_0099999,val,3PHrXAE7new,3.3299041382968424,1.3047946549393237,9.373837790489198,1.684306535385549,0.7828721638344305,16.768867963552474,0.19249302455357142,6.573113966267556,2.796629085354507,0.6103660880548423,25.591965936869382,200
Dataset_Shard_0000000_0099999,val,4Djb4L_VGIU,4.057470124810934,1.732329303137958,11.422795404195785,1.6024231672473253,0.7352510892412601,26.670542027950287,0.26424754862882655,8.29624908864498,2.5564974027872087,0.5395418431433583,43.29196458339691,200
Dataset_Shard_0000000_0099999,val,4F1jCw1yzKA,4.351624509096146,2.7829321567341685,10.425116311311722,1.8437951580435037,0.7092661518939244,28.549115962982178,0.22808215082908162,6.797872897386551,2.3605836345255375,0.6054679676202421,37.93557724118233,200
Dataset_Shard_0000000_0099999,val,7HV-wL3jJ5U,1.5099897577241064,0.15065665209665893,5.173173374384642,0.8662262338679284,0.8994965131944135,5.391026731133461,0.14531359614158162,5.076417609900236,2.6093182808253914,0.6923735858846881,17.38230945587158,200
Dataset_Shard_0000000_0099999,val,Al4Q6ORp6CQ,4.114476110041141,1.882624455364421,10.115905696153641,1.8425611343607307,0.7632383048034644,23.059121979475023,0.3109931042729592,6.757502439022065,1.8991381856054068,0.6774362674514889,31.02085815191269,200
Dataset_Shard_0100000_0199999,val,CF81s4pzmew,8.288992269329293,5.315334174289275,18.980746460970117,5.532803049636265,0.5090012285319766,29.24300652710849,0.24857580681081956,8.605224184258274,3.204279822647256,0.45904341897259554,38.611350801255966,189
Dataset_Shard_0100000_0199999,val,CIkvuF5f6ak,4.50089120099612,2.8163511483779677,10.88743046367308,2.4245590220695887,0.6848108104853209,27.456989917207974,0.17491250797193877,7.491831797809864,3.352660658022869,0.5026453506336784,43.92810173816048,200
Dataset_Shard_0100000_0199999,val,DzJPrFInDgI,1.7091410486400127,0.18115116332657635,6.111769055724144,0.6660902799852192,0.8860054721099158,10.020344594717026,0.17703015385841836,5.156317285550759,1.544327556774806,0.7193818433162841,22.20615155601874,200
Dataset_Shard_0100000_0199999,val,FHQdsG4y6sA,6.550007178410888,4.7060248106531795,14.295803994834422,4.45100663676858,0.5327902427702904,32.150399080216886,0.16405701929209182,8.079277521371841,4.1694172283634545,0.44925420453478,37.58337967634201,200
Dataset_Shard_0100000_0199999,val,G8vA3NnBdms,4.245534406006336,2.1843177937343716,11.295366694927216,2.187017595991492,0.6958638384423611,22.559807888269425,0.21752162388392857,7.543538966178894,2.604203052446246,0.5525350337683379,37.715063898563386,200
Dataset_Shard_0100000_0199999,val,HvxUw40lGmU,3.3871945306658744,1.0013206944568083,9.954141795039178,1.88275007404387,0.7677924517410915,18.648949089050294,0.11366509885204082,7.200272079706192,2.7405331033095717,0.597263015901877,36.88378111124039,200
Dataset_Shard_0100000_0199999,val,JGxn16KUavc,4.767880358695984,2.943644136488438,11.654490683078766,2.147414171397686,0.6797492591471277,29.02048728466034,0.24856604751275513,7.773964141011238,2.5484127739071845,0.5933892435408294,43.66509581565857,200
Dataset_Shard_0100000_0199999,val,L_MDy-YN-qU,3.1042747558653354,0.6371810935810208,9.984501032829284,1.5996882268413901,0.7846571481125837,16.7480873131752,0.1666129225127551,8.423141058683395,3.239730105921626,0.5219238398051322,34.90770657062531,200
Dataset_Shard_0100000_0199999,val,MWvT1QbVPW4,5.208518369803169,3.668174691209972,12.188295805152956,2.7594860300586515,0.6399406446204652,24.951548063308874,0.19811104910714283,7.061039517569143,2.942422094029713,0.5432950185192689,39.07888114310801,200
Dataset_Shard_0100000_0199999,val,NMv_tUPIx3M,2.0330999586731195,0.18659329127520322,6.975958281457424,0.8273060119338334,0.8607134145630019,16.176136139035226,0.19734753667091837,6.0582257950305936,1.9168563904985785,0.6449593670739624,34.375902116298676,200
Dataset_Shard_0100000_0199999,val,NTTKigtDFOM,2.260619308501482,0.7735313072637655,6.376287423972972,1.097246521320194,0.8386445504962761,11.88276518702507,0.19242755500637757,4.7817212331667545,1.6368829898815602,0.7269389399521706,19.995886428654195,200
Dataset_Shard_0200000_0299999,val,NTTKigtDFOM,2.775523233562708,0.6905041781067848,8.61007076025009,1.3800945737864823,0.8119059650291176,14.55897925645113,0.17042619977678572,5.970199262024835,2.171209485051222,0.6542214134386016,29.63017981171608,200
Dataset_Shard_0200000_0299999,val,NxPc-RxaurE,3.630268463715911,2.0180778042180463,9.557909111678601,1.6793758425302803,0.7605257012460749,20.114833232164383,0.19728206712372448,5.405081008328125,2.05042330487282,0.6635149226123093,25.845454432368278,200
Dataset_Shard_0200000_0299999,val,OK0NO9Pofgk,5.22452789247036,1.973727377858595,14.171439976096153,4.063474252596498,0.664145509720897,16.301429381370543,0.16263422751913265,9.365823194552213,5.1105511159927115,0.4678464793409291,31.501822616755963,200
Dataset_Shard_0200000_0299999,val,Oxh1el_9L68,7.760403574705124,6.26166516572237,16.798096859455107,4.583191989660263,0.5235503292416029,39.47518710851669,0.19242875079719388,10.944571598768235,3.9589979878813026,0.4683282250017006,43.76261563539505,200
Dataset_Shard_0200000_0299999,val,PON6UARN2Ho,4.946654405370355,3.449728298577908,12.19099735302775,1.8587414868921042,0.6740876023923589,17.574730190336705,0.3969293088329081,7.861669167844184,2.4102869042476156,0.5472976284760048,23.995993440151214,200
Dataset_Shard_0200000_0299999,val,PQO_bd79mec,8.372740009725094,7.327557329870761,15.759835230112076,4.021888484209776,0.4314835459217266,43.490886078476905,0.22213877152423472,9.001789014041425,3.5032623270340264,0.4340332902056916,47.762032450437545,200
Dataset_Shard_0200000_0299999,val,TMhssQ2rLOc,5.321002452969551,3.9326116388477383,12.428026561737061,2.4177926621586083,0.659176369678568,24.575453741550447,0.20385562818877553,6.925120769542409,2.1072771965552604,0.6302250062041813,33.41385987278074,200
Dataset_Shard_0200000_0299999,val,YBdiEmhvUL4,4.77939055991359,3.486756970148999,10.39193155825138,2.232957381786546,0.7056067455197702,21.026988575309517,0.1362367466517857,6.862377706194529,2.4837754796350144,0.6571162216081716,29.625281647441444,200
Dataset_Shard_0200000_0299999,val,YNJTgfO5Mvs,4.645138940811157,3.02673783255741,11.454170029163361,1.9526932814717293,0.6997125585335924,22.13118843793869,0.1526089166135204,7.119356913566589,2.668877323716879,0.6047573595403185,32.86226494550705,200
Dataset_Shard_0200000_0299999,val,YufGRlASfNw,6.951130710244179,6.791384516507387,12.606293172836304,2.080690474137664,0.6508596381419604,23.274118205308913,0.1565840242346939,9.183528133630752,2.943470501303673,0.48094258061930456,33.99381610870361,200
Dataset_Shard_0200000_0299999,val,aRF_slIwqM4,5.539271128093824,2.2320800207712703,12.954726846441627,4.1191856929217465,0.7315111701255138,22.650742803812026,0.11673768335459184,6.42260317214299,2.332390247550793,0.6079232317283666,41.394524051845075,200
Dataset_Shard_0300000_0399999,val,bF1ORN7QtkE,1.9776750725507737,0.656859480086714,6.039448875337839,1.2403625845909119,0.8593232444854998,10.74716768503189,0.07080825494260204,5.587122558653355,2.149019716307521,0.6974173122797928,29.81353082418442,200
Dataset_Shard_0300000_0399999,val,e0x_uAwuUVE,6.4095171743631365,4.426375904418528,13.742538688182831,3.1426470002532003,0.5970663439382506,26.874632561206816,0.22020607461734695,8.641984239816665,2.9042087791860105,0.5016988732913709,36.7851051235199,200
Dataset_Shard_0300000_0399999,val,e6FMbxEpdus,4.511831974708475,1.886225408106111,12.178150754803792,2.9819140487391267,0.7213878492107935,18.526188436187805,0.2044286112882653,9.031964484355413,5.194804238691286,0.5287972455492683,28.098880384489895,200
Dataset_Shard_0300000_0399999,val,eFquyliJz0U,6.3636985467374325,6.020994976460933,10.694390306472778,1.6520621040835977,0.7338690403755525,20.189153151512144,0.14204400510204082,7.7281547051668165,2.4051327304542065,0.588705227351964,31.66980803012848,200
Dataset_Shard_0300000_0399999,val,erLQ1Ojy-TQ,5.8106063768267635,4.257091561108828,12.893231481313705,2.6617539667338135,0.5804249478930048,34.510056973695754,0.261960598692602,8.10380429983139,3.556583485454321,0.4290836314115103,43.805151071548465,200
Dataset_Shard_0300000_0399999,val,fOLyRAD-0Zw,3.0132276391983033,1.1711956532672048,8.646024329066277,1.4641520012356342,0.8020647794771305,16.90362070262432,0.18287667410714284,6.421745180487632,2.4072866896539926,0.6343636661520445,30.74756322145462,200
Dataset_Shard_0300000_0399999,val,hWgU6TyNnkw,2.159055370613933,0.14464513474813429,7.8107516571879385,1.1758076361939311,0.8454385197750662,13.403642101287842,0.17361876195790818,6.432978236675263,2.586412361934781,0.6177960905966625,25.95810185432434,200
Dataset_Shard_0300000_0399999,val,i4AW7iRDqsU,1.9668026228249074,0.36280773440841585,6.725073125511408,1.2070354678109287,0.8743789983907999,9.180842230319977,0.1141193000637755,6.716723525226116,2.663868064582348,0.679846344418879,24.804941174983977,200
Dataset_Shard_0300000_0399999,val,jzgW4PGt3XE,3.6231927064806224,1.978166141617112,9.223905232101679,1.757828266993165,0.7735031190929061,15.987965141534806,0.22475835060586735,6.608085328489542,3.143125658519566,0.6379549732800175,25.15382597088814,200
Dataset_Shard_0300000_0399999,val,kxunkO4v048,2.7469307487152763,1.1335068401041155,7.779551230562715,1.7839263417721485,0.8104365952603299,17.388901503048547,0.1194808274872449,5.966447607752323,2.495297104833008,0.6889770254169167,26.104722960330545,200
Dataset_Shard_0300000_0399999,val,l7F1MHpB1u0,4.701917307288386,3.445775673772405,10.252867307774723,2.1286566972825676,0.7051149106692631,21.791770928949116,0.1622055365114796,5.909863788690418,1.999041962379124,0.652381881777234,25.529470548331737,200
Dataset_Shard_0300000_0399999,val,lxHmqyU2TSc,4.967034052014351,3.5182286612456664,11.614973212480544,2.4632496862858533,0.6455734610002775,26.007569433450698,0.25011449697066324,7.4245883250236515,2.8932620066404344,0.5432727663801495,34.004468684196475,200
Dataset_Shard_0400000_0499999,val,oKwo2V65yJE,4.859702950417995,2.930024005547166,11.826347107887267,2.169865858666599,0.6915896033670974,18.77852028131485,0.33572773836096936,8.183499999046326,2.874429893642664,0.5719946796674826,27.485188044309616,200
Dataset_Shard_0400000_0499999,val,p8-hHmHaQkQ,2.710891186594963,0.47404384896159174,8.781435326337814,1.253148304708302,0.8003940681674613,14.21278706073761,0.19648208306760204,7.1656276226043705,2.609287189617753,0.5500571117159704,29.16046502351761,200
Dataset_Shard_0400000_0499999,val,q-XdFFWSAeQ,5.8769147092103955,4.561403131708503,12.398938003182412,2.7249696153402327,0.6258129466348712,31.112892317771912,0.2093569634885204,7.624245638549328,2.3167312681302428,0.6077306329800477,39.20896842241287,200
Dataset_Shard_0400000_0499999,val,tIZcUgrcWWc,5.3711622494459155,2.4263563053682446,13.239434123635291,3.6930685728788375,0.6570701131750742,17.980471074581146,0.17795639349489797,8.671002652943134,3.991406283378601,0.4807141007114432,33.32638446092606,200
Dataset_Shard_0400000_0499999,val,tUAYRMtMyb0,2.646945233568549,0.6742694185813889,8.211757519245147,1.7282065267674624,0.8133271949261355,17.40228299975395,0.17651108099489796,5.236701044440269,2.222947438750416,0.6604190174585473,28.25008519768715,200
Dataset_Shard_0400000_0499999,val,wXJY7EQy4Ns,3.224457939043641,1.8131791195296683,8.473522666543722,1.9178551806602626,0.7759656504341805,16.94991597443819,0.22654994419642857,5.713942635185085,2.8972301989195692,0.6682940084950353,25.893330335244535,200
Dataset_Shard_0400000_0499999,val,xUp_PDUsIyc,5.6597178237140175,6.206841102540493,10.944791058301925,1.4803711088187992,0.8024375508039835,17.589896972179414,0.15903718909438777,6.804082878389308,1.5884067651297664,0.7877718044384505,20.572116752145813,200
Dataset_Shard_0400000_0499999,val,ysLwpEhLkqI,1.6699933240935207,0.22614075802266598,5.857011852934956,0.998353028986603,0.8666217926947123,8.431842354536057,0.11864337531887756,5.6675563564896585,2.389672767985612,0.6505441765219371,25.606535789966582,200
Dataset_Shard_0400000_0499999,val,zg_dwcSRLxo,4.569596981778741,2.5667437999328286,11.591831237077713,2.2711666291579604,0.6743777814663255,23.740334856808186,0.24242087850765304,8.214541514231824,3.3913339764729606,0.5124054985396511,36.96986099280417,200
