shard,split,video_id,temporal_distance,pairs,mean_full_mae,median_full_mae,mean_human_mae,mean_cloth_mae,mean_skin_mae,mean_full_changed_fraction,mean_human_changed_fraction,mean_cloth_changed_fraction,mean_skin_changed_fraction
Dataset_Shard_0000000_0099999,train,-Hs-zuBOlQE,1,50,0.018655020482838153,0.013437706511467695,0.09555620588362217,0.07111275486648083,0.12690561946481466,0.08471181441326531,0.45434496034390753,0.3886842493080858,0.5595815942452135
Dataset_Shard_0000000_0099999,train,-Hs-zuBOlQE,2,50,0.02769927174784243,0.01625519897788763,0.10666013237088919,0.08235093098133803,0.13840155430138112,0.10184948979591837,0.5184244033175482,0.4527829671066599,0.6331092675959112
Dataset_Shard_0000000_0099999,train,-Hs-zuBOlQE,5,50,0.03795068375766277,0.02687937393784523,0.13867793224751948,0.10336710684001446,0.17885398924350737,0.17629982461734695,0.6251054341986204,0.5576755427641182,0.7253095006385871
Dataset_Shard_0000000_0099999,train,-Hs-zuBOlQE,10,50,0.05021108489483595,0.03517793491482735,0.14696491815149784,0.11589246410876512,0.18021548941731452,0.23665058992346938,0.6374586806693697,0.5831520001558973,0.7259716282179275
Dataset_Shard_0000000_0099999,train,-J04CE5dA74,1,50,0.05177814686670899,0.037052830681204796,0.1476732896268368,0.14871371850371362,0.17735412254929542,0.2063803411989796,0.6251405773557153,0.6066998253210655,0.7468147687168676
Dataset_Shard_0000000_0099999,train,-J04CE5dA74,2,50,0.06496682044118643,0.05356680229306221,0.1694932174682617,0.16554440207779408,0.2137358620017767,0.28340760522959185,0.6983976936064861,0.6789032067020966,0.8323085529626941
Dataset_Shard_0000000_0099999,train,-J04CE5dA74,5,50,0.08550420843064785,0.07227475568652153,0.21052353844046592,0.21135102570056916,0.2266046291589737,0.4033705357142857,0.8229275286990214,0.813928485212755,0.884518705292368
Dataset_Shard_0000000_0099999,train,-J04CE5dA74,10,50,0.10693900145590306,0.09905893355607986,0.22226544171571733,0.22356523796916009,0.23172675028443337,0.48253148915816324,0.8587758982339274,0.8526209683654586,0.8976360563156794
Dataset_Shard_0000000_0099999,train,-Qoo3Uq5-50,1,50,0.06618562387302518,0.043725863099098206,0.14411882922053337,0.13813348203897477,0.17083689615130424,0.26812061543367344,0.6252209663222831,0.5711450757401539,0.7945901324236203
Dataset_Shard_0000000_0099999,train,-Qoo3Uq5-50,2,50,0.1039339256286621,0.0822208896279335,0.18735455602407455,0.18233953848481177,0.21273583710193633,0.41410116390306123,0.7662411345477527,0.7310140494174636,0.8909058413733052
Dataset_Shard_0000000_0099999,train,-Qoo3Uq5-50,5,50,0.18225994903594256,0.23242232203483582,0.24504070609807968,0.2531310547888279,0.2258629535138607,0.675678411989796,0.8613428645464483,0.8429641438769916,0.9272224597891504
Dataset_Shard_0000000_0099999,train,-Qoo3Uq5-50,10,50,0.20100425876677036,0.23552920669317245,0.258817745000124,0.2675006818771362,0.23584646701812745,0.7477826052295918,0.8968060953592601,0.8852677861353803,0.9514204574042222
Dataset_Shard_0000000_0099999,test,-VAjjH6TTts,1,50,0.04915888011455536,0.03997316211462021,0.18540396094787867,0.15697461986448616,0.23710981041658669,0.1795412149234694,0.6636962005560848,0.6506253565129952,0.7175571994546024
Dataset_Shard_0000000_0099999,test,-VAjjH6TTts,2,50,0.058128336975514686,0.04991658218204975,0.19736911818619773,0.16198082734623312,0.2544735426781699,0.24154854910714285,0.7086073882273266,0.6948816072294648,0.757474446422561
Dataset_Shard_0000000_0099999,test,-VAjjH6TTts,5,50,0.07881965453736484,0.06315645948052406,0.23244823434390127,0.19423379870597274,0.2902652978617698,0.3306919642857143,0.8000761671373556,0.7951999569068775,0.8328867224693757
Dataset_Shard_0000000_0099999,test,-VAjjH6TTts,10,50,0.08436331629753113,0.06955809891223907,0.26058706128038467,0.21973383622244,0.322668374623172,0.3220587531887755,0.843431514937654,0.8384877671128179,0.8707146547939623
Dataset_Shard_0000000_0099999,train,-bqSDAsWptU,1,50,0.06622630106285214,0.04852273315191269,0.15489103201776744,0.1392916965484619,0.17218716152012348,0.261344068877551,0.5179056924880535,0.47579207703686843,0.647503286145552
Dataset_Shard_0000000_0099999,train,-bqSDAsWptU,2,50,0.09109776904806495,0.0539359375834465,0.20538961701095104,0.19264182239770888,0.20485140509903432,0.34042450573979594,0.644867855635799,0.6007544420208512,0.7474531552953505
Dataset_Shard_0000000_0099999,train,-bqSDAsWptU,5,50,0.1319464495033026,0.11912816762924194,0.25358553647994997,0.2295689107477665,0.26043868258595465,0.4835630580357143,0.7466176065001305,0.697499669228279,0.8535598762320256
Dataset_Shard_0000000_0099999,train,-bqSDAsWptU,10,50,0.13575560856610536,0.10780658945441246,0.25017074912786486,0.23094062015414238,0.244031962454319,0.5001674107142857,0.7563769836023831,0.7097649104197923,0.8436566232592098
Dataset_Shard_0000000_0099999,test,-jo_cPHYmjg,1,50,0.01827873813919723,0.009930925443768501,0.08782315401360392,0.08009633228182793,0.15070598732680082,0.07700972576530613,0.43304223350152016,0.41317968051427445,0.6401597643667573
Dataset_Shard_0000000_0099999,test,-jo_cPHYmjg,2,50,0.024681324134580792,0.010073717217892408,0.09436818037182093,0.08326951597817242,0.18520944714546203,0.09302734375,0.4500514865457274,0.4196484106848969,0.7021936034684215
Dataset_Shard_0000000_0099999,test,-jo_cPHYmjg,5,50,0.03351735582575202,0.014597310684621334,0.12192142091691494,0.10946541931480169,0.2078349596261978,0.11020448022959183,0.5736538021394997,0.5449755573707776,0.7744926316824706
Dataset_Shard_0000000_0099999,test,-jo_cPHYmjg,10,50,0.039279034920036794,0.017707292921841145,0.13135059233754873,0.12163109693676233,0.2122146913409233,0.1293052455357143,0.6011379891033384,0.5813529924797827,0.7796490605755417
Dataset_Shard_0000000_0099999,train,-tqqp2KwCIQ,1,50,0.054774532094597816,0.049211494624614716,0.1795533490180969,0.16181034252047538,0.19735761538147925,0.24081951530612244,0.7444476516252878,0.6647896159519042,0.8451432986168421
Dataset_Shard_0000000_0099999,train,-tqqp2KwCIQ,2,50,0.07075955271720887,0.06226242892444134,0.20438240066170693,0.18924169048666953,0.21341547429561614,0.32545719068877554,0.8114083402833105,0.751527203388196,0.8824630628901321
Dataset_Shard_0000000_0099999,train,-tqqp2KwCIQ,5,50,0.08791494682431221,0.08282298594713211,0.2627237969636917,0.2645585598051548,0.25540473133325575,0.4030990911989796,0.8898517321406599,0.856520835651847,0.9373224113598336
Dataset_Shard_0000000_0099999,train,-tqqp2KwCIQ,10,50,0.08131391845643521,0.0807948000729084,0.2413949976861477,0.23351153880357742,0.2370503881573677,0.4139568718112245,0.884385636163795,0.8433518927371922,0.9182490895972351
Dataset_Shard_0000000_0099999,test,-wUKLCvobpI,1,50,0.024329706541902852,0.014603132382035255,0.09084658867373946,0.08639600899885408,0.10416740583255887,0.1042482461734694,0.4310204043730609,0.3994032021413738,0.5301621993468058
Dataset_Shard_0000000_0099999,test,-wUKLCvobpI,2,50,0.04022583471145481,0.027594643644988537,0.12484494410455227,0.11731666222214698,0.15315474584698677,0.17370575573979594,0.5771253189014437,0.5510650074924721,0.6921317413898688
Dataset_Shard_0000000_0099999,test,-wUKLCvobpI,5,50,0.06703756677918137,0.03544309921562672,0.16016801051795482,0.15372712444514036,0.18079372242093086,0.2726426977040816,0.6893468629844279,0.6652834866451651,0.7839398028247402
Dataset_Shard_0000000_0099999,test,-wUKLCvobpI,10,50,0.07005953713320195,0.040421195328235626,0.152782034650445,0.14833948124200105,0.1686057262122631,0.29203085140306123,0.666655635573173,0.6520206273621689,0.7380078576606944
Dataset_Shard_0000000_0099999,train,02MD08BgFZ0,1,50,0.10942720888182521,0.12087814137339592,0.1533350695669651,0.1397640460729599,0.1624045265093446,0.45584701849489795,0.7046842582916543,0.6586164680479344,0.768368981960217
Dataset_Shard_0000000_0099999,train,02MD08BgFZ0,2,50,0.14059996217489243,0.15201435983181,0.18677592933177947,0.17908407762646675,0.1842147094011307,0.5641792889030612,0.8165975889303648,0.7931000962603004,0.8486778410362257
Dataset_Shard_0000000_0099999,train,02MD08BgFZ0,5,50,0.19552051763981582,0.22692420333623886,0.23020371556282043,0.22850073292851447,0.2117051462829113,0.7193797831632653,0.897354193042672,0.8853207345303697,0.9095673511974557
Dataset_Shard_0000000_0099999,train,02MD08BgFZ0,10,50,0.2097654154151678,0.24128923565149307,0.2533622354269028,0.25943054497241974,0.2206745785474777,0.7653073182397959,0.9131976148849533,0.9036926164828379,0.918812577919295
Dataset_Shard_0000000_0099999,train,0FxsmwVeriw,1,50,0.08689611367881298,0.05322178080677986,0.16849591977894307,0.15691474683582782,0.209271841943264,0.3614492984693877,0.6689558546813433,0.6151198682832429,0.8359590660425325
Dataset_Shard_0000000_0099999,train,0FxsmwVeriw,2,50,0.0972749274969101,0.060465117916464806,0.19360245764255524,0.18660499446094037,0.2253763948380947,0.3706652582908163,0.7317284810473977,0.6884479482932733,0.8645399589829452
Dataset_Shard_0000000_0099999,train,0FxsmwVeriw,5,50,0.13434174977242946,0.1277938038110733,0.22881860747933389,0.23142578825354576,0.23743344187736512,0.5424673150510204,0.8047192656302811,0.7684677009719053,0.9100872737943736
Dataset_Shard_0000000_0099999,train,0FxsmwVeriw,10,50,0.12286432340741157,0.08482824638485909,0.20154397204518318,0.18909255519509316,0.24674007028341294,0.49759885204081633,0.7781973889238052,0.7308708207818944,0.8948770493478141
Dataset_Shard_0000000_0099999,train,0NN6ySHCHVA,1,50,0.12026324778795243,0.13278036564588547,0.1671620976179838,0.16205425664782525,0.17478206142783165,0.5688412786989796,0.8064234473067288,0.7977459557763098,0.8288474755851489
Dataset_Shard_0000000_0099999,train,0NN6ySHCHVA,2,50,0.14626339130103588,0.1533437967300415,0.1867092540860176,0.1843385672569275,0.18894841387867928,0.6438396843112245,0.8423662186942615,0.8362933706482137,0.8464972747392485
Dataset_Shard_0000000_0099999,train,0NN6ySHCHVA,5,50,0.18320997908711434,0.1942625567317009,0.21464918956160545,0.20695788711309432,0.2248547840118408,0.7746277104591838,0.9022383596778316,0.8933765027349277,0.9122294157433798
Dataset_Shard_0000000_0099999,train,0NN6ySHCHVA,10,50,0.18752517960965634,0.20389162749052048,0.20428986042737962,0.19914130374789238,0.20749265998601912,0.7917733577806122,0.9029157871481479,0.8909121453477162,0.9086719462620332
Dataset_Shard_0000000_0099999,train,0TJxBDyP9dw,1,50,0.09573267485946417,0.07550341635942459,0.24953915044665337,0.20351625084877015,0.2993558023869991,0.3336172672193877,0.8094549346411629,0.7636332181961837,0.8666005172572661
Dataset_Shard_0000000_0099999,train,0TJxBDyP9dw,2,50,0.10809229454025626,0.08659450709819794,0.2664012712240219,0.22540379747748374,0.31206111013889315,0.3836415816326531,0.8430469228926986,0.8071862175049331,0.885375758084538
Dataset_Shard_0000000_0099999,train,0TJxBDyP9dw,5,50,0.12331790551543236,0.1275894194841385,0.2920162880420685,0.24581227630376815,0.33397392511367796,0.4995874521683673,0.8825026174812589,0.8425215598068689,0.9196662068815029
Dataset_Shard_0000000_0099999,train,0TJxBDyP9dw,10,50,0.1435764331370592,0.13855961710214615,0.30323096573352815,0.25639499753713607,0.3483485034108162,0.538820950255102,0.8901950499138512,0.852604144272192,0.9391431484834386
Dataset_Shard_0000000_0099999,train,0U2jrFZuBZM,1,50,0.04027283074334264,0.03046593815088272,0.12172007203102111,0.11851458635181189,0.13112845167517662,0.18440848214285716,0.6515533556036338,0.6038669705614863,0.733839211764522
Dataset_Shard_0000000_0099999,train,0U2jrFZuBZM,2,50,0.05330085583031177,0.03683830238878727,0.13985983833670615,0.13617129139602185,0.14638050749897957,0.23759805484693877,0.7115467609698456,0.688306906075115,0.7575228083441894
Dataset_Shard_0000000_0099999,train,0U2jrFZuBZM,5,50,0.07170734148472548,0.061638275161385536,0.16929807737469674,0.17529846638441085,0.16798707813024522,0.3327710459183673,0.8048498907323672,0.7872889001517795,0.8344371571352973
Dataset_Shard_0000000_0099999,train,0U2jrFZuBZM,10,50,0.07168290447443723,0.061635399237275124,0.16843429565429688,0.17840573966503143,0.16531217679381371,0.33044921875,0.8028701955355949,0.7909044219032295,0.8444940279957845
Dataset_Shard_0000000_0099999,train,0ZSqAjagrVo,1,50,0.06229798600077629,0.04548275098204613,0.14218590258620678,0.1331713536940515,0.1667877309396863,0.27072225765306124,0.5918967361095941,0.5780002312812942,0.6845770627545441
Dataset_Shard_0000000_0099999,train,0ZSqAjagrVo,2,50,0.09239826917648315,0.06331190094351768,0.17109374787658452,0.15963114764541386,0.19863433061167599,0.3431433354591837,0.6624428522211636,0.6411558029765895,0.7341865055967025
Dataset_Shard_0000000_0099999,train,0ZSqAjagrVo,5,50,0.09639067510142922,0.07413623109459877,0.17737431563436984,0.17219488829374313,0.19041676316410303,0.44678491709183676,0.7420137794245291,0.74494851643545,0.7761458477374639
Dataset_Shard_0000000_0099999,train,0ZSqAjagrVo,10,50,0.09303843040019273,0.0732571966946125,0.2003966510295868,0.1909962495416403,0.2233715569227934,0.4013496492346939,0.8069806501903354,0.7963772256241548,0.8556097582017513
Dataset_Shard_0000000_0099999,train,0uLJTnNb2Es,1,50,0.031137267146259546,0.028223293833434582,0.10605972804129124,0.08769851073622703,0.14638176999986172,0.10325135522959183,0.5575296210252175,0.5003688437252017,0.6920948746969725
Dataset_Shard_0000000_0099999,train,0uLJTnNb2Es,2,50,0.0319690315425396,0.03178129345178604,0.10874504834413529,0.09547575041651726,0.1476708598434925,0.11394252232142858,0.5682229598083957,0.5203002293089061,0.6981514988952295
Dataset_Shard_0000000_0099999,train,0uLJTnNb2Es,5,50,0.03939973581582308,0.036366941407322884,0.1259729951620102,0.10931050546467304,0.16916747629642487,0.15808713329081633,0.6575275727985503,0.6076376787549433,0.7712245278688313
Dataset_Shard_0000000_0099999,train,0uLJTnNb2Es,10,50,0.0536028540506959,0.044373972341418266,0.15138418585062027,0.13813962191343307,0.18436118260025977,0.26766143176020407,0.7253547271949665,0.6911561660895161,0.809395587320811
Dataset_Shard_0000000_0099999,train,0w6Ky8PBYSQ,1,50,0.09200970674632117,0.05523117259144783,0.2031197199543385,0.19438874950632454,0.24079324924336107,0.31064413265306123,0.7744289987885677,0.7623297529318819,0.8321682758717711
Dataset_Shard_0000000_0099999,train,0w6Ky8PBYSQ,2,50,0.10874079062370584,0.08017321676015854,0.22745317236840493,0.2186304532754002,0.2672282247987459,0.4204799107142857,0.8326045023464391,0.8275473223934579,0.8576323662103682
Dataset_Shard_0000000_0099999,train,0w6Ky8PBYSQ,5,50,0.17629534217063336,0.18563253432512283,0.25017394964583217,0.24023827058728783,0.2922481830837205,0.626612324617347,0.875735193901093,0.8714908267534162,0.8943175018971382
Dataset_Shard_0000000_0099999,train,0w6Ky8PBYSQ,10,50,0.19012545155826957,0.21576768159866333,0.25934666946530344,0.2516588415997103,0.2952100095245987,0.6644634885204082,0.8888136886353234,0.8836350752326474,0.9140129819984192
Dataset_Shard_0000000_0099999,val,0xr9UkXgp2E,1,50,0.12594499390572308,0.09490162879228592,0.19882986046373843,0.1917262241244316,0.216846531778574,0.4482075095663265,0.72307294863497,0.6972407708359314,0.7840159066743317
Dataset_Shard_0000000_0099999,val,0xr9UkXgp2E,2,50,0.1376527563855052,0.11007889732718468,0.23066678181290626,0.2035546500980854,0.2522026604413986,0.45626395089285715,0.7997190198887638,0.7758803689266087,0.8391345857907703
Dataset_Shard_0000000_0099999,val,0xr9UkXgp2E,5,50,0.19725006647408008,0.20627520978450775,0.27141629576683046,0.23922198861837388,0.2868280780315399,0.64369140625,0.8929540762486794,0.8720076242225697,0.9224843037890684
Dataset_Shard_0000000_0099999,val,0xr9UkXgp2E,10,50,0.19293115004897118,0.24444463104009628,0.2712844803929329,0.24117815524339675,0.29717460900545123,0.6035526945153061,0.9022230371631298,0.884011304918269,0.9239628345312202
Dataset_Shard_0000000_0099999,train,0zLSpoyKV_A,1,50,0.12071602314710617,0.11233574897050858,0.2450228465348482,0.23405257880687713,0.2731278732419014,0.42207270408163267,0.7923349958858448,0.8070504908171808,0.8087656739557022
Dataset_Shard_0000000_0099999,train,0zLSpoyKV_A,2,50,0.14085773020982742,0.13331738114356995,0.2650349749624729,0.2546867695450783,0.29323369920253756,0.49354312818877555,0.8432396307711053,0.8624318179622884,0.8532801728993303
Dataset_Shard_0000000_0099999,train,0zLSpoyKV_A,5,50,0.18657134436070918,0.1836540475487709,0.2986432510614395,0.26936694025993346,0.32612294346094134,0.6348473373724489,0.8822405752427943,0.8887406130034518,0.8928265874107686
Dataset_Shard_0000000_0099999,train,0zLSpoyKV_A,10,50,0.19244598358869552,0.20208360254764557,0.31155467599630354,0.2880865675210953,0.3408456864953041,0.7171647799744898,0.904690351702375,0.9063198402041306,0.9132169407662398
Dataset_Shard_0000000_0099999,train,10gPc7VqgJk,1,50,0.07461239339783787,0.06805481016635895,0.13547757752239703,0.11809834528714419,0.15454221442341803,0.3319036989795919,0.5522945808759306,0.4799728367847833,0.6419071945100895
Dataset_Shard_0000000_0099999,train,10gPc7VqgJk,2,50,0.08790904566645623,0.07919088378548622,0.14485360451042653,0.13046173870563507,0.16283087208867073,0.38070950255102043,0.5599390612066252,0.49459420108785374,0.6300799411171583
Dataset_Shard_0000000_0099999,train,10gPc7VqgJk,5,50,0.10282050658017397,0.09625408425927162,0.16326676085591316,0.14570366755127906,0.1805662566423416,0.43235530931122446,0.6121629619152769,0.5452235611306263,0.6766091083224499
Dataset_Shard_0000000_0099999,train,10gPc7VqgJk,10,50,0.11277009639889002,0.10811814665794373,0.18396801441907884,0.17192914396524428,0.19699543476104736,0.48466517857142855,0.6672176258406017,0.6208650945251885,0.7226757996523222
Dataset_Shard_0000000_0099999,train,1ER3kxd2RvQ,1,50,0.04740558659657836,0.04070058651268482,0.16693885795772076,0.15758727073669435,0.1932834956794977,0.19630460778061223,0.6425262522779426,0.627546458944426,0.7317847962786931
Dataset_Shard_0000000_0099999,train,1ER3kxd2RvQ,2,50,0.050280556622892617,0.04421341419219971,0.17267629206180574,0.1512666416168213,0.21397507667541504,0.21311144770408164,0.6859873480218617,0.644267164131111,0.8047365409465526
Dataset_Shard_0000000_0099999,train,1ER3kxd2RvQ,5,50,0.06596630249172449,0.04984997771680355,0.20358299151062964,0.18281799003481866,0.2508973263204098,0.30509486607142855,0.7910808697562324,0.7696974379597346,0.871172786335813
Dataset_Shard_0000000_0099999,train,1ER3kxd2RvQ,10,50,0.07485147312283516,0.06007913500070572,0.20960545629262925,0.18344951346516608,0.2557621783018112,0.35710140306122445,0.788572108378207,0.7615778685439225,0.8811306450573388
Dataset_Shard_0000000_0099999,train,1FhZqPfKWjE,1,50,0.03718749462626875,0.02582482062280178,0.10880902003496885,0.09352867709472776,0.13037693746387957,0.17205556441326533,0.5473809622833865,0.4722606242363445,0.6593881374937868
Dataset_Shard_0000000_0099999,train,1FhZqPfKWjE,2,50,0.04135927937924862,0.030698074959218502,0.13690994881093502,0.12208658054471017,0.15894680619239807,0.2021161511479592,0.6625850328983803,0.592737553571656,0.7714261189187045
Dataset_Shard_0000000_0099999,train,1FhZqPfKWjE,5,50,0.04698584893718362,0.04027792066335678,0.155119336694479,0.1407800368219614,0.1783063007891178,0.20996811224489798,0.7205398466965461,0.6642150295699863,0.8173495895886715
Dataset_Shard_0000000_0099999,train,1FhZqPfKWjE,10,50,0.07035460967570543,0.05775400251150131,0.1826601879298687,0.17179949901998043,0.19487530902028083,0.3331608737244898,0.8234173664910593,0.7898202029053084,0.8787842714685665
Dataset_Shard_0000000_0099999,train,1YmFjGfQGnw,1,50,0.06050888592377305,0.05748842470347881,0.16195440977811815,0.15222299948334694,0.19342342108488084,0.24211854272959182,0.6328458204827616,0.5428636927637718,0.7696129701154372
Dataset_Shard_0000000_0099999,train,1YmFjGfQGnw,2,50,0.06724209468811751,0.058566851541399956,0.18105275988578795,0.1720002741366625,0.2088046622276306,0.2648700573979592,0.6939602288799229,0.6213934585663279,0.8139157490725394
Dataset_Shard_0000000_0099999,train,1YmFjGfQGnw,5,50,0.08866411164402961,0.07773367315530777,0.2102043105661869,0.20600640915334226,0.23317953944206238,0.3564624521683673,0.7725170789056844,0.6926231315037543,0.8613689593610775
Dataset_Shard_0000000_0099999,train,1YmFjGfQGnw,10,50,0.10172144897282123,0.09476741403341293,0.23397838860750197,0.247161123752594,0.24605137318372727,0.43197504783163265,0.8143942768743635,0.7592335206596832,0.8905254443823643
Dataset_Shard_0000000_0099999,train,1cMfYuRTDX4,1,50,0.20495012037339622,0.20448043942451477,0.22855967982904984,0.2256191030750051,0.21766488054767252,0.719375,0.7646843605802279,0.7608558381539524,0.757095983556872
Dataset_Shard_0000000_0099999,train,1cMfYuRTDX4,2,50,0.25628221794962885,0.2427971214056015,0.25270170748233794,0.2526604934036732,0.2617129662632942,0.8245384247448979,0.8565784924931333,0.8488756072414222,0.9018535402243856
Dataset_Shard_0000000_0099999,train,1cMfYuRTDX4,5,50,0.279912711083889,0.2810700237751007,0.266619176119566,0.26338747039437294,0.2712199904769659,0.8714883609693878,0.8814248493819882,0.8722140632107969,0.8958266366420926
Dataset_Shard_0000000_0099999,train,1cMfYuRTDX4,10,50,0.30894765853881834,0.31703296303749084,0.28624092251062394,0.2881023174524307,0.28890615671873093,0.8988352997448978,0.9039956434047266,0.8983281069641823,0.931196542724782
Dataset_Shard_0000000_0099999,train,1heJXaiMZBw,1,50,0.0286847914615646,0.016914824955165386,0.12541324167803394,0.130921113450313,0.1206023044406902,0.10507971938775511,0.5456524425293406,0.5284520499198354,0.5773337393948184
Dataset_Shard_0000000_0099999,train,1heJXaiMZBw,2,50,0.04471657983958721,0.026679618284106255,0.1445341548579745,0.15055144614074378,0.13981338968034834,0.171780931122449,0.6285866669109307,0.6015590657090834,0.6735044160905906
Dataset_Shard_0000000_0099999,train,1heJXaiMZBw,5,50,0.05117761641740799,0.03629199042916298,0.18285854250192643,0.19133837439119816,0.1720712549984455,0.18590919961734695,0.7410238634838029,0.7287469554895956,0.7486870341364932
Dataset_Shard_0000000_0099999,train,1heJXaiMZBw,10,50,0.06810721656307578,0.058981576934456825,0.19749971121549606,0.21469643898308277,0.17962678998708725,0.26131218112244897,0.7903753083252042,0.7878928155226981,0.7931570657966764
Dataset_Shard_0000000_0099999,train,1hla9mZZWKM,1,50,0.10163353379815816,0.10214417800307274,0.1929946507513523,0.214089108556509,0.19907739579677583,0.4076203762755102,0.7963674660658657,0.8340396157760318,0.7900532478539805
Dataset_Shard_0000000_0099999,train,1hla9mZZWKM,2,50,0.11893030993640423,0.11616575717926025,0.21055725932121278,0.22673982605338097,0.2119711883366108,0.4701869419642857,0.821956120626774,0.8475473234733584,0.8220589984511325
Dataset_Shard_0000000_0099999,train,1hla9mZZWKM,5,50,0.12291581578552722,0.11024212464690208,0.2260064134001732,0.23712307155132295,0.2322797654569149,0.4746791294642857,0.8477879927713253,0.8695155866203007,0.854875718572181
Dataset_Shard_0000000_0099999,train,1hla9mZZWKM,10,50,0.13930091090500354,0.14259196817874908,0.23732614934444426,0.23827730923891066,0.24230000227689744,0.5596504304846939,0.8805238469606591,0.8904034901073271,0.8857001591228278
Dataset_Shard_0000000_0099999,train,1jkQfyIl7Kg,1,50,0.03686388570815325,0.024090065620839596,0.11678876899182797,0.11204133346676827,0.12976777099072934,0.16897959183673467,0.5372968625205068,0.4836375968758118,0.6640672530480858
Dataset_Shard_0000000_0099999,train,1jkQfyIl7Kg,2,50,0.04399332394823432,0.03489994816482067,0.14800490379333497,0.1459822702035308,0.15183259539306163,0.17969347895408164,0.63723442139324,0.5939500563135529,0.7345139131480312
Dataset_Shard_0000000_0099999,train,1jkQfyIl7Kg,5,50,0.056923840288072826,0.049914417788386345,0.1661002991348505,0.16281078748404978,0.17508000887930394,0.26828125,0.7122011042502667,0.6698489582402033,0.8026617051824009
Dataset_Shard_0000000_0099999,train,1jkQfyIl7Kg,10,50,0.07464714109897613,0.0593230277299881,0.18402548849582673,0.18839714296162127,0.1775219513475895,0.38333067602040816,0.780544524603611,0.7595174167871968,0.8298739771907607
Dataset_Shard_0000000_0099999,train,1kyGOkXUEKI,1,50,0.08818796526640654,0.06625022366642952,0.20426011840085267,0.17921307187643834,0.2497504769678926,0.36392498405612245,0.7156901745641692,0.6892885379818163,0.7853474443217283
Dataset_Shard_0000000_0099999,train,1kyGOkXUEKI,2,50,0.1049331304919906,0.09123579040169716,0.24716779325855895,0.217157939838944,0.2961050221492769,0.4815601084183673,0.7639531681077739,0.7405785259998353,0.8127869542260865
Dataset_Shard_0000000_0099999,train,1kyGOkXUEKI,5,50,0.15527425634674727,0.1546582132577896,0.29184794954024257,0.2666870340006426,0.3323432834795676,0.7127331792091838,0.8777948002216225,0.8684426836890304,0.9010118227948155
Dataset_Shard_0000000_0099999,train,1kyGOkXUEKI,10,50,0.1657248406857252,0.16797825694084167,0.30101383969187734,0.26927906095981596,0.345899324119091,0.7298353794642857,0.8930233638254034,0.8754185125929351,0.9177761693768803
Dataset_Shard_0000000_0099999,val,24jIoFvJ_7o,1,50,0.1099692215025425,0.09833307936787605,0.19751092672348022,0.21238357812166214,0.19640552565455438,0.45150709502551023,0.8269692123542468,0.7969740542549623,0.872564218240273
Dataset_Shard_0000000_0099999,val,24jIoFvJ_7o,2,50,0.12459826059523038,0.12545213848352432,0.19484360724687577,0.2077647204697132,0.19588639870285987,0.5736021205357144,0.8385107869909528,0.8034903515348962,0.8814148444522124
Dataset_Shard_0000000_0099999,val,24jIoFvJ_7o,5,50,0.15090964905917645,0.14274493604898453,0.22856140360236168,0.24873813569545747,0.2173708063364029,0.6797951211734694,0.9212775746370768,0.9036219118008026,0.9359942212638716
Dataset_Shard_0000000_0099999,val,24jIoFvJ_7o,10,50,0.15538006000220775,0.17249784618616104,0.2240380397439003,0.23560236215591432,0.21763859629631044,0.755245137117347,0.9115822066562984,0.8831207730745751,0.9390378290602968
Dataset_Shard_0000000_0099999,train,27uEnvzS8O4,1,50,0.08168072883039713,0.0715019591152668,0.13683471603185182,0.13211848972231394,0.15349778532981873,0.3704703443877551,0.6434241958560779,0.6406858178822366,0.6952116843623307
Dataset_Shard_0000000_0099999,train,27uEnvzS8O4,2,50,0.11694694809615612,0.11739571765065193,0.17948971446636278,0.17007317017796594,0.20220419608056545,0.483151705994898,0.742084661026055,0.7300261787046662,0.8150458322951651
Dataset_Shard_0000000_0099999,train,27uEnvzS8O4,5,50,0.13876602314412595,0.13239747285842896,0.2139880498033017,0.19349269094876945,0.24776019006967545,0.5537141262755102,0.8358600850445056,0.8132250926735183,0.8964654079847157
Dataset_Shard_0000000_0099999,train,27uEnvzS8O4,10,50,0.16249996483325957,0.15889550000429153,0.21938205333426594,0.20234075726941228,0.2545126122236252,0.6172253667091837,0.848780383126417,0.828256191062727,0.9106078166425979
Dataset_Shard_0000000_0099999,train,2KbVOj8YcRw,1,50,0.10865992657840252,0.10352636501193047,0.1891671270877123,0.17136808194220066,0.22357213966548442,0.42287627551020407,0.7130504671018827,0.6785250744437472,0.781367858245988
Dataset_Shard_0000000_0099999,train,2KbVOj8YcRw,2,50,0.11345097089186311,0.09847040846943855,0.17740113131701946,0.15477774135768413,0.22599255472421645,0.4426897321428572,0.6914219130759892,0.639748983720818,0.7873587877482524
Dataset_Shard_0000000_0099999,train,2KbVOj8YcRw,5,50,0.12992080941796302,0.11778421327471733,0.2176591907441616,0.1907271535694599,0.2608276674151421,0.5046121651785714,0.7875659514981013,0.7412104086628133,0.8651967191078396
Dataset_Shard_0000000_0099999,train,2KbVOj8YcRw,10,50,0.1464578802138567,0.11994098499417305,0.21478476211428643,0.20093967631459236,0.2474839308857918,0.5606732302295918,0.8196364420222022,0.8023615282590462,0.8627620840624174
Dataset_Shard_0000000_0099999,val,2RUNdnb2B1w,1,50,0.06505973394960166,0.055661341175436974,0.1628655707836151,0.16281864531338214,0.1730969376862049,0.27860411352040815,0.7145301062441728,0.6653202042099978,0.8093354566823016
Dataset_Shard_0000000_0099999,val,2RUNdnb2B1w,2,50,0.08357524253427982,0.0793478824198246,0.18226364865899086,0.17423895224928856,0.18899449586868286,0.35943638392857147,0.8038250335120408,0.7770953875668046,0.8597859877797112
Dataset_Shard_0000000_0099999,val,2RUNdnb2B1w,5,50,0.09871009130030871,0.086168572306633,0.20606719106435775,0.20286293148994447,0.2083179086446762,0.4025956632653061,0.8327659045702895,0.8087795970081889,0.891601470717155
Dataset_Shard_0000000_0099999,val,2RUNdnb2B1w,10,50,0.1000238161534071,0.09560040384531021,0.1939804323017597,0.18900468051433564,0.19931262642145156,0.43625518176020406,0.825961284824216,0.8077598478786094,0.8824805687059865
Dataset_Shard_0000000_0099999,train,2ZnT6CqmPoQ,1,50,0.0985054936632514,0.0960095226764679,0.17771430045366288,0.17912033312022685,0.1944784379005432,0.41055604272959184,0.718137605191998,0.6758031751422443,0.7883574360352315
Dataset_Shard_0000000_0099999,train,2ZnT6CqmPoQ,2,50,0.10973928969353437,0.10635901987552643,0.17360877461731433,0.16976536743342877,0.20003649562597275,0.4391585618622449,0.7098380352213883,0.6614247350040908,0.8000713995079884
Dataset_Shard_0000000_0099999,train,2ZnT6CqmPoQ,5,50,0.13809830263257028,0.12783996760845184,0.20228368803858757,0.2060842651128769,0.21423347800970077,0.5282653061224489,0.7673896755973143,0.7236450339567243,0.8336165419105549
Dataset_Shard_0000000_0099999,train,2ZnT6CqmPoQ,10,50,0.1458369593322277,0.1346377432346344,0.2096462757885456,0.2111659611016512,0.21378444403409957,0.5237798947704081,0.7745819844536577,0.7290833154749162,0.8298363704968943
Dataset_Shard_0000000_0099999,train,2aDuMKNR8Z0,1,50,0.046502018123865126,0.03952069208025932,0.14238912642002105,0.14329305917024612,0.15720771193504335,0.1889225924744898,0.5984492214107355,0.5947099130273498,0.6293047927740457
Dataset_Shard_0000000_0099999,train,2aDuMKNR8Z0,2,50,0.055170450154691936,0.05646006017923355,0.15573111981153487,0.15201469898223877,0.17710060186684132,0.21533442283163265,0.632894903623993,0.6135876522247119,0.6892128966846226
Dataset_Shard_0000000_0099999,train,2aDuMKNR8Z0,5,50,0.0777837996557355,0.06979730725288391,0.19670613311231136,0.19268892966210843,0.21651454977691173,0.2938165656887755,0.7479693207992539,0.7404913569591796,0.7768615069593856
Dataset_Shard_0000000_0099999,train,2aDuMKNR8Z0,10,50,0.08808872111141682,0.08881587907671928,0.21594861656427383,0.21203369930386542,0.23232404232025147,0.33577726403061225,0.7843139243929375,0.7729830732833721,0.8260231962292213
Dataset_Shard_0000000_0099999,train,2el-ZR4A4D4,1,50,0.04457372995093465,0.03498697653412819,0.15700214236974716,0.12917544648051263,0.200298844948411,0.18718550701530615,0.6117463799420862,0.5640517542957026,0.6925016700167942
Dataset_Shard_0000000_0099999,train,2el-ZR4A4D4,2,50,0.04511605851352215,0.03876578062772751,0.16952475517988205,0.1422034627199173,0.20940829798579216,0.17825454400510204,0.6807155298721951,0.6370881782670271,0.755300882045972
Dataset_Shard_0000000_0099999,train,2el-ZR4A4D4,5,50,0.05100013755261898,0.04572590999305248,0.18426232278347016,0.1552448344230652,0.2305501413345337,0.21008729272959184,0.7278830595343935,0.6864441484696492,0.7914410759064506
Dataset_Shard_0000000_0099999,train,2el-ZR4A4D4,10,50,0.057083672136068346,0.050853410735726357,0.19558284521102906,0.16457292377948762,0.24448419153690337,0.23314333545918367,0.7596815279704537,0.714206685825392,0.8356017591290094
Dataset_Shard_0000000_0099999,train,3AR1FxFue7c,1,50,0.049310812205076215,0.03361986763775349,0.1000411588139832,0.0961289932206273,0.16427537254989147,0.1741043526785714,0.3905759768493459,0.3662709482665806,0.7211172756608524
Dataset_Shard_0000000_0099999,train,3AR1FxFue7c,2,50,0.061236019879579544,0.04387902468442917,0.09777028338052332,0.09187100542709231,0.16784733581589534,0.22653220663265305,0.41578886175924157,0.3896497213738329,0.72887065192474
Dataset_Shard_0000000_0099999,train,3AR1FxFue7c,5,50,0.08788645312190056,0.06448214873671532,0.1386060605943203,0.13276501521468162,0.1959279304742813,0.32226442920918363,0.5563063099412827,0.5294072959792065,0.8102140642687223
Dataset_Shard_0000000_0099999,train,3AR1FxFue7c,10,50,0.10549714811146259,0.07788591086864471,0.14450488708913325,0.13888183414936064,0.20684924021363257,0.3583358577806123,0.5511884695546615,0.5266976349783149,0.8302327127005263
Dataset_Shard_0000000_0099999,train,3Cg8-eoNXdY,1,50,0.10110102140344679,0.0725320614874363,0.23500121563673018,0.23006276845932006,0.2574655795097351,0.30088408801020405,0.6642351307281783,0.6336554400411637,0.8298283755559097
Dataset_Shard_0000000_0099999,train,3Cg8-eoNXdY,2,50,0.12649232605472208,0.09300791472196579,0.27877106800675394,0.27607104182243347,0.2813563668727875,0.3868582589285714,0.7782434870355133,0.7487754784609281,0.9132317866520201
Dataset_Shard_0000000_0099999,train,3Cg8-eoNXdY,5,50,0.13708029747009276,0.11671080067753792,0.300244896709919,0.29575283408164976,0.3278416347503662,0.4238919005102041,0.818039856073148,0.788594946864658,0.9435162493932383
Dataset_Shard_0000000_0099999,train,3Cg8-eoNXdY,10,50,0.1824069483578205,0.16786786168813705,0.3255149793624878,0.32335377037525176,0.30238140940666197,0.5483581792091836,0.8551868125678864,0.8326417709691536,0.9458929782808713
Dataset_Shard_0000000_0099999,val,3HZMLSYtFEM,1,50,0.07124401882989333,0.037870993837714195,0.14717708054202375,0.132637116429687,0.18666310089232865,0.25843191964285717,0.5809026071138473,0.5297923954919435,0.7101241661439365
Dataset_Shard_0000000_0099999,val,3HZMLSYtFEM,2,50,0.11054575539557845,0.07788493111729622,0.17771368963312853,0.1585914683428382,0.22021291764453055,0.40354591836734693,0.6588190421774711,0.6129022313742226,0.7598624161614583
Dataset_Shard_0000000_0099999,val,3HZMLSYtFEM,5,50,0.13603621581569314,0.10546620935201645,0.19269160790368914,0.16824371428694576,0.26830062257125975,0.48868781887755103,0.7432945239186806,0.7019553844741203,0.8496327158176513
Dataset_Shard_0000000_0099999,val,3HZMLSYtFEM,10,50,0.20413097489625215,0.17221533507108688,0.24943693190813065,0.22835344076156616,0.2938407066464424,0.7087874681122449,0.8909023976550512,0.8715943800388797,0.9195773372667833
Dataset_Shard_0000000_0099999,val,3PHrXAE7new,1,50,0.053891555443406104,0.03771298937499523,0.12733430691063405,0.10510756347328425,0.14484598457813264,0.20756457270408163,0.46525702677050296,0.3812147605361938,0.5505318333771805
Dataset_Shard_0000000_0099999,val,3PHrXAE7new,2,50,0.0806338994950056,0.06352769397199154,0.1715804822696373,0.14504100628430025,0.1826549777574837,0.31757254464285717,0.5444707322751277,0.44849003287773287,0.6282132033831178
Dataset_Shard_0000000_0099999,val,3PHrXAE7new,5,50,0.12109979622066021,0.09358971938490868,0.20983011446893216,0.18513830980286003,0.22264882097020744,0.45562220982142854,0.6563336046690121,0.582463461866949,0.7230669760929502
Dataset_Shard_0000000_0099999,val,3PHrXAE7new,10,50,0.14129313558340073,0.13203946501016617,0.2430857676267624,0.22318742632865907,0.24840924065560102,0.5631552933673469,0.6937595893162402,0.6361982818991674,0.7520954639133666
Dataset_Shard_0000000_0099999,train,3YwJ5Fzodfk,1,50,0.035753730749711395,0.030503791756927967,0.11299557834863663,0.10624976869672537,0.12451499566435814,0.16765186543367347,0.5412660069198212,0.4895835134296259,0.6267596708520378
Dataset_Shard_0000000_0099999,train,3YwJ5Fzodfk,2,50,0.040773516185581685,0.03029588144272566,0.1305993328988552,0.12691752858459948,0.13740705087780952,0.18796277104591838,0.5971758094371445,0.5425026991926647,0.686722830465694
Dataset_Shard_0000000_0099999,train,3YwJ5Fzodfk,5,50,0.048521681111305955,0.04395780526101589,0.13467961378395557,0.13035704739391804,0.14041554510593415,0.23738121811224488,0.6289616138444072,0.5662224096828982,0.7172339133550597
Dataset_Shard_0000000_0099999,train,3YwJ5Fzodfk,10,50,0.06079068377614021,0.05617190711200237,0.16071054369211196,0.15974073156714438,0.16372252374887467,0.3272827646683673,0.7329379153560878,0.6885956444831911,0.7931691392617475
Dataset_Shard_0000000_0099999,test,3cwtNTYOszU,1,50,0.055225162664428354,0.035694707185029984,0.1440701996535063,0.13266843922436236,0.1908036759495735,0.19351682079081634,0.5440934354652661,0.48546755133403957,0.7863870500817175
Dataset_Shard_0000000_0099999,test,3cwtNTYOszU,2,50,0.078119863178581,0.04922069422900677,0.18006951943039895,0.17514296256005765,0.21884386450052262,0.29228356186224486,0.6447994339114085,0.5995273566933217,0.8602745672706805
Dataset_Shard_0000000_0099999,test,3cwtNTYOszU,5,50,0.11792761746793985,0.0852167047560215,0.2538445980101824,0.25409709885716436,0.24890178620815276,0.4448700573979592,0.7858344059894381,0.7623155474756282,0.9217895107089028
Dataset_Shard_0000000_0099999,test,3cwtNTYOszU,10,50,0.15497172728180886,0.13523565232753754,0.26590985611081125,0.26619180098176004,0.25344896405935285,0.5748254145408164,0.8331256884483552,0.8141616666182013,0.9457989198687367
Dataset_Shard_0000000_0099999,train,3p5gb_JqO78,1,50,0.07001155354082585,0.05822381004691124,0.16932402856647968,0.1515984220802784,0.19693442687392235,0.30830556441326534,0.687388670070291,0.6556402183124554,0.7665455619775368
Dataset_Shard_0000000_0099999,train,3p5gb_JqO78,2,50,0.07725437473505735,0.07132647559046745,0.1975626301020384,0.17475873462855815,0.22555585637688635,0.33846580038265306,0.7815622860590926,0.7660409150441526,0.8305658302031738
Dataset_Shard_0000000_0099999,train,3p5gb_JqO78,5,50,0.10513012155890465,0.09699602425098419,0.22268029004335405,0.19740370616316796,0.2534468859434128,0.5147110172193878,0.8487952749979253,0.8306272428812757,0.8943671668195278
Dataset_Shard_0000000_0099999,train,3p5gb_JqO78,10,50,0.1174569620192051,0.10934427753090858,0.22725900128483772,0.20224207907915115,0.25018355339765547,0.5907362085459184,0.8725923045653916,0.8681968914115897,0.8949463080353683
Dataset_Shard_0000000_0099999,train,3sty8XW-6FU,1,50,0.07009855875695525,0.03898902051150799,0.10428525957371676,0.09973644689938738,0.11289062822754203,0.2922165975765306,0.4681657234613029,0.4513330249146513,0.5175074599924328
Dataset_Shard_0000000_0099999,train,3sty8XW-6FU,2,50,0.0767737390100956,0.046612514182925224,0.10766450053983136,0.10686209063787828,0.11542484575918933,0.3282557397959184,0.4911225962265959,0.4852162712663171,0.5334504302909321
Dataset_Shard_0000000_0099999,train,3sty8XW-6FU,5,50,0.11454357344657183,0.09775552526116371,0.13821513509843497,0.14136881702113896,0.1411282595153898,0.4553894292091837,0.6020036514319712,0.5981320885166247,0.629094158935437
Dataset_Shard_0000000_0099999,train,3sty8XW-6FU,10,50,0.15006834954023363,0.1475125476717949,0.18395970155950636,0.18260693712625653,0.17776902353856713,0.5815728635204082,0.7386707561816982,0.7277582522642237,0.7623655259381289
Dataset_Shard_0000000_0099999,train,3xK6shdTeCs,1,50,0.049655018374323845,0.04695927910506725,0.1424135445803404,0.14342980548739434,0.1518691897392273,0.23280970982142857,0.7217529171075538,0.6966192891136045,0.7843805318376493
Dataset_Shard_0000000_0099999,train,3xK6shdTeCs,2,50,0.0773564038425684,0.05828583054244518,0.16896450370550156,0.1657145993411541,0.18252753362059593,0.3581489158163265,0.8159784359309685,0.7990453455528342,0.8644868286075951
Dataset_Shard_0000000_0099999,train,3xK6shdTeCs,5,50,0.08650323919951916,0.07946131005883217,0.18019458502531052,0.18567977756261825,0.1869713334739208,0.4433657525510204,0.827294974302997,0.8173620103821659,0.8625701568921378
Dataset_Shard_0000000_0099999,train,3xK6shdTeCs,10,50,0.08778412535786628,0.07746570184826851,0.1842661252617836,0.18532532036304475,0.19300460636615754,0.42951490752551025,0.8677700588723579,0.8650215757803059,0.8938433474727518
Dataset_Shard_0000000_0099999,test,46-qefy8Nwc,1,50,0.0865906923636794,0.06475117802619934,0.13651639126241208,0.14837877202779054,0.13737885259091853,0.3806066645408163,0.6608732070648267,0.6208097651999256,0.7025390047532651
Dataset_Shard_0000000_0099999,test,46-qefy8Nwc,2,50,0.1119512689486146,0.09649944677948952,0.15788859367370606,0.18724223118275404,0.15442788816988468,0.48159757653061225,0.733077257917028,0.7227869164181816,0.7517985601949468
Dataset_Shard_0000000_0099999,test,46-qefy8Nwc,5,50,0.12313131764531135,0.10673970729112625,0.17762677744030952,0.20194822952151298,0.16860577136278151,0.5272393176020408,0.7910905979631644,0.763885363374453,0.8012231202362666
Dataset_Shard_0000000_0099999,test,46-qefy8Nwc,10,50,0.1678471452370286,0.1915326938033104,0.20661986768245696,0.23824691355228425,0.19630101442337036,0.6814620535714286,0.8561681953464823,0.8217955603994298,0.8726084937344486
Dataset_Shard_0000000_0099999,train,49dGxeU0X5E,1,50,0.042553225420415404,0.0220112893730402,0.12109901435673237,0.11577923022210598,0.1359644640982151,0.21146683673469385,0.6250744588305055,0.5753298469275099,0.7374591770345692
Dataset_Shard_0000000_0099999,train,49dGxeU0X5E,2,50,0.062431082827970386,0.03658634051680565,0.14736572049558164,0.1457994816824794,0.15552523046731948,0.29825095663265305,0.7240456268674808,0.6905895206610524,0.7939419729258943
Dataset_Shard_0000000_0099999,train,49dGxeU0X5E,5,50,0.08019851755350828,0.08404343575239182,0.16143868394196034,0.16340272787958385,0.16960206910967826,0.38800023915816323,0.7849852281470155,0.7554686457281874,0.8448127489745539
Dataset_Shard_0000000_0099999,train,49dGxeU0X5E,10,50,0.09325637202709913,0.09938473626971245,0.18250731527805328,0.1825370106101036,0.1879262636601925,0.4429400510204081,0.8442395856057334,0.8153682030103735,0.8917779399202312
Dataset_Shard_0000000_0099999,val,4Djb4L_VGIU,1,50,0.08387131260707975,0.07215531915426254,0.19061753429472447,0.20214226812124253,0.1947211368381977,0.30739716198979594,0.7518652376606296,0.7809336510494884,0.759903948952306
Dataset_Shard_0000000_0099999,val,4Djb4L_VGIU,2,50,0.10448251135647296,0.08809881284832954,0.219869424700737,0.2341854068636894,0.22075743302702905,0.4411591198979592,0.8103499127087255,0.8290846267914046,0.8158864017635632
Dataset_Shard_0000000_0099999,val,4Djb4L_VGIU,5,50,0.12587605245411396,0.1208290234208107,0.2372802948951721,0.25667884171009064,0.234875608086586,0.5658354591836735,0.8580762950561811,0.8845687841549796,0.8585023473422791
Dataset_Shard_0000000_0099999,val,4Djb4L_VGIU,10,50,0.12964370235800743,0.11938079819083214,0.24849101692438125,0.2699905490875244,0.24340780019760133,0.5836104910714286,0.8669425156245084,0.888718592154075,0.8681510482937097
Dataset_Shard_0000000_0099999,train,4EtAcruEhTI,1,50,0.08080072719876626,0.07528619468212128,0.17510097052051607,0.1633624593339573,0.20482868108570984,0.2934992825255102,0.618944576885427,0.5779422212843824,0.7479314990128261
Dataset_Shard_0000000_0099999,train,4EtAcruEhTI,2,50,0.11089928059371232,0.09426216036081314,0.21192035626414507,0.20484414063933853,0.2330104231390442,0.3557166772959184,0.6846355909518482,0.6545761688064928,0.7862515559280809
Dataset_Shard_0000000_0099999,train,4EtAcruEhTI,5,50,0.13575511369854212,0.11314206197857857,0.23831134654581546,0.2293049068748951,0.26451943278312684,0.46094068877551025,0.7735602544895545,0.7396109818057239,0.8760931031096183
Dataset_Shard_0000000_0099999,train,4EtAcruEhTI,10,50,0.19739281572401524,0.16026606410741806,0.2706135576963425,0.262491520345211,0.2862567014992237,0.5565062978316326,0.8275551869729741,0.7987655320584076,0.9044968870407218
Dataset_Shard_0000000_0099999,val,4F1jCw1yzKA,1,50,0.07907441087067127,0.06718757003545761,0.15936534494161606,0.1447955322265625,0.18175282329320908,0.3292920918367347,0.7030217586753159,0.6518241484536026,0.804056894445039
Dataset_Shard_0000000_0099999,val,4F1jCw1yzKA,2,50,0.11996602445840836,0.09482046216726303,0.18113586135208606,0.17032560773193836,0.20312329217791558,0.4577471301020408,0.7534088008157306,0.7213004259141722,0.8412760327281507
Dataset_Shard_0000000_0099999,val,4F1jCw1yzKA,5,50,0.14717923417687417,0.13106317818164825,0.2105160404741764,0.20230410382151603,0.22175410002470017,0.5235949457908163,0.8335918995567614,0.8110433861837447,0.8663686520650176
Dataset_Shard_0000000_0099999,val,4F1jCw1yzKA,10,50,0.17280991218984126,0.13691888749599457,0.22493569448590278,0.21306769758462907,0.2330798798799515,0.6127180325255103,0.8526841514961356,0.8266037742277653,0.8874810762537909
Dataset_Shard_0000000_0099999,train,4FjwzNlLCdU,1,50,0.0397750065010041,0.026524229906499386,0.11261051934212446,0.10721203587949275,0.12863329961895942,0.16136678890306122,0.5310033565919448,0.49865002303697414,0.6151985779370094
Dataset_Shard_0000000_0099999,train,4FjwzNlLCdU,2,50,0.04213921641930938,0.033386142924427986,0.1234748662263155,0.11679385267198086,0.14057412013411522,0.16917131696428572,0.5807886406355003,0.5361182502530722,0.6850767966783807
Dataset_Shard_0000000_0099999,train,4FjwzNlLCdU,5,50,0.06876987855881453,0.055101675912737846,0.15293105222284795,0.15109961122274398,0.16219514034688473,0.28518016581632655,0.6778182985801048,0.645850593279624,0.7520380051044704
Dataset_Shard_0000000_0099999,train,4FjwzNlLCdU,10,50,0.060185517631471154,0.04877586290240288,0.16325540747493505,0.1586051818355918,0.18083085969090462,0.23762834821428572,0.6933138213773519,0.647126760408619,0.7979495430813922
Dataset_Shard_0000000_0099999,train,4KfWaQz2Qxg,1,50,0.04011586662381887,0.020462820306420326,0.1164122036529443,0.10917633165624466,0.14856084628295776,0.156832350127551,0.4123941149223011,0.40694922691841173,0.47751382549187527
Dataset_Shard_0000000_0099999,train,4KfWaQz2Qxg,2,50,0.056090316362679006,0.022574746049940586,0.14511267358917393,0.13394597979853642,0.1797634473468497,0.18808354591836735,0.4880936926184368,0.47168112357460323,0.5629976897890312
Dataset_Shard_0000000_0099999,train,4KfWaQz2Qxg,5,50,0.08455142723396421,0.043749190866947174,0.20849001148104435,0.18508319856235175,0.2729979923692008,0.2752535076530612,0.6545301611387441,0.6308523317714115,0.7228955607551428
Dataset_Shard_0000000_0099999,train,4KfWaQz2Qxg,10,50,0.0670690105855465,0.03778349794447422,0.19874788016546518,0.18355487717781216,0.24987408362329006,0.22302016900510202,0.6338047503021014,0.6161769519513027,0.695031428352858
Dataset_Shard_0000000_0099999,train,4OwtoyYoSKY,1,50,0.08332955409772694,0.06670965254306793,0.13342836171388625,0.17928481310606004,0.1500936023145914,0.3063408801020408,0.5222751972697997,0.6262268122517063,0.5546113291295443
Dataset_Shard_0000000_0099999,train,4OwtoyYoSKY,2,50,0.0956468596868217,0.07716228067874908,0.18611520856618882,0.2244330067932606,0.22770358443260194,0.38588129783163266,0.6574034563712141,0.7540718721579396,0.6859040228337405
Dataset_Shard_0000000_0099999,train,4OwtoyYoSKY,5,50,0.12079318560659885,0.12199098989367485,0.19371139720082284,0.23985101372003556,0.238337032943964,0.4612316645408163,0.6899649134004265,0.7750567325902442,0.7261431911267383
Dataset_Shard_0000000_0099999,train,4OwtoyYoSKY,10,50,0.13905367815867067,0.1274707391858101,0.2137560199201107,0.25253062829375267,0.23986457243561746,0.5290927933673469,0.7266763954039098,0.7938927014139474,0.7341032355692095
Dataset_Shard_0000000_0099999,train,4ZL5KtH01eQ,1,50,0.07397550040856003,0.06480617076158524,0.15929519092896954,0.1500180605694186,0.1849087539559696,0.29783442283163264,0.6519877799024699,0.6164484242928637,0.7490354008757995
Dataset_Shard_0000000_0099999,train,4ZL5KtH01eQ,2,50,0.0964131585136056,0.08976294100284576,0.19141906911303522,0.19188041344401427,0.20418675206426998,0.3839022640306123,0.7539911151200854,0.7421414424143444,0.822348200064829
Dataset_Shard_0000000_0099999,train,4ZL5KtH01eQ,5,50,0.11100335486233234,0.10779695212841034,0.2253335589170456,0.2281491468846798,0.24404239520430565,0.4337798947704081,0.8216556099713783,0.8005667971323384,0.9026835410807184
Dataset_Shard_0000000_0099999,train,4ZL5KtH01eQ,10,50,0.14371462456882,0.12739387899637222,0.24865143790841102,0.24528532341122627,0.2604768921434879,0.5217414700255102,0.8787236609957718,0.8634249568115422,0.9273462037019772
Dataset_Shard_0000000_0099999,test,4bA4M-spkoI,1,50,0.0499063472263515,0.04149435833096504,0.13027753196656705,0.10155916061252356,0.18705901697278024,0.22720105229591836,0.6007282507611206,0.5491434544918968,0.7387119739178658
Dataset_Shard_0000000_0099999,test,4bA4M-spkoI,2,50,0.0668183746188879,0.05468042753636837,0.14776591248810292,0.12274633336812257,0.20163159638643266,0.30582549426020406,0.6566672713783226,0.6202686056786325,0.7698447302610764
Dataset_Shard_0000000_0099999,test,4bA4M-spkoI,5,50,0.09651489845477045,0.08395154401659966,0.189976652180776,0.1586391810234636,0.25464284284971656,0.447894212372449,0.7698499420371451,0.7352404564301152,0.8523326284033789
Dataset_Shard_0000000_0099999,test,4bA4M-spkoI,10,50,0.11136085174977779,0.09226546064019203,0.19286762446165084,0.16491973221302034,0.24905565053224563,0.5131855867346939,0.7925646766014373,0.7694045838505239,0.8666972912793315
Dataset_Shard_0000000_0099999,train,4ciVQzZxNkk,1,50,0.035761307016946374,0.02899165078997612,0.1236473175138235,0.11430095919640734,0.14929949895944447,0.15801977040816328,0.5721238147690842,0.5184959035541038,0.723099799016866
Dataset_Shard_0000000_0099999,train,4ciVQzZxNkk,2,50,0.05235850719735027,0.04517634958028793,0.14159287229180337,0.12996240951120852,0.1715161557495594,0.23263472576530614,0.646483555640629,0.5874327899724405,0.7919124330973752
Dataset_Shard_0000000_0099999,train,4ciVQzZxNkk,5,50,0.07109081443399191,0.05215768702328205,0.17198672652244568,0.1617113482952118,0.18700782984495162,0.3014971301020408,0.7163998571484141,0.6685948243124159,0.831239948927617
Dataset_Shard_0000000_0099999,train,4ciVQzZxNkk,10,50,0.09921942733228206,0.09214403480291367,0.20921980246901511,0.20902795128524304,0.19806314304471015,0.4440349968112245,0.8189027486813073,0.7818553222600128,0.8888642551217765
Dataset_Shard_0000000_0099999,train,4xuwsEvzX1g,1,50,0.06250786336138844,0.04986719600856304,0.10750602379441261,0.1345212721079588,0.11522068500518799,0.2880301339285714,0.541330573016559,0.5821322831525378,0.5881256713880362
Dataset_Shard_0000000_0099999,train,4xuwsEvzX1g,2,50,0.07540823217481375,0.07044310122728348,0.1402100845426321,0.17375981263816356,0.14373249627649784,0.34912866709183676,0.6470684570138832,0.6912686535230634,0.6662158125803306
Dataset_Shard_0000000_0099999,train,4xuwsEvzX1g,5,50,0.11581353720277549,0.0985037162899971,0.18256669372320175,0.20718664839863776,0.18584501855075358,0.4609733737244898,0.7583318757996611,0.8071339206290666,0.752020081400691
Dataset_Shard_0000000_0099999,train,4xuwsEvzX1g,10,50,0.12508987184613943,0.1113600842654705,0.18569216266274452,0.2234015430510044,0.19407671339809895,0.48106664540816324,0.7598647615701117,0.8252281524711457,0.7557510690618922
Dataset_Shard_0000000_0099999,train,51bXx1vyjBE,1,50,0.10319909425452352,0.06327755190432072,0.17686447240412234,0.17529211968183517,0.18785523883998395,0.3894622927295919,0.6644429028500316,0.6474233505025115,0.7703063043038912
Dataset_Shard_0000000_0099999,train,51bXx1vyjBE,2,50,0.0807669146428816,0.047519998624920845,0.15234784477041102,0.1496527646749746,0.1719922904158011,0.3431529017857143,0.6210595161043596,0.595421222213496,0.7540197678747286
Dataset_Shard_0000000_0099999,train,51bXx1vyjBE,5,50,0.11757676005363464,0.08668359369039536,0.22227901920676232,0.22122558817267418,0.2169811451435089,0.46152064732142856,0.8188957875161261,0.808246073570677,0.8761658795121603
Dataset_Shard_0000000_0099999,train,51bXx1vyjBE,10,50,0.13539553400129078,0.10071505233645439,0.2157857346534729,0.21329943343997002,0.22231075823307037,0.5079488201530612,0.7910533808799382,0.7763257982641167,0.8751600531303558
Dataset_Shard_0000000_0099999,train,59_VE9iR-fE,1,50,0.13242120943963528,0.1168908029794693,0.18784496035426856,0.19727843828499317,0.18385123874992132,0.6098118622448979,0.809677765665046,0.8104202261827861,0.821628402217549
Dataset_Shard_0000000_0099999,train,59_VE9iR-fE,2,50,0.127460672929883,0.10667997598648071,0.1801395107805729,0.19646121621131896,0.17503634199500084,0.5564237882653061,0.7894896642039291,0.7973208876167642,0.8046561704500103
Dataset_Shard_0000000_0099999,train,59_VE9iR-fE,5,50,0.16597817726433278,0.17158106714487076,0.19711443841457366,0.2075797425210476,0.1951400361955166,0.754996412627551,0.8579145834204468,0.8476648942024455,0.8739752204616645
Dataset_Shard_0000000_0099999,train,59_VE9iR-fE,10,50,0.1582180628180504,0.16897713392972946,0.20781962782144547,0.22683483570814134,0.1974753275513649,0.7149828603316327,0.8755252870393798,0.8774659269088779,0.8829795163772738
Dataset_Shard_0000000_0099999,test,5Cq1OqWFAzw,1,50,0.05399914745707065,0.037695299834012985,0.13355353057384492,0.12371792811900377,0.15906846430152655,0.17145926339285716,0.4418249236367979,0.39980172762802935,0.575684891384183
Dataset_Shard_0000000_0099999,test,5Cq1OqWFAzw,2,50,0.046321187382563946,0.04186643473803997,0.1244990985840559,0.11263117525726557,0.160338866263628,0.16324657206632653,0.46994211126407537,0.4334018986999133,0.5994268230048635
Dataset_Shard_0000000_0099999,test,5Cq1OqWFAzw,5,50,0.09146594901569188,0.05046463944017887,0.1914169918000698,0.177883510440588,0.2311873711645603,0.30916294642857145,0.5883894114880098,0.5605177149169743,0.7321083087885889
Dataset_Shard_0000000_0099999,test,5Cq1OqWFAzw,10,50,0.11162785977125168,0.06609700992703438,0.2247574086487293,0.20293771028518676,0.2816031102836132,0.37258051658163266,0.6649337432209473,0.6342197391371088,0.7902259863678737
Dataset_Shard_0000000_0099999,train,5GLtwzZw3tc,1,50,0.07221265230261452,0.06135992333292961,0.14969633239659288,0.12996436708926923,0.16993404738605022,0.30551977040816325,0.6001706139515872,0.5282036988527004,0.6918898152076584
Dataset_Shard_0000000_0099999,train,5GLtwzZw3tc,2,50,0.092158292475724,0.07970463111996651,0.17515034587326228,0.14320287834542797,0.20310787862952565,0.3746340880102041,0.6546827323914546,0.5759707917786038,0.749316159129912
Dataset_Shard_0000000_0099999,train,5GLtwzZw3tc,5,50,0.14107586207799613,0.12566547095775604,0.22845647301524877,0.21529449787922203,0.24727180583402514,0.5970236766581632,0.7937530336214098,0.7593441451735123,0.844155917007417
Dataset_Shard_0000000_0099999,train,5GLtwzZw3tc,10,50,0.12990552829112859,0.09745770692825317,0.2256506472826004,0.20409850011579692,0.2490531054697931,0.525420918367347,0.7985029761718557,0.7619597051375786,0.8609413029756212
Dataset_Shard_0000000_0099999,train,5HzD-gmSlU0,1,50,0.07949979800730944,0.05996100232005119,0.1392067789286375,0.138140436001122,0.1467425050213933,0.2785953443877551,0.47434507405436865,0.4604778119276232,0.5663758188973843
Dataset_Shard_0000000_0099999,train,5HzD-gmSlU0,2,50,0.11105981420725584,0.08887854591012001,0.18151171937584876,0.17707290820777416,0.18754350326955319,0.3703842474489796,0.5973378473520734,0.5854752977318073,0.6826649074013127
Dataset_Shard_0000000_0099999,train,5HzD-gmSlU0,5,50,0.1534139982610941,0.15671618282794952,0.235271665006876,0.23075566366314887,0.2591660200804472,0.4936830357142857,0.7324787313994847,0.7284563203598122,0.7751014085357184
Dataset_Shard_0000000_0099999,train,5HzD-gmSlU0,10,50,0.16293387323617936,0.17301896959543228,0.26192296952009203,0.26044443488121033,0.23305639825761318,0.5119088807397959,0.7500600903621606,0.7480707042506194,0.767351985362681
Dataset_Shard_0000000_0099999,train,5ITYjnz12-Y,1,50,0.07231741353869438,0.07427339255809784,0.18063305038958788,0.22165698204189538,0.19131502166390418,0.27120495854591836,0.6261098093235649,0.6973971497761339,0.6556691019597893
Dataset_Shard_0000000_0099999,train,5ITYjnz12-Y,2,50,0.11269825968891382,0.11075582355260849,0.24101725101470947,0.29137432187795637,0.23408351257443427,0.4003946109693877,0.7456853346281046,0.8135297805893924,0.7400861792675398
Dataset_Shard_0000000_0099999,train,5ITYjnz12-Y,5,50,0.12773023687303067,0.1276969350874424,0.25620263889431955,0.31062900319695474,0.24534790486097335,0.44975765306122445,0.7719988922077783,0.8306125221897867,0.773160775588741
Dataset_Shard_0000000_0099999,train,5ITYjnz12-Y,10,50,0.15073666617274284,0.15352855622768402,0.3011174601316452,0.36169650256633756,0.2862726691365242,0.5659068080357144,0.8312970658742058,0.8792876998880973,0.8222012406411797
Dataset_Shard_0000000_0099999,train,5USYVhzhMes,1,50,0.07399620122276246,0.05706663243472576,0.14067783063685055,0.1397960848204093,0.14637415443430654,0.35537029655612246,0.656447595716472,0.6389336304803581,0.6960125291670783
Dataset_Shard_0000000_0099999,train,5USYVhzhMes,2,50,0.07916004026308655,0.04763750359416008,0.15711755167343655,0.15704813311458565,0.16779540871502832,0.354375,0.7413029131953737,0.718066476481967,0.7894842298299051
Dataset_Shard_0000000_0099999,train,5USYVhzhMes,5,50,0.10929751706775277,0.09385534003376961,0.19400812661624514,0.20159211693215184,0.19027985967230052,0.4721452487244898,0.7906622193964346,0.7745442895386163,0.8202785435406359
Dataset_Shard_0000000_0099999,train,5USYVhzhMes,10,50,0.12358992639929056,0.13189859688282013,0.20855481073260307,0.21648923203349113,0.20686430275440215,0.5242486447704081,0.871284131826794,0.858336401549261,0.8947431282934233
Dataset_Shard_0000000_0099999,test,5oBOMUXaJwc,1,50,0.05941426071338356,0.03722811117768288,0.17929307624697685,0.17491431698203086,0.21139183737337588,0.24303890306122447,0.7076856086960523,0.6777806691456328,0.8328781694472599
Dataset_Shard_0000000_0099999,test,5oBOMUXaJwc,2,50,0.08041276192292571,0.060062674805521965,0.20481720104813575,0.20248354628682136,0.22963328510522843,0.31233338647959186,0.7625168333319867,0.7312029212641178,0.8654664428410893
Dataset_Shard_0000000_0099999,test,5oBOMUXaJwc,5,50,0.10008113902062178,0.08409150317311287,0.24103355467319487,0.24141980722546577,0.2701402768492699,0.43646763392857146,0.8264496235954861,0.8006331461064227,0.929112744129759
Dataset_Shard_0000000_0099999,test,5oBOMUXaJwc,10,50,0.1254194226488471,0.11726067960262299,0.2507418692111969,0.24160627111792565,0.28742728680372237,0.5891561702806123,0.8745128337161102,0.8536590762287447,0.9458020414944702
Dataset_Shard_0000000_0099999,train,5sNeoy5PKug,1,50,0.05296290084719658,0.04410262778401375,0.12089206673204898,0.11061450198292733,0.18071572843939065,0.19946149553571427,0.47482679035519915,0.4110145901815303,0.7208424396028318
Dataset_Shard_0000000_0099999,train,5sNeoy5PKug,2,50,0.0651880557090044,0.05456418916583061,0.12372704714536667,0.11117533076554537,0.18435085070319474,0.2522492825255102,0.49265866975625955,0.42523554415394876,0.7233094980169428
Dataset_Shard_0000000_0099999,train,5sNeoy5PKug,5,50,0.08458198465406895,0.0764792151749134,0.15108500003814698,0.14256206184625625,0.19817540116608143,0.2965640943877551,0.5781636869051276,0.5238196468055181,0.788781292636194
Dataset_Shard_0000000_0099999,train,5sNeoy5PKug,10,50,0.10683995984494686,0.10001397877931595,0.1648956760764122,0.15450278729200362,0.21551356852054596,0.38228555484693877,0.6355310761608833,0.5800933306246718,0.8643605312848551
Dataset_Shard_0000000_0099999,train,5smiMjCVrkg,1,50,0.06314623313024641,0.02480928599834442,0.15641664987429976,0.16898295447230338,0.17284512512385844,0.21769730548469388,0.5851528660681948,0.6003467056864725,0.6419272992715167
Dataset_Shard_0000000_0099999,train,5smiMjCVrkg,2,50,0.058846647394821046,0.040361471474170685,0.1768904972821474,0.17375651828944683,0.22549781374633313,0.21070232780612244,0.6604193574222315,0.6525083177238733,0.75236275340222
Dataset_Shard_0000000_0099999,train,5smiMjCVrkg,5,50,0.08879034981131553,0.06151222251355648,0.1944062678515911,0.2000407525897026,0.21234677731990814,0.3125593909438776,0.7127477104814522,0.7113490938571292,0.7680074797541869
Dataset_Shard_0000000_0099999,train,5smiMjCVrkg,10,50,0.09571283742785454,0.057047322392463684,0.2149164454638958,0.22883470430970193,0.2218167193233967,0.32342554209183677,0.7459170419512563,0.7765135057014664,0.7911426327042888
Dataset_Shard_0000000_0099999,train,6KzSnrEFKlU,1,50,0.04023637178353965,0.01617458276450634,0.10971378512680531,0.1036529241874814,0.13275242336094378,0.18461296237244898,0.5286980759264437,0.47836908715951376,0.6605096938493188
Dataset_Shard_0000000_0099999,train,6KzSnrEFKlU,2,50,0.04467549760825932,0.02103006560355425,0.1295046676695347,0.12369591448456049,0.15488980434834956,0.1901534598214286,0.5985870377643061,0.5474681873709429,0.7358139664250145
Dataset_Shard_0000000_0099999,train,6KzSnrEFKlU,5,50,0.05879951879382134,0.029867286793887615,0.14939612455666065,0.1421471280604601,0.17851915188133716,0.21101004464285716,0.6642339295793752,0.6071622966789472,0.817738118536013
Dataset_Shard_0000000_0099999,train,6KzSnrEFKlU,10,50,0.07392228424549102,0.04067998193204403,0.1582053343951702,0.15466518297791482,0.1771244388818741,0.29796476403061223,0.6963606290266234,0.6452280905763095,0.8254036155305734
Dataset_Shard_0000000_0099999,train,6QNI1KTP-uA,1,50,0.04441932059824467,0.042657624930143356,0.1191013690456748,0.11000669401139021,0.13960453897714614,0.20542410714285717,0.585244964551235,0.5805675451840286,0.6507014055738093
Dataset_Shard_0000000_0099999,train,6QNI1KTP-uA,2,50,0.072678283713758,0.05062215030193329,0.1397246949374676,0.12906679727137088,0.15284179769456385,0.3195982142857143,0.6671389837056675,0.6478688992533291,0.7104594306002777
Dataset_Shard_0000000_0099999,train,6QNI1KTP-uA,5,50,0.09695967424660921,0.07724297419190407,0.17310855604708195,0.16958615131676197,0.17888209506869315,0.4160821906887755,0.7644832568739762,0.7786483144981158,0.7804463868632345
Dataset_Shard_0000000_0099999,train,6QNI1KTP-uA,10,50,0.14272917814552785,0.1147036962211132,0.20153212904930115,0.20302482157945634,0.21174213662743568,0.5723357780612245,0.8372084666680109,0.8567126863512842,0.8546182989507095
Dataset_Shard_0000000_0099999,train,6QeMNsQww3A,1,50,0.1592886158823967,0.15532416850328445,0.21258138582110406,0.21075226828455926,0.20324819430708885,0.7600131536989795,0.8784377244582947,0.8716477303803936,0.8819482079632582
Dataset_Shard_0000000_0099999,train,6QeMNsQww3A,2,50,0.1791788172721863,0.1777673289179802,0.24165627598762512,0.23922024488449098,0.2370795713365078,0.8160865752551021,0.9250919660183234,0.9205540774401126,0.9312044470425966
Dataset_Shard_0000000_0099999,train,6QeMNsQww3A,5,50,0.19112600833177568,0.18767335265874863,0.24723346650600433,0.2430414417386055,0.25253667682409286,0.8508418367346938,0.9513343457038649,0.9487149918327463,0.9499575676465356
Dataset_Shard_0000000_0099999,train,6QeMNsQww3A,10,50,0.20306459456682205,0.20202163606882095,0.25573777467012404,0.25486325830221174,0.24542253315448762,0.8745583545918367,0.9626351443661376,0.9609228795742962,0.951524115676265
Dataset_Shard_0000000_0099999,train,6mmq34Ib8xg,1,50,0.0912498477473855,0.05971424840390682,0.18101327203214168,0.17447412349283695,0.19903714645653964,0.34374202806122445,0.6872643621101147,0.6661499353087301,0.7435579429159316
Dataset_Shard_0000000_0099999,train,6mmq34Ib8xg,2,50,0.10803850147873163,0.07835842669010162,0.20817590475082398,0.20500001907348633,0.22582429841160775,0.4114911511479592,0.7869894056938197,0.7781751823042521,0.8162437857605036
Dataset_Shard_0000000_0099999,train,6mmq34Ib8xg,5,50,0.14510507632046937,0.11633611470460892,0.23499934554100035,0.22249283224344255,0.25118658468127253,0.5534438775510204,0.8284325609356417,0.7985392006131459,0.8704320318974422
Dataset_Shard_0000000_0099999,train,6mmq34Ib8xg,10,50,0.15528896845877171,0.1406066194176674,0.23662978753447533,0.22892710149288178,0.2509924912452698,0.6005947066326531,0.8549521762019227,0.8306235287279107,0.8911877631706533
Dataset_Shard_0000000_0099999,train,6oSMlrVPW8w,1,50,0.023897509444504975,0.019039595499634743,0.10186577253043652,0.09942168060690165,0.13376298107206822,0.09628228635204081,0.46822648227440816,0.43552916176979783,0.6825364742300867
Dataset_Shard_0000000_0099999,train,6oSMlrVPW8w,2,50,0.04874564320780337,0.030195139348506927,0.1312400259450078,0.12986586036160588,0.16859638147056102,0.18148995535714285,0.5374460470593401,0.5082292060355011,0.7387029348252626
Dataset_Shard_0000000_0099999,train,6oSMlrVPW8w,5,50,0.048770498968660835,0.04416443780064583,0.15385432913899422,0.15384382739663124,0.1747240848094225,0.17719347895408163,0.621326577359131,0.5871656565237362,0.8156840544727421
Dataset_Shard_0000000_0099999,train,6oSMlrVPW8w,10,50,0.06011401042342186,0.05208497680723667,0.1739877238124609,0.17694542244076727,0.17812092676758767,0.23207549426020407,0.6971315450238198,0.6740862484322058,0.8350302124672712
Dataset_Shard_0000000_0099999,train,6rdUDJMfJQc,1,50,0.033351398883387444,0.030962791293859482,0.09595022955179956,0.09536316485755378,0.11999420389882288,0.17091278698979592,0.5286095845307375,0.4994095130446739,0.68864784086543
Dataset_Shard_0000000_0099999,train,6rdUDJMfJQc,2,50,0.05224654677323997,0.03815162740647793,0.11558626104626456,0.11467309143874445,0.1440525059401989,0.24962970344387755,0.6154340988439337,0.5711331989317553,0.7782216514472771
Dataset_Shard_0000000_0099999,train,6rdUDJMfJQc,5,50,0.058364954255521295,0.043714528903365135,0.14050423263106496,0.14447606405708938,0.15646942526102067,0.2632880261479592,0.6991429330058958,0.6727594579646765,0.8108129472576195
Dataset_Shard_0000000_0099999,train,6rdUDJMfJQc,10,50,0.07447086922824382,0.0636039562523365,0.15483133211731911,0.15750202104449273,0.17065640956163405,0.35146045918367347,0.7632070631026859,0.7378240509726988,0.8674360871062288
Dataset_Shard_0000000_0099999,train,6s1nSHVMZwM,1,50,0.08535195084288716,0.07953118532896042,0.16819337382912636,0.16945080347359182,0.20596882812678813,0.36300103635204084,0.6584084476486758,0.6296333962793466,0.7795618654752171
Dataset_Shard_0000000_0099999,train,6s1nSHVMZwM,2,50,0.09112188382074236,0.0802413783967495,0.16714943334460258,0.1626558493077755,0.21568234220147134,0.3972672193877551,0.6642883326583231,0.6277041385267303,0.8057955973534675
Dataset_Shard_0000000_0099999,train,6s1nSHVMZwM,5,50,0.14697142895311116,0.14686807245016098,0.22783349424600602,0.2225199244916439,0.26551052659749985,0.5713679846938775,0.7935845388056412,0.7646051694468388,0.8967836802296482
Dataset_Shard_0000000_0099999,train,6s1nSHVMZwM,10,50,0.15550428904592992,0.16183728724718094,0.24306430473923682,0.23813234150409698,0.2746878883242607,0.6143291613520409,0.8165467113528914,0.7780125979070999,0.9178329219686445
Dataset_Shard_0000000_0099999,train,6ys4etJ1IFg,1,50,0.13476019397377967,0.11107242107391357,0.1680547821521759,0.16374615773558618,0.18293724372982978,0.5510921556122449,0.6466890629498739,0.5765889364448114,0.7346332264048879
Dataset_Shard_0000000_0099999,train,6ys4etJ1IFg,2,50,0.14454260535538196,0.1385619267821312,0.19054260298609735,0.1859375500306487,0.20267371237277984,0.6218187978316326,0.7298786551023931,0.6835912838086878,0.7832540091225936
Dataset_Shard_0000000_0099999,train,6ys4etJ1IFg,5,50,0.20922580733895302,0.19968172907829285,0.23755351215600967,0.23156606927514076,0.2573932944238186,0.7461459661989795,0.8112241783716375,0.7655189330678129,0.8625361957502675
Dataset_Shard_0000000_0099999,train,6ys4etJ1IFg,10,50,0.194034656137228,0.18832708150148392,0.22218124330043793,0.2090822358056903,0.25251839235424994,0.752065130739796,0.7819564904753004,0.727985206954742,0.8636054923319741
Dataset_Shard_0000000_0099999,train,77rVIqWlxNU,1,50,0.03280954140238464,0.02244029100984335,0.14160722572356463,0.12814519697800278,0.1866300966590643,0.10934470663265307,0.5395250497210715,0.5057034375797911,0.690108417952968
Dataset_Shard_0000000_0099999,train,77rVIqWlxNU,2,50,0.03378731375560164,0.023507959209382534,0.1467450411245227,0.13668233331292867,0.19529050512239338,0.11426737882653061,0.5554736114387048,0.5322395814307496,0.7069739658063823
Dataset_Shard_0000000_0099999,train,77rVIqWlxNU,5,50,0.042538810689002275,0.03586067259311676,0.17343034002929925,0.16058603558689355,0.21924415174871684,0.15003985969387756,0.6439996307719927,0.6221842437087716,0.7664245816138098
Dataset_Shard_0000000_0099999,train,77rVIqWlxNU,10,50,0.060322693046182395,0.04331105947494507,0.2111481062322855,0.19232468418776988,0.2598352041840553,0.21835538903061225,0.7579342416586344,0.7352904626848038,0.8610579002097767
Dataset_Shard_0000000_0099999,train,79n77IIyriY,1,50,0.10274935130029916,0.08105110749602318,0.22695448964834214,0.21828880228102207,0.24470583461225032,0.3500478316326531,0.7039177660939092,0.6598519550376335,0.797477693493201
Dataset_Shard_0000000_0099999,train,79n77IIyriY,2,50,0.10421758781652897,0.09513216838240623,0.21929648687131703,0.21230524798913394,0.23599113178788683,0.356203762755102,0.7203839691731544,0.6816603792299374,0.7902725824614554
Dataset_Shard_0000000_0099999,train,79n77IIyriY,5,50,0.12096267752349377,0.11068949848413467,0.2521299958229065,0.25479613080620767,0.2620639914274216,0.42346022002551026,0.7855721878739348,0.7575420085703902,0.8529500469782698
Dataset_Shard_0000000_0099999,train,79n77IIyriY,10,50,0.14646096915006637,0.14125942438840866,0.26574765622615815,0.2779175506532192,0.2711562219262123,0.5193359375,0.8211796996538347,0.8002515494840862,0.8710277128002122
Dataset_Shard_0000000_0099999,val,7HV-wL3jJ5U,1,50,0.018625925974920392,0.017089649103581905,0.08343024872243404,0.07819273080676795,0.1378938152641058,0.0819515306122449,0.43708642424747424,0.3956201168607615,0.703899659099144
Dataset_Shard_0000000_0099999,val,7HV-wL3jJ5U,2,50,0.027513127643615007,0.020747166126966476,0.11412090118974447,0.10962857652455568,0.1714305056631565,0.11221141581632653,0.5451809458249766,0.5088775750491082,0.7876562977411896
Dataset_Shard_0000000_0099999,val,7HV-wL3jJ5U,5,50,0.029397907769307494,0.02367639821022749,0.12142920922487974,0.11602138832211495,0.17802280575037002,0.1198258131377551,0.5800181164129276,0.5443483184526987,0.8031887312701579
Dataset_Shard_0000000_0099999,val,7HV-wL3jJ5U,10,50,0.03710538072511554,0.03313774801790714,0.14089505799114704,0.1386269249767065,0.1818853135406971,0.1432712850765306,0.6334943042206791,0.6001258837465926,0.8402478563599517
Dataset_Shard_0000000_0099999,train,7Uke7HVpaeA,1,50,0.07221019461750984,0.05468786507844925,0.14946029685437678,0.1459288840740919,0.17091539189219473,0.30239078443877554,0.6552033652510966,0.661527506214967,0.6925601719892563
Dataset_Shard_0000000_0099999,train,7Uke7HVpaeA,2,50,0.06696936186403037,0.058007046580314636,0.14792672500014306,0.1449349034577608,0.17376976229250432,0.2958215082908163,0.7137661059736167,0.7191901124755146,0.7615354534301106
Dataset_Shard_0000000_0099999,train,7Uke7HVpaeA,5,50,0.113950121589005,0.09065662696957588,0.20129075333476065,0.18915411904454232,0.23733473300933838,0.4481895727040816,0.8079992984541435,0.8118240252356346,0.8462383990644194
Dataset_Shard_0000000_0099999,train,7Uke7HVpaeA,10,50,0.1150748399272561,0.10651082918047905,0.18662739247083665,0.17785009771585464,0.21273980185389518,0.45393973214285716,0.8058501753159836,0.8105098999787665,0.8347396050051821
Dataset_Shard_0000000_0099999,train,7ZUOn2pZRls,1,50,0.05178474923595786,0.0254204161465168,0.11803301259875297,0.11090368762612343,0.14535599566996096,0.18342195471938777,0.55988056709753,0.5113548643123826,0.6944492128922333
Dataset_Shard_0000000_0099999,train,7ZUOn2pZRls,2,50,0.06796374890953302,0.04176248796284199,0.14225598752498628,0.1355885984376073,0.16131085567176343,0.22892498405612244,0.6473778604874545,0.5994754264331568,0.747478110530996
Dataset_Shard_0000000_0099999,train,7ZUOn2pZRls,5,50,0.09126924082636834,0.04435797594487667,0.16594383135437965,0.15918388947844506,0.19085371598601342,0.29477917729591835,0.7514487505612302,0.7144788926828286,0.8450304676515102
Dataset_Shard_0000000_0099999,train,7ZUOn2pZRls,10,50,0.10562522549182177,0.051610905677080154,0.1554722359776497,0.15068552747368813,0.18454884812235833,0.3382900191326531,0.7114962040330002,0.6741721480927356,0.8263643269201921
Dataset_Shard_0000000_0099999,train,7erD56xKJaM,1,50,0.2061487919278443,0.20653414726257324,0.26466658867895604,0.2738806204870343,0.21950905404984952,0.666649394132653,0.7580019997075841,0.7429017843407232,0.8168191042851302
Dataset_Shard_0000000_0099999,train,7erD56xKJaM,2,50,0.25826307248324154,0.27189700305461884,0.32768444299697874,0.34954268351197243,0.26721354603767394,0.8071029974489796,0.8725694023942785,0.8659500097377568,0.9060667807047713
Dataset_Shard_0000000_0099999,train,7erD56xKJaM,5,50,0.27473109945654867,0.2861805409193039,0.32648135483264923,0.3454673358798027,0.2856659282743931,0.8535367506377551,0.9019782656566047,0.8910820978851732,0.9426310752608487
Dataset_Shard_0000000_0099999,train,7erD56xKJaM,10,50,0.2858684575557709,0.27945971488952637,0.32738805800676346,0.3360292820632458,0.31559824019670485,0.8718809789540817,0.9105008667603833,0.8980077541324403,0.9452101931054134
Dataset_Shard_0000000_0099999,train,7nFvvB200qQ,1,50,0.053177012633532285,0.04196144826710224,0.11895857557654381,0.11273232631385327,0.1332589314877987,0.22564971301020406,0.5495379298598649,0.48807331925058206,0.633553885483868
Dataset_Shard_0000000_0099999,train,7nFvvB200qQ,2,50,0.061872787345200776,0.04809986613690853,0.13670678839087486,0.135058330334723,0.14454635687172412,0.24352997448979594,0.5937509458453868,0.5665089310185862,0.6582373982906428
Dataset_Shard_0000000_0099999,train,7nFvvB200qQ,5,50,0.077861233279109,0.04871099442243576,0.16636019170284272,0.16153597332537173,0.17636315807700156,0.30269730548469387,0.6642947586452225,0.6215089192078314,0.7401730516638687
Dataset_Shard_0000000_0099999,train,7nFvvB200qQ,10,50,0.09842491243034601,0.06666537746787071,0.1775141602754593,0.1720149341970682,0.18222960069775582,0.3664887595663265,0.7048911800814899,0.6542279827261999,0.7717473095981009
Dataset_Shard_0000000_0099999,train,7nYRFn4c0B8,1,50,0.05910697165876627,0.04466537944972515,0.14418301057070493,0.1378935059905052,0.1883887405693531,0.22778220663265306,0.5453875202721812,0.5089210540399498,0.6978445081798827
Dataset_Shard_0000000_0099999,train,7nYRFn4c0B8,2,50,0.08422773204743862,0.04942040517926216,0.17364227414131164,0.1662702178955078,0.21607980474829674,0.3139588647959184,0.6304798613410313,0.595850411233975,0.7497808998001102
Dataset_Shard_0000000_0099999,train,7nYRFn4c0B8,5,50,0.09791931409388781,0.05755359306931496,0.1906194929778576,0.18872378185391425,0.22442632630467416,0.35360092474489796,0.6857670422568745,0.6651904611288931,0.7755448965217714
Dataset_Shard_0000000_0099999,train,7nYRFn4c0B8,10,50,0.13796373315155505,0.08939972147345543,0.22578972190618515,0.2215333589911461,0.25078296557068824,0.5083709343112245,0.7620291087938972,0.7455989904009762,0.8319352374191091
Dataset_Shard_0000000_0099999,train,7tf2BC4mC8s,1,50,0.03722845364362001,0.030927225947380066,0.11669866919517517,0.09298502206802368,0.16823584116995335,0.16748166454081634,0.5713014677913398,0.5194860401200474,0.7029439820845633
Dataset_Shard_0000000_0099999,train,7tf2BC4mC8s,2,50,0.04455858364701271,0.040602266788482666,0.12959656417369841,0.10210221208631992,0.19029189959168435,0.2289389349489796,0.6304274533533519,0.5770361552732433,0.7610445811916366
Dataset_Shard_0000000_0099999,train,7tf2BC4mC8s,5,50,0.06286649210378528,0.04547104053199291,0.17947361342608928,0.14767134055495262,0.24266479164361954,0.34833466198979596,0.7436860901651374,0.7022796146582977,0.8403790996645059
Dataset_Shard_0000000_0099999,train,7tf2BC4mC8s,10,50,0.0866849234700203,0.06847064569592476,0.20086427196860313,0.1643092368543148,0.27180442288517953,0.45615632971938774,0.7903570552413274,0.7572810085762641,0.8724591067103866
Dataset_Shard_0000000_0099999,train,87ygy8_a7Uk,1,50,0.10432591054588557,0.07913551107048988,0.18018949538469314,0.1825978223979473,0.1952314355969429,0.349304049744898,0.5829303495030781,0.5417160151966052,0.6496140589359285
Dataset_Shard_0000000_0099999,train,87ygy8_a7Uk,2,50,0.13942123785614968,0.114700797945261,0.21914215594530106,0.2138383138179779,0.24397019520401955,0.4556118463010204,0.6515233111638836,0.5988803612326528,0.7232803786065257
Dataset_Shard_0000000_0099999,train,87ygy8_a7Uk,5,50,0.1659485399723053,0.14098580926656723,0.23964376732707024,0.22828053526580333,0.27183482244610785,0.5603352200255103,0.7173819035696166,0.675540585795662,0.7794106085814656
Dataset_Shard_0000000_0099999,train,87ygy8_a7Uk,10,50,0.2017265610396862,0.20831254124641418,0.2885065966844559,0.2736249104142189,0.305814348757267,0.6446460459183673,0.8098368773132308,0.768620681090504,0.8553612797070808
Dataset_Shard_0000000_0099999,train,8BgfmtrtmLI,1,50,0.027700174283236265,0.020032517611980438,0.11899574741721153,0.10652565322816372,0.16475284211337565,0.12308793048469388,0.5710799059969459,0.5469774381174287,0.6787550862286238
Dataset_Shard_0000000_0099999,train,8BgfmtrtmLI,2,50,0.03496663101017475,0.030260019935667515,0.13083208955824374,0.11790852129459381,0.17854217238724232,0.14830516581632652,0.5987724111567462,0.5762883592952217,0.6991395421745402
Dataset_Shard_0000000_0099999,train,8BgfmtrtmLI,5,50,0.051039793230593204,0.043547771871089935,0.15193613186478616,0.13133694492280484,0.21260954596102238,0.23141980229591838,0.6902244348837128,0.6616324994180287,0.7883464294213841
Dataset_Shard_0000000_0099999,train,8BgfmtrtmLI,10,50,0.04873823013156652,0.03357543423771858,0.13835867151618003,0.12206830166280269,0.18488938741385938,0.2114325573979592,0.6514593895232484,0.6253290758507606,0.7299944491441847
Dataset_Shard_0000000_0099999,train,8Fo-MdmXmBE,1,50,0.06853503882884979,0.06729257851839066,0.12505120404064654,0.09956534035503864,0.18050535291433334,0.3465381855867347,0.6540353945953479,0.6048705084329581,0.7702989655897214
Dataset_Shard_0000000_0099999,train,8Fo-MdmXmBE,2,50,0.09532308541238307,0.08718885853886604,0.1617847791314125,0.12575702205300332,0.23211561426520347,0.45444515306122446,0.7540178382960764,0.698192238961969,0.8734325296283472
Dataset_Shard_0000000_0099999,train,8Fo-MdmXmBE,5,50,0.10804889097809792,0.10632303729653358,0.16716529458761215,0.12854951195418834,0.24282212913036347,0.5071396683673469,0.7572000699465049,0.7063591478844983,0.8684407437877287
Dataset_Shard_0000000_0099999,train,8Fo-MdmXmBE,10,50,0.12168521925807,0.11352406814694405,0.195341607183218,0.15096208646893503,0.2848197984695435,0.5680608258928571,0.8179194873808886,0.7733441817368351,0.9185404838933023
Dataset_Shard_0000000_0099999,test,8e9ejcfVQfY,1,50,0.0546076620882377,0.045710885897278786,0.23165308273441043,0.21211646996816852,0.2503502003151516,0.1659474649234694,0.7581796229091328,0.7296175033718338,0.8069052401493011
Dataset_Shard_0000000_0099999,test,8e9ejcfVQfY,2,50,0.072459706091322,0.044675158336758614,0.26668254370277283,0.24171691699360964,0.28871653830312427,0.21762755102040818,0.8325098849022422,0.8155321406294553,0.8571285848337864
Dataset_Shard_0000000_0099999,test,8e9ejcfVQfY,5,50,0.10484750848263502,0.11179398372769356,0.3152606066642329,0.2972759134788066,0.3321851413277909,0.35083984375,0.8806959941094115,0.8696093256664723,0.8999848999566796
Dataset_Shard_0000000_0099999,test,8e9ejcfVQfY,10,50,0.10545678220689297,0.08972664922475815,0.32568254113197326,0.30767641559243203,0.3397977423667908,0.31810427295918364,0.9221770609161447,0.9076454883370679,0.9388471233891152
Dataset_Shard_0000000_0099999,train,8efNcdaz4zU,1,50,0.05288479093462229,0.04075898975133896,0.17892304949462415,0.16561219498515128,0.20525920733809472,0.19359654017857142,0.6668250158353026,0.6174196226035442,0.7881112951068306
Dataset_Shard_0000000_0099999,train,8efNcdaz4zU,2,50,0.06385154943913221,0.054875532165169716,0.21333397388458253,0.19868699356913566,0.2396482415497303,0.24086854272959182,0.7337911074770349,0.6882693290029944,0.8551016913207846
Dataset_Shard_0000000_0099999,train,8efNcdaz4zU,5,50,0.07878161936998368,0.06508814543485641,0.22442863434553145,0.20875506669282914,0.24254173144698143,0.31142578125,0.7806809655896784,0.7355668531375512,0.8750126367667853
Dataset_Shard_0000000_0099999,train,8efNcdaz4zU,10,50,0.07655333686619997,0.06694488972425461,0.2237558199465275,0.2095542347431183,0.2462827017903328,0.3285853794642857,0.7930051223462758,0.7455454830148792,0.8995504111280955
Dataset_Shard_0000000_0099999,train,8rYV4ViS9U4,1,50,0.04356443289667368,0.02086880523711443,0.10343141704797745,0.09987356359139085,0.15305141277611256,0.13956752232142858,0.43660614627593625,0.42413561178689413,0.6304129542478363
Dataset_Shard_0000000_0099999,train,8rYV4ViS9U4,2,50,0.0392389528080821,0.02517087571322918,0.12488342974334955,0.12009717591106892,0.18671986415982247,0.1459964923469388,0.5137140040695592,0.5024060816823759,0.6924821423798726
Dataset_Shard_0000000_0099999,train,8rYV4ViS9U4,5,50,0.06886108543723822,0.031080856919288635,0.14282599076628685,0.13818835332989693,0.196083812341094,0.24170001594387755,0.5582496135263678,0.5477825879139957,0.7096276764878808
Dataset_Shard_0000000_0099999,train,8rYV4ViS9U4,10,50,0.08869976105168462,0.045682478696107864,0.1687326894700527,0.16139442712068558,0.24803623519837856,0.30813058035714286,0.6147327613299192,0.601345261004779,0.7970198610151897
Dataset_Shard_0000000_0099999,train,91wTIWNvkCg,1,50,0.05039383308961987,0.03459618426859379,0.1384516555070877,0.14610558517277242,0.1300483723729849,0.23027144451530612,0.6320278522284377,0.6216681908897761,0.6750092006763245
Dataset_Shard_0000000_0099999,train,91wTIWNvkCg,2,50,0.05215640561655164,0.03735722415149212,0.14188057444989682,0.15096309907734395,0.12774169869720936,0.24933514030612244,0.6583164698849946,0.6472121978532325,0.7159117926794362
Dataset_Shard_0000000_0099999,train,91wTIWNvkCg,5,50,0.06343361461535096,0.0472601018846035,0.1722788781672716,0.18690553583204747,0.14884630903601648,0.284652024872449,0.7390404179312877,0.7327567445821371,0.791446173144865
Dataset_Shard_0000000_0099999,train,91wTIWNvkCg,10,50,0.07657962266355753,0.0617580097168684,0.1703629484772682,0.18027992457151412,0.15586620986461638,0.3956879783163265,0.806805077602847,0.8094355194947643,0.8363003038907884
Dataset_Shard_0000000_0099999,train,96ChCVGsYPM,1,50,0.037653042543679474,0.028835128992795944,0.1364556937292218,0.13004830904304981,0.15139811262488365,0.16964285714285715,0.6158145529236604,0.5723755212644357,0.6952520703703907
Dataset_Shard_0000000_0099999,train,96ChCVGsYPM,2,50,0.043022964466363195,0.03368670493364334,0.15588950246572494,0.14712835770100355,0.1774474909156561,0.18176817602040818,0.6791144473383135,0.6324529038848666,0.7640184031542715
Dataset_Shard_0000000_0099999,train,96ChCVGsYPM,5,50,0.06457684457302093,0.04384341090917587,0.1688829881604761,0.1637608817545697,0.1854955029161647,0.27036710778061224,0.7099370507190741,0.6854359534918484,0.7634408837167816
Dataset_Shard_0000000_0099999,train,96ChCVGsYPM,10,50,0.07977440055459738,0.05271323397755623,0.21314667508006097,0.20380204886198044,0.225403770506382,0.312578125,0.8361729398709375,0.8171275626979009,0.8642742739991961
Dataset_Shard_0000000_0099999,train,9AE2GviExXs,1,50,0.09045551501214505,0.08481430634856224,0.1335470812022686,0.12612917695194484,0.14649703957140445,0.3971727519132653,0.6181787731427509,0.5824188613840549,0.7060456961321442
Dataset_Shard_0000000_0099999,train,9AE2GviExXs,2,50,0.11131958417594433,0.1127089224755764,0.15429629474878312,0.14365420319139957,0.16946494370698928,0.4890338010204081,0.7085039488895848,0.6692033153872196,0.7832812703640519
Dataset_Shard_0000000_0099999,train,9AE2GviExXs,5,50,0.12831899873912334,0.12109354510903358,0.18987907230854034,0.1808074178546667,0.19470845013856888,0.5252447385204081,0.7803951737767882,0.7484415615205947,0.8308035753160616
Dataset_Shard_0000000_0099999,train,9AE2GviExXs,10,50,0.13061343193054198,0.1291084885597229,0.1726996786892414,0.16649689465761186,0.1834057465195656,0.5469842155612245,0.7635371726473598,0.7452585424048129,0.829308530088295
Dataset_Shard_0000000_0099999,train,9MPPZdAWF4U,1,50,0.031185579532757402,0.02555222623050213,0.15297462936490774,0.14494513779878615,0.17112509943544865,0.11052814094387754,0.5672668925306583,0.5366460094474884,0.6532180373931529
Dataset_Shard_0000000_0099999,train,9MPPZdAWF4U,2,50,0.03898295074701309,0.032447876408696175,0.18442040383815766,0.1738486447185278,0.21453049167990684,0.13871532206632653,0.6360062842129702,0.6060846375564884,0.7472768291176931
Dataset_Shard_0000000_0099999,train,9MPPZdAWF4U,5,50,0.05511038016527891,0.04487117938697338,0.21755373924970628,0.20591546177864076,0.24999797880649566,0.22885921556122446,0.6995325592971026,0.6657617980453129,0.8002762825776963
Dataset_Shard_0000000_0099999,train,9MPPZdAWF4U,10,50,0.06960014747455716,0.062154173851013184,0.24008548960089685,0.2309373761713505,0.2598467406630516,0.31527463329081634,0.7473568745745545,0.7226120803344597,0.8198181357119015
Dataset_Shard_0000000_0099999,train,9Tq2xbgsGkM,1,50,0.11140329115092755,0.07326075062155724,0.17528849236667157,0.17351225027814507,0.18730782762169837,0.4522002551020408,0.7563647238179197,0.7202643604468669,0.8325096466341791
Dataset_Shard_0000000_0099999,train,9Tq2xbgsGkM,2,50,0.1630967264249921,0.19363366812467575,0.20436787068843842,0.2055790390074253,0.20873323656618595,0.6042426658163265,0.7904365555961718,0.757748792080799,0.8760298986137315
Dataset_Shard_0000000_0099999,train,9Tq2xbgsGkM,5,50,0.19632691588252782,0.2030927985906601,0.22556758977472782,0.2353157603740692,0.2143186692893505,0.7466087372448978,0.882873067539011,0.865120285891033,0.9275239638599037
Dataset_Shard_0000000_0099999,train,9Tq2xbgsGkM,10,50,0.24189838156104088,0.24686560034751892,0.26055447667837145,0.2710276320576668,0.24351643055677413,0.836567681760204,0.9397679199892994,0.9323292825990452,0.9568296607541069
Dataset_Shard_0000000_0099999,test,9azhMaMU4Eo,1,50,0.04427372470498085,0.044111914932727814,0.09229099692820456,0.08072293442863156,0.10230853344342904,0.20934430803571427,0.516068272976987,0.47276407784413693,0.5775750886264648
Dataset_Shard_0000000_0099999,test,9azhMaMU4Eo,2,50,0.049445168375968934,0.039259882643818855,0.09887989187933272,0.08992370268068044,0.11625928114743146,0.22094467474489796,0.5515912537140151,0.49964951715038936,0.6292396043554439
Dataset_Shard_0000000_0099999,test,9azhMaMU4Eo,5,50,0.06618363151326775,0.05111054517328739,0.1215137281967327,0.11070245958864688,0.13771418320946396,0.30294204400510205,0.6447505422818945,0.6033302766805932,0.7094820637734917
Dataset_Shard_0000000_0099999,test,9azhMaMU4Eo,10,50,0.07478814156726003,0.06070040352642536,0.12333972522523254,0.1143527908064425,0.13423109372612088,0.32735969387755104,0.6302983984365638,0.5823107087452066,0.6879316457310616
Dataset_Shard_0000000_0099999,train,9lVD-SGOSjg,1,50,0.16870403230190278,0.15152614563703537,0.18781544245779513,0.17798340238630772,0.2399294538795948,0.592398756377551,0.6950479349488927,0.6706024172347054,0.8082686085054185
Dataset_Shard_0000000_0099999,train,9lVD-SGOSjg,2,50,0.21151630565524102,0.2155432477593422,0.2376124967634678,0.2348378813266754,0.257246560305357,0.715337213010204,0.7979847812542892,0.7873312831404623,0.8739539471565295
Dataset_Shard_0000000_0099999,train,9lVD-SGOSjg,5,50,0.2428833369910717,0.2344522327184677,0.2611741408705711,0.2589418904483318,0.28350159764289856,0.7688568239795919,0.8242359727400003,0.8106144481214579,0.9113091162626307
Dataset_Shard_0000000_0099999,train,9lVD-SGOSjg,10,50,0.26987176924943923,0.26662038266658783,0.25967117965221403,0.24967978730797769,0.2738872355222702,0.7992259247448978,0.8406789786785174,0.821832527810663,0.899691457086665
Dataset_Shard_0000000_0099999,train,9oBVaGfsKf4,1,50,0.044763197237625715,0.038530295714735985,0.09062918828392867,0.07181337318441365,0.11040583583526313,0.19969587053571428,0.42630760121954603,0.34879954669829205,0.5089305422865136
Dataset_Shard_0000000_0099999,train,9oBVaGfsKf4,2,50,0.08098806349560618,0.06102767959237099,0.12380753688979894,0.11093448542524129,0.13804155963473022,0.31137555803571426,0.5191172247667553,0.4663582725555562,0.5805605466554823
Dataset_Shard_0000000_0099999,train,9oBVaGfsKf4,5,50,0.11199169743806124,0.07764798775315285,0.15876099716192585,0.14078312685165656,0.17406661725603045,0.4047967155612245,0.6308758789111094,0.5857548016550136,0.6660589458890733
Dataset_Shard_0000000_0099999,train,9oBVaGfsKf4,10,50,0.13360442781820894,0.10769305378198624,0.18303812861442567,0.18579470954835414,0.19283220335841178,0.47542889030612245,0.7053476315626263,0.6861664505703814,0.736452230164034
Dataset_Shard_0000000_0099999,train,9vQKn6w95ow,1,50,0.11394930072128773,0.11982034146785736,0.1578770188242197,0.15128747701644898,0.1759350325167179,0.541917649872449,0.6337254697177628,0.5640437089751237,0.785979365736957
Dataset_Shard_0000000_0099999,train,9vQKn6w95ow,2,50,0.15322808369994165,0.15254980325698853,0.21365151211619376,0.20878067404031753,0.21674322998878778,0.6435558832908163,0.7533565643530065,0.7016929904283716,0.8408510382466433
Dataset_Shard_0000000_0099999,train,9vQKn6w95ow,5,50,0.1711053316295147,0.16703931242227554,0.22585600808262826,0.22712646633386613,0.21900827094912528,0.6974864477040816,0.7842890543905524,0.7370502670685439,0.8857275708057412
Dataset_Shard_0000000_0099999,train,9vQKn6w95ow,10,50,0.17948795571923257,0.17179342359304428,0.22593937337398529,0.22266528606414795,0.22923136457800866,0.7300223214285714,0.7931302741784375,0.7463054105257204,0.882742702048001
Dataset_Shard_0000000_0099999,train,9yQHxxtlxt4,1,50,0.0405805616825819,0.034386277198791504,0.11433183390647172,0.11584561586380004,0.126927505210042,0.18875478316326533,0.5529744639522748,0.5036701127958785,0.6566120968102639
Dataset_Shard_0000000_0099999,train,9yQHxxtlxt4,2,50,0.039000741057097915,0.032669879496097565,0.11702999144792557,0.11527612753212452,0.140883154720068,0.18460220025510204,0.5689093226365479,0.517791434744781,0.70055921017067
Dataset_Shard_0000000_0099999,train,9yQHxxtlxt4,5,50,0.06751772165298461,0.05966104008257389,0.1500949764251709,0.15737769745290278,0.1532833893597126,0.33576251594387757,0.6650050409942153,0.6387793967005426,0.7382979660137449
Dataset_Shard_0000000_0099999,train,9yQHxxtlxt4,10,50,0.08376509116962552,0.07852929085493088,0.17332174882292747,0.18227806687355042,0.1639607885479927,0.4044304049744898,0.7104337089279918,0.6728132031088114,0.7927702396381098
Dataset_Shard_0000000_0099999,train,A2dimG5cbgc,1,50,0.055293917786329985,0.044903820380568504,0.20713689230382443,0.1953800893947482,0.3362120127677917,0.17084183673469389,0.6117315166476175,0.5869094800635354,0.8377609654716293
Dataset_Shard_0000000_0099999,train,A2dimG5cbgc,2,50,0.06890089232474565,0.06242590956389904,0.25579558216035364,0.2412607029825449,0.38936621353030204,0.2076008450255102,0.7123523009202838,0.6952638413997329,0.8779186249263986
Dataset_Shard_0000000_0099999,train,A2dimG5cbgc,5,50,0.08315933365374803,0.07287835702300072,0.3070245896279812,0.29043814927339556,0.43585376381874086,0.26027742346938776,0.7789743036873722,0.7642686890415973,0.9266072676419833
Dataset_Shard_0000000_0099999,train,A2dimG5cbgc,10,50,0.10480894774198532,0.09441769123077393,0.31705299869179726,0.2997241455316544,0.4581149372458458,0.31763751594387757,0.8148130168071929,0.8030929570260625,0.9309765719868534
Dataset_Shard_0000000_0099999,train,AE1Dd0KPmlw,1,50,0.05601792793604545,0.02847151830792427,0.10849164692896011,0.1065408615701017,0.12063915722821549,0.2601789700255102,0.5400886381654515,0.5301420855644612,0.5880042543458108
Dataset_Shard_0000000_0099999,train,AE1Dd0KPmlw,2,50,0.07214024906279519,0.022544344887137413,0.12518509722838644,0.12190026073832996,0.13958451015758327,0.3160837850765306,0.5919014462073594,0.5811545062517615,0.6578888702109275
Dataset_Shard_0000000_0099999,train,AE1Dd0KPmlw,5,50,0.10565294282510877,0.10646877437829971,0.18234407886862755,0.18069980889558793,0.18954421296715737,0.4499437978316327,0.8113993908854451,0.8043531901353963,0.8307126628788923
Dataset_Shard_0000000_0099999,train,AE1Dd0KPmlw,10,50,0.11971425414085388,0.1408768817782402,0.17997310402803124,0.177237397832796,0.1873887176439166,0.5279938616071429,0.79022954272124,0.7808886844685295,0.8260883463545725
Dataset_Shard_0000000_0099999,train,AG0EifkPvGY,1,50,0.12105035539716483,0.10766497254371643,0.1751601349748671,0.17588557282462716,0.1808439819701016,0.5299039381377552,0.7255758174586443,0.6960503701340209,0.8025678004694534
Dataset_Shard_0000000_0099999,train,AG0EifkPvGY,2,50,0.15623293913900851,0.17456171661615372,0.20625004835426808,0.21875927343964577,0.1902493754029274,0.6495699139030613,0.8081977988075764,0.8057167764979609,0.8410482116970175
Dataset_Shard_0000000_0099999,train,AG0EifkPvGY,5,50,0.1914684407413006,0.1913907453417778,0.25524966046214104,0.27287010475993156,0.22235134571790696,0.7873716517857143,0.9002813054208503,0.8992376713257382,0.9166762708489402
Dataset_Shard_0000000_0099999,train,AG0EifkPvGY,10,50,0.20006264545023442,0.19423187524080276,0.23243859946727752,0.24439292535185814,0.21813093051314353,0.8087639508928571,0.871112422662569,0.8713294277701175,0.9071452997651893
Dataset_Shard_0000000_0099999,train,AKC7bYyldHo,1,50,0.01804121653549373,0.012561938259750605,0.08411088891327381,0.08195460829883813,0.10105391860008239,0.07213887117346938,0.4149070433842126,0.3816233355052038,0.5323986877167326
Dataset_Shard_0000000_0099999,train,AKC7bYyldHo,2,50,0.027771803429350258,0.014003010001033545,0.10503330424427987,0.10434005856513977,0.11985296495258808,0.1064453125,0.5006118925065222,0.473529229729747,0.6064799851159651
Dataset_Shard_0000000_0099999,train,AKC7bYyldHo,5,50,0.03722293951548636,0.02494105789810419,0.13153804399073124,0.13374893337488175,0.13994405783712863,0.1422508769132653,0.5912620331554235,0.569227174119768,0.6881499583445136
Dataset_Shard_0000000_0099999,train,AKC7bYyldHo,10,50,0.04466033795848489,0.020669320598244667,0.1390168622881174,0.14362362153828145,0.14054084792733193,0.1966310586734694,0.6564411746821878,0.6305341934292656,0.7345411428665862
Dataset_Shard_0000000_0099999,train,AOHQ0aYQ4QI,1,50,0.047969750771299,0.033345289528369904,0.11674618110060692,0.11399899266660213,0.12402356620877981,0.21223891900510203,0.5484298333292982,0.5363949127488198,0.6229970069856341
Dataset_Shard_0000000_0099999,train,AOHQ0aYQ4QI,2,50,0.05514691654592752,0.03706761263310909,0.14518479987978936,0.14059660606086255,0.16254285529255866,0.22163185586734696,0.6219409598121473,0.596508442087557,0.7307628636678578
Dataset_Shard_0000000_0099999,train,AOHQ0aYQ4QI,5,50,0.09268357720226049,0.07862832769751549,0.19626752749085427,0.20205833911895751,0.1993262715637684,0.36626833545918364,0.7519827035636272,0.7344109407238861,0.8316906174679634
Dataset_Shard_0000000_0099999,train,AOHQ0aYQ4QI,10,50,0.08315458975732326,0.06164330430328846,0.1699643176794052,0.17537687331438065,0.16856800973415376,0.36153778698979594,0.7565100020793551,0.7591672972694589,0.7941387149014355
Dataset_Shard_0000000_0099999,train,AQ_qy4s9-58,1,50,0.07440117910504342,0.05647341161966324,0.12963578671216966,0.13147211521863938,0.15054571911692619,0.3390413743622449,0.6138770710984788,0.634184450532045,0.7117883896505239
Dataset_Shard_0000000_0099999,train,AQ_qy4s9-58,2,50,0.09688357140868903,0.06906287744641304,0.15579445473849773,0.154388382807374,0.18055141605436803,0.40965361926020405,0.6851874044926768,0.7004069240363965,0.7630400685262034
Dataset_Shard_0000000_0099999,train,AQ_qy4s9-58,5,50,0.106497249789536,0.0943613052368164,0.16483113095164298,0.1667691570520401,0.18129600554704667,0.48657206632653055,0.7539337213108105,0.792028604366091,0.7978568032960428
Dataset_Shard_0000000_0099999,train,AQ_qy4s9-58,10,50,0.14860047221183778,0.145703986287117,0.20426743671298028,0.19335467278957366,0.2155224196612835,0.6619507334183673,0.8512867783176276,0.8695380797071968,0.8595711846231998
Dataset_Shard_0000000_0099999,train,AXEbpZ0lhEM,1,50,0.07318043891340494,0.06228439882397652,0.11635474994778633,0.09789876777678728,0.14367065634578466,0.30445870535714287,0.49700926259339284,0.46036693139990914,0.5765632624729293
Dataset_Shard_0000000_0099999,train,AXEbpZ0lhEM,2,50,0.08733427073806524,0.07795555517077446,0.13673933692276477,0.11996455766260623,0.16366387449204922,0.35292610012755105,0.5674673062181286,0.5501644204759125,0.6260597170644676
Dataset_Shard_0000000_0099999,train,AXEbpZ0lhEM,5,50,0.11153508231043816,0.1027398593723774,0.17378724128007889,0.14273163080215454,0.2190271782875061,0.42805923150510206,0.6610553656300583,0.6238448706479948,0.7377428949924331
Dataset_Shard_0000000_0099999,train,AXEbpZ0lhEM,10,50,0.13736681856215,0.13368507474660873,0.22055026456713678,0.19168481782078742,0.2523685885965824,0.5012408322704082,0.7599964800316714,0.7419772179421191,0.7997341430183822
Dataset_Shard_0000000_0099999,val,Al4Q6ORp6CQ,1,50,0.06981577096506954,0.051947133615612984,0.1440874370187521,0.12523771807551384,0.17875210359692573,0.28955197704081637,0.6308078965302891,0.6212781073546744,0.7043083902497547
Dataset_Shard_0000000_0099999,val,Al4Q6ORp6CQ,2,50,0.11271640203893185,0.06744924932718277,0.1802276463965245,0.15824078628967983,0.19890764549374582,0.38463926977040813,0.7022135311288834,0.6822944202377866,0.7447520431302608
Dataset_Shard_0000000_0099999,val,Al4Q6ORp6CQ,5,50,0.12355084329843521,0.07361717894673347,0.1816902317106724,0.15334375321865082,0.19419441297650336,0.45252830038265307,0.744782625957623,0.7279190814896712,0.7697293901506853
Dataset_Shard_0000000_0099999,val,Al4Q6ORp6CQ,10,50,0.17039539389312267,0.0858793668448925,0.2094833016395569,0.2003229281306267,0.21013710901141167,0.5388097895408164,0.777432240270288,0.7701887986293728,0.7895869716152162
Dataset_Shard_0000000_0099999,train,Aw4Vaqqq_Eg,1,50,0.04800546980870422,0.022251700051128864,0.14518672153004444,0.1080389610340353,0.18816631548572332,0.17995655293367346,0.5711629541063884,0.5002909440133745,0.6817947459786556
Dataset_Shard_0000000_0099999,train,Aw4Vaqqq_Eg,2,50,0.05462547317147255,0.03283976390957832,0.18019940137863158,0.13307559706270694,0.23791324898600577,0.19857182716836735,0.6669068914385331,0.596098229913198,0.787263598506441
Dataset_Shard_0000000_0099999,train,Aw4Vaqqq_Eg,5,50,0.08797006879001856,0.056526655331254005,0.2278824743628502,0.19078783236443997,0.26524432361125944,0.3283545918367347,0.7982757552204331,0.7527438179831657,0.8699199312720283
Dataset_Shard_0000000_0099999,train,Aw4Vaqqq_Eg,10,50,0.09722316216677428,0.049186158925294876,0.2144711023569107,0.16842902794480324,0.2632192967832088,0.36684430803571433,0.8090990627990194,0.7631656137645443,0.8658877433914743
Dataset_Shard_0000000_0099999,train,Aymbap8XcG8,1,50,0.06551547691226006,0.04865008778870106,0.1480929886549711,0.12804478097707034,0.18073710571974516,0.2738679846938776,0.6658147848356895,0.605969519697068,0.7804290445059601
Dataset_Shard_0000000_0099999,train,Aymbap8XcG8,2,50,0.08976221814751625,0.07053519412875175,0.17151017300784588,0.16380400907248258,0.1925212223082781,0.3713520408163265,0.7161926879868943,0.6739715062910114,0.8011107884057675
Dataset_Shard_0000000_0099999,train,Aymbap8XcG8,5,50,0.10431341849267482,0.0840541459619999,0.18255697689950467,0.17029809184372424,0.20612506911158562,0.43508729272959185,0.7577935619404151,0.7148101864589507,0.8444123583555698
Dataset_Shard_0000000_0099999,train,Aymbap8XcG8,10,50,0.16014409329742194,0.20706391334533691,0.23108741462230684,0.2280152764171362,0.23429438188672067,0.6560116390306122,0.8631276924969283,0.828414089228724,0.9215534208901188
Dataset_Shard_0000000_0099999,train,AzqgcU5_3mo,1,50,0.062252093870192766,0.039191823452711105,0.15245533496141433,0.14796932242810726,0.16783465303480624,0.28971619897959183,0.6822055880037116,0.645207680636761,0.7689766907288066
Dataset_Shard_0000000_0099999,train,AzqgcU5_3mo,2,50,0.08245833801105619,0.06015052832663059,0.16624738615937532,0.16215188389644028,0.1817248195502907,0.35796595982142854,0.7207275679032621,0.6840969474082053,0.8102051109533178
Dataset_Shard_0000000_0099999,train,AzqgcU5_3mo,5,50,0.09552399680018425,0.08310746401548386,0.1862523826956749,0.18563151374459266,0.20678901061415672,0.4565214445153061,0.7960577548943826,0.7643324931908347,0.8836942075559202
Dataset_Shard_0000000_0099999,train,AzqgcU5_3mo,10,50,0.10842203911393881,0.08387717232108116,0.19803641319274903,0.2001689100265503,0.21781261667609214,0.5720200892857144,0.8202748480744446,0.7913061374224575,0.8938239109520331
Dataset_Shard_0000000_0099999,train,B3np71w5K1c,1,50,0.05053105321712792,0.03648166172206402,0.11487598096951843,0.11372337821871042,0.11745473379269242,0.23029296875,0.5771760544840173,0.5556070223357328,0.6134249284812132
Dataset_Shard_0100000_0199999,train,B3np71w5K1c,1,50,0.052479636085419085,0.028181572444736958,0.10198943711351603,0.09928533994592727,0.10189995082095266,0.21923748405612245,0.47676717605173485,0.4473910411660134,0.5401001741218553
Dataset_Shard_0000000_0099999,train,B3np71w5K1c,2,50,0.06670068208128214,0.04161204770207405,0.12924735225737094,0.1278576884046197,0.13858774926513434,0.29031529017857144,0.6327758594662162,0.6053839389882831,0.6928583928357717
Dataset_Shard_0100000_0199999,train,B3np71w5K1c,2,50,0.06385790555330459,0.0322821456938982,0.12242501550372253,0.12238970919733219,0.11630081529627205,0.2462822863520408,0.5467373134621045,0.5166600451442451,0.5891962009145636
Dataset_Shard_0000000_0099999,train,B3np71w5K1c,5,50,0.07159602522850037,0.05062837712466717,0.1502375989407301,0.14730401419103145,0.15178973086178302,0.31636758609693877,0.7386535388062906,0.7179005598434387,0.7672575446235969
Dataset_Shard_0100000_0199999,train,B3np71w5K1c,5,50,0.08424013732001186,0.04984427988529205,0.1545471515553072,0.15475566362030804,0.14724259939044715,0.32308673469387755,0.6877553751068406,0.6703080702948243,0.7101371173206102
Dataset_Shard_0000000_0099999,train,B3np71w5K1c,10,50,0.12072931919246913,0.08252380788326263,0.18046743363142015,0.18845000356435776,0.1717623908817768,0.5069427614795918,0.7946553184844046,0.7916749114538216,0.8145230018889597
Dataset_Shard_0100000_0199999,train,B3np71w5K1c,10,50,0.09788366369903087,0.0450152475386858,0.16154767088592054,0.16291613064706326,0.15519465886056424,0.36867426658163266,0.7248023934288211,0.704175312406293,0.7605979463776152
Dataset_Shard_0100000_0199999,train,B5IAda_ZR3Q,1,50,0.10014720429084263,0.057648032903671265,0.13828916557242338,0.12925911087229905,0.17647106290067313,0.3964584661989796,0.5193636370612599,0.4961393828133446,0.6270130093710811
Dataset_Shard_0100000_0199999,train,B5IAda_ZR3Q,2,50,0.13131804085336626,0.1201237328350544,0.18343232431536308,0.17169369031558745,0.2230849571165163,0.5308964445153062,0.6817702984292369,0.6583333527426763,0.7784601726508575
Dataset_Shard_0100000_0199999,train,B5IAda_ZR3Q,5,50,0.15658432066440583,0.1228172741830349,0.2235386088816449,0.21426251923665404,0.26195742228999735,0.5825486288265307,0.7798957204855391,0.766549591017456,0.8494937222947795
Dataset_Shard_0100000_0199999,train,B5IAda_ZR3Q,10,50,0.1662489863485098,0.1572507992386818,0.22758717119693755,0.22117380499839784,0.24924894988536836,0.6239859693877551,0.8000228467788992,0.7831796553932978,0.8532628139730667
Dataset_Shard_0100000_0199999,train,BDFwFmaztC0,1,50,0.039850941002368925,0.0333318617194891,0.10168621800839901,0.09920434419065714,0.11376353308558464,0.17616310586734696,0.5168960607975467,0.47535782909102897,0.5932366516390701
Dataset_Shard_0100000_0199999,train,BDFwFmaztC0,2,50,0.060500911250710485,0.03711304999887943,0.12678229950368405,0.1270075574889779,0.13611464381217955,0.2378726881377551,0.5951559234080874,0.5528840145405935,0.6761883930344268
Dataset_Shard_0100000_0199999,train,BDFwFmaztC0,5,50,0.059731669072061774,0.04845567047595978,0.13310915157198905,0.12991299353539942,0.14459306210279466,0.2568510841836735,0.6299278791726416,0.5958203284260553,0.6944915442710787
Dataset_Shard_0100000_0199999,train,BDFwFmaztC0,10,50,0.09330152619630099,0.0673680417239666,0.16465675599873067,0.16598885744810105,0.16577067390084266,0.3514919483418367,0.7165414277953469,0.6906332954798755,0.7696995289957953
Dataset_Shard_0100000_0199999,train,BI2jJ2nsUaw,1,50,0.03512042283080518,0.02876383811235428,0.13743048898875712,0.13757748134434222,0.13854792438447475,0.16212332589285716,0.6918295103006582,0.6891655220075816,0.7147832719284419
Dataset_Shard_0100000_0199999,train,BI2jJ2nsUaw,2,50,0.04511268686503172,0.037797437980771065,0.16773376986384392,0.1712124217301607,0.1647635281085968,0.1943180006377551,0.7682901145924457,0.7728806631757154,0.774785345149228
Dataset_Shard_0100000_0199999,train,BI2jJ2nsUaw,5,50,0.06480989273637533,0.05771368928253651,0.19206651225686072,0.19266267776489257,0.1905040130019188,0.2933725286989796,0.8399225183683443,0.8269540374200168,0.8659435574969886
Dataset_Shard_0100000_0199999,train,BI2jJ2nsUaw,10,50,0.06471351154148579,0.054262565448880196,0.20050300106406213,0.20962826102972032,0.18413117170333862,0.2853316326530612,0.8539571103182397,0.851720178665855,0.865262696985559
Dataset_Shard_0100000_0199999,train,BaGpiUru22U,1,50,0.048551884097978476,0.037102704867720604,0.14034925386309624,0.13937749003991484,0.15130381997674702,0.19301020408163264,0.5474706492413215,0.521416583705818,0.6233219335360788
Dataset_Shard_0100000_0199999,train,BaGpiUru22U,2,50,0.05133820652961731,0.037095267325639725,0.12620457172393798,0.12343276221305131,0.14251936946064234,0.2079866868622449,0.5146383169584755,0.48432092952386596,0.6138562281986207
Dataset_Shard_0100000_0199999,train,BaGpiUru22U,5,50,0.06828070525079966,0.05664381571114063,0.17210991010069848,0.1760796430706978,0.17369910322129725,0.2925813137755102,0.6441904203429687,0.6225076465943626,0.7021966741931912
Dataset_Shard_0100000_0199999,train,BaGpiUru22U,10,50,0.07252826906740666,0.06375947594642639,0.1830823241919279,0.1768976217508316,0.19229540720582008,0.30503388073979587,0.6689978740120321,0.6307713787340029,0.732878375631172
Dataset_Shard_0100000_0199999,train,Bdy36xv68Fs,1,50,0.06012758400291204,0.0509516466408968,0.11921276763081551,0.125414040312171,0.12031601700931788,0.28836057079081634,0.6219656448569225,0.592358870491615,0.7118227012269805
Dataset_Shard_0100000_0199999,train,Bdy36xv68Fs,2,50,0.07922991987317801,0.058582862839102745,0.1354260618239641,0.13729002952575683,0.13462780199944974,0.3873720503826531,0.7149371704635277,0.6957974247030038,0.7596244630034633
Dataset_Shard_0100000_0199999,train,Bdy36xv68Fs,5,50,0.1025816147401929,0.08922120556235313,0.17215890608727932,0.17925174660980703,0.16327978618443012,0.5003352200255102,0.8105686758805564,0.7939624257963264,0.8466030730301098
Dataset_Shard_0100000_0199999,train,Bdy36xv68Fs,10,50,0.11415986500680447,0.09463831409811974,0.17795914843678473,0.19058984607458115,0.15800408482551576,0.534192044005102,0.8186482481162897,0.8012689230723514,0.8437315700082288
Dataset_Shard_0100000_0199999,train,BevoiaUK5ao,1,50,0.03889435575343669,0.021766558289527893,0.1529932138696313,0.1382305569574237,0.2201837059110403,0.1298501275510204,0.5174071682609406,0.4520931238736712,0.7842130345365581
Dataset_Shard_0100000_0199999,train,BevoiaUK5ao,2,50,0.05616380242630839,0.02822320442646742,0.19545227475464344,0.18402790270745753,0.2570352977514267,0.18725406568877553,0.6147851170053944,0.5605713073817783,0.8466941578748788
Dataset_Shard_0100000_0199999,train,BevoiaUK5ao,5,50,0.0815790531411767,0.043136073276400566,0.23155037835240364,0.22555258020758628,0.2666190847754478,0.2797397161989796,0.6804742276543915,0.6327266160151582,0.8723731701673301
Dataset_Shard_0100000_0199999,train,BevoiaUK5ao,10,50,0.08040889227762818,0.04288838058710098,0.26248066261410713,0.2535627701878548,0.29756441473960876,0.30018335459183676,0.7581210826442977,0.7206062632033406,0.9241832233962021
Dataset_Shard_0100000_0199999,train,C09ZpevuOVk,1,50,0.09269555530510842,0.07691511511802673,0.13877562536858024,0.12140066652558744,0.18079229173250497,0.3524972098214285,0.5112229488901255,0.41301743482964703,0.7041208829474179
Dataset_Shard_0100000_0199999,train,C09ZpevuOVk,2,50,0.10456030681729317,0.08109654486179352,0.15609642930328846,0.13895865563303234,0.21282534532248973,0.36951291454081636,0.5669938165389216,0.4659240395804517,0.7785085578205798
Dataset_Shard_0100000_0199999,train,C09ZpevuOVk,5,50,0.13061352904886006,0.11481569334864616,0.17273569993674756,0.1573178282752633,0.21513908475637436,0.44845344387755104,0.6060156682774516,0.5174521668870407,0.7974205853398391
Dataset_Shard_0100000_0199999,train,C09ZpevuOVk,10,50,0.16124880693852903,0.15796944499015808,0.21121781080961227,0.19845927208662034,0.25637596264481544,0.5460060586734694,0.7223238619723709,0.6332764477467264,0.8908021790866805
Dataset_Shard_0100000_0199999,train,C5tgj76oc7E,1,50,0.08205567583441735,0.06745754554867744,0.1656563824415207,0.16351836763322353,0.18217243902385236,0.3735885682397959,0.7467267377893101,0.7013131656099654,0.8303863058709808
Dataset_Shard_0100000_0199999,train,C5tgj76oc7E,2,50,0.09312060572206975,0.0849975124001503,0.1870060196518898,0.18427732616662978,0.1943688490986824,0.42001155931122447,0.8405728536355932,0.8103957687004049,0.8849467678385285
Dataset_Shard_0100000_0199999,train,C5tgj76oc7E,5,50,0.11689755469560623,0.12497135624289513,0.20467506751418113,0.21068790599703788,0.2064802458882332,0.5380743781887756,0.8671106746823439,0.8335769084174097,0.9175479671712219
Dataset_Shard_0100000_0199999,train,C5tgj76oc7E,10,50,0.11972731217741966,0.11993100494146347,0.21395639732480048,0.22076084196567536,0.21356591790914536,0.5289445153061224,0.8818746784346768,0.8649183630258225,0.9128337383875588
Dataset_Shard_0100000_0199999,val,CF81s4pzmew,1,50,0.09689140200614929,0.08172735199332237,0.17592928409576417,0.17343049630522728,0.20504058435559272,0.4264875637755102,0.7692076811607502,0.7575207567240174,0.8893677354717507
Dataset_Shard_0100000_0199999,val,CF81s4pzmew,2,50,0.12324152253568173,0.10851382836699486,0.19497423946857453,0.19267980858683587,0.21526877462863922,0.5265178571428571,0.8131909214168301,0.8028057503323289,0.9236376448535475
Dataset_Shard_0100000_0199999,val,CF81s4pzmew,5,47,0.1547845277856005,0.17041358351707458,0.20728125074442397,0.20411708586393518,0.23233257836483895,0.6474329509064264,0.858555397939289,0.8500403407184447,0.9418872112494636
Dataset_Shard_0100000_0199999,val,CF81s4pzmew,10,42,0.1850533533309187,0.18334204703569412,0.2188328884187199,0.2178854566244852,0.242948907826628,0.7490647207543732,0.8796535891514574,0.8726075198334436,0.9624965531378135
Dataset_Shard_0100000_0199999,train,CIc39aXlHRY,1,50,0.062192706707865,0.05147110857069492,0.08713785216212272,0.07290836527943612,0.11403913900256157,0.284566725127551,0.3883684057086858,0.24140141120056235,0.6035703760436912
Dataset_Shard_0100000_0199999,train,CIc39aXlHRY,2,50,0.07329270543530583,0.06635474786162376,0.107174989618361,0.09087284167297184,0.139245735257864,0.33810546875,0.4578734384468901,0.2860283504224641,0.7071501057462958
Dataset_Shard_0100000_0199999,train,CIc39aXlHRY,5,50,0.08685040801763534,0.07677151635289192,0.1281155724078417,0.11885412901639938,0.16005094110965729,0.38026267538265307,0.5308841574393914,0.3885165338379275,0.755751437928672
Dataset_Shard_0100000_0199999,train,CIc39aXlHRY,10,50,0.1204741065762937,0.08680939674377441,0.13543457224965094,0.1273956371471286,0.1600358808040619,0.4775155452806123,0.5422221553513487,0.40132663476687847,0.7652441962991615
Dataset_Shard_0100000_0199999,val,CIkvuF5f6ak,1,50,0.08323024673569307,0.05479699932038784,0.2050403213190657,0.20273488666400227,0.21812276074691908,0.30013791454081634,0.6639258827652076,0.6399335171349722,0.7541886709084139
Dataset_Shard_0100000_0199999,val,CIkvuF5f6ak,2,50,0.09788679066396981,0.0667799636721611,0.22631336623206152,0.22512908896129374,0.23262094301840988,0.3497831632653061,0.7308990450242173,0.7008736874543318,0.8317291536652571
Dataset_Shard_0100000_0199999,val,CIkvuF5f6ak,5,50,0.14459342371672393,0.1221134215593338,0.27264171063899995,0.2706857293844223,0.2638087497651577,0.5647644292091837,0.8302475229099885,0.8100197407979957,0.8921711052471085
Dataset_Shard_0100000_0199999,val,CIkvuF5f6ak,10,50,0.15013781059533357,0.1356496512889862,0.2854828494787216,0.28229920417070387,0.2882713621854782,0.5975972576530613,0.8472677575618147,0.8281474335307341,0.9140804259771441
Dataset_Shard_0100000_0199999,train,CNbMProDX_I,1,50,0.018983828434720636,0.015182062517851591,0.1034460350126028,0.09727747831493616,0.1419073536247015,0.06367865114795919,0.4766377471173287,0.4440923813237989,0.6586273666341339
Dataset_Shard_0100000_0199999,train,CNbMProDX_I,2,50,0.026031121127307415,0.022006094455718994,0.13033449474722147,0.12454675372689962,0.1694888947159052,0.07832150829081633,0.5738887367651688,0.5462164902036146,0.7294918671915712
Dataset_Shard_0100000_0199999,train,CNbMProDX_I,5,50,0.04424729973077774,0.03441215120255947,0.17898884370923043,0.17128424987196922,0.22010089576244354,0.15643973214285714,0.7441793898914382,0.7187956841927456,0.8701587126497795
Dataset_Shard_0100000_0199999,train,CNbMProDX_I,10,50,0.04850362464785576,0.04426488280296326,0.1968946561217308,0.19174156367778777,0.22445124581456186,0.19915417729591836,0.7865938855850497,0.7646199143079708,0.8881856034518171
Dataset_Shard_0100000_0199999,train,CRYDNSvrbis,1,50,0.03197298897895962,0.02151826862245798,0.11832239815965295,0.11409477587789298,0.1320337446592748,0.11460419323979591,0.45711775132571647,0.4439437425216579,0.5193433760390659
Dataset_Shard_0100000_0199999,train,CRYDNSvrbis,2,50,0.05489817624911666,0.03356937691569328,0.1569740233849734,0.153891904624179,0.1653242139145732,0.1807832429846939,0.5422197983989443,0.5226846324690735,0.6049103312394043
Dataset_Shard_0100000_0199999,train,CRYDNSvrbis,5,50,0.06945675170049072,0.051844896748661995,0.18504633478820323,0.17645585879683495,0.20585080422461033,0.2248014987244898,0.6604550810894187,0.6372460090921936,0.7286309286935699
Dataset_Shard_0100000_0199999,train,CRYDNSvrbis,10,50,0.08173442484810949,0.0629197284579277,0.21767287492752074,0.21486772291362286,0.20516127660870553,0.2714162149234694,0.7587362043007806,0.7430570365696367,0.7872323366950608
Dataset_Shard_0100000_0199999,train,Ccs73enFclU,1,50,0.05952533842995763,0.04847634583711624,0.12596681490540504,0.1312044979631901,0.14040777176618577,0.28249242665816326,0.6470077017904825,0.662902339697904,0.7138863106650372
Dataset_Shard_0100000_0199999,train,Ccs73enFclU,2,50,0.07711164209991693,0.07877283915877342,0.14841903902590275,0.15463633097708226,0.17403428204357624,0.3936866230867347,0.7283902058455374,0.7411446674516766,0.7982280655815747
Dataset_Shard_0100000_0199999,train,Ccs73enFclU,5,50,0.09116840798407794,0.08083449304103851,0.15959020256996154,0.1654817306995392,0.175775730907917,0.41640186543367347,0.770972584982679,0.7938945062271996,0.8138204720989906
Dataset_Shard_0100000_0199999,train,Ccs73enFclU,10,50,0.0971736291050911,0.09723090380430222,0.16667330309748649,0.16735947594046593,0.1887188136577606,0.4893052455357143,0.7901806766411827,0.7955825813421282,0.8421020420419179
Dataset_Shard_0100000_0199999,train,CiYlq0pHhnM,1,50,0.06899847006425261,0.06038419343531132,0.14774524234235287,0.1483835196495056,0.18738114580512047,0.28105389030612243,0.5368535529186549,0.4847156015865987,0.7361697097641874
Dataset_Shard_0100000_0199999,train,CiYlq0pHhnM,2,50,0.08476021233946085,0.06697861477732658,0.186200730279088,0.19034671306610107,0.20999383062124252,0.3038962850765306,0.6010428422678953,0.5455914395263717,0.7917449730122788
Dataset_Shard_0100000_0199999,train,CiYlq0pHhnM,5,50,0.11102559622377157,0.098622627556324,0.20952693790197371,0.22008715853095054,0.2274271896481514,0.4234614158163265,0.6615000002101875,0.6195475521551451,0.8355727442191345
Dataset_Shard_0100000_0199999,train,CiYlq0pHhnM,10,50,0.1259724259376526,0.126809760928154,0.2179277718067169,0.22547713473439215,0.21713848561048507,0.5100326849489796,0.6960387615787731,0.6585948681188175,0.8323198056793134
Dataset_Shard_0100000_0199999,train,Cl1w60d8Tqc,1,50,0.048176382323727014,0.03383294865489006,0.13631045147776605,0.14396156270056962,0.1633573916554451,0.20204639668367347,0.5993666485023255,0.5828459435495957,0.731122734228208
Dataset_Shard_0100000_0199999,train,Cl1w60d8Tqc,2,50,0.05965586939826608,0.044020846486091614,0.15842591658234595,0.16022442907094955,0.181444181650877,0.25057397959183675,0.7003658809438575,0.6610104261535489,0.8163439000646626
Dataset_Shard_0100000_0199999,train,Cl1w60d8Tqc,5,50,0.0914664986729622,0.06430092826485634,0.20241169422864913,0.2080131983011961,0.2063459847867489,0.38998286033163265,0.7960670716023103,0.7664070829310091,0.8725688256445526
Dataset_Shard_0100000_0199999,train,Cl1w60d8Tqc,10,50,0.13253660164773465,0.08885561302304268,0.22525176152586937,0.23779319949448108,0.21806339293718338,0.5119132653061225,0.8295425381332713,0.8125605187058114,0.8766518241531222
Dataset_Shard_0100000_0199999,train,Ctp1DySPKS0,1,50,0.03407476337626576,0.028716864064335823,0.10757185153663158,0.09157956127077341,0.1421402144804597,0.14463568239795918,0.5381892192300279,0.49529981186024435,0.6466399250289935
Dataset_Shard_0100000_0199999,train,Ctp1DySPKS0,2,50,0.042574649676680565,0.03575856238603592,0.12058774806559086,0.09912185288965703,0.16208297856152057,0.21918367346938777,0.6000512358461007,0.5416548207395597,0.7236751789265685
Dataset_Shard_0100000_0199999,train,Ctp1DySPKS0,5,50,0.045653253868222235,0.041002558544278145,0.12746476091444492,0.10688955225050449,0.17062109604477882,0.22574258609693879,0.6467610607143119,0.5976402295863277,0.7580060150873389
Dataset_Shard_0100000_0199999,train,Ctp1DySPKS0,10,50,0.05145539915189147,0.043550414964556694,0.1384825124591589,0.11809622716158628,0.18579157546162606,0.2512771045918367,0.6626474987657052,0.6147586394883835,0.7795597643152399
Dataset_Shard_0100000_0199999,test,CzkK0xSXUMs,1,50,0.040179720427840945,0.03495347499847412,0.1277964775636792,0.12638428907841445,0.1276744994148612,0.15884207589285715,0.5296858054899009,0.4846591473575829,0.6461688593542843
Dataset_Shard_0100000_0199999,test,CzkK0xSXUMs,2,50,0.05291088376194239,0.04134858585894108,0.16649920370429755,0.16527370393276214,0.16072900474071503,0.20249441964285717,0.6373131892854348,0.5898845646846613,0.7416558951409116
Dataset_Shard_0100000_0199999,test,CzkK0xSXUMs,5,50,0.08879212062805891,0.07803721725940704,0.20654154650866985,0.21675452284514904,0.1788859848678112,0.3943606505102041,0.7455643427644816,0.7148498945415376,0.8101376987556022
Dataset_Shard_0100000_0199999,test,CzkK0xSXUMs,10,50,0.0989697552844882,0.08885865285992622,0.2188452322036028,0.23376717008650302,0.1793151494115591,0.44747767857142856,0.750928695358882,0.7219093016095941,0.8131479129063627
Dataset_Shard_0100000_0199999,train,D2q4s2rE0s_,1,50,0.057920003533363344,0.04534105211496353,0.1607957436144352,0.14178875401616098,0.1905211366713047,0.20430404974489796,0.6396347438902995,0.5922299246415047,0.7223773854358625
Dataset_Shard_0100000_0199999,train,D2q4s2rE0s_,2,50,0.07897309634834528,0.06584082916378975,0.18126346692442893,0.16787487104535104,0.20811088845133782,0.3243399234693877,0.7236522822668924,0.6925947427666549,0.788392714506443
Dataset_Shard_0100000_0199999,train,D2q4s2rE0s_,5,50,0.09495174176990986,0.08272284269332886,0.2207631826400757,0.20478278234601022,0.2385369011759758,0.41280731823979594,0.8012158773536332,0.7797266352315196,0.8322986321786217
Dataset_Shard_0100000_0199999,train,D2q4s2rE0s_,10,50,0.10958976157009602,0.09392203763127327,0.25632298946380616,0.22572792425751687,0.2805399677157402,0.4529376594387755,0.870937785528367,0.8485436956785891,0.89294076661902
Dataset_Shard_0100000_0199999,train,DN3a8fF6FtU,1,50,0.016221914936322718,0.013134927488863468,0.050897760046646,0.04200735094957054,0.08217325324192642,0.06207589285714286,0.2560981566719865,0.21863195066283697,0.4074066283496263
Dataset_Shard_0100000_0199999,train,DN3a8fF6FtU,2,50,0.03107482410501689,0.020281653851270676,0.0770910121127963,0.06769588653929531,0.1262460040859878,0.12235491071428571,0.37325021978506384,0.3382931915426342,0.5697239149893604
Dataset_Shard_0100000_0199999,train,DN3a8fF6FtU,5,50,0.048200215566903355,0.023882846347987652,0.10777860805392266,0.0971610241010785,0.17266232024878264,0.21600366709183674,0.48538483490655665,0.45012696417110587,0.7031774176574082
Dataset_Shard_0100000_0199999,train,DN3a8fF6FtU,10,50,0.08423621896654368,0.04235741309821606,0.15664677783846856,0.14858776479959487,0.18981126293540002,0.3201387117346939,0.6063831023752765,0.5731677844906958,0.8029663880718831
Dataset_Shard_0100000_0199999,train,DOjCrrrGa5s,1,50,0.09242868240977714,0.0449534896761179,0.1620766035155748,0.15622034884146616,0.17473162498639794,0.2619351881377551,0.5462952367717935,0.486682153752548,0.6223968358717429
Dataset_Shard_0100000_0199999,train,DOjCrrrGa5s,2,50,0.13345208450387872,0.07341170683503151,0.2140688289880927,0.19692242203542265,0.23096605893573724,0.34868343431122445,0.6500417848689305,0.5773659041582169,0.7399871094292209
Dataset_Shard_0100000_0199999,train,DOjCrrrGa5s,5,50,0.15985326562309637,0.07716360688209534,0.23747199492296203,0.22507498568156734,0.25778284736850765,0.4132928093112245,0.7003484295776449,0.6352816518953577,0.7879500834518
Dataset_Shard_0100000_0199999,train,DOjCrrrGa5s,10,50,0.24710695423185824,0.23962987214326859,0.3092141804099083,0.30732796370983123,0.32153327733278275,0.6160562818877551,0.8338733088369168,0.7954163625065719,0.8886619397447943
Dataset_Shard_0100000_0199999,train,DXcoe1mtinI,1,50,0.06833297390490771,0.06204853020608425,0.1469311387091875,0.11525817826390267,0.17186817541718483,0.3076821588010204,0.6991694045311221,0.6295940474297282,0.7741161841199019
Dataset_Shard_0100000_0199999,train,DXcoe1mtinI,2,50,0.07753895796835422,0.06653638184070587,0.17362406715750694,0.12900325313210487,0.21212756663560867,0.35060905612244897,0.7635107301030379,0.6865066743869518,0.8492186539556614
Dataset_Shard_0100000_0199999,train,DXcoe1mtinI,5,50,0.09909453198313713,0.08532893657684326,0.20084287285804747,0.15238762959837915,0.2363474416732788,0.47996572066326526,0.8532753370950157,0.8041870489226612,0.9020715867021357
Dataset_Shard_0100000_0199999,train,DXcoe1mtinI,10,50,0.1181194905936718,0.11098025739192963,0.20376479297876357,0.14967162609100343,0.24828463435173034,0.5838962850765307,0.8608219738449485,0.816029614233668,0.913503766822016
Dataset_Shard_0100000_0199999,train,DZHdNtwKBMo,1,50,0.020349711095914245,0.012792603578418493,0.1051102887839079,0.09693917140364647,0.14509127154946327,0.0790282206632653,0.4626867603275794,0.40937192403654366,0.712307832761855
Dataset_Shard_0100000_0199999,train,DZHdNtwKBMo,2,50,0.027953289253637194,0.019960458390414715,0.11819470658898354,0.10976886954158545,0.15996354460716247,0.10733816964285714,0.5282596402276536,0.479161095938067,0.7453744550492888
Dataset_Shard_0100000_0199999,train,DZHdNtwKBMo,5,50,0.04860901227220893,0.026395036838948727,0.1534729751199484,0.14449041061103343,0.1958022804558277,0.19355110012755103,0.6366084645039652,0.5930384588225557,0.8298976650716223
Dataset_Shard_0100000_0199999,train,DZHdNtwKBMo,10,50,0.059582022186368704,0.034017592668533325,0.17047678269445896,0.16706557534635066,0.19896505951881407,0.23677455357142857,0.6929337586826791,0.6633833036547724,0.8398593454592038
Dataset_Shard_0100000_0199999,train,De9wq1vFUVo,1,50,0.07270158873870969,0.01281033270061016,0.11615462467074394,0.11128200424835086,0.14683802124112844,0.28037149234693876,0.5019788895602209,0.46929878168857664,0.6512929625353451
Dataset_Shard_0100000_0199999,train,De9wq1vFUVo,2,50,0.10204157557338477,0.028270550072193146,0.15612931177020073,0.1557855350896716,0.18685637533664703,0.37533920599489795,0.6208728455848906,0.5881515049289957,0.7738087369332495
Dataset_Shard_0100000_0199999,train,De9wq1vFUVo,5,50,0.1391914294846356,0.17206592112779617,0.19710873611271382,0.19259500328451395,0.21200108379125596,0.5022229751275511,0.722606376386522,0.699598346703445,0.8529789009537777
Dataset_Shard_0100000_0199999,train,De9wq1vFUVo,10,50,0.18077240200713277,0.22323882579803467,0.2229810717701912,0.23185451403260232,0.2331918726861477,0.6529444355867347,0.8257578616302633,0.8128911516954347,0.8995427692956778
Dataset_Shard_0100000_0199999,train,DhitzRyJg4k,1,50,0.08129679664969444,0.06521018221974373,0.14602138422429561,0.14277803242206574,0.16510495275259018,0.37083266900510203,0.6719071623776606,0.6465878744132982,0.7520931318094268
Dataset_Shard_0100000_0199999,train,DhitzRyJg4k,2,50,0.09202572850510478,0.07585404440760612,0.16271500840783118,0.15822561986744405,0.18373531356453895,0.40637077487244894,0.728915198884482,0.6959271116849292,0.8197304385646291
Dataset_Shard_0100000_0199999,train,DhitzRyJg4k,5,50,0.11267757462337613,0.09239546209573746,0.18515015438199042,0.1773415145277977,0.19840087562799455,0.4753252551020408,0.7743977975793108,0.7303961498831377,0.8586351648575475
Dataset_Shard_0100000_0199999,train,DhitzRyJg4k,10,50,0.15032853022217751,0.14668822288513184,0.22119000881910325,0.2243930234014988,0.22336698681116104,0.5993753985969388,0.8596951090301646,0.8328657315542165,0.9205417327411621
Dataset_Shard_0100000_0199999,train,DlBR2IuS-_Q,1,50,0.1061350417882204,0.07110225409269333,0.15984764821827413,0.16220049681141974,0.1774386140331626,0.4473696588010204,0.6396269790058497,0.6544684804409441,0.6867182721958963
Dataset_Shard_0100000_0199999,train,DlBR2IuS-_Q,2,50,0.12445287603884936,0.1190657690167427,0.18816158264875413,0.19165036685764789,0.20291788294911384,0.4967139668367347,0.7480366225501062,0.7449359849057032,0.7952630365958231
Dataset_Shard_0100000_0199999,train,DlBR2IuS-_Q,5,50,0.14552485164254902,0.13436392694711685,0.20635196223855018,0.20312871918082237,0.2234650132060051,0.5675777264030613,0.7877713144368853,0.7855874071207692,0.8234536101281708
Dataset_Shard_0100000_0199999,train,DlBR2IuS-_Q,10,50,0.18900796748697757,0.20468395203351974,0.23539410963654517,0.23752494499087334,0.24575265362858772,0.7333282844387754,0.8529450249113892,0.853997282293332,0.8853608321944164
Dataset_Shard_0100000_0199999,train,DpcTinoxOZQ,1,50,0.059050256591290234,0.044549157842993736,0.14781127586960793,0.1331166586279869,0.15512648932635784,0.24915457589285717,0.6128081215620708,0.5679200383936929,0.6533814791000586
Dataset_Shard_0100000_0199999,train,DpcTinoxOZQ,2,50,0.08984322804957628,0.05790966376662254,0.17531667083501815,0.13961620677262546,0.18905820056796074,0.3672867506377551,0.7049936444780396,0.6311259904736841,0.7521770865213631
Dataset_Shard_0100000_0199999,train,DpcTinoxOZQ,5,50,0.109027686342597,0.06274960562586784,0.19900522395968437,0.16624290198087693,0.2013962472975254,0.4247915338010204,0.7769371600075039,0.7168684511159799,0.8016606224639101
Dataset_Shard_0100000_0199999,train,DpcTinoxOZQ,10,50,0.14552411049604416,0.11894611269235611,0.22629020780324935,0.19009123161435126,0.2353560745716095,0.549359056122449,0.8504562576958226,0.8265268595123768,0.8628469197287754
Dataset_Shard_0100000_0199999,train,DwsiVdwkl_M,1,50,0.039111601877957584,0.03274919278919697,0.16528612822294236,0.13141180887818338,0.21172222822904588,0.1412420280612245,0.6106518461438805,0.5254444204087171,0.7337136883217483
Dataset_Shard_0100000_0199999,train,DwsiVdwkl_M,2,50,0.03926063220947981,0.03932802192866802,0.17057070702314378,0.13338120877742768,0.2252548711001873,0.12836933992346938,0.6289703070585564,0.5442713151272264,0.7631173773662762
Dataset_Shard_0100000_0199999,train,DwsiVdwkl_M,5,50,0.04689660172909498,0.047648847103118896,0.19941523626446725,0.1577263243496418,0.25765196576714516,0.1559131855867347,0.7155609423095564,0.6517609371477266,0.8194358591318881
Dataset_Shard_0100000_0199999,train,DwsiVdwkl_M,10,50,0.048787121288478376,0.049873748794198036,0.19836622953414917,0.15024907335639,0.2564648212492466,0.1713249362244898,0.7069119091601798,0.6311849564197096,0.8198344366079263
Dataset_Shard_0100000_0199999,val,DzJPrFInDgI,1,50,0.03526008618995547,0.028559367172420025,0.12041679432084493,0.1139695875831967,0.1522983574225509,0.13275470344387755,0.5045430249944621,0.44656359584646776,0.6249218822586033
Dataset_Shard_0100000_0199999,val,DzJPrFInDgI,2,50,0.04043195435777307,0.036242349073290825,0.12385794925197842,0.11506530927144923,0.15427282429835942,0.16052295918367346,0.5171029823148293,0.4741401656452641,0.6190034565161957
Dataset_Shard_0100000_0199999,val,DzJPrFInDgI,5,50,0.05851794172078371,0.054917074739933014,0.16187645358615554,0.1546284265362192,0.2006361574534094,0.2674772799744898,0.6294512048545962,0.595594991204687,0.7256665649655063
Dataset_Shard_0100000_0199999,val,DzJPrFInDgI,10,50,0.06336427483707667,0.05676918104290962,0.17094550393521785,0.1577915621548891,0.2173840820044279,0.29533083545918365,0.6387256443964495,0.5664445495130156,0.7721303407421352
Dataset_Shard_0100000_0199999,train,E0OylseYSt8,1,50,0.05314788054674864,0.04062427207827568,0.1748480287194252,0.15074125662446022,0.20331390537321567,0.1904408482142857,0.6174233849572008,0.5682181181903622,0.70008035076069
Dataset_Shard_0100000_0199999,train,E0OylseYSt8,2,50,0.07518523724749684,0.06597816199064255,0.21454763278365135,0.18428877368569374,0.25286895141005516,0.265149075255102,0.6970718142932464,0.6545146759406739,0.772127107133975
Dataset_Shard_0100000_0199999,train,E0OylseYSt8,5,50,0.08417862635105848,0.07153121009469032,0.24701445534825325,0.21314392156898976,0.2810560692846775,0.2893502869897959,0.7780169849927748,0.7418596832152339,0.8403491163964076
Dataset_Shard_0100000_0199999,train,E0OylseYSt8,10,50,0.10965434100478888,0.09153633564710617,0.2898713982105255,0.2460070064663887,0.3252300661802292,0.3763233418367347,0.8630018435307172,0.8369950881069032,0.9018823132241802
Dataset_Shard_0100000_0199999,train,E5eP26MKE98,1,50,0.026843409473076462,0.024335372261703014,0.11183069311082364,0.11054727502167225,0.12141134507954121,0.10052495216836733,0.49488381693240624,0.4543976383112519,0.6347163805962964
Dataset_Shard_0100000_0199999,train,E5eP26MKE98,2,50,0.03570503672584891,0.0314975343644619,0.14111086554825306,0.14041407890617846,0.14883726589381696,0.13544363839285714,0.5713324125130843,0.5396078585746038,0.6932275138805679
Dataset_Shard_0100000_0199999,train,E5eP26MKE98,5,50,0.05307340918108821,0.04036044329404831,0.17608481474220752,0.17456150434911252,0.17774594947695732,0.2143618463010204,0.6744094892490574,0.636846478804739,0.7844920851170305
Dataset_Shard_0100000_0199999,train,E5eP26MKE98,10,50,0.06185028536245227,0.04445323534309864,0.17060368306934834,0.1715945416688919,0.1684740536659956,0.24637476084183674,0.6721121289318205,0.6345912318545041,0.7842326696843794
Dataset_Shard_0100000_0199999,train,EJiNfGhoa3Y,1,50,0.05583498967811465,0.042176494374871254,0.136871891990304,0.13764358192682266,0.1551255975663662,0.209742506377551,0.5412007659562653,0.5017561543431482,0.6824078450022135
Dataset_Shard_0100000_0199999,train,EJiNfGhoa3Y,2,50,0.0652482008934021,0.054147349670529366,0.15989354692399502,0.15323390282690524,0.1987915812432766,0.2537121332908163,0.573587499115006,0.5246769953359683,0.7571743086235952
Dataset_Shard_0100000_0199999,train,EJiNfGhoa3Y,5,50,0.09730800665915013,0.10087494924664497,0.18810241076629608,0.18329006689600646,0.21118063704110682,0.38253746811224487,0.6716619659705576,0.6357678859260008,0.8033183940951497
Dataset_Shard_0100000_0199999,train,EJiNfGhoa3Y,10,50,0.09607797913253308,0.09825482591986656,0.20573625564575196,0.20043664664030075,0.23326606571674346,0.36431521045918364,0.7104140463455642,0.6669376764027364,0.8416237366288631
Dataset_Shard_0100000_0199999,train,EQhbPGMfvZU,1,50,0.031342863459140065,0.026950689032673836,0.14038179323077202,0.11078026134520769,0.20355546176433564,0.12256497130102041,0.5763516789527696,0.4989143773584779,0.751988752327502
Dataset_Shard_0100000_0199999,train,EQhbPGMfvZU,2,50,0.03938361111097038,0.03412080928683281,0.1565248131006956,0.13128534011542797,0.2203928506374359,0.14790417729591837,0.6377976516773375,0.5723026023813973,0.813678961071647
Dataset_Shard_0100000_0199999,train,EQhbPGMfvZU,5,50,0.04994147485122084,0.0507267527282238,0.20060757741332055,0.17188387602567673,0.27699716910719874,0.19774593431122447,0.7574225002996409,0.7141697478865346,0.8889716631287052
Dataset_Shard_0100000_0199999,train,EQhbPGMfvZU,10,50,0.0657579449377954,0.059947896748781204,0.21208862572908402,0.18285723000764847,0.27317649841308594,0.22298748405612245,0.7759587315495683,0.7268616019770608,0.8874523852852981
Dataset_Shard_0100000_0199999,train,F1UNeBWv6Ww,1,50,0.03536908594891429,0.0315414983779192,0.10514810215681791,0.10271333929151297,0.11978508524596691,0.1496568080357143,0.5637858151698041,0.55591970144633,0.6239948752472482
Dataset_Shard_0100000_0199999,train,F1UNeBWv6Ww,2,50,0.049317114111036064,0.04236156865954399,0.1256400314718485,0.12523664087057113,0.13986949875950813,0.2747919323979592,0.6680666118377774,0.6720312925677169,0.704575593703693
Dataset_Shard_0100000_0199999,train,F1UNeBWv6Ww,5,50,0.05088798012584448,0.03928484581410885,0.1307009908556938,0.13146053500473498,0.14868812091648578,0.28793925382653063,0.6950312735661521,0.7075372065227696,0.7299563649327507
Dataset_Shard_0100000_0199999,train,F1UNeBWv6Ww,10,50,0.05703863672912121,0.04601057805120945,0.14868415340781213,0.14858062714338302,0.15939590491354466,0.2884163743622449,0.7557429707093667,0.7689786999606386,0.7727284296627552
Dataset_Shard_0100000_0199999,train,F1mXo8STM24,1,50,0.0780382650345564,0.0606804471462965,0.1704506078362465,0.16385280847549438,0.1982908083498478,0.34839963329081636,0.7423312767758312,0.7531174006039065,0.765557785836817
Dataset_Shard_0100000_0199999,train,F1mXo8STM24,2,50,0.11692682456225156,0.1013355441391468,0.21402283474802972,0.20141294956207276,0.23518871679902076,0.50220703125,0.8303947474886981,0.8293860023736366,0.8513143751086953
Dataset_Shard_0100000_0199999,train,F1mXo8STM24,5,50,0.14244344435632228,0.13847554475069046,0.2411005239188671,0.22538430407643317,0.27687482625246046,0.6149433992346939,0.8843499985280249,0.8822998679689239,0.908294811795821
Dataset_Shard_0100000_0199999,train,F1mXo8STM24,10,50,0.15218568757176398,0.14348261803388596,0.25086444824934007,0.22843763023614883,0.28009976267814635,0.6056812021683673,0.8920107201935272,0.8798301098473986,0.9226815098322757
Dataset_Shard_0100000_0199999,test,F3BeAm1eM6Y,1,50,0.05553755402565003,0.05084467492997646,0.14072986607789062,0.1583755648636725,0.1238696527481079,0.22936344068877548,0.5984536092284131,0.7183529575237891,0.47436131067907433
Dataset_Shard_0100000_0199999,test,F3BeAm1eM6Y,2,50,0.059163615293800834,0.05412251129746437,0.14852558515965938,0.16585190922021867,0.12864498198032379,0.24074298469387756,0.6381357061761235,0.7672286003136568,0.4960838829133369
Dataset_Shard_0100000_0199999,test,F3BeAm1eM6Y,5,50,0.08495764277875423,0.07788071036338806,0.17594045892357826,0.19376120194792748,0.15389455139636993,0.3295232780612245,0.7009634674326115,0.8335279884868239,0.5497117115094653
Dataset_Shard_0100000_0199999,test,F3BeAm1eM6Y,10,50,0.09388035103678703,0.09166763350367546,0.19133027270436287,0.20998002395033835,0.1668594092875719,0.35612404336734693,0.7407059449462641,0.8631686847531439,0.6006117513091139
Dataset_Shard_0100000_0199999,train,F89GbwV1duU,1,50,0.07930836964398623,0.07065633684396744,0.14504333779215814,0.1505418699234724,0.1577443876862526,0.33446508290816324,0.6229802108096087,0.6004074676406225,0.7077692104604081
Dataset_Shard_0100000_0199999,train,F89GbwV1duU,2,50,0.10531196616590023,0.10364533960819244,0.17717671409249305,0.18069709599018097,0.19546337381005288,0.4225701530612245,0.7179911727083308,0.6971509913301523,0.8076707966040599
Dataset_Shard_0100000_0199999,train,F89GbwV1duU,5,50,0.14350805938243866,0.14271992444992065,0.19995732218027115,0.19511237740516663,0.22775126099586487,0.566734693877551,0.7731879700928656,0.746743844386144,0.8549524792974229
Dataset_Shard_0100000_0199999,train,F89GbwV1duU,10,50,0.12789580874145032,0.13263152539730072,0.1923869740962982,0.19369695097208023,0.21971763849258422,0.4987691326530612,0.7428980068294969,0.7156574494024661,0.8311849458406553
Dataset_Shard_0100000_0199999,train,FF6KGtNtiwQ,1,50,0.08730545166414232,0.07813181355595589,0.1725026119087124,0.1642927068431163,0.19170118477661163,0.36594068877551017,0.6561632558109861,0.6178565597005343,0.7168560870676298
Dataset_Shard_0100000_0199999,train,FF6KGtNtiwQ,2,50,0.10760267240926623,0.10355853661894798,0.18958365183323622,0.172741661593318,0.23169592790305615,0.4567661830357143,0.7376979104583529,0.6989450178135604,0.8242159221918388
Dataset_Shard_0100000_0199999,train,FF6KGtNtiwQ,5,50,0.12212735616602004,0.10827325657010078,0.20587648743763565,0.19327793685719372,0.24925082178786398,0.49782924107142856,0.774642085450551,0.7442757797434382,0.8545244488920563
Dataset_Shard_0100000_0199999,train,FF6KGtNtiwQ,10,50,0.1454102010000497,0.13038010150194168,0.23665182741358876,0.21963109282776713,0.2835438073426485,0.5678228635204081,0.8279774682966672,0.7997436100462071,0.885830967487665
Dataset_Shard_0100000_0199999,train,FFcXOiRGMaU,1,50,0.09700665466487407,0.08749599754810333,0.2019884615391493,0.19148819252848626,0.23059645146131516,0.3881708386479592,0.7420805084747082,0.7353626781488312,0.785725154252675
Dataset_Shard_0100000_0199999,train,FFcXOiRGMaU,2,50,0.12193900935351848,0.11889743432402611,0.2329750892519951,0.21622759029269217,0.26820250034332277,0.45965800382653066,0.7921981604351105,0.7685084989289332,0.8543316293432072
Dataset_Shard_0100000_0199999,train,FFcXOiRGMaU,5,50,0.14086271069943904,0.13548476994037628,0.24954074025154113,0.23275260120630265,0.28650315254926684,0.5848357780612244,0.879847187532252,0.8662853237060044,0.9170894983241256
Dataset_Shard_0100000_0199999,train,FFcXOiRGMaU,10,50,0.1484953011572361,0.14734160900115967,0.2560764789581299,0.2421102273464203,0.2808022156357765,0.6079169323979592,0.8808528484944135,0.8774358828108239,0.9008436029713424
Dataset_Shard_0100000_0199999,train,FGjqL-YO8E8,1,50,0.04099024090915918,0.038489704951643944,0.1990874356031418,0.16670212350785732,0.2558689557015896,0.1455660076530612,0.7499475499282469,0.6996500015754951,0.8542717986415604
Dataset_Shard_0100000_0199999,train,FGjqL-YO8E8,2,50,0.062401373041793703,0.048668401315808296,0.22683160327374935,0.1934323211759329,0.2920159512758255,0.20723493303571427,0.7858785145637199,0.7390598840571642,0.8929485171003716
Dataset_Shard_0100000_0199999,train,FGjqL-YO8E8,5,50,0.07893775554373861,0.06941917911171913,0.24038354322314262,0.20065357849001886,0.3013409850001335,0.2650091677295918,0.819760662078261,0.7718146997875945,0.9119468438874864
Dataset_Shard_0100000_0199999,train,FGjqL-YO8E8,10,50,0.09964139353483915,0.07209505140781403,0.261869438290596,0.22474871888756753,0.32227636098861695,0.33267857142857143,0.8611632833103015,0.8258776585379798,0.935220667011541
Dataset_Shard_0100000_0199999,val,FHQdsG4y6sA,1,50,0.09853349262848496,0.0666099414229393,0.1575088369846344,0.15577462643384934,0.1603139093518257,0.3850027901785715,0.6344993077035076,0.613091387381692,0.8128765886729604
Dataset_Shard_0100000_0199999,val,FHQdsG4y6sA,2,50,0.09616182223893702,0.06039547175168991,0.16480265073478223,0.16431663949042558,0.1533220861107111,0.38453284438775515,0.6907750079158766,0.6719654362361196,0.832732261140109
Dataset_Shard_0100000_0199999,val,FHQdsG4y6sA,5,50,0.15983739912509917,0.17476683855056763,0.20804478153586387,0.2074514375627041,0.20500222116708755,0.5925852997448979,0.797512655634196,0.7801940207222066,0.9258006274496597
Dataset_Shard_0100000_0199999,val,FHQdsG4y6sA,10,50,0.1456995351985097,0.15729334950447083,0.20384586200118066,0.20519537448883057,0.19640009254217147,0.6228515625,0.819117152347768,0.8080888781993879,0.9243286347599589
Dataset_Shard_0100000_0199999,train,FNFe75hIKd4,1,50,0.03786278075538576,0.03935285285115242,0.1505758945643902,0.1525392173230648,0.17703674629330635,0.15263911033163266,0.5795940967603627,0.485101626214772,0.7292705023165851
Dataset_Shard_0100000_0199999,train,FNFe75hIKd4,2,50,0.037348069585859775,0.035574568435549736,0.14738257735967636,0.14624207217246293,0.1867664198577404,0.128180006377551,0.5704060361652091,0.45672857059085487,0.7539826566463397
Dataset_Shard_0100000_0199999,train,FNFe75hIKd4,5,50,0.06137710036709905,0.054421860724687576,0.18640744619071484,0.20454061307013036,0.2131615176051855,0.24725765306122452,0.7001130756009237,0.6276050859965606,0.8342886401204018
Dataset_Shard_0100000_0199999,train,FNFe75hIKd4,10,50,0.06996466629207135,0.0624160785228014,0.20297715857625007,0.2228648702055216,0.22073921501636506,0.3020766900510204,0.7589372593567902,0.6733346349204523,0.8750912260498397
Dataset_Shard_0100000_0199999,train,FUGgFV3WFig,1,50,0.0646159996278584,0.06340761482715607,0.15234081894159318,0.1437226814776659,0.17882606871426104,0.24451610331632653,0.643575701586976,0.623933464811466,0.6846011423172642
Dataset_Shard_0100000_0199999,train,FUGgFV3WFig,2,50,0.08343385580927133,0.07738643884658813,0.16954157464584568,0.15269496630935464,0.21530103792669253,0.3676407047193877,0.686938184625689,0.6667673594310715,0.7476609536860163
Dataset_Shard_0100000_0199999,train,FUGgFV3WFig,5,50,0.10242860950529575,0.08731719851493835,0.21157905265688895,0.19582019701600076,0.2535883815586567,0.46806959502551027,0.7950432806570056,0.7964055093897494,0.8144331414873571
Dataset_Shard_0100000_0199999,train,FUGgFV3WFig,10,50,0.12651860747486354,0.12008989602327347,0.22270184084773065,0.20634857892990113,0.26706376403570176,0.6053439891581632,0.8432160551977772,0.8328390443721085,0.8737217058418102
Dataset_Shard_0100000_0199999,train,FhpkDxLChRA,1,50,0.0578402503579855,0.046443043276667595,0.1326173548400402,0.12805938102304937,0.16259128257632255,0.23189652423469387,0.5931285330213953,0.5527865096961656,0.7036459386031606
Dataset_Shard_0100000_0199999,train,FhpkDxLChRA,2,50,0.08583491995930671,0.06927156820893288,0.17833697058260442,0.17653449073433877,0.18669327713549136,0.3332744738520408,0.7010957941276165,0.659247749104084,0.7785115754496356
Dataset_Shard_0100000_0199999,train,FhpkDxLChRA,5,50,0.09543948616832494,0.059265827760100365,0.19544850409030914,0.1946536798775196,0.20857474759221076,0.3773174426020408,0.7830366435705214,0.7573755944749361,0.8477196696572653
Dataset_Shard_0100000_0199999,train,FhpkDxLChRA,10,50,0.11558705031871795,0.11712291464209557,0.22069887667894364,0.21651578664779664,0.2223459030687809,0.4790676817602041,0.8328152312663736,0.8078393444616022,0.8737579344453732
Dataset_Shard_0100000_0199999,train,Fi_z7GBejhs,1,50,0.1139269947167486,0.13906342536211014,0.15414309914318436,0.15029464312869095,0.17225755330829998,0.47275510204081633,0.6390412219362824,0.6101277724773277,0.7192151926601056
Dataset_Shard_0100000_0199999,train,Fi_z7GBejhs,2,50,0.14437390599399805,0.1624240204691887,0.1971354676259216,0.1885473495417682,0.2223723103106022,0.5911172672193877,0.7660734158185162,0.7301009383818456,0.8458259537488843
Dataset_Shard_0100000_0199999,train,Fi_z7GBejhs,5,50,0.19339703530073166,0.20231156796216965,0.24732055708765985,0.2464961514621973,0.25762466952204705,0.740308912627551,0.8471068783597728,0.820384228199445,0.9125818292607508
Dataset_Shard_0100000_0199999,train,Fi_z7GBejhs,10,50,0.2182999087125063,0.2177920565009117,0.27036522448062894,0.2808202278614044,0.26075160920619966,0.8131313775510205,0.8932234336831193,0.8793414871243768,0.9240760222567787
Dataset_Shard_0100000_0199999,train,FzpQ92s8Idw,1,50,0.07292731814086437,0.06427790224552155,0.16277557000517845,0.15483983889222144,0.165204296708107,0.3343797831632653,0.7567158811955069,0.7362499683708172,0.772085845504526
Dataset_Shard_0100000_0199999,train,FzpQ92s8Idw,2,50,0.08640875250101089,0.07860437408089638,0.18791034579277038,0.17360366150736808,0.19494466841220856,0.3754476243622449,0.827385390365641,0.7971388655245712,0.8538673802243398
Dataset_Shard_0100000_0199999,train,FzpQ92s8Idw,5,50,0.09814360663294792,0.08978449180722237,0.1961504252254963,0.18144197136163712,0.2012274196743965,0.4505424904336735,0.8638349522643038,0.8456254934122278,0.8756283924613457
Dataset_Shard_0100000_0199999,train,FzpQ92s8Idw,10,50,0.10219089485704899,0.09745459258556366,0.19750298231840133,0.18147252142429351,0.20296343684196472,0.4752690529336735,0.884267554638951,0.8575770677951869,0.8955636822621762
Dataset_Shard_0100000_0199999,train,G5iYNFJuHkc,1,50,0.03210821527056396,0.025569812394678593,0.0798187627840025,0.07137773836242672,0.12384514718017954,0.13618463010204082,0.33745126873079884,0.3059150154438501,0.5099350764489216
Dataset_Shard_0100000_0199999,train,G5iYNFJuHkc,2,50,0.06310468498617411,0.03777880780398846,0.12953169763204642,0.12130853315720742,0.1753792157708085,0.22844228316326531,0.47264609260667767,0.44463475829984267,0.632172293948159
Dataset_Shard_0100000_0199999,train,G5iYNFJuHkc,5,50,0.0922840559668839,0.0645229872316122,0.17595469182822854,0.16702199686784297,0.21745336908381432,0.32352598852040815,0.5878271463428348,0.5599695070896372,0.7346241901998378
Dataset_Shard_0100000_0199999,train,G5iYNFJuHkc,10,50,0.12197988767176866,0.11276306211948395,0.21632346406579017,0.2089073294401169,0.24502759605646132,0.4053471779336735,0.7013662725711519,0.6776517646023908,0.8362833883123518
Dataset_Shard_0100000_0199999,train,G6vEW8-Tk5w,1,50,0.045415307227522135,0.04344353452324867,0.10829899616539479,0.09936792563647032,0.12774742186069488,0.20415098852040817,0.5129150091614343,0.49707909282095175,0.5656519593531626
Dataset_Shard_0100000_0199999,train,G6vEW8-Tk5w,2,50,0.07290236912667751,0.061460601165890694,0.1252742104232311,0.1093487542681396,0.1473997386544943,0.3106652582908163,0.5585775286075442,0.5352583793106337,0.5965621855102315
Dataset_Shard_0100000_0199999,train,G6vEW8-Tk5w,5,50,0.08427756022661924,0.08425357192754745,0.15576842904090882,0.13985936682671307,0.17905093051493168,0.37828683035714283,0.6776567416785698,0.6725453378815486,0.6994074421532477
Dataset_Shard_0100000_0199999,train,G6vEW8-Tk5w,10,50,0.10812388062477112,0.08338893204927444,0.1756720833480358,0.15688821963965893,0.19641578823328018,0.42304368622448973,0.7163673347037153,0.7137572335168402,0.7248489784499194
Dataset_Shard_0100000_0199999,val,G8vA3NnBdms,1,50,0.07797596659511327,0.06982726976275444,0.1797584116458893,0.16732036843895912,0.20721762165427207,0.33208705357142854,0.7292827028310049,0.7152155368879175,0.8129985096774148
Dataset_Shard_0100000_0199999,val,G8vA3NnBdms,2,50,0.08598112519830466,0.07019973546266556,0.19911277338862418,0.18131266072392463,0.24508184254169463,0.357112962372449,0.7636736702533953,0.7476562346728722,0.8724044216380459
Dataset_Shard_0100000_0199999,val,G8vA3NnBdms,5,50,0.11483375169336796,0.10356826707720757,0.22369292721152306,0.2084718668460846,0.26659863620996477,0.48525111607142857,0.8283977560642044,0.808259642216068,0.908493538117715
Dataset_Shard_0100000_0199999,val,G8vA3NnBdms,10,50,0.11966619722545146,0.11886204779148102,0.22437958776950837,0.21013425558805465,0.26629153937101363,0.5003352200255102,0.8080214351660098,0.7947897781543266,0.8964614099658429
Dataset_Shard_0100000_0199999,train,GVoppuU8cFo,1,50,0.10828954342752695,0.10264942422509193,0.17701685689389707,0.1792368173599243,0.18731656476855277,0.47506855867346937,0.7695701401713788,0.8021620495688291,0.760387644166647
Dataset_Shard_0100000_0199999,train,GVoppuU8cFo,2,50,0.13473538294434548,0.13373102992773056,0.19648225322365762,0.1974799993634224,0.20313759744167328,0.5951430963010204,0.8260438708470963,0.8504758502306078,0.8125362552341998
Dataset_Shard_0100000_0199999,train,GVoppuU8cFo,5,50,0.15666177533566952,0.16493520140647888,0.21342082291841508,0.2120175403356552,0.23037559360265733,0.6797700095663265,0.8788126734152313,0.9060650982758971,0.8634229921609188
Dataset_Shard_0100000_0199999,train,GVoppuU8cFo,10,50,0.1549708204716444,0.1669318825006485,0.2170613956451416,0.21268422275781632,0.2350630408525467,0.6649509725765306,0.8810857219097672,0.9002305859923752,0.8757539471342214
Dataset_Shard_0100000_0199999,train,Gi3eUcsqhks,1,50,0.12775468602776527,0.12287449464201927,0.17982567280530928,0.1704793445020914,0.2184013059735298,0.5408414381377551,0.684423367214094,0.6500228779832685,0.7853550483389722
Dataset_Shard_0100000_0199999,train,Gi3eUcsqhks,2,50,0.15541124671697618,0.15698640793561935,0.2163385258615017,0.20952024146914483,0.2385188454389572,0.6672492825255102,0.7764474773043826,0.7510292826426921,0.8590688716768355
Dataset_Shard_0100000_0199999,train,Gi3eUcsqhks,5,50,0.18392364196479322,0.18843136727809906,0.2471797114610672,0.24969108521938324,0.25599775820970533,0.7487982302295919,0.8610341853835237,0.8568064569132119,0.8860454322557051
Dataset_Shard_0100000_0199999,train,Gi3eUcsqhks,10,50,0.22290784358978272,0.21230585128068924,0.28310693681240084,0.28200515955686567,0.2850968047976494,0.8347971141581633,0.9018091142196191,0.8977416670607994,0.9114622343675006
Dataset_Shard_0100000_0199999,train,GrND9qai5pY,1,50,0.07792246516793966,0.07150156795978546,0.188645408898592,0.17890903115272522,0.1973289005458355,0.34211495535714287,0.806994871218145,0.800610241264096,0.8365841810417042
Dataset_Shard_0100000_0199999,train,GrND9qai5pY,2,50,0.11607605591416359,0.0920807421207428,0.20651523858308793,0.20014827355742454,0.22088099032640457,0.47834980867346943,0.8286730537686624,0.8212307556007339,0.8655146839847389
Dataset_Shard_0100000_0199999,train,GrND9qai5pY,5,50,0.08981274150311946,0.0800347775220871,0.19669053882360457,0.1719108033180237,0.22352895110845566,0.3938755580357143,0.8549497070032517,0.826391744087548,0.8924064643310301
Dataset_Shard_0100000_0199999,train,GrND9qai5pY,10,50,0.11503544121980668,0.10505042597651482,0.21985678166151046,0.2052109532058239,0.2415492630004883,0.471550143494898,0.88772301452938,0.8633162987637055,0.9313810871334757
Dataset_Shard_0100000_0199999,test,HDs_owlm-kM,1,50,0.10881619110703468,0.10166189447045326,0.1555644667893648,0.1810475043207407,0.15329265855252744,0.429445950255102,0.5944191238107952,0.6584041804731068,0.5969134097159061
Dataset_Shard_0100000_0199999,test,HDs_owlm-kM,2,50,0.11844334982335568,0.10418174415826797,0.15600255161523818,0.17188105642795562,0.15906523801386357,0.47527264030612243,0.6158528307246636,0.6435807581430452,0.6221180357212301
Dataset_Shard_0100000_0199999,test,HDs_owlm-kM,5,50,0.16434480369091034,0.1487799808382988,0.19429997518658637,0.21703795254230498,0.18436452105641365,0.6458254942602041,0.7283961299583581,0.7968879976730379,0.7106150922008466
Dataset_Shard_0100000_0199999,test,HDs_owlm-kM,10,50,0.1623804612457752,0.14178908616304398,0.20371653273701668,0.23935563772916793,0.18843792751431465,0.6326434948979592,0.7321084414255334,0.7996349976702223,0.6992322992072555
Dataset_Shard_0100000_0199999,train,HRJ4OhgNX08,1,50,0.05039970885962248,0.043056314811110497,0.09717688970267772,0.09784980576485396,0.10367132939398288,0.23579201211734696,0.49988168689880425,0.3715924042212666,0.5602192511817475
Dataset_Shard_0100000_0199999,train,HRJ4OhgNX08,2,50,0.07140369053930044,0.06030753813683987,0.12594702407717706,0.13841573536396026,0.13243673287332058,0.31270408163265306,0.5970307498912996,0.4817043731869108,0.6646255721102128
Dataset_Shard_0100000_0199999,train,HRJ4OhgNX08,5,50,0.0893491455167532,0.07932872325181961,0.1408741630613804,0.16894024908542632,0.14110524594783783,0.38632852359693876,0.6726064550293535,0.5897764372288384,0.7097156324862284
Dataset_Shard_0100000_0199999,train,HRJ4OhgNX08,10,50,0.10944625791162252,0.10281574726104736,0.14937726512551308,0.18522707970812916,0.14835427328944206,0.46212213010204084,0.700497719478366,0.6407701150487202,0.7343796942282936
Dataset_Shard_0100000_0199999,train,HWcwP-2-gBU,1,50,0.0652995508722961,0.05322028696537018,0.11464997723531269,0.11080840794609685,0.13156017023226013,0.26320232780612246,0.528173602817334,0.4741547519377604,0.6281509213584613
Dataset_Shard_0100000_0199999,train,HWcwP-2-gBU,2,50,0.06808395037427545,0.061828143894672394,0.12749506003553052,0.12369011107703955,0.14622347458711374,0.2894818239795918,0.6104139854303174,0.5589472998865198,0.7187299541527749
Dataset_Shard_0100000_0199999,train,HWcwP-2-gBU,5,50,0.10104501955211162,0.08916959539055824,0.1556527710845694,0.1544730255752802,0.1665758712729439,0.44522839604591835,0.6870790460935874,0.6415524342780892,0.7594858221713352
Dataset_Shard_0100000_0199999,train,HWcwP-2-gBU,10,50,0.11642703361809253,0.10140321031212807,0.17687151439953597,0.1839663178473711,0.17958481970708817,0.5256708386479592,0.7440594050602006,0.7155255362782994,0.8155893405973962
Dataset_Shard_0100000_0199999,train,HrG_CiyMH7A,1,50,0.04681417541578412,0.03483768552541733,0.12556320376694202,0.10940697591751813,0.14838527597486972,0.20772361288265306,0.6172334874132168,0.5190420557484748,0.7442812211140005
Dataset_Shard_0100000_0199999,train,HrG_CiyMH7A,2,50,0.065624970048666,0.05174746923148632,0.14497563291341067,0.13854754999279975,0.1663907189667225,0.2872987085459184,0.6950782217081035,0.6252904861805963,0.8035204185069683
Dataset_Shard_0100000_0199999,train,HrG_CiyMH7A,5,50,0.07603931326419115,0.04972589202225208,0.14711119279265403,0.13213122688233853,0.16978535205125808,0.32289819834183675,0.7178283055113361,0.6401587939081407,0.8256883901955423
Dataset_Shard_0100000_0199999,train,HrG_CiyMH7A,10,50,0.09309816841036081,0.05438745953142643,0.1646440041065216,0.16144331432878972,0.17603034719824792,0.38625358737244897,0.7722971075678333,0.7331752226954918,0.8512552483360494
Dataset_Shard_0100000_0199999,train,Hvip1xhAJEk,1,50,0.05364348620176315,0.03778332844376564,0.16409685112535954,0.16005745097994806,0.1664599347114563,0.25004743303571425,0.7320294066775465,0.7124914427916278,0.7638934581132188
Dataset_Shard_0100000_0199999,train,Hvip1xhAJEk,2,50,0.06439774351194501,0.050894513726234436,0.18785498797893524,0.1840994657576084,0.18446734696626663,0.27285594706632654,0.7992905464360912,0.7746642437737538,0.8238053101205044
Dataset_Shard_0100000_0199999,train,Hvip1xhAJEk,5,50,0.07659342987462878,0.04504510387778282,0.18874170951545238,0.18829410530626775,0.18480563968420027,0.3209793526785715,0.8133531791776727,0.7984599688765479,0.8347669977827984
Dataset_Shard_0100000_0199999,train,Hvip1xhAJEk,10,50,0.10271531455218792,0.09593997523188591,0.22307728081941605,0.2181817816197872,0.2208835083246231,0.4909004304846939,0.8920704087001546,0.8829566867640356,0.9085249493344647
Dataset_Shard_0100000_0199999,val,HvxUw40lGmU,1,50,0.06035251576453447,0.050872473046183586,0.172439493983984,0.16423785150051118,0.19424465976655483,0.20465003188775513,0.6441571874328157,0.6285609925324961,0.6664596401823912
Dataset_Shard_0100000_0199999,val,HvxUw40lGmU,2,50,0.07116450164467096,0.0646345391869545,0.19330444052815438,0.1775631418824196,0.2334601644054055,0.3147568558673469,0.6905008690593519,0.6691749081775812,0.7393485401215913
Dataset_Shard_0100000_0199999,val,HvxUw40lGmU,5,50,0.09784650482237339,0.10258297994732857,0.22545091077685356,0.20561058759689332,0.27055475130677226,0.47142338966836733,0.77824380653033,0.7527703560424902,0.8289463220144626
Dataset_Shard_0100000_0199999,val,HvxUw40lGmU,10,50,0.12364866182208062,0.12510110810399055,0.2787288337945938,0.25985115885734555,0.3080547547340393,0.5482896205357143,0.854747018470873,0.8244845958805435,0.8926796979720557
Dataset_Shard_0100000_0199999,test,I3ynWCdH9-Q,1,50,0.0676164423301816,0.06095094233751297,0.11996024750173091,0.1147756427526474,0.13954002693295478,0.3009665975765306,0.5530801558081584,0.49326346225537165,0.703481345746484
Dataset_Shard_0100000_0199999,test,I3ynWCdH9-Q,2,50,0.08516444990411401,0.07808730006217957,0.14835463188588618,0.1442997856810689,0.17319764651358127,0.3616386320153061,0.6183504681394103,0.5606575932362223,0.7875259251664306
Dataset_Shard_0100000_0199999,test,I3ynWCdH9-Q,5,50,0.10469474241137505,0.10556881129741669,0.17007599756121636,0.16466880179941654,0.1900858549773693,0.4459821428571428,0.7208943497946702,0.6651704991487654,0.8434091580869497
Dataset_Shard_0100000_0199999,test,I3ynWCdH9-Q,10,50,0.1264563288539648,0.12601237371563911,0.1938859397172928,0.19021841242909432,0.21626203268766403,0.5501279496173469,0.7700313540077692,0.7075059805652082,0.9089758561580035
Dataset_Shard_0100000_0199999,train,I4YrJCXtmDQ,1,50,0.040422231215052305,0.03744157589972019,0.09552308256970718,0.08541674475942272,0.13932127542910167,0.17186304209183675,0.3817362778943166,0.3228578892665086,0.5363597699410367
Dataset_Shard_0100000_0199999,train,I4YrJCXtmDQ,2,50,0.048520490331575274,0.042013419792056084,0.11494459338020534,0.10579829753376543,0.14020804082974792,0.1974150988520408,0.4360741643978819,0.384420930886749,0.5492218165587994
Dataset_Shard_0100000_0199999,train,I4YrJCXtmDQ,5,50,0.06542028257157653,0.06315039843320847,0.11509939115960151,0.10381577892694623,0.14510875857435168,0.25906409438775513,0.4451503630233482,0.377822828280998,0.5925184201802218
Dataset_Shard_0100000_0199999,train,I4YrJCXtmDQ,10,50,0.06766518970020115,0.061474576592445374,0.12658787305932492,0.11355266180820763,0.1572687106207013,0.257878268494898,0.49004187862889226,0.4220224737844335,0.6244377750592975
Dataset_Shard_0100000_0199999,train,IJ6v8unnzlw,1,50,0.06328466828912496,0.0383240170776844,0.12301780089735985,0.13029140308499337,0.12953114904463292,0.27040577168367347,0.6016432131076633,0.6073468870693376,0.664745016787369
Dataset_Shard_0100000_0199999,train,IJ6v8unnzlw,2,50,0.07476586494594813,0.040388328954577446,0.1282934746146202,0.1344078078120947,0.13362865626811982,0.32168008609693877,0.626317511940846,0.6343000210781118,0.6818662065632272
Dataset_Shard_0100000_0199999,train,IJ6v8unnzlw,5,50,0.10120374154299498,0.048682598397135735,0.15058369889855386,0.1412977956235409,0.16499559812247752,0.4218662308673469,0.6898790385291323,0.6739589599942678,0.7689749108998756
Dataset_Shard_0100000_0199999,train,IJ6v8unnzlw,10,50,0.11853004764765501,0.06361055001616478,0.16018773823976518,0.15617597334086894,0.1744166949391365,0.4960224011479592,0.7090134145069322,0.6795614268444745,0.7970602131592947
Dataset_Shard_0100000_0199999,train,IMYS4tzoiWw,1,50,0.12267404494807124,0.1018146201968193,0.19994277015328407,0.17983780160546303,0.23235979437828064,0.4589732142857143,0.7371383140560708,0.7147773533976767,0.7971919696828715
Dataset_Shard_0100000_0199999,train,IMYS4tzoiWw,2,50,0.14471401825547217,0.1241200603544712,0.22610004514455795,0.2001870407164097,0.2517593828216195,0.5489935427295919,0.8097826910798799,0.7786608517873348,0.8578639091206257
Dataset_Shard_0100000_0199999,train,IMYS4tzoiWw,5,50,0.19198928251862526,0.18598640710115433,0.2525327509641647,0.2348225498199463,0.2801121920347214,0.6975845025510204,0.8796709428272724,0.8747523926451531,0.9098861874369993
Dataset_Shard_0100000_0199999,train,IMYS4tzoiWw,10,50,0.20809556558728218,0.20991504192352295,0.26139792501926423,0.2379034173488617,0.29224164664745333,0.7488763552295918,0.8968623638582681,0.8888471066510324,0.9205979513488248
Dataset_Shard_0100000_0199999,train,IWAeIhWK8k0,1,50,0.04008470065891743,0.026379041373729706,0.09077987669035792,0.08001145787537098,0.10885736424475909,0.16661152742346938,0.4620260504014282,0.4136951662525758,0.5921372421787646
Dataset_Shard_0100000_0199999,train,IWAeIhWK8k0,2,50,0.045584874358028174,0.03523727133870125,0.106955371722579,0.09280093815177679,0.1287615182250738,0.1964680325255102,0.5512220102373009,0.5068728398081802,0.6758923168009389
Dataset_Shard_0100000_0199999,train,IWAeIhWK8k0,5,50,0.08930393051356077,0.053114136680960655,0.14543868392705916,0.1260946211963892,0.16296665355563164,0.3344005102040816,0.6991217564781778,0.6642236683758506,0.7953268619916025
Dataset_Shard_0100000_0199999,train,IWAeIhWK8k0,10,50,0.11645464476197959,0.08042345941066742,0.16482661604881288,0.1481862583756447,0.17698065280914307,0.4076020408163265,0.7386514498177331,0.7236322150324038,0.8160959955981331
Dataset_Shard_0100000_0199999,train,IgXDqL9n1yc,1,50,0.09668550800532102,0.09165949746966362,0.13974182197125629,0.12212745650671422,0.1684481598995626,0.4465310108418368,0.6533557607959354,0.6195041536113519,0.7448710010480875
Dataset_Shard_0100000_0199999,train,IgXDqL9n1yc,2,50,0.12122466258704662,0.11273253709077835,0.1765487802028656,0.16173647478222847,0.20425337925553322,0.5262065529336735,0.7568108658092525,0.7241185563691733,0.8399002941914397
Dataset_Shard_0100000_0199999,train,IgXDqL9n1yc,5,50,0.1544467381387949,0.15321415662765503,0.2004694001376629,0.18797531448304652,0.22154831752181053,0.6400306919642857,0.8109704185653812,0.791465728100987,0.8680652906089341
Dataset_Shard_0100000_0199999,train,IgXDqL9n1yc,10,50,0.18460378989577295,0.19416580349206924,0.21922205969691277,0.20894285514950753,0.2338691970705986,0.7527403539540817,0.8726654921035937,0.8594832424879882,0.9110456279811662
Dataset_Shard_0100000_0199999,train,IknWlKwrkqM,1,50,0.0807129926327616,0.06671880930662155,0.11875017474929336,0.10631876203085994,0.13566761559064616,0.29702845982142856,0.43025141847804427,0.3790166730090628,0.49106260649158356
Dataset_Shard_0100000_0199999,train,IknWlKwrkqM,2,50,0.12915816312655806,0.08496863394975662,0.16478297151625157,0.15155761442147195,0.1764481923636049,0.38465760522959186,0.5108772135609955,0.45510381294471214,0.5953939583929778
Dataset_Shard_0100000_0199999,train,IknWlKwrkqM,5,50,0.1994295496866107,0.17256953567266464,0.26124323973432184,0.24034587625414133,0.2822808041609824,0.5755887276785715,0.7112073300677757,0.6602300079969177,0.7683607910186302
Dataset_Shard_0100000_0199999,train,IknWlKwrkqM,10,50,0.23419163282960653,0.23001042008399963,0.2854029144346714,0.2662307254970074,0.3103325942158699,0.6775821109693878,0.7873479104310103,0.746885385389898,0.8257442408923005
Dataset_Shard_0100000_0199999,train,IpeCPBTMsp8,1,50,0.021304103452712296,0.01315111992880702,0.10954709433019161,0.10318150419741869,0.13233882918953896,0.08554607780612246,0.5303205388980575,0.4936775226244417,0.6909503219907819
Dataset_Shard_0100000_0199999,train,IpeCPBTMsp8,2,50,0.03282220185734332,0.01697240211069584,0.11955551203340292,0.11083412379026412,0.1444739405810833,0.1339971301020408,0.5598093736230307,0.5160719111944594,0.7198235795208383
Dataset_Shard_0100000_0199999,train,IpeCPBTMsp8,5,50,0.04039632867090404,0.024295357055962086,0.15336213141679764,0.15086414735764264,0.1607790333032608,0.15847098214285713,0.6867938272083566,0.6561959964363864,0.8133042322799827
Dataset_Shard_0100000_0199999,train,IpeCPBTMsp8,10,50,0.04233445256948471,0.030074425041675568,0.1674583300948143,0.16428892321884633,0.17427875518798827,0.18693757971938776,0.7429295165437511,0.7190025130037289,0.8449364490421186
Dataset_Shard_0100000_0199999,train,IwlK3JWqWhA,1,50,0.07117246504873037,0.04845232330262661,0.15519221894443036,0.1632749257981777,0.1829449039697647,0.31515824298469386,0.6736280377178633,0.6784433032272171,0.7261096378317792
Dataset_Shard_0100000_0199999,train,IwlK3JWqWhA,2,50,0.09573732044547796,0.07928502932190895,0.18608226649463178,0.192399672716856,0.22461456663906573,0.41429607780612243,0.7592579857596015,0.7696427283046802,0.8000895822129828
Dataset_Shard_0100000_0199999,train,IwlK3JWqWhA,5,50,0.1265019541233778,0.09500803425908089,0.2105455993115902,0.21261723965406418,0.24249705001711847,0.5178316326530612,0.8133669459107356,0.8160503313424361,0.8515264946294377
Dataset_Shard_0100000_0199999,train,IwlK3JWqWhA,10,50,0.1299398387223482,0.1028142161667347,0.20913197174668313,0.22295237064361573,0.222355854511261,0.5423517219387756,0.8042236595973431,0.8184014435099839,0.821240646654021
Dataset_Shard_0100000_0199999,test,J2BXGfLbEQk,1,50,0.05863427570089698,0.04413726553320885,0.15211367391049863,0.1422042567282915,0.18244667798280717,0.27889668367346937,0.7053413440620057,0.6666850119083447,0.8075743227383677
Dataset_Shard_0100000_0199999,test,J2BXGfLbEQk,2,50,0.07298639323562384,0.059875745326280594,0.16621387824416162,0.15367148354649543,0.1859867127239704,0.36379025829081635,0.7548185974172776,0.7116548355330132,0.8133691294309345
Dataset_Shard_0100000_0199999,test,J2BXGfLbEQk,5,50,0.07524301838129759,0.06969402730464935,0.16449092492461204,0.1517363193631172,0.19520420134067534,0.49081433354591836,0.7660966478303902,0.7229041688964802,0.8587725668426333
Dataset_Shard_0100000_0199999,test,J2BXGfLbEQk,10,50,0.0958167427405715,0.07272977381944656,0.19329483464360236,0.17645369619131088,0.23067259013652802,0.45535116390306124,0.8295520685830138,0.7910315648618262,0.9075183318053726
Dataset_Shard_0100000_0199999,test,J2x0zNcfLzg,1,50,0.10432884126901626,0.07879873737692833,0.17488699696958065,0.15864355061203242,0.236159887611866,0.35477080676020406,0.6105452999005502,0.5312419406275606,0.8103463074520451
Dataset_Shard_0100000_0199999,test,J2x0zNcfLzg,2,50,0.11208449378609657,0.08967713266611099,0.18701920717954634,0.17604463648051025,0.22206803694367408,0.4209809470663265,0.6542273911665677,0.591694927154279,0.8171730869641994
Dataset_Shard_0100000_0199999,test,J2x0zNcfLzg,5,50,0.13837220691144467,0.1159200631082058,0.22849661856889725,0.21478508561849594,0.2660449695587158,0.4880169802295919,0.7082718031789728,0.6277178413278178,0.8830973247068761
Dataset_Shard_0100000_0199999,test,J2x0zNcfLzg,10,50,0.14552325882017614,0.12199251353740692,0.23645943723618984,0.2297091542929411,0.2599151799082756,0.5204045758928572,0.7477274883880034,0.6953619116294284,0.8829671577556764
Dataset_Shard_0100000_0199999,test,J72oRFQXj5o,1,50,0.04694895146414638,0.036079052835702896,0.10822304910048842,0.10623006263747811,0.1187011156231165,0.22666892538265304,0.5385071689381665,0.47907813590172066,0.6069043930730585
Dataset_Shard_0100000_0199999,test,J72oRFQXj5o,2,50,0.08309146638959647,0.05955797620117664,0.16113108705729245,0.16472784522920847,0.1836246270686388,0.37802774234693876,0.7255530761290935,0.70871561308161,0.8115500952440661
Dataset_Shard_0100000_0199999,test,J72oRFQXj5o,5,50,0.09275549452751874,0.07543906942009926,0.19294734239578248,0.19953508473932743,0.20469533428549766,0.3762830835459184,0.7535520585801564,0.725548555760331,0.8309517990738999
Dataset_Shard_0100000_0199999,test,J72oRFQXj5o,10,50,0.15464511424303054,0.1323685422539711,0.21702080279588698,0.23218049690127374,0.20824341267347335,0.58171875,0.8539670116252551,0.8379052867332223,0.8614401927557381
Dataset_Shard_0100000_0199999,test,J8RgC4W1HeU,1,50,0.05890115469694138,0.03634309209883213,0.24923385083675384,0.2183139953017235,0.292365333288908,0.19424107142857142,0.7109412514427269,0.6786351545530974,0.8000707225353912
Dataset_Shard_0100000_0199999,test,J8RgC4W1HeU,2,50,0.054357108091935516,0.03386186435818672,0.2648362140357494,0.2383502709120512,0.3078600676357746,0.16636957908163263,0.7278854736210849,0.6936732622885744,0.809466542729414
Dataset_Shard_0100000_0199999,test,J8RgC4W1HeU,5,50,0.07488648886792362,0.047327496111392975,0.2972033502161503,0.2751242456585169,0.329165191501379,0.23082110969387756,0.7828101715693663,0.7616192743282347,0.8411677726165965
Dataset_Shard_0100000_0199999,test,J8RgC4W1HeU,10,50,0.07525013279169798,0.06097097881138325,0.31667252749204633,0.29230114236474036,0.3490573734045029,0.2336427774234694,0.8180272657736554,0.7902457870308982,0.8871678907144376
Dataset_Shard_0100000_0199999,train,JF1WHXagVBg,1,50,0.04416713686659932,0.0393436960875988,0.13493734672665597,0.1267864165455103,0.1537043922394514,0.18652861926020406,0.5929270489015177,0.5742534217744593,0.6994528580168154
Dataset_Shard_0100000_0199999,train,JF1WHXagVBg,2,50,0.05747940176632255,0.04382672347128391,0.14662164564244448,0.13822545032948255,0.1748438247013837,0.2431572863520408,0.6342493728000502,0.6169950213010647,0.7539857636204559
Dataset_Shard_0100000_0199999,train,JF1WHXagVBg,5,50,0.0732595881447196,0.050243353471159935,0.16726319812238216,0.16303204998373985,0.16458496138453482,0.2952638711734694,0.7190686774013766,0.7140446695653272,0.7791437811963051
Dataset_Shard_0100000_0199999,train,JF1WHXagVBg,10,50,0.08480946097522973,0.058849507942795753,0.17754569619894028,0.17210612833499908,0.18726882070302964,0.35221420599489794,0.7283629588385975,0.7229252790378206,0.8173559364155113
Dataset_Shard_0100000_0199999,val,JGxn16KUavc,1,50,0.11256195724010468,0.09873589873313904,0.22578085094690323,0.1995382183790207,0.2381605664640665,0.4258350605867347,0.7813900346568531,0.7703967976379376,0.7943640559880842
Dataset_Shard_0100000_0199999,val,JGxn16KUavc,2,50,0.10584600385278463,0.10150238871574402,0.21237630032002927,0.18336779795587063,0.224250258654356,0.39705676020408165,0.7620102562383937,0.7669488453625861,0.7673004361598003
Dataset_Shard_0100000_0199999,val,JGxn16KUavc,5,50,0.14448077663779257,0.14260970056056976,0.2553320422768593,0.22206874027848245,0.2691760101914406,0.5226977040816326,0.8582139523178773,0.8646055050127951,0.8643931145393602
Dataset_Shard_0100000_0199999,val,JGxn16KUavc,10,50,0.171979703232646,0.18251457810401917,0.27316999971866607,0.24698940031230449,0.2860128223896027,0.5879296875,0.8805334625522676,0.8942529038844014,0.8799820827158032
Dataset_Shard_0100000_0199999,train,J_Q3FptXl4E,1,50,0.07686938859522342,0.057891400530934334,0.16675028041005135,0.16454610027372837,0.17929497361183167,0.32394371811224487,0.7176729691425296,0.6843227488462044,0.7752682952639576
Dataset_Shard_0100000_0199999,train,J_Q3FptXl4E,2,50,0.07819047881290317,0.06606791540980339,0.1849352189898491,0.18465096347033977,0.20447328373789786,0.3385028698979592,0.7582452888542988,0.7240536167486326,0.8163792321879936
Dataset_Shard_0100000_0199999,train,J_Q3FptXl4E,5,50,0.11222595609724521,0.09903636947274208,0.22801731884479523,0.22479341208934783,0.24545729771256447,0.4691649394132653,0.8369491276813872,0.802973218653942,0.89310584913586
Dataset_Shard_0100000_0199999,train,J_Q3FptXl4E,10,50,0.13565466344356536,0.14316512644290924,0.23501992642879485,0.24726649329066278,0.23441641986370088,0.5852790178571429,0.8702152186827997,0.8507429034283233,0.9042557131469962
Dataset_Shard_0100000_0199999,train,JiFbkH4lkEA,1,50,0.07353217324241995,0.06543153896927834,0.16639847479760647,0.15694069519639015,0.18763372831046582,0.3096851084183674,0.7142431843015352,0.6977925962498935,0.7598984823757446
Dataset_Shard_0100000_0199999,train,JiFbkH4lkEA,2,50,0.09372013919055462,0.09119213372468948,0.1968146587908268,0.18913986995816232,0.2127437898516655,0.38483179209183677,0.8029625042721853,0.7791604754063401,0.8384943771858453
Dataset_Shard_0100000_0199999,train,JiFbkH4lkEA,5,50,0.11797571759670973,0.10976767167448997,0.22241696015000342,0.21148149460554122,0.24043919175863265,0.47078284438775514,0.855387451372282,0.830077899920336,0.8838712958138821
Dataset_Shard_0100000_0199999,train,JiFbkH4lkEA,10,50,0.12934411853551864,0.1169399805366993,0.22601448997855186,0.21141089826822282,0.2566906623542309,0.4967881058673469,0.8530165686023348,0.8377684289703669,0.8952911792988733
Dataset_Shard_0100000_0199999,train,JricrURk4aQ,1,50,0.06242163391783834,0.04626213759183884,0.14655271969735623,0.14230561755597593,0.19608699090778828,0.23473413584183675,0.5840484969578007,0.5598045375429348,0.7576761695539064
Dataset_Shard_0100000_0199999,train,JricrURk4aQ,2,50,0.06847533952444791,0.04552099667489529,0.16483585707843304,0.15927667886018754,0.21060605466365814,0.26200573979591835,0.6380459212745682,0.6112275366943224,0.8203309145186402
Dataset_Shard_0100000_0199999,train,JricrURk4aQ,5,50,0.10582237772643566,0.08315848559141159,0.2061405261978507,0.20085423544049263,0.25228560946881773,0.40736647002551024,0.7353335414734273,0.7124960307574864,0.8803664970613787
Dataset_Shard_0100000_0199999,train,JricrURk4aQ,10,50,0.11308911569416523,0.08878709375858307,0.22503980204463006,0.22272000446915627,0.24428524553775788,0.45925462372448983,0.7831740326254129,0.7678339889702187,0.8844801759076709
Dataset_Shard_0100000_0199999,train,K1-1564mVaE,1,50,0.02733210852369666,0.015165350399911404,0.1291290505230427,0.1226846807450056,0.16366742458194494,0.0991501913265306,0.5668105237673515,0.5411445447122145,0.7026346527935958
Dataset_Shard_0100000_0199999,train,K1-1564mVaE,2,50,0.05908512979745865,0.04258308559656143,0.16402991235256195,0.15894984781742097,0.19616089571267367,0.2812587691326531,0.7065787527855967,0.6876348659963951,0.8061697783185164
Dataset_Shard_0100000_0199999,train,K1-1564mVaE,5,50,0.07770929787307977,0.062367770820856094,0.19321351930499076,0.18971603766083717,0.21619295731186866,0.3668466996173469,0.7829200472671692,0.762302113447,0.8930334858139041
Dataset_Shard_0100000_0199999,train,K1-1564mVaE,10,50,0.09055890541523695,0.08679157495498657,0.2010456530749798,0.19723600387573242,0.2254567962884903,0.4349653220663265,0.8101679363483612,0.7946591141507408,0.8845465361999604
Dataset_Shard_0100000_0199999,train,KGDAv4gY0CU,1,50,0.0673514281399548,0.0491015687584877,0.16076624095439912,0.15752909414470195,0.19164278104901314,0.2724521683673469,0.6678789541449723,0.6617409236903166,0.7177030893239598
Dataset_Shard_0100000_0199999,train,KGDAv4gY0CU,2,50,0.08669052865356207,0.06533315405249596,0.18872509375214577,0.18082743413746358,0.23373692914843558,0.33239317602040813,0.7461456826213682,0.7368608613714622,0.8041711286047346
Dataset_Shard_0100000_0199999,train,KGDAv4gY0CU,5,50,0.1112444806098938,0.07601773738861084,0.2013054035604,0.18870819836854935,0.25738679245114326,0.3970914381377551,0.7684414221494796,0.7533075805747808,0.8349077070171375
Dataset_Shard_0100000_0199999,train,KGDAv4gY0CU,10,50,0.10506540201604367,0.07809026166796684,0.20458894804120065,0.19016601249575615,0.26272922977805135,0.35818877551020406,0.7682212575688684,0.7497238699062874,0.8369546605369189
Dataset_Shard_0100000_0199999,train,KWLQZy3Trfc,1,50,0.02802655245177448,0.013604478910565376,0.18048134230077267,0.17819291338324547,0.14215789353474975,0.08962292729591838,0.6097612616237632,0.603223304325314,0.5245831605844962
Dataset_Shard_0100000_0199999,train,KWLQZy3Trfc,2,50,0.04385072243399918,0.01895196922123432,0.25515278611332176,0.2528607501834631,0.1823577705025673,0.11931919642857142,0.7133799533248396,0.7040361348453793,0.5988938819509046
Dataset_Shard_0100000_0199999,train,KWLQZy3Trfc,5,50,0.04744414865039289,0.03702560439705849,0.31673635721206667,0.3144497096538544,0.26961402121931316,0.12254464285714287,0.7914851249586315,0.7775392338873055,0.7696811351853166
Dataset_Shard_0100000_0199999,train,KWLQZy3Trfc,10,50,0.04583741562440991,0.033601488918066025,0.2995279288291931,0.29677246674895286,0.2490390755608678,0.11619818239795919,0.7903925263287407,0.784167866288691,0.7327960991882597
Dataset_Shard_0100000_0199999,train,K_9S0CZoNLw,1,50,0.18673482343554496,0.1942169889807701,0.22644099354743957,0.2320072254538536,0.22083194181323051,0.7126355229591838,0.8469589114669926,0.8650290548260442,0.8507127161167359
Dataset_Shard_0100000_0199999,train,K_9S0CZoNLw,2,50,0.21367162257432937,0.21953916549682617,0.2607219475507736,0.24971621751785278,0.26342548727989196,0.772535475127551,0.9076256499883409,0.9090862275042685,0.9096969732212288
Dataset_Shard_0100000_0199999,train,K_9S0CZoNLw,5,50,0.21013006091117858,0.20898906886577606,0.24541471272706986,0.22706491500139236,0.25662013232707975,0.7751789700255103,0.8954407337786331,0.8940437735309935,0.8982344345222546
Dataset_Shard_0100000_0199999,train,K_9S0CZoNLw,10,50,0.2193704502284527,0.22358115017414093,0.2459600079059601,0.23941940754652025,0.24608977660536765,0.7823305963010203,0.8991494253442638,0.9018347527850491,0.9023259562571776
Dataset_Shard_0100000_0199999,test,KcYwOQfhWUk,1,50,0.01920171428937465,0.01483392808586359,0.08778798494488001,0.08182382185012102,0.11251445226371289,0.09059470663265307,0.47575851341767106,0.4313822155595929,0.6038052012431221
Dataset_Shard_0100000_0199999,test,KcYwOQfhWUk,2,50,0.02641253262758255,0.015288889408111572,0.1027941520512104,0.10349634928628802,0.11976633492857218,0.13069475446428572,0.537548859500816,0.5067591256131896,0.6335770785082385
Dataset_Shard_0100000_0199999,test,KcYwOQfhWUk,5,50,0.05059977916069329,0.04060938023030758,0.1556495714560151,0.15357435893267393,0.17543030813336372,0.2664811862244898,0.7026970738412391,0.6523634329869265,0.8188019288519564
Dataset_Shard_0100000_0199999,test,KcYwOQfhWUk,10,50,0.05793149746954441,0.050217652693390846,0.20094806216657163,0.2050826358050108,0.2022634644806385,0.26362364477040817,0.7841632837401379,0.7469821255824194,0.8640817034806596
Dataset_Shard_0100000_0199999,train,KiIkP5rt664,1,50,0.08720240799710155,0.07384855672717094,0.16632921554148197,0.18522898808121682,0.17159277223050595,0.328860012755102,0.5819055264127,0.5127842535019436,0.6298444085189011
Dataset_Shard_0100000_0199999,train,KiIkP5rt664,2,50,0.11286678347736596,0.08988725766539574,0.18325546950101854,0.2018002835661173,0.18511923350393772,0.42011957908163267,0.6352797984007162,0.5684006072568405,0.6883923544013472
Dataset_Shard_0100000_0199999,train,KiIkP5rt664,5,50,0.15247250884771346,0.1164012923836708,0.2312891313433647,0.25497006602585315,0.2184803619980812,0.5396169483418367,0.7574155640181002,0.7197140864237735,0.7804817620092941
Dataset_Shard_0100000_0199999,train,KiIkP5rt664,10,50,0.2006409052014351,0.20371469110250473,0.2635857844352722,0.311129604279995,0.24168512284755705,0.6902331792091837,0.8111205332833177,0.7761867446552729,0.8374567317298104
Dataset_Shard_0100000_0199999,train,LABUp-9fzpo,1,50,0.05948649707250297,0.04442962631583214,0.14635581716895105,0.13475089199841023,0.18530836559832095,0.24805604272959184,0.641225843284725,0.6199399024177352,0.7465400418998608
Dataset_Shard_0100000_0199999,train,LABUp-9fzpo,2,50,0.06864827632904053,0.05923873744904995,0.16829692609608174,0.15355496294796467,0.20911484584212303,0.2906548947704082,0.7015519552882334,0.67581899411931,0.8107387675750383
Dataset_Shard_0100000_0199999,train,LABUp-9fzpo,5,50,0.07352206356823444,0.052043214440345764,0.1727507623285055,0.15781673289835452,0.22893914207816124,0.29625876913265303,0.6838427854587158,0.656551343717132,0.8365874397980181
Dataset_Shard_0100000_0199999,train,LABUp-9fzpo,10,50,0.1068865767493844,0.10593168810009956,0.2191511020064354,0.20388419926166534,0.25833113729953766,0.4602686543367347,0.8041849594970123,0.7875199025056853,0.889664842563197
Dataset_Shard_0100000_0199999,train,LCu1WeLTHHs,1,50,0.09530227698385715,0.06571648269891739,0.16927481757476925,0.15196753214113415,0.196970907561481,0.38159797512755106,0.6634009432670852,0.6071960195790064,0.7250451498320847
Dataset_Shard_0100000_0199999,train,LCu1WeLTHHs,2,50,0.10258302414789795,0.08655133098363876,0.20466289084404707,0.17909599712118507,0.23705273848026992,0.4157963966836735,0.7756988733794461,0.7230619069583771,0.829478642268901
Dataset_Shard_0100000_0199999,train,LCu1WeLTHHs,5,50,0.13389902278780938,0.11889147385954857,0.22507501296699048,0.19768875677138567,0.2515919540077448,0.5546006058673469,0.8448690532180936,0.8087141494413467,0.879777276922839
Dataset_Shard_0100000_0199999,train,LCu1WeLTHHs,10,50,0.1213417375087738,0.09875703603029251,0.2183230546116829,0.19503967523574828,0.24996542096138,0.49446229272959186,0.8297044643214043,0.7837208607827294,0.8770522377717386
Dataset_Shard_0100000_0199999,train,LNm-RsObqrI,1,50,0.08140660893172026,0.07127352431416512,0.10914436936378479,0.10944376710802317,0.11687370777130127,0.44552455357142856,0.6443024694933932,0.6215857953547462,0.7272436450515168
Dataset_Shard_0100000_0199999,train,LNm-RsObqrI,2,50,0.08798889815807343,0.07772081717848778,0.12964073017239572,0.12993107631802558,0.1328823723644018,0.5003093112244897,0.7373665571513267,0.7178961266611554,0.8098750384441012
Dataset_Shard_0100000_0199999,train,LNm-RsObqrI,5,50,0.10297185592353345,0.09070957452058792,0.13748957574367524,0.14197764605283736,0.13995448671281338,0.5577140465561224,0.7714897700506858,0.7557567847120723,0.8286332272690928
Dataset_Shard_0100000_0199999,train,LNm-RsObqrI,10,50,0.10923700191080571,0.09451911970973015,0.14128308661282063,0.14483860768377782,0.1370276144146919,0.5723549107142857,0.7940308234600978,0.777416539973224,0.8417160441511862
Dataset_Shard_0100000_0199999,train,LY8eSMG5Zg_,1,50,0.14882903173565865,0.1399955227971077,0.24697098582983018,0.2509025727212429,0.2435073284804821,0.5545894451530612,0.7246655616513832,0.7098324251874065,0.8621175648551014
Dataset_Shard_0100000_0199999,train,LY8eSMG5Zg_,2,50,0.1681845508515835,0.1622977927327156,0.262793989777565,0.265538729429245,0.24800471916794778,0.6400996492346939,0.825108167512118,0.8174018294202099,0.9191784391730705
Dataset_Shard_0100000_0199999,train,LY8eSMG5Zg_,5,50,0.19633424878120423,0.18435591459274292,0.2891398075222969,0.2924085810780525,0.2561291977763176,0.6959359056122448,0.8448705681188803,0.8380620555576473,0.9143504181919806
Dataset_Shard_0100000_0199999,train,LY8eSMG5Zg_,10,50,0.20610736206173896,0.19436968117952347,0.31169998288154604,0.3169031998515129,0.2510854595899582,0.7373915816326531,0.8887205920103297,0.8831735470491547,0.9357937948244568
Dataset_Shard_0100000_0199999,val,L_MDy-YN-qU,1,50,0.05483780538663268,0.037347426638007164,0.15583274871110916,0.15234078224748374,0.17304734520614148,0.23373166454081634,0.6789602669717489,0.6249982122934575,0.8088409916693828
Dataset_Shard_0100000_0199999,val,L_MDy-YN-qU,2,50,0.07420477237552404,0.056340232491493225,0.19784107968211173,0.1953227238357067,0.21866034716367722,0.31133689413265303,0.7440470428525097,0.6946152190443542,0.8816431958298702
Dataset_Shard_0100000_0199999,val,L_MDy-YN-qU,5,50,0.08446338336914777,0.06259474158287048,0.2168330055475235,0.21388817459344864,0.23400510519742965,0.37593869579081635,0.7771431369642414,0.7301352503549394,0.9092490131519451
Dataset_Shard_0100000_0199999,val,L_MDy-YN-qU,10,50,0.10030323520302772,0.08327586576342583,0.25361677139997485,0.2610574036836624,0.2461693060398102,0.41925422512755106,0.8368355829669789,0.8071602581410217,0.9267461825990172
Dataset_Shard_0100000_0199999,train,LqVVbjKegLM,1,50,0.05919718574732542,0.05101769603788853,0.16533713939599692,0.14750931764952838,0.21439854495227337,0.2520571588010204,0.6579501877113699,0.6168714485908324,0.8026084709972843
Dataset_Shard_0100000_0199999,train,LqVVbjKegLM,2,50,0.0743841389939189,0.06604406237602234,0.18334254109766335,0.16742290624883027,0.2328041359037161,0.33159359056122445,0.7194029118802416,0.6819681556580441,0.8622770760012445
Dataset_Shard_0100000_0199999,train,LqVVbjKegLM,5,50,0.09239240672439336,0.07996410876512527,0.21654190137982368,0.20403983131051062,0.24166795685887338,0.39890266262755103,0.7759842576741055,0.7467062872601856,0.8918329092422786
Dataset_Shard_0100000_0199999,train,LqVVbjKegLM,10,50,0.10997538506984711,0.11620602384209633,0.25658124685287476,0.2543149724602699,0.25494784623384475,0.4891258769132653,0.8755761798449367,0.8654204150095977,0.9156908716294354
Dataset_Shard_0100000_0199999,train,LsLsb6ON3HA,1,50,0.06896715976297856,0.05203835852444172,0.1704086471349001,0.18024191811680793,0.17140074118971824,0.2820444036989796,0.6828012938267272,0.6511763721414642,0.7528721788214086
Dataset_Shard_0100000_0199999,train,LsLsb6ON3HA,2,50,0.07880208102986216,0.04148336313664913,0.166676220074296,0.1737710700184107,0.1770161846280098,0.3131620695153061,0.6991787334211472,0.6524429713187868,0.8016979975668272
Dataset_Shard_0100000_0199999,train,LsLsb6ON3HA,5,50,0.13776204835623504,0.12162861227989197,0.21625577494502068,0.21580807626247406,0.2319925095140934,0.508675462372449,0.8161645752391535,0.7743010412016563,0.9062297350827407
Dataset_Shard_0100000_0199999,train,LsLsb6ON3HA,10,50,0.11714799493551255,0.07452698796987534,0.2068132372200489,0.21669136300683023,0.21174243479967117,0.45415218431122445,0.8293656384892814,0.7897486536668491,0.8933106474610933
Dataset_Shard_0100000_0199999,train,LxB4fZIr6QM,1,50,0.0734109755884856,0.05350029096007347,0.1296913308510557,0.12764316061511635,0.14419475586153566,0.32824099170918364,0.6236937615295148,0.6006714158441322,0.6950556797030578
Dataset_Shard_0100000_0199999,train,LxB4fZIr6QM,2,50,0.09408745238557457,0.06205554120242596,0.16145813710987567,0.16771415539085865,0.1649769452959299,0.38742147640306124,0.71536442697057,0.7142265428360378,0.7731018362244952
Dataset_Shard_0100000_0199999,train,LxB4fZIr6QM,5,50,0.09037276837974786,0.0688425675034523,0.16839833945035934,0.1738135552406311,0.16392225258052348,0.37799744897959187,0.7766532615969062,0.7596630774752322,0.8033143659925811
Dataset_Shard_0100000_0199999,train,LxB4fZIr6QM,10,50,0.10824708264321088,0.0881807990372181,0.18625590100884437,0.1944836138188839,0.18754496723413466,0.44883968431122445,0.8138642348358686,0.8081010494537756,0.847085323631154
Dataset_Shard_0100000_0199999,train,M0U21_jIkjs,1,50,0.07390631556510925,0.06497897207736969,0.19586392641067504,0.18802830673754214,0.23018891759216786,0.23276426977040818,0.6223721292457209,0.5808309920137298,0.7638554751528186
Dataset_Shard_0100000_0199999,train,M0U21_jIkjs,2,50,0.11059300642460584,0.08860041573643684,0.23584879994392394,0.22530834063887595,0.2541144518554211,0.3199820631377551,0.715735299605261,0.668421642822341,0.8246241686813779
Dataset_Shard_0100000_0199999,train,M0U21_jIkjs,5,50,0.10555002886801958,0.0989186018705368,0.25079969570040705,0.23972329825162889,0.2782000206410885,0.33025310905612243,0.7423460628231634,0.7020082038509314,0.8540265883045598
Dataset_Shard_0100000_0199999,train,M0U21_jIkjs,10,50,0.1463651392608881,0.1207469291985035,0.2662792678177357,0.2527193696796894,0.2885826545953751,0.43435507015306124,0.7493485123455242,0.7012740777114743,0.8777877556618376
Dataset_Shard_0100000_0199999,train,MI9SBkWfYeE,1,50,0.029097467893734574,0.022222639061510563,0.13987485878169537,0.11604696102440357,0.20170965868979693,0.09650589923469388,0.527436110160342,0.469204249077447,0.6794602995917374
Dataset_Shard_0100000_0199999,train,MI9SBkWfYeE,2,50,0.04114048732444644,0.03126451279968023,0.18195948749780655,0.1474606804549694,0.27136312693357467,0.1343470982142857,0.6504978664093107,0.5938097253533329,0.8008060650652066
Dataset_Shard_0100000_0199999,train,MI9SBkWfYeE,5,50,0.05451067212969065,0.0394366979598999,0.21879102177917958,0.1797369411587715,0.295773673504591,0.18317004145408164,0.730958397632418,0.6830694904521107,0.8367114400174627
Dataset_Shard_0100000_0199999,train,MI9SBkWfYeE,10,50,0.06758763920515776,0.05008767917752266,0.23206004977226258,0.19488836735486983,0.3087391433119774,0.24322863520408164,0.7823219516721341,0.7491414173437378,0.8598541960158363
Dataset_Shard_0100000_0199999,train,MKXS5-a6wB4,1,50,0.039146480029448864,0.03518232889473438,0.12203963849693537,0.12075515629723668,0.15645611990243197,0.13812101403061225,0.4527525300947377,0.39892603316844477,0.5893296010255752
Dataset_Shard_0100000_0199999,train,MKXS5-a6wB4,2,50,0.05358173593878746,0.04791172593832016,0.15097225546836854,0.13696968246251345,0.1920311000943184,0.18770926339285715,0.5566281400094656,0.501707899954626,0.6963460763042153
Dataset_Shard_0100000_0199999,train,MKXS5-a6wB4,5,50,0.08584908889606595,0.08046650886535645,0.20780827768146992,0.19603229962289334,0.23143096446990966,0.2842402742346939,0.6616605474273176,0.6297199071979622,0.7361589862756459
Dataset_Shard_0100000_0199999,train,MKXS5-a6wB4,10,50,0.07706410326063633,0.06982649862766266,0.19420893028378486,0.1850007636100054,0.22291649550199508,0.28382932079081635,0.6489193885198692,0.5895194827755708,0.7609397225853303
Dataset_Shard_0100000_0199999,train,MO0BNkMVRUM,1,50,0.14936172392219305,0.13526758551597595,0.2029750932753086,0.19518115065991878,0.20911469519138337,0.5842275191326531,0.693843084436002,0.6624729146431385,0.7903730282413012
Dataset_Shard_0100000_0199999,train,MO0BNkMVRUM,2,50,0.20024133481085302,0.1945168897509575,0.24258120894432067,0.24381207183003425,0.24087872475385666,0.7523616868622449,0.817588426212197,0.8057255694944777,0.8708849351888829
Dataset_Shard_0100000_0199999,train,MO0BNkMVRUM,5,50,0.22921829670667648,0.22570323944091797,0.2520676651597023,0.249642194211483,0.27287331894040107,0.8042924904336735,0.862058843224683,0.8460337570608361,0.9157493711520509
Dataset_Shard_0100000_0199999,train,MO0BNkMVRUM,10,50,0.24251045778393746,0.24204838275909424,0.28843107968568804,0.29545307278633115,0.27307569652795793,0.8492554209183674,0.9069201034271291,0.904059276245913,0.9223639395392179
Dataset_Shard_0100000_0199999,train,MQ0rcxyT_18,1,50,0.10226909458637237,0.08461984992027283,0.18917677953839301,0.20815745539963246,0.19811166442930697,0.36868104272959185,0.6787548131905977,0.7357906561103651,0.6657189987056071
Dataset_Shard_0100000_0199999,train,MQ0rcxyT_18,2,50,0.10080434218049049,0.09234931319952011,0.20848104067146778,0.2159804531931877,0.22390131175518035,0.3554639668367347,0.7499995091999113,0.8023342939429186,0.7432724682001914
Dataset_Shard_0100000_0199999,train,MQ0rcxyT_18,5,50,0.11786073062568903,0.11227553710341454,0.23041323691606522,0.2509636314213276,0.23856800630688668,0.42494060905612246,0.7985478238564029,0.8579642471012069,0.7823782769819626
Dataset_Shard_0100000_0199999,train,MQ0rcxyT_18,10,50,0.13681195065379143,0.12720401212573051,0.23889235258102418,0.24680929213762284,0.2580232210457325,0.4793291613520408,0.8214520262814665,0.8677434443033535,0.817365002321524
Dataset_Shard_0100000_0199999,val,MWvT1QbVPW4,1,50,0.07738776110644949,0.07290870696306229,0.1712149314283579,0.16488357565795467,0.19595231853425502,0.29650589923469384,0.6641390113976301,0.6942489438947334,0.7015972079573943
Dataset_Shard_0100000_0199999,val,MWvT1QbVPW4,2,50,0.08234765308443456,0.07767137885093689,0.18576747217215597,0.170933308317326,0.1906047801533714,0.31099649234693877,0.6793830616113512,0.6946666719413702,0.6771821060328252
Dataset_Shard_0100000_0199999,val,MWvT1QbVPW4,5,50,0.11589627612382174,0.10314223915338516,0.22893156304955484,0.21020475640892983,0.25018670663237574,0.4032449776785715,0.799625176924629,0.8102525901360953,0.8363506418871013
Dataset_Shard_0100000_0199999,val,MWvT1QbVPW4,10,50,0.15353439934551716,0.15004000067710876,0.2498787021636963,0.22138141095638275,0.2950923478603363,0.5233944515306123,0.8453335651736037,0.8541520558980925,0.8827207149779857
Dataset_Shard_0100000_0199999,train,Mb1sAgqD2zk,1,50,0.03600884727202356,0.023070700466632843,0.0891045044362545,0.07662255086004734,0.14235314439982175,0.15638392857142858,0.4451353261972255,0.40246831928345517,0.6042488732278966
Dataset_Shard_0100000_0199999,train,Mb1sAgqD2zk,2,50,0.053025942947715524,0.03272492624819279,0.1221002158522606,0.10310853540897369,0.1851171162724495,0.2332194674744898,0.5937907813069276,0.544002874859097,0.7540049540893733
Dataset_Shard_0100000_0199999,train,Mb1sAgqD2zk,5,50,0.09991275010630489,0.08462907373905182,0.17181366376578808,0.14992477223277093,0.25254023730754854,0.4996265146683673,0.7686031962422458,0.7336047921994939,0.8833904425194463
Dataset_Shard_0100000_0199999,train,Mb1sAgqD2zk,10,50,0.1530248212441802,0.16196608543395996,0.20853527903556823,0.1858219288289547,0.28352617770433425,0.7005747767857143,0.8566944265297178,0.8266970623389469,0.9494002784029125
Dataset_Shard_0100000_0199999,train,MoldpStWdSM,1,50,0.04109126670286059,0.03479180671274662,0.13958844773471354,0.12944488987326622,0.16694985330104828,0.18413145727040817,0.6527157894791117,0.6122430818526406,0.7467777858484175
Dataset_Shard_0100000_0199999,train,MoldpStWdSM,2,50,0.053420335724949836,0.04700095020234585,0.16128678306937216,0.15038234136998654,0.19231960475444793,0.24075653698979593,0.7267745057902387,0.6943607955381875,0.7986689599755837
Dataset_Shard_0100000_0199999,train,MoldpStWdSM,5,50,0.07376271698623896,0.06070513091981411,0.20272870518267155,0.19917217072099447,0.2199280333518982,0.35720224808673473,0.8329493827604102,0.8068349428501554,0.8826158989042139
Dataset_Shard_0100000_0199999,train,MoldpStWdSM,10,50,0.09375693470239639,0.10007743909955025,0.219019405990839,0.21021762415766715,0.23134210109710693,0.4751434948979592,0.8689280402203979,0.8460261047066707,0.9115768443172769
Dataset_Shard_0100000_0199999,train,MwffJW2HSBw,1,50,0.04101806400343776,0.037987515330314636,0.14464179918169975,0.13301511283963918,0.17227665454149246,0.17789899553571428,0.6620027048777191,0.599556007521626,0.7662106195988097
Dataset_Shard_0100000_0199999,train,MwffJW2HSBw,2,50,0.05294847579672932,0.039798613637685776,0.1476023204162584,0.13879549737124308,0.16817032396793366,0.22858458227040818,0.6746285493824292,0.6141912061916646,0.7755071739979158
Dataset_Shard_0100000_0199999,train,MwffJW2HSBw,5,50,0.06901006247848272,0.05325661040842533,0.1790190552175045,0.16681424543261528,0.20269858181476594,0.28208426339285714,0.7670515643980784,0.7094116948006319,0.8529132495729317
Dataset_Shard_0100000_0199999,train,MwffJW2HSBw,10,50,0.08242391642183065,0.07260435447096825,0.19347303479909897,0.1873586605489254,0.20829711377620697,0.36055404974489796,0.8069893656899819,0.7623418060059375,0.8748700869198012
Dataset_Shard_0100000_0199999,train,Mwqts-3PkoQ,1,50,0.08235748626291751,0.07650196552276611,0.20607708916068077,0.2087943234294653,0.19561809681355954,0.28235809948979596,0.6970424858227783,0.6886461507265098,0.7725656580553985
Dataset_Shard_0100000_0199999,train,Mwqts-3PkoQ,2,50,0.11176537021994591,0.10556239262223244,0.25797098621726033,0.2648071631789207,0.23567365035414695,0.3602650669642857,0.7967104258551294,0.7963407223186009,0.8492131441669438
Dataset_Shard_0100000_0199999,train,Mwqts-3PkoQ,5,50,0.12796762883663176,0.1205422393977642,0.2843860509991646,0.294882972240448,0.25755621716380117,0.3985554846938776,0.8313192055510444,0.8289327531197428,0.8756228298960983
Dataset_Shard_0100000_0199999,train,Mwqts-3PkoQ,10,50,0.13279756024479866,0.12596174329519272,0.30621642112731934,0.3178080354630947,0.26224794566631315,0.41320591517857147,0.8482670762079013,0.849887542087384,0.9000199264129567
Dataset_Shard_0100000_0199999,train,Mz477FcOK1I,1,50,0.07002295296639204,0.05984947271645069,0.14343736976385116,0.12683871865272522,0.17418130479753016,0.30745017538265307,0.6481313421958329,0.6182568812424375,0.7308573715052988
Dataset_Shard_0100000_0199999,train,Mz477FcOK1I,2,50,0.09013801097869872,0.08324914425611496,0.16537217907607554,0.14979668855667114,0.192029250562191,0.4156979432397959,0.7307658073584402,0.7187913200817206,0.7967117117679261
Dataset_Shard_0100000_0199999,train,Mz477FcOK1I,5,50,0.11453923761844635,0.11015842854976654,0.1911234100162983,0.17664349481463432,0.22091573417186738,0.4960307716836735,0.7880682133351301,0.774418965932853,0.8453727971352576
Dataset_Shard_0100000_0199999,train,Mz477FcOK1I,10,50,0.1453598554432392,0.15039420872926712,0.2191789612174034,0.20633519008755685,0.2228192710876465,0.5569606983418367,0.8224565352230347,0.8176707480848774,0.8272216285654824
Dataset_Shard_0100000_0199999,train,NBZN1K9PE38,1,50,0.04023817018605769,0.029499859549105167,0.0986933758109808,0.09805971018970012,0.11114755503833294,0.20597217793367345,0.5676058101640616,0.5451151357950548,0.657509087435335
Dataset_Shard_0100000_0199999,train,NBZN1K9PE38,2,50,0.05426797525957227,0.034886324778199196,0.12164355140179396,0.12234481036663056,0.1372540768235922,0.25093710140306125,0.6460738835018363,0.6199627697866373,0.742649298000014
Dataset_Shard_0100000_0199999,train,NBZN1K9PE38,5,50,0.06261794218793511,0.043523555621504784,0.12733975827693939,0.1295763923227787,0.13303872283548115,0.30026227678571427,0.6812271708717312,0.6591481480876881,0.7412388273683541
Dataset_Shard_0100000_0199999,train,NBZN1K9PE38,10,50,0.07685539934784175,0.0677381344139576,0.15442108288407325,0.16264916203916072,0.1529022704064846,0.3638225446428571,0.777474498455667,0.7696288417704565,0.8132267661499348
Dataset_Shard_0100000_0199999,train,NDEQ8jZEeMg,1,50,0.05311541979201138,0.03306968696415424,0.12306908093392849,0.10041828107088804,0.18734617173671722,0.25710379464285715,0.5890894649273616,0.5572935289987684,0.7333742290010313
Dataset_Shard_0100000_0199999,train,NDEQ8jZEeMg,2,50,0.0971888010762632,0.0674950871616602,0.1740031612664461,0.14348808724433185,0.24279425621032716,0.43569953762755104,0.7158625275097075,0.6962375716462235,0.8240051474616393
Dataset_Shard_0100000_0199999,train,NDEQ8jZEeMg,5,50,0.09789723880589009,0.08428125828504562,0.18241615191102029,0.14866977997124195,0.2530498069524765,0.4824398118622449,0.7701526701275293,0.7363499390343898,0.8675270184751825
Dataset_Shard_0100000_0199999,train,NDEQ8jZEeMg,10,50,0.1330700819566846,0.13399135321378708,0.19478674724698067,0.16484133556485175,0.27130138635635376,0.6553101084183673,0.82325476449086,0.8024460461221068,0.8933882601066402
Dataset_Shard_0100000_0199999,val,NMv_tUPIx3M,1,50,0.04766825450584292,0.041806651279330254,0.15892542898654938,0.15082561753690243,0.18637086138129233,0.1715752551020408,0.6899695718145555,0.6079965449354074,0.8312954737063218
Dataset_Shard_0100000_0199999,val,NMv_tUPIx3M,2,50,0.06381312534213066,0.05635216645896435,0.17633590519428252,0.16461488358676435,0.2013167241215706,0.29761798469387757,0.7522638387644162,0.6854179477267628,0.8674921968271084
Dataset_Shard_0100000_0199999,val,NMv_tUPIx3M,5,50,0.08108807198703288,0.0803869441151619,0.20257649689912796,0.19995893955230712,0.21727726444602014,0.4040728635204081,0.8221459319829969,0.7784439330922539,0.9014151679674164
Dataset_Shard_0100000_0199999,val,NMv_tUPIx3M,10,50,0.08375913221389056,0.08106309175491333,0.20344397827982902,0.19388479068875314,0.22802628964185714,0.44306640625,0.8138493126515519,0.7613395189662963,0.9040700003291756
Dataset_Shard_0100000_0199999,train,NNaNjLEnyCc,1,50,0.04750024445354938,0.03629445284605026,0.2126460186764598,0.18772446788847447,0.3004226076602936,0.1590509406887755,0.6306450647346015,0.5926881800164214,0.7923037740887767
Dataset_Shard_0100000_0199999,train,NNaNjLEnyCc,2,50,0.05354570130817592,0.040739092975854874,0.2416117922961712,0.21050340726971625,0.3285871646553278,0.1621795280612245,0.6718379982096317,0.632768736877139,0.810479114290276
Dataset_Shard_0100000_0199999,train,NNaNjLEnyCc,5,50,0.0727913948521018,0.05324111133813858,0.27595558412373067,0.23985461615025996,0.3700012411177158,0.22148038903061223,0.7459084931482977,0.7008658271417505,0.8834715323383577
Dataset_Shard_0100000_0199999,train,NNaNjLEnyCc,10,50,0.07235758008435368,0.05663094483315945,0.2845896242558956,0.25099079832434656,0.36689902380108835,0.23301857461734696,0.7867530574320964,0.7552947748757707,0.8781240625028249
Dataset_Shard_0100000_0199999,train,NSBXNBFcSM_,1,50,0.05972096907307918,0.04851650074124336,0.11113147988915444,0.11055663585662842,0.13679057717323304,0.2928910235969388,0.5528414867191956,0.5675531618983461,0.6446091443255777
Dataset_Shard_0100000_0199999,train,NSBXNBFcSM_,2,50,0.08408242215236118,0.06617976725101471,0.15077766817063093,0.14793063893914224,0.16961535204201936,0.37051339285714285,0.6765956558931179,0.6892870171079701,0.728734118905538
Dataset_Shard_0100000_0199999,train,NSBXNBFcSM_,5,50,0.10222556109627476,0.09812507033348083,0.1702281338442117,0.1640081962943077,0.1857801115140319,0.42391382334183675,0.7013023421303711,0.7189024291767753,0.7317302266279575
Dataset_Shard_0100000_0199999,train,NSBXNBFcSM_,10,50,0.1300046143308282,0.09835623949766159,0.18091839753091335,0.18135197326540947,0.1910474245995283,0.529321588010204,0.7605627568710372,0.8034073458108939,0.7829692822588522
Dataset_Shard_0100000_0199999,val,NTTKigtDFOM,1,50,0.0454856996005401,0.020627287216484547,0.11208442223025486,0.10430930926348082,0.13914404629962518,0.15028858418367347,0.39040516789098634,0.3619228576200937,0.4998618177123798
Dataset_Shard_0200000_0299999,val,NTTKigtDFOM,1,50,0.03698872543871403,0.02919820509850979,0.11477896526455879,0.11326451864093542,0.150492220595479,0.13468949298469388,0.44238165336173974,0.41822071601631594,0.557080128472726
Dataset_Shard_0100000_0199999,val,NTTKigtDFOM,2,50,0.06232611868530512,0.03176986984908581,0.13647475726902486,0.12912901237607002,0.1747290014475584,0.20551458864795918,0.46379115824622963,0.4283979279536351,0.5881728427548161
Dataset_Shard_0200000_0299999,val,NTTKigtDFOM,2,50,0.055086192712187766,0.03728602081537247,0.14441893622279167,0.140711178034544,0.18192252844572068,0.18461375956632653,0.5175653660869228,0.49299972942632336,0.6287141324893506
Dataset_Shard_0100000_0199999,val,NTTKigtDFOM,5,50,0.07273588862270117,0.04384920559823513,0.14202833898365497,0.12336222231388091,0.1983168612420559,0.2499772799744898,0.49776801113747,0.45853745828004144,0.6350189265747158
Dataset_Shard_0200000_0299999,val,NTTKigtDFOM,5,50,0.07377077458426357,0.0565287284553051,0.17950098618865012,0.1751597448438406,0.21604999206960201,0.23871014030612245,0.5990260456922336,0.5710330308264534,0.7043360209292867
Dataset_Shard_0100000_0199999,val,NTTKigtDFOM,10,50,0.07572034154087305,0.04361914098262787,0.14997790269553662,0.1262891547381878,0.21384121492505073,0.25306879783163266,0.4978624151537538,0.45305455357716895,0.6434180049476236
Dataset_Shard_0200000_0299999,val,NTTKigtDFOM,10,50,0.09216955356299877,0.07232372090220451,0.21960585981607436,0.21729242838919163,0.26204568907618525,0.29556481186224487,0.7122430309848944,0.6946787871627583,0.7918654170412686
Dataset_Shard_0200000_0299999,train,NTl51OfTzPY,1,50,0.09712885993998498,0.06369400024414062,0.15717583434394328,0.15468625144421821,0.16403883745602799,0.4139736128826531,0.7306130978820944,0.7208804955178479,0.7566106331056995
Dataset_Shard_0200000_0299999,train,NTl51OfTzPY,2,50,0.1165189997444395,0.08810637891292572,0.16225991531158798,0.16060348564293236,0.16964289849507622,0.47127869897959185,0.7213311723962582,0.716005195078276,0.7406106505544581
Dataset_Shard_0200000_0299999,train,NTl51OfTzPY,5,50,0.15079206516034901,0.17060203105211258,0.19277831927640363,0.19307290685130282,0.1943741645407863,0.6165361926020408,0.8371286528519661,0.8348083253817117,0.8506482486581226
Dataset_Shard_0200000_0299999,train,NTl51OfTzPY,10,50,0.14940073020756245,0.16517756879329681,0.20584745898842813,0.20465604916214944,0.20840799808502197,0.5906644610969388,0.8696568818635817,0.8643370809862124,0.885902533162756
Dataset_Shard_0200000_0299999,train,Nd5eAZn0k8Q,1,50,0.049800348468124866,0.04169589653611183,0.11894840188324451,0.12868528984487057,0.1228973001986742,0.22360491071428573,0.600192817600982,0.6419954446984713,0.6104808127994574
Dataset_Shard_0200000_0299999,train,Nd5eAZn0k8Q,2,50,0.060100756753236055,0.05620749853551388,0.13583906039595603,0.14509996734559535,0.13903602488338948,0.2531477200255102,0.661490247158018,0.7057823262612084,0.6685994056535033
Dataset_Shard_0200000_0299999,train,Nd5eAZn0k8Q,5,50,0.07885115973651409,0.07500240579247475,0.1609357352554798,0.16344700030982495,0.16723498061299324,0.3464488998724489,0.7680613858068328,0.7955754844718923,0.7733199633486112
Dataset_Shard_0200000_0299999,train,Nd5eAZn0k8Q,10,50,0.08280946087092161,0.07608887180685997,0.17330685764551162,0.18635987915098667,0.17904905572533608,0.33842793367346935,0.7770295509514034,0.8087673410798528,0.7903959453685546
Dataset_Shard_0200000_0299999,train,Nenwue8ACQE,1,50,0.07762029143050313,0.04593743197619915,0.17087645924650133,0.16295598930679261,0.22225725093856455,0.2899286511479592,0.6713507650954845,0.6502487852829568,0.8075462947932681
Dataset_Shard_0200000_0299999,train,Nenwue8ACQE,2,50,0.08772536408156156,0.06890971213579178,0.18211152255535126,0.17346979200839996,0.2527954889833927,0.3668578603316327,0.7457561945773523,0.7184589524479147,0.8891407813277408
Dataset_Shard_0200000_0299999,train,Nenwue8ACQE,5,50,0.10488700103014707,0.10463236644864082,0.21032785266637802,0.2011791394650936,0.249969572275877,0.43629065688775515,0.8083916518608909,0.7876169410626486,0.8958641716729047
Dataset_Shard_0200000_0299999,train,Nenwue8ACQE,10,50,0.1418040781095624,0.12886982411146164,0.22310513287782668,0.2159074904024601,0.2755799061059952,0.5774776785714285,0.844003978679213,0.8231804646462944,0.9489111107585195
Dataset_Shard_0200000_0299999,train,NjNROlXjW5I,1,50,0.03348798687569797,0.02607830800116062,0.11573928929399699,0.10836670297663659,0.13055420552846045,0.1564628507653061,0.6334558269955018,0.5674775267284252,0.7060522414095649
Dataset_Shard_0200000_0299999,train,NjNROlXjW5I,2,50,0.04232281599443013,0.0339792687445879,0.1292039181562359,0.12516793519258498,0.13865736227302478,0.21610969387755102,0.6912737413128991,0.6389926851297194,0.7439564981851613
Dataset_Shard_0200000_0299999,train,NjNROlXjW5I,5,50,0.059227400745730845,0.05201970040798187,0.15337149159517138,0.1579837276833132,0.15737515641842037,0.29372448979591836,0.7945505314527769,0.7739305398494338,0.8261730761586553
Dataset_Shard_0200000_0299999,train,NjNROlXjW5I,10,50,0.05708936918526888,0.04141664505004883,0.15461440086364747,0.15312427133321763,0.1641157300770283,0.277269212372449,0.8133125850456733,0.7787039858933106,0.8583738869934185
Dataset_Shard_0200000_0299999,train,NnlJ2WtQxhw,1,50,0.04136920068413019,0.03204409498721361,0.09323477171361447,0.08900361493229866,0.11079576548188924,0.20285395408163265,0.5179828413092111,0.47848981046625716,0.6204060233886823
Dataset_Shard_0200000_0299999,train,NnlJ2WtQxhw,2,50,0.04760260565206408,0.03915785253047943,0.10735979340970517,0.10123392693698406,0.12433010101318359,0.23705676020408162,0.6087420447421453,0.5674197379971928,0.7275743691520675
Dataset_Shard_0200000_0299999,train,NnlJ2WtQxhw,5,50,0.06383870035409928,0.05428097024559975,0.13301037423312664,0.1272829081863165,0.142277999073267,0.3313237404336735,0.7270463899637386,0.6977615712606448,0.7933922787523975
Dataset_Shard_0200000_0299999,train,NnlJ2WtQxhw,10,50,0.06752840261906386,0.05844209901988506,0.13457870095968247,0.1283907749503851,0.14017708331346512,0.3444909917091837,0.7586755170541453,0.7187697198776074,0.8227784789023979
Dataset_Shard_0200000_0299999,train,NsLZGmOq9MM,1,50,0.023845841446891426,0.015388967469334602,0.16781906303018332,0.15710002042353152,0.21227221706882118,0.07800183354591836,0.5362273227832979,0.5159834568786598,0.637620701275845
Dataset_Shard_0200000_0299999,train,NsLZGmOq9MM,2,50,0.04311643640510738,0.03054489940404892,0.26331258125603196,0.24923294566571713,0.32646253902465106,0.12778778698979593,0.7292898748061988,0.7129717092803142,0.7975737068893328
Dataset_Shard_0200000_0299999,train,NsLZGmOq9MM,5,50,0.04909024031832814,0.03421733342111111,0.2799747782945633,0.26672188818454745,0.33698116984218357,0.14825892857142858,0.7852651335348155,0.7738793552666339,0.8444545825650206
Dataset_Shard_0200000_0299999,train,NsLZGmOq9MM,10,50,0.05348203811794519,0.03967093117535114,0.27317534685134887,0.25856353998184206,0.33238653108477595,0.16647361288265305,0.7971887202034972,0.7821574355982128,0.8831364953290529
Dataset_Shard_0200000_0299999,train,Nt95VxNw1JA,1,50,0.05255439655855298,0.045900993049144745,0.10567710805684329,0.09726448878645896,0.14526773568242787,0.25350047831632655,0.5152109637785056,0.4891345120638823,0.6419398077753375
Dataset_Shard_0200000_0299999,train,Nt95VxNw1JA,2,50,0.07013450648635626,0.05660868436098099,0.13016526959836483,0.11999171994626522,0.1818778244405985,0.31533083545918367,0.5813413346041484,0.5518099436868635,0.7377723749308726
Dataset_Shard_0200000_0299999,train,Nt95VxNw1JA,5,50,0.0740836863592267,0.0709003135561943,0.1406409625709057,0.13076757661998273,0.18824773132801056,0.33751395089285713,0.651345946603986,0.6286527821496106,0.7637245302411142
Dataset_Shard_0200000_0299999,train,Nt95VxNw1JA,10,50,0.07765062410384417,0.07552367448806763,0.15183714404702187,0.14022866502404213,0.2077805805206299,0.34761639030612246,0.6736352950992774,0.6513565244239417,0.7915703167691526
Dataset_Shard_0200000_0299999,train,NumylOGDIqs,1,50,0.0701931295543909,0.057597557082772255,0.2120257443934679,0.2083451546728611,0.21710959397256374,0.27337452168367343,0.7314204806116693,0.704362303475052,0.8010003050663481
Dataset_Shard_0200000_0299999,train,NumylOGDIqs,2,50,0.09364270779158687,0.07272979989647865,0.2204517645347937,0.21493826435514848,0.22668174540207361,0.3921603954081633,0.7670587197375787,0.7460500958810983,0.8184002246776386
Dataset_Shard_0200000_0299999,train,NumylOGDIqs,5,50,0.11332982574589551,0.10606890544295311,0.24541527630761265,0.24094141363166272,0.24891691927332432,0.5090947863520409,0.8118047596119783,0.7953505048517568,0.848263477085423
Dataset_Shard_0200000_0299999,train,NumylOGDIqs,10,50,0.14929183013737202,0.14724930375814438,0.272392970174551,0.2721744230389595,0.2674404871463776,0.6276478794642857,0.88598620624275,0.8738224354538714,0.9184118001943553
Dataset_Shard_0200000_0299999,val,NxPc-RxaurE,1,50,0.06905043072998523,0.06475647911429405,0.12141124671325088,0.1208484048768878,0.13482347551733256,0.2949720982142857,0.5450399296434881,0.5189214941024766,0.683135799536721
Dataset_Shard_0200000_0299999,val,NxPc-RxaurE,2,50,0.08459180545061827,0.0821155495941639,0.14107210759073496,0.14194891031831502,0.151156959682703,0.36379663584183675,0.5923655187200871,0.566846848334363,0.7203054651920876
Dataset_Shard_0200000_0299999,val,NxPc-RxaurE,5,50,0.10559755213558673,0.09295397624373436,0.16798264540731908,0.1737737602740526,0.15947369568049907,0.40635363520408163,0.6588627056610099,0.6386301035627429,0.7608772688207722
Dataset_Shard_0200000_0299999,val,NxPc-RxaurE,10,50,0.1342237066850066,0.127347644418478,0.1902390306442976,0.19988514855504036,0.17612820893526077,0.535522161989796,0.7103240125759676,0.685575912514942,0.8179285068174198
Dataset_Shard_0200000_0299999,train,O6svjbPlqR0,1,50,0.03858130706474185,0.032069260254502296,0.1299581728130579,0.12483358539640904,0.13892214246094226,0.15943279655612244,0.5978540689274664,0.5278957097544079,0.7111238233485239
Dataset_Shard_0200000_0299999,train,O6svjbPlqR0,2,50,0.04957888823002577,0.0381934829056263,0.16278908714652063,0.16395200215280056,0.15764025703072548,0.19911152742346938,0.7004215740368113,0.6447089512447526,0.7975665263086098
Dataset_Shard_0200000_0299999,train,O6svjbPlqR0,5,50,0.062342063933610914,0.046915292739868164,0.18291555285453798,0.19119235545396804,0.16732273012399673,0.25748485331632653,0.7748002853439343,0.7327552256849188,0.8382066489405902
Dataset_Shard_0200000_0299999,train,O6svjbPlqR0,10,50,0.07391661256551743,0.07113277167081833,0.20782053276896476,0.22017214208841324,0.1846926388144493,0.30502551020408164,0.8334772333183896,0.7937856102678694,0.8859439453074083
Dataset_Shard_0200000_0299999,val,OK0NO9Pofgk,1,50,0.0512439121119678,0.03402283973991871,0.15103655315935613,0.11543911971151828,0.22533848598599435,0.1652834024234694,0.5241087251423407,0.4330613379542557,0.7179706205814144
Dataset_Shard_0200000_0299999,val,OK0NO9Pofgk,2,50,0.055397820454090835,0.03828497603535652,0.17053638957440853,0.13017980620265007,0.2399228936433792,0.1865951849489796,0.5841488125851616,0.48904149812830044,0.7654828177325922
Dataset_Shard_0200000_0299999,val,OK0NO9Pofgk,5,50,0.09211260903626681,0.07767517492175102,0.22524677217006683,0.1897600147128105,0.28560382932424544,0.35763950892857144,0.7309476179216585,0.6654099355322913,0.8620737623719487
Dataset_Shard_0200000_0299999,val,OK0NO9Pofgk,10,50,0.11236965037882328,0.10569797083735466,0.2409321302175522,0.20954828955233096,0.2856432168185711,0.4588719706632653,0.761898778200166,0.6861888109093245,0.9027427448774041
Dataset_Shard_0200000_0299999,test,OLLAoZsGd0Q,1,50,0.0562826675362885,0.03319149278104305,0.13539446331560612,0.12323238037526607,0.16440279953181744,0.23033761160714283,0.5337880032240291,0.4914015539502016,0.6602915243243779
Dataset_Shard_0200000_0299999,test,OLLAoZsGd0Q,2,50,0.05480687852948904,0.03998625464737415,0.14263796135783197,0.12533212669193744,0.17902121514081956,0.25466597576530614,0.5603242789092684,0.5153832267863168,0.706800273105041
Dataset_Shard_0200000_0299999,test,OLLAoZsGd0Q,5,50,0.10621380096301436,0.08007288724184036,0.2045919092744589,0.1923223516345024,0.21947310268878936,0.44672193877551025,0.692104844877403,0.6582054789585234,0.8021092250188281
Dataset_Shard_0200000_0299999,test,OLLAoZsGd0Q,10,50,0.11871900908648968,0.1023855060338974,0.22591763012111188,0.21772266954183578,0.24159864887595175,0.522565768494898,0.7210533567549595,0.6896242068965441,0.8362426015682186
Dataset_Shard_0200000_0299999,train,OOXpm9RUBr4,1,50,0.09951374460011721,0.06104530766606331,0.15971966959536077,0.15440889656543733,0.17783336650580167,0.34588249362244894,0.6287204382079308,0.5605154782949322,0.6952616937936259
Dataset_Shard_0200000_0299999,train,OOXpm9RUBr4,2,50,0.10744495876133442,0.0707291029393673,0.17010281443595887,0.1609386932104826,0.19511286318302154,0.3763277264030612,0.6713575102771956,0.6100287583567525,0.7449196912769215
Dataset_Shard_0200000_0299999,train,OOXpm9RUBr4,5,50,0.1484350671991706,0.10956405475735664,0.19880935654044152,0.19667689353227616,0.2227523572742939,0.4937591677295919,0.7418186844509712,0.692463664093159,0.8055672683396297
Dataset_Shard_0200000_0299999,train,OOXpm9RUBr4,10,50,0.17863535113632678,0.1349242702126503,0.23391550451517104,0.23859763637185097,0.23698911398649217,0.5755695950255102,0.7856107237654564,0.7438237264315751,0.8264826487102487
Dataset_Shard_0200000_0299999,train,Oh6s2ckLVCc,1,50,0.04978249138221145,0.033612193539738655,0.17058820638805627,0.16247887831181287,0.20034322246909142,0.20742944834183674,0.6981649537799208,0.6530119980051257,0.8093599259982088
Dataset_Shard_0200000_0299999,train,Oh6s2ckLVCc,2,50,0.050470944195985794,0.040371123701334,0.18342973195016385,0.17787743616849183,0.21456674471497536,0.2233872767857143,0.7333865094825895,0.6870433597948407,0.8422731329499398
Dataset_Shard_0200000_0299999,train,Oh6s2ckLVCc,5,50,0.06947207935154438,0.062399620190262794,0.19980250492691995,0.19514827229082585,0.2305413854122162,0.30073939732142857,0.7967413790652808,0.7511688889226026,0.8944358283014836
Dataset_Shard_0200000_0299999,train,Oh6s2ckLVCc,10,50,0.07733699664473534,0.05806119367480278,0.20200482562184333,0.1965314593911171,0.2386692214012146,0.3623282047193877,0.7986364253040135,0.7582007908395059,0.8964163935917517
Dataset_Shard_0200000_0299999,val,Oxh1el_9L68,1,50,0.1655141843855381,0.09655220061540604,0.20304526180028915,0.1998121604323387,0.20525007173419,0.5546859056122448,0.7452689587117451,0.6913717289095215,0.8105260877879025
Dataset_Shard_0200000_0299999,val,Oxh1el_9L68,2,50,0.21033771246671676,0.16666310280561447,0.26046413540840146,0.2650378604233265,0.25174841195344927,0.6803866390306123,0.8417213580917092,0.7988088546366718,0.8918777643805232
Dataset_Shard_0200000_0299999,val,Oxh1el_9L68,5,50,0.19135300442576408,0.16354269534349442,0.26992618426680565,0.2861262567341328,0.24744342952966691,0.7035522959183673,0.8808119904200943,0.8600899809221743,0.9119875495961486
Dataset_Shard_0200000_0299999,val,Oxh1el_9L68,10,50,0.19900326415896416,0.17777302861213684,0.27913877338171006,0.2976064847409725,0.25659536331892013,0.7249338329081633,0.8985552821424165,0.8763022104268746,0.9198820270190176
Dataset_Shard_0200000_0299999,train,P42sNbDRQVI,1,50,0.08668631252323394,0.0442787017673254,0.19349653770768782,0.1843181196236401,0.22466366501932497,0.27852798150510205,0.6774624660343193,0.6529130244135872,0.8035624863698132
Dataset_Shard_0200000_0299999,train,P42sNbDRQVI,2,50,0.1552254840359092,0.062365416437387466,0.23829031366854905,0.23133481629192829,0.2645118120126426,0.44703683035714287,0.7902627046461046,0.7799800712099854,0.8609582658657324
Dataset_Shard_0200000_0299999,train,P42sNbDRQVI,5,50,0.20539379242807626,0.184153214097023,0.2641894232481718,0.25502119921147826,0.2861165277287364,0.5829364636479591,0.8490810694041359,0.8393059801398925,0.9015302776659374
Dataset_Shard_0200000_0299999,train,P42sNbDRQVI,10,50,0.23345544792711734,0.2455529123544693,0.32983584716916087,0.3291288124024868,0.3135125695168972,0.6370260682397959,0.8939800877662063,0.8885269248763311,0.9155616982658569
Dataset_Shard_0200000_0299999,train,PAp-oCbJbao,1,50,0.03362866211682558,0.022974672727286816,0.09828310176730155,0.08661724247038365,0.14548868469893933,0.1878651147959184,0.5636383931117138,0.5243308966400885,0.6921041239472926
Dataset_Shard_0200000_0299999,train,PAp-oCbJbao,2,50,0.04527156377211213,0.03229139465838671,0.1139349226653576,0.10405277445912361,0.14921997383236885,0.22104073660714285,0.6315744546690235,0.6066957846567045,0.7151596211406027
Dataset_Shard_0200000_0299999,train,PAp-oCbJbao,5,50,0.08404984356835485,0.05518851988017559,0.1458507490158081,0.12492429316043854,0.19990914031863213,0.4529356664540816,0.717521740228596,0.6831906706676206,0.7991043460148088
Dataset_Shard_0200000_0299999,train,PAp-oCbJbao,10,50,0.07968140913173556,0.07396874204277992,0.13974602475762368,0.12348284766077995,0.18473973013460637,0.5023656728316327,0.7462766724977683,0.7210300333760788,0.8094124230996645
Dataset_Shard_0200000_0299999,train,PBh8_Cc90uw,1,50,0.06172613049857319,0.056556228548288345,0.09025696258991957,0.0826325300335884,0.10959450064226985,0.2982258450255102,0.45958937266036215,0.396331930636168,0.5749612161505708
Dataset_Shard_0200000_0299999,train,PBh8_Cc90uw,2,50,0.0861215077713132,0.07145480811595917,0.11204207405447959,0.1102220892906189,0.1438871596008539,0.3707182716836735,0.5370963006174301,0.48971417714290555,0.6847110514552134
Dataset_Shard_0200000_0299999,train,PBh8_Cc90uw,5,50,0.098451675362885,0.08747952803969383,0.12763887874782084,0.12583584651350976,0.15655755706131458,0.43565688775510203,0.6250987492975218,0.5737994822574884,0.754938591263253
Dataset_Shard_0200000_0299999,train,PBh8_Cc90uw,10,50,0.1027625759318471,0.09722152352333069,0.133593073412776,0.12551374401897192,0.15997513860464097,0.4557138871173469,0.664776636729697,0.6229210348782545,0.7564652501211302
Dataset_Shard_0200000_0299999,train,PCuj0aU8-4E,1,50,0.05852120984345675,0.05351238138973713,0.1263852758705616,0.11315268516540528,0.1693107157945633,0.271667330994898,0.6318696043500195,0.5848477876270826,0.7681319380313293
Dataset_Shard_0200000_0299999,train,PCuj0aU8-4E,2,50,0.07610114589333535,0.06587201356887817,0.14505658201873303,0.1299509821087122,0.18919657692313194,0.3285367506377551,0.6886888404916865,0.6417016250192621,0.8107250422486092
Dataset_Shard_0200000_0299999,train,PCuj0aU8-4E,5,50,0.08231004443019628,0.07747097685933113,0.1558994659781456,0.1401682449132204,0.19593085452914238,0.37391541772959186,0.7182549850644872,0.6640938916302157,0.8419595891761373
Dataset_Shard_0200000_0299999,train,PCuj0aU8-4E,10,50,0.09536837957799435,0.0852663479745388,0.17240235418081284,0.1591403080523014,0.21279491290450095,0.40601881377551025,0.7513398096251181,0.7113822456326566,0.8602804336990385
Dataset_Shard_0200000_0299999,train,PF0ym46Ji90,1,50,0.09297155071049928,0.07755923643708229,0.1670540813356638,0.1553316617384553,0.1833108103275299,0.33029615752551017,0.6465714090970708,0.5886356924207754,0.6977651190022681
Dataset_Shard_0200000_0299999,train,PF0ym46Ji90,2,50,0.12601341232657431,0.11096682399511337,0.20473191007971764,0.1937888230010867,0.21434292078018188,0.4291326530612245,0.7171100518005197,0.6429558475424093,0.7723246256005869
Dataset_Shard_0200000_0299999,train,PF0ym46Ji90,5,50,0.1539836523681879,0.15181023627519608,0.22628424428403376,0.20862514577805996,0.2285945998132229,0.5154356664540817,0.7836650827895834,0.7237845575127655,0.819634039760547
Dataset_Shard_0200000_0299999,train,PF0ym46Ji90,10,50,0.1934551192075014,0.16276175528764725,0.2597542056441307,0.26090251207351683,0.2587238010764122,0.6134267378826531,0.8479663736453865,0.8069386470516399,0.8806540782820841
Dataset_Shard_0200000_0299999,train,PGb6eporHd4,1,50,0.08194846127182245,0.05708541348576546,0.13506002463400363,0.14714075282216071,0.14129416793584823,0.3427618781887755,0.5652365067660209,0.5248174547420701,0.6130153731490384
Dataset_Shard_0200000_0299999,train,PGb6eporHd4,2,50,0.08348056005313992,0.059875382110476494,0.14874789550900458,0.14546522080898286,0.15171143054962158,0.33888273278061226,0.6008027910548526,0.538847517362034,0.656512194795908
Dataset_Shard_0200000_0299999,train,PGb6eporHd4,5,50,0.10091019600629807,0.07038890197873116,0.1624945579469204,0.1799024347215891,0.16506442800164223,0.4133816964285715,0.6689088453712099,0.6398789255792278,0.690904416474874
Dataset_Shard_0200000_0299999,train,PGb6eporHd4,10,50,0.12881157536059618,0.07466382905840874,0.191411319822073,0.2146021668612957,0.17383680865168571,0.4690644929846939,0.7334438349232448,0.728776083453003,0.7404384536358646
Dataset_Shard_0200000_0299999,val,PON6UARN2Ho,1,50,0.07355976531282067,0.07217057794332504,0.11903874263167381,0.11716546967625618,0.13388589195907116,0.39369977678571433,0.6755367160243524,0.66335208633461,0.7296331176932145
Dataset_Shard_0200000_0299999,val,PON6UARN2Ho,2,50,0.07098747786134481,0.07289216294884682,0.12367014318704606,0.11622721418738365,0.1500903010368347,0.38943757971938775,0.7148857711415783,0.6970543715172076,0.769030694993099
Dataset_Shard_0200000_0299999,val,PON6UARN2Ho,5,50,0.09018449068069458,0.09121150150895119,0.13298840284347535,0.12652953431010247,0.1578780795633793,0.49104073660714287,0.7604134361667376,0.74968590504233,0.8171059611475829
Dataset_Shard_0200000_0299999,val,PON6UARN2Ho,10,50,0.1014942230284214,0.09215883165597916,0.1449977731704712,0.13979721650481225,0.16037774249911307,0.555793606505102,0.78371699142705,0.768020487159485,0.8224189656570071
Dataset_Shard_0200000_0299999,val,PQO_bd79mec,1,50,0.17058019530028104,0.190468430519104,0.20293453571386635,0.2121334914676845,0.18725682863034307,0.6857298309948979,0.7887064097848909,0.7858482241578014,0.8136817640060805
Dataset_Shard_0200000_0299999,val,PQO_bd79mec,2,50,0.20770136278122664,0.21826308220624924,0.22460917107760905,0.23778065998107195,0.20697944678366184,0.8258203125,0.8611727316622476,0.8602926886909802,0.863968774137152
Dataset_Shard_0200000_0299999,val,PQO_bd79mec,5,50,0.21568644642829896,0.21691348403692245,0.24691864386200904,0.2548083242028952,0.2210720333456993,0.8367765465561224,0.8939716080150392,0.8970514003282001,0.8923879105617858
Dataset_Shard_0200000_0299999,val,PQO_bd79mec,10,50,0.2252267923206091,0.22198203206062317,0.23523208655416966,0.24824373543262482,0.22749172821640967,0.866299824617347,0.9051840539212525,0.9069453791048219,0.9063408134919237
Dataset_Shard_0200000_0299999,train,PVyHZ65Fny0,1,50,0.14206502504646779,0.11875427141785622,0.2083846375346184,0.2057123566418886,0.2225655010342598,0.5185024713010205,0.7351552563377601,0.6849854455665771,0.8116561905833589
Dataset_Shard_0200000_0299999,train,PVyHZ65Fny0,2,50,0.1553804487735033,0.10388102009892464,0.21228896856307983,0.21802983522415162,0.22911393791437148,0.516571269132653,0.7287843214214371,0.6895962934662421,0.7951929156324938
Dataset_Shard_0200000_0299999,train,PVyHZ65Fny0,5,50,0.22052172712981702,0.22755833715200424,0.2668344849348068,0.2705796524882317,0.2708335396647453,0.6756564891581632,0.8430620335242243,0.8234122613262618,0.8634447925932983
Dataset_Shard_0200000_0299999,train,PVyHZ65Fny0,10,50,0.21339819468557836,0.22825904190540314,0.2662194660305977,0.28550778299570084,0.2619902637600899,0.6807166772959183,0.8433679432668142,0.8201205999987393,0.8784829082274918
Dataset_Shard_0200000_0299999,test,PfsdriLJNvI,1,50,0.07401704475283623,0.06589897349476814,0.15921110169234454,0.15690447073779068,0.1740833472009399,0.3121807238520408,0.7079455195055637,0.6595879266487142,0.78458295723398
Dataset_Shard_0200000_0299999,test,PfsdriLJNvI,2,50,0.09782999062910676,0.07066389545798302,0.20169433280825616,0.19417995430529117,0.2190905550122261,0.37902224170918364,0.8147227239253486,0.777791179897744,0.877190470561645
Dataset_Shard_0200000_0299999,test,PfsdriLJNvI,5,50,0.10458423133939504,0.08285265788435936,0.19922224566340446,0.19069501891732216,0.223096105158329,0.46426139987244897,0.8200055112718739,0.7714788725687279,0.8944889714661318
Dataset_Shard_0200000_0299999,test,PfsdriLJNvI,10,50,0.14010918870568276,0.11372092366218567,0.22879821479320525,0.23420982517302036,0.23187652975320816,0.6300669642857143,0.901229374451469,0.8743224203871391,0.9369319775341468
Dataset_Shard_0200000_0299999,train,Pft9pKcpJfQ,1,50,0.025060808402486145,0.011805139016360044,0.10150002226233483,0.09953131087124348,0.1398149476479739,0.10138472576530612,0.41042203618199125,0.3955009744459675,0.6352388009013236
Dataset_Shard_0200000_0299999,train,Pft9pKcpJfQ,2,50,0.03713797648437321,0.019294215366244316,0.11849263060837983,0.11493874169886112,0.17493614964187146,0.1534131855867347,0.4838025772691224,0.46424042511926245,0.7516204481894129
Dataset_Shard_0200000_0299999,train,Pft9pKcpJfQ,5,50,0.056054333653301,0.02532240841537714,0.14295183554291724,0.13978298574686052,0.1703645371645689,0.2368160076530612,0.6028316619964865,0.586679311841477,0.7450451037790126
Dataset_Shard_0200000_0299999,train,Pft9pKcpJfQ,10,50,0.0912253306992352,0.04450603201985359,0.18829127050936223,0.18847153574228287,0.20747174125164747,0.3846699617346939,0.7241701096386504,0.7187987668500335,0.8416807154628103
Dataset_Shard_0200000_0299999,train,Pxfgv-VzJb8,1,50,0.028933056730311366,0.01981222163885832,0.1269065308943391,0.11222630973905325,0.1901764127612114,0.11774354272959182,0.4965487895861687,0.45659192211212896,0.6472083969846598
Dataset_Shard_0200000_0299999,train,Pxfgv-VzJb8,2,50,0.053483156841248276,0.03882165066897869,0.16647850862704217,0.15219943410716952,0.2197181302309036,0.20229671556122447,0.5965678850089461,0.5521777547292368,0.7308782501733073
Dataset_Shard_0200000_0299999,train,Pxfgv-VzJb8,5,50,0.08144826818257571,0.07058347761631012,0.23049959011375903,0.21509884864091874,0.29082479000091555,0.32219308035714284,0.772760087932606,0.7480277109573628,0.8470899051393951
Dataset_Shard_0200000_0299999,train,Pxfgv-VzJb8,10,50,0.12187823073938489,0.10154910385608673,0.2617636336386204,0.24124212801456452,0.324165443778038,0.48890744579081635,0.8526738594259138,0.8326506656757193,0.9007683455347459
Dataset_Shard_0200000_0299999,train,Q3-hgENLscU,1,50,0.08939531847834586,0.08264276012778282,0.1574112529307604,0.14577012963593006,0.17895454235374927,0.3646831154336735,0.6807137239106177,0.6988727080589717,0.7090695117810166
Dataset_Shard_0200000_0299999,train,Q3-hgENLscU,2,50,0.10859117016196251,0.09510714560747147,0.17151152297854425,0.16008797563612462,0.1936590139567852,0.5064979272959184,0.7431451022678711,0.759609408233935,0.7644626595182027
Dataset_Shard_0200000_0299999,train,Q3-hgENLscU,5,50,0.17564774319529533,0.18514449149370193,0.23413008868694304,0.2079421854019165,0.25265234619379046,0.7078228635204081,0.8655136215475865,0.8635049411479578,0.8758100093310933
Dataset_Shard_0200000_0299999,train,Q3-hgENLscU,10,50,0.17267121136188507,0.17340634018182755,0.24223733738064765,0.2144919940829277,0.25837827727198603,0.6718833705357143,0.8570346375194174,0.8578204726584866,0.8643367904950682
Dataset_Shard_0200000_0299999,train,QGuO3Ikm9L0,1,50,0.052103295386768875,0.03089919686317444,0.14823866933584212,0.14930477511137724,0.14655013501644135,0.21816685267857142,0.5630729320746058,0.559395337065445,0.689221861553534
Dataset_Shard_0200000_0299999,train,QGuO3Ikm9L0,2,50,0.07802804455161094,0.059998415410518646,0.20647072054445745,0.2069298904016614,0.20707215055823325,0.3276351243622449,0.6759545365396346,0.6631598501862891,0.7859259103617126
Dataset_Shard_0200000_0299999,train,QGuO3Ikm9L0,5,50,0.08980672292411328,0.08361385017633438,0.2381103092432022,0.23915077358484269,0.22956484481692313,0.43863241390306124,0.7793810573413036,0.7724304711923551,0.8356297333712217
Dataset_Shard_0200000_0299999,train,QGuO3Ikm9L0,10,50,0.13828500784933567,0.1452588438987732,0.2756888121366501,0.28818521738052366,0.2449353773146868,0.5888616071428572,0.8331368790084889,0.8410769456363637,0.8490962762699499
Dataset_Shard_0200000_0299999,test,QJ-yAwmzwSs,1,50,0.03854115465655923,0.037239883095026016,0.1143630138039589,0.11099320232868194,0.15260967321693897,0.1735447225765306,0.55042856166399,0.5217367000748,0.6976051851285985
Dataset_Shard_0200000_0299999,test,QJ-yAwmzwSs,2,50,0.053289050329476596,0.04518322832882404,0.13463721089065075,0.12976264834403992,0.1648826874047518,0.22211854272959183,0.6140324016335003,0.5804515443695419,0.7328752236015541
Dataset_Shard_0200000_0299999,test,QJ-yAwmzwSs,5,50,0.06364776242524385,0.05504791997373104,0.15590814620256424,0.1585144744068384,0.1725461409986019,0.274234693877551,0.6535911251172709,0.624587668792475,0.7685868619437892
Dataset_Shard_0200000_0299999,test,QJ-yAwmzwSs,10,50,0.07388194516301155,0.06638994067907333,0.16905261687934398,0.16702711023390293,0.18997009813785554,0.3211176658163265,0.707675182734444,0.6802253970620792,0.8116074705595667
Dataset_Shard_0200000_0299999,test,QLqrGlVdPCw,1,50,0.043905924420269,0.027255105786025524,0.11356714813918643,0.0920464163975521,0.15968476591500802,0.20563775510204083,0.5523946130245602,0.4739254711014243,0.7132011421728189
Dataset_Shard_0200000_0299999,test,QLqrGlVdPCw,2,50,0.08888548292219639,0.06332476995885372,0.18565783008933068,0.17388157110661268,0.2160479014366865,0.4110140306122449,0.7273102032289502,0.6672728376496461,0.8587222055651839
Dataset_Shard_0200000_0299999,test,QLqrGlVdPCw,5,50,0.1387753163278103,0.1344347596168518,0.21569495677947997,0.20024652913212776,0.2563612160086632,0.6292498405612245,0.815082491864449,0.7720017163688698,0.9196808777058078
Dataset_Shard_0200000_0299999,test,QLqrGlVdPCw,10,50,0.12784915074706077,0.1325431391596794,0.20293864533305167,0.17894275404512883,0.25522643834352493,0.6609088010204082,0.8241506962635001,0.7755876696269657,0.9267061698432317
Dataset_Shard_0200000_0299999,train,QPaAUPP0L2s,1,50,0.15251614507287742,0.14690546691417694,0.15827318504452706,0.15577542774379252,0.20781459763646126,0.6380632174744898,0.6983770417012296,0.6779268529419895,0.8233926017952732
Dataset_Shard_0200000_0299999,train,QPaAUPP0L2s,2,50,0.1886397186294198,0.17803563922643661,0.19839660674333573,0.19563253924250604,0.22294701799750327,0.7250741390306122,0.7883291103038793,0.7736341689731943,0.8902827755183853
Dataset_Shard_0200000_0299999,train,QPaAUPP0L2s,5,50,0.2226015555858612,0.22614805400371552,0.22784162640571595,0.22723467618227006,0.2606682348251343,0.8124170918367346,0.8581104053675459,0.8453607098620931,0.9545484190593657
Dataset_Shard_0200000_0299999,train,QPaAUPP0L2s,10,50,0.2492775832861662,0.25916896760463715,0.26409466594457626,0.2640159219503403,0.2714007270336151,0.8432521524234694,0.896551234964386,0.883725060327704,0.9419279553766746
Dataset_Shard_0200000_0299999,train,QRGS3EjB5I4,1,50,0.09157203171402216,0.07653430476784706,0.16094293929636477,0.15650648415088653,0.18079126879572868,0.4475215242346939,0.7507312467081897,0.7377504262775916,0.812160695875082
Dataset_Shard_0200000_0299999,train,QRGS3EjB5I4,2,50,0.10463313966989517,0.09202567860484123,0.17517594516277313,0.16545163944363594,0.19995115011930464,0.5087990274234694,0.7916438919453394,0.7766991509589625,0.857666837452028
Dataset_Shard_0200000_0299999,train,QRGS3EjB5I4,5,50,0.12622603937983512,0.12298043072223663,0.19324157029390335,0.18207415863871573,0.22035505175590514,0.6100542091836735,0.8344666086768336,0.8224194219717623,0.8913000791683561
Dataset_Shard_0200000_0299999,train,QRGS3EjB5I4,10,50,0.15500481233000754,0.16283828020095825,0.21262795329093934,0.2005796644091606,0.23385816767811776,0.7162488042091837,0.8559462627073264,0.8416412146003482,0.8946871439139933
Dataset_Shard_0200000_0299999,test,QULIHG8qXNw,1,50,0.11490722395479679,0.0781690664589405,0.14907831862568854,0.14862526647746563,0.1549760886281729,0.4727822066326531,0.6979106164874015,0.6603253340970094,0.7671460090744335
Dataset_Shard_0200000_0299999,test,QULIHG8qXNw,2,50,0.15668399346992373,0.14211247116327286,0.18969864934682845,0.19181694123893978,0.19683183886110783,0.6075362723214286,0.7819394342845437,0.7677076499595724,0.8151671201523929
Dataset_Shard_0200000_0299999,test,QULIHG8qXNw,5,50,0.1695237834006548,0.184245266020298,0.20461669132113458,0.2064843289554119,0.1947433941066265,0.6516553730867346,0.8390580814063775,0.815011872875923,0.8655441724600348
Dataset_Shard_0200000_0299999,test,QULIHG8qXNw,10,50,0.19627364851534368,0.2128485068678856,0.21324678421020507,0.22037813983857632,0.20136759757995606,0.717613600127551,0.8505775023804278,0.83628837580551,0.8849292612562126
Dataset_Shard_0200000_0299999,train,QZqfMruo1-w,1,50,0.11051931500434875,0.08162609487771988,0.190921328663826,0.19337012737989426,0.18405993312597274,0.41474728954081636,0.7197279782884505,0.6941807359621954,0.720192717188572
Dataset_Shard_0200000_0299999,train,QZqfMruo1-w,2,50,0.09928736485540866,0.0844322070479393,0.18335061982274056,0.17758154824376107,0.18537243656814098,0.38822823660714284,0.7198807002379666,0.6824282008087665,0.7501988864754868
Dataset_Shard_0200000_0299999,train,QZqfMruo1-w,5,50,0.1484812242537737,0.10793163254857063,0.21579752564430238,0.19980495862662792,0.21444950342178346,0.5132788584183673,0.7998763917995059,0.7551334703226179,0.7973633478391356
Dataset_Shard_0200000_0299999,train,QZqfMruo1-w,10,50,0.19072515591979028,0.1312023028731346,0.2583813063800335,0.2392050103843212,0.259312684237957,0.5918526785714286,0.8453885790835468,0.8139368032098427,0.8506126890878377
Dataset_Shard_0200000_0299999,train,R2AgAYViA-Q,1,50,0.06452457987703383,0.05586414784193039,0.13910918284207582,0.14255218490958213,0.14918123267591,0.29862005739795916,0.5537662416719354,0.5055523339237393,0.7010402907366654
Dataset_Shard_0200000_0299999,train,R2AgAYViA-Q,2,50,0.07824672592803836,0.07522854581475258,0.1729083083756268,0.18161825146526098,0.17387018039822577,0.3204312818877551,0.67666159291436,0.6481244718424256,0.7742607183785327
Dataset_Shard_0200000_0299999,train,R2AgAYViA-Q,5,50,0.11577425058931112,0.108202263712883,0.22207353815436362,0.24285186663269998,0.21208313167095183,0.5025143494897959,0.7879876373388973,0.7646056966422355,0.8820908212904162
Dataset_Shard_0200000_0299999,train,R2AgAYViA-Q,10,50,0.12503937646746635,0.12519538775086403,0.21165120117366315,0.2305786256492138,0.18774027556180953,0.5749226721938776,0.7880943596133217,0.7564685976971013,0.8622095040275977
Dataset_Shard_0200000_0299999,train,R8C5qDxBYj0,1,50,0.050339884851127864,0.037917276844382286,0.1208313662186265,0.12875000901520253,0.1223056947439909,0.24912906568877552,0.6550074945057317,0.6844114796340734,0.660498579213597
Dataset_Shard_0200000_0299999,train,R8C5qDxBYj0,2,50,0.07135353522375226,0.05103159695863724,0.14624878883361817,0.15486875630915165,0.14871419832110405,0.3409375,0.7401711598278016,0.7593198096584567,0.7581653663134614
Dataset_Shard_0200000_0299999,train,R8C5qDxBYj0,5,50,0.08695062689483166,0.05623441003262997,0.16247932463884354,0.16865352794528007,0.16591236799955367,0.4058227040816327,0.7914971639271989,0.809741364648399,0.8108263603313539
Dataset_Shard_0200000_0299999,train,R8C5qDxBYj0,10,50,0.08447618499398231,0.06595311313867569,0.14849028170108794,0.15396698504686357,0.15357739761471748,0.4239863679846939,0.7712540018180881,0.7893065781678815,0.793282601831168
Dataset_Shard_0200000_0299999,train,ROt4Y-lkzD8,1,50,0.036158539848402144,0.029427748173475266,0.14189650523767341,0.12943860911691446,0.16816625309242228,0.1455779655612245,0.5128378628384057,0.4546544690377851,0.6380150929525502
Dataset_Shard_0200000_0299999,train,ROt4Y-lkzD8,2,50,0.05307910835370421,0.03996209613978863,0.18974889226257802,0.16867472384124993,0.22364920005202293,0.22132932079081635,0.6358964303883294,0.5716544204434715,0.7487519737472517
Dataset_Shard_0200000_0299999,train,ROt4Y-lkzD8,5,50,0.0898138477280736,0.07194989174604416,0.2327413208782673,0.2187069957703352,0.25628537483513353,0.37899234693877554,0.7381119901665908,0.7066472658398874,0.7916346681398453
Dataset_Shard_0200000_0299999,train,ROt4Y-lkzD8,10,50,0.10355672858655453,0.09596916288137436,0.24352592192590236,0.23169856637716293,0.25763208501040935,0.4752734375,0.7690961820940483,0.7506783072748255,0.8124099123527819
Dataset_Shard_0200000_0299999,train,RUu5-e13gZw,1,50,0.09151528508402407,0.065523661673069,0.22537350319791585,0.22151820095721633,0.24364556435029955,0.3073062818877551,0.7700479074292267,0.7651229757012803,0.8008749605897908
Dataset_Shard_0200000_0299999,train,RUu5-e13gZw,2,50,0.12319348996970803,0.0797303132712841,0.257678317418322,0.2526024191034958,0.2724271587352268,0.4153515625,0.8591855002768828,0.8571973625353386,0.8630256128671147
Dataset_Shard_0200000_0299999,train,RUu5-e13gZw,5,50,0.1986507186293602,0.20230241864919662,0.2944036513566971,0.28888379395008085,0.31026683300733565,0.6574657206632654,0.9105977045596592,0.9063220275968384,0.9194566779411022
Dataset_Shard_0200000_0299999,train,RUu5-e13gZw,10,50,0.21178277098108084,0.23629596829414368,0.3092506561474875,0.3056823579361662,0.3140002191113308,0.6826554528061224,0.9174564348947187,0.915375317702931,0.9182119220533034
Dataset_Shard_0200000_0299999,train,RWeESNvnYQs,1,50,0.0378133768774569,0.02587047778069973,0.11783218450844288,0.11121735218912362,0.13729497246444225,0.1715102838010204,0.5630073036741615,0.4972511539368208,0.6969229703405917
Dataset_Shard_0200000_0299999,train,RWeESNvnYQs,2,50,0.05005272282287478,0.037595752626657486,0.14087314203381537,0.13371697012335063,0.1568305192887783,0.22268494897959182,0.6419827932998371,0.5605034775688328,0.7610948708314634
Dataset_Shard_0200000_0299999,train,RWeESNvnYQs,5,50,0.07842503760010004,0.05162546597421169,0.18673476248979567,0.1928269248455763,0.18824495896697044,0.33387436224489797,0.7864690230395128,0.7365664166617991,0.8633171045459551
Dataset_Shard_0200000_0299999,train,RWeESNvnYQs,10,50,0.10433598857373,0.08852270990610123,0.2120890785753727,0.22367981806397438,0.20510472297668458,0.4660694355867347,0.8578474714513925,0.8224515284918534,0.9123369064746412
Dataset_Shard_0200000_0299999,train,RXnWs2i_f2w,1,50,0.07742610031738878,0.06923403218388557,0.13982007110105768,0.13341707413193946,0.16043802822881845,0.35476442920918366,0.6490279174858717,0.6148972749435536,0.7354977670340225
Dataset_Shard_0200000_0299999,train,RXnWs2i_f2w,2,50,0.08763303183019161,0.08210296183824539,0.15726943050161935,0.14174015727476216,0.18494449030375107,0.42817203443877555,0.7507392891859389,0.7152358848328252,0.8260339693240185
Dataset_Shard_0200000_0299999,train,RXnWs2i_f2w,5,50,0.10217175651341677,0.0907522551715374,0.16675486733671277,0.1582170513784513,0.18993477237876505,0.4902224170918367,0.7678932947639693,0.747556545617956,0.832933724895823
Dataset_Shard_0200000_0299999,train,RXnWs2i_f2w,10,50,0.1164933056756854,0.11042165756225586,0.19516912934836,0.18769280531909316,0.21416389137972147,0.5271779336734693,0.8336103949419525,0.8098067211964626,0.8897130927079764
Dataset_Shard_0200000_0299999,train,RjAhTdGaZpw,1,50,0.04140928562730551,0.0316324457526207,0.11187952995300293,0.11045518085360527,0.11936055451631546,0.20241669323979594,0.586884636769703,0.5293145704554749,0.6588040720087688
Dataset_Shard_0200000_0299999,train,RjAhTdGaZpw,2,50,0.06004478868097067,0.04888501204550266,0.13507455080747605,0.1316415887326002,0.14501364141702652,0.32431640625,0.6676187114365022,0.6058460626827874,0.7498168865345725
Dataset_Shard_0200000_0299999,train,RjAhTdGaZpw,5,50,0.09622899163514376,0.07708738371729851,0.1587981854379177,0.16678089633584023,0.1532216726243496,0.5037264827806123,0.7811364897258796,0.7674486344970394,0.8018608357968213
Dataset_Shard_0200000_0299999,train,RjAhTdGaZpw,10,50,0.08849764220416546,0.05947178229689598,0.15413609609007836,0.1634717220813036,0.15142734736204147,0.4208980389030612,0.7457264789205983,0.7330113697257132,0.7735505375841183
Dataset_Shard_0200000_0299999,train,RrCuR6tPFxI,1,50,0.04018507487140596,0.03930540941655636,0.11367061220109463,0.11677189107984304,0.11176944859325885,0.19533322704081635,0.6132143426603349,0.6152846426615367,0.6182862442190681
Dataset_Shard_0200000_0299999,train,RrCuR6tPFxI,2,50,0.05295429814606905,0.05212247930467129,0.13449885874986647,0.14481474727392196,0.13017355367541314,0.23304328762755103,0.6737675885615456,0.6706075510094345,0.6824919443914825
Dataset_Shard_0200000_0299999,train,RrCuR6tPFxI,5,50,0.07212752021849156,0.06407345458865166,0.15483936458826064,0.1681999146938324,0.14488753005862237,0.29800183354591836,0.7487947989077938,0.7610965527207715,0.7434953291499633
Dataset_Shard_0200000_0299999,train,RrCuR6tPFxI,10,50,0.08038742017000913,0.0733959749341011,0.16177768513560295,0.18006424702703952,0.14940135776996613,0.3179213169642857,0.752953480147022,0.7560106890568439,0.7522357208954642
Dataset_Shard_0200000_0299999,test,S-x-08mtMhM,1,50,0.046852115429002375,0.04511961154639721,0.13596361927629913,0.1153529392182827,0.1579918043303769,0.18110451211734696,0.5794217158989426,0.45665421695741765,0.6681058947347057
Dataset_Shard_0200000_0299999,test,S-x-08mtMhM,2,50,0.052283919103874726,0.05329659581184387,0.1654536184668541,0.14108628910034895,0.18625045746564864,0.1906022799744898,0.6671646312651083,0.5296121595011481,0.7578652437856749
Dataset_Shard_0200000_0299999,test,S-x-08mtMhM,5,50,0.0728170174267143,0.05754475109279156,0.19385637789033353,0.18077178741805255,0.21012107633054256,0.3613384885204081,0.7243354045706346,0.6263478888056092,0.7985071153373946
Dataset_Shard_0200000_0299999,test,S-x-08mtMhM,10,50,0.10059917799895629,0.08337701857089996,0.2238679981417954,0.21000628922134637,0.23905056207440795,0.48857342155612243,0.7913388370070855,0.6797824361972801,0.8716863777228935
Dataset_Shard_0200000_0299999,train,S9MeH6oej30,1,50,0.06830092508345842,0.0636090599000454,0.22011359840631484,0.1933842359483242,0.2788935062289238,0.22864078443877553,0.7264322830768228,0.6805896051871889,0.8365911272405239
Dataset_Shard_0200000_0299999,train,S9MeH6oej30,2,50,0.08101585956290364,0.06859896332025528,0.22690939292311668,0.2003497802466154,0.28409244403243067,0.27525310905612244,0.7314461016968066,0.6826252474199798,0.8458205499447975
Dataset_Shard_0200000_0299999,train,S9MeH6oej30,5,50,0.09644020888954401,0.09630955755710602,0.25838883221149445,0.23796915099024774,0.313696423470974,0.3400239158163265,0.7906794725182426,0.7586687814809738,0.8924666090081118
Dataset_Shard_0200000_0299999,train,S9MeH6oej30,10,50,0.11216016694903373,0.10091349110007286,0.28912491142749785,0.2653528144955635,0.34826181679964063,0.3972241709183673,0.8836057494872243,0.8615606149215012,0.9439535077602611
Dataset_Shard_0200000_0299999,train,SJcqdf3mIc8,1,50,0.018619940627831965,0.002183425473049283,0.07753969917073845,0.07753969917073845,0.018619940627831965,0.046334103954081635,0.30874534699192313,0.30874534699192313,0.046334103954081635
Dataset_Shard_0200000_0299999,train,SJcqdf3mIc8,2,50,0.02715321774594486,0.0034009828232228756,0.11856679514050483,0.11856679514050483,0.02715321774594486,0.07837651466836734,0.45257369548277476,0.45257369548277476,0.07837651466836734
Dataset_Shard_0200000_0299999,train,SJcqdf3mIc8,5,50,0.04015587902162224,0.005608636885881424,0.17701732102781534,0.17701732102781534,0.04015587902162224,0.13083585778061224,0.6136085437359253,0.6136085437359253,0.13083585778061224
Dataset_Shard_0200000_0299999,train,SJcqdf3mIc8,10,50,0.051150364903733134,0.012670757714658976,0.24879025552421807,0.24879025552421807,0.051150364903733134,0.19350486288265306,0.7646745681265255,0.7646745681265255,0.19350486288265306
Dataset_Shard_0200000_0299999,train,SWqtN9u71FI,1,50,0.0788889377238229,0.06626768410205841,0.13947504347655923,0.14478891810867936,0.13745870504993946,0.3276626275510204,0.5761621784948053,0.547362256414623,0.659026241908308
Dataset_Shard_0200000_0299999,train,SWqtN9u71FI,2,50,0.0936037415638566,0.07943256944417953,0.15700748215836938,0.15817028782970738,0.14701331513642799,0.3907481664540816,0.6343937781529206,0.6022286608869407,0.7268524583020998
Dataset_Shard_0200000_0299999,train,SWqtN9u71FI,5,50,0.13015498088672758,0.1266486495733261,0.19308783397078513,0.19051527202129365,0.19577634632587432,0.5256533003826531,0.7641566397229731,0.7133760633208727,0.8518588740412782
Dataset_Shard_0200000_0299999,train,SWqtN9u71FI,10,50,0.15207973100244998,0.14431744068861008,0.22344543017446994,0.2392072785459459,0.19141599257010966,0.572663424744898,0.7830884241485871,0.7660312305298766,0.8389348360569104
Dataset_Shard_0200000_0299999,train,SjbNwQc9Uko,1,50,0.048446850487962365,0.04269757308065891,0.1416885138908401,0.13722740393597632,0.17140484772622586,0.18492386798469387,0.5475015953345912,0.5314775394697121,0.6314054856770901
Dataset_Shard_0200000_0299999,train,SjbNwQc9Uko,2,50,0.07480427127331496,0.06839477643370628,0.21350370414555073,0.2076670843362808,0.24703311055898666,0.28543845663265305,0.7296187528413576,0.7164938351126656,0.8029902957321599
Dataset_Shard_0200000_0299999,train,SjbNwQc9Uko,5,50,0.07771506253629923,0.07161970436573029,0.21522996626794338,0.20860044106841089,0.25441386282444,0.26915138711734693,0.7328452504394639,0.7184172802506329,0.8156506307811542
Dataset_Shard_0200000_0299999,train,SjbNwQc9Uko,10,50,0.08522545535117387,0.07593062147498131,0.23498894572257994,0.22529133275151253,0.2802295398712158,0.3143761957908163,0.7698758176694068,0.7535753744635363,0.8517813770115923
Dataset_Shard_0200000_0299999,train,SpUWKtLtTN8,1,50,0.04985798770561814,0.027440115809440613,0.12785957515239715,0.12053079485893249,0.15595465615391732,0.21197743941326533,0.5985772093897438,0.5861907207160821,0.6458517945565215
Dataset_Shard_0200000_0299999,train,SpUWKtLtTN8,2,50,0.06790425907820463,0.041550569236278534,0.1790502381324768,0.17707602858543395,0.20921972773969175,0.25952606823979596,0.7021181230497454,0.702352828702994,0.7460000859026473
Dataset_Shard_0200000_0299999,train,SpUWKtLtTN8,5,50,0.06391183365136385,0.03277214430272579,0.15941224306821822,0.1444583283364773,0.20010553494095804,0.25711017219387755,0.6691874440888606,0.6533629358442803,0.73228310884453
Dataset_Shard_0200000_0299999,train,SpUWKtLtTN8,10,50,0.12195266036316753,0.13152574002742767,0.2341328063607216,0.23248688720166683,0.2734104315936565,0.4369834183673469,0.8145191583245999,0.8138385522649402,0.8463051869801115
Dataset_Shard_0200000_0299999,train,SrkeG7CkkJY,1,50,0.07429498940706253,0.053727127611637115,0.15055799018591642,0.1519405660778284,0.16029332213103772,0.2960837850765306,0.6236703902622724,0.5757172483458939,0.6541031717536799
Dataset_Shard_0200000_0299999,train,SrkeG7CkkJY,2,50,0.08354240156710148,0.06598332896828651,0.1656856819987297,0.18458597764372825,0.17508939161896706,0.32679129464285717,0.6654142086742625,0.6449096824894457,0.6902787316720079
Dataset_Shard_0200000_0299999,train,SrkeG7CkkJY,5,50,0.12190803103148937,0.08396654576063156,0.20421311780810356,0.22361747398972512,0.21106464236974717,0.43239516900510205,0.7341266297503918,0.7044189555829351,0.75839411159382
Dataset_Shard_0200000_0299999,train,SrkeG7CkkJY,10,50,0.11626865386962891,0.08209770545363426,0.19861849546432495,0.23001803904771806,0.2017007654160261,0.424245455994898,0.7247331382561648,0.7115022136871165,0.7431614998829887
Dataset_Shard_0200000_0299999,train,SsxtoWJHb4o,1,50,0.045512785464525224,0.02988011483103037,0.16597439870238304,0.15881611965596676,0.18021836943924427,0.19255102040816324,0.7464994085667815,0.7193471558268999,0.8101351104041169
Dataset_Shard_0200000_0299999,train,SsxtoWJHb4o,2,50,0.04660350173711777,0.03319533355534077,0.17744791835546495,0.17508292347192764,0.187095917314291,0.1971384725765306,0.790811911684567,0.7721057389254058,0.8517408061166865
Dataset_Shard_0200000_0299999,train,SsxtoWJHb4o,5,50,0.07057163625955581,0.043158527463674545,0.2030050775408745,0.20139193683862686,0.20167949452996253,0.2962065529336735,0.8412920499390678,0.8195405016083294,0.8888097024774653
Dataset_Shard_0200000_0299999,train,SsxtoWJHb4o,10,50,0.11550350416451692,0.07792128995060921,0.23327732622623443,0.23944540798664093,0.21268603444099426,0.5016171077806122,0.8963005450962988,0.8884659144727151,0.9104887040085768
Dataset_Shard_0200000_0299999,train,TDCUZ3rN6H8,1,50,0.06999968767166137,0.07075963541865349,0.14513666108250617,0.13175190426409245,0.15181079089641572,0.31050900829081635,0.6848922967512445,0.642119835435748,0.7125054851950664
Dataset_Shard_0200000_0299999,train,TDCUZ3rN6H8,2,50,0.09351037412881852,0.0887220986187458,0.1606670479476452,0.14664045549929142,0.16966364815831184,0.37653340242346944,0.7041356052473262,0.6734720531874749,0.7285409335541143
Dataset_Shard_0200000_0299999,train,TDCUZ3rN6H8,5,50,0.09977319076657296,0.09540500491857529,0.17026130840182305,0.16482810750603677,0.17792904421687125,0.4189803890306123,0.7454940906239145,0.7433953062710608,0.7634195377381988
Dataset_Shard_0200000_0299999,train,TDCUZ3rN6H8,10,50,0.10255988888442516,0.10251564532518387,0.17346326909959317,0.15552389964461327,0.18372385039925576,0.41481903698979594,0.7424812619358204,0.7041682680107476,0.769942842299434
Dataset_Shard_0200000_0299999,train,TLUD5I3rzoc,1,50,0.05332163220271468,0.04961718991398811,0.14488506361842154,0.13207052655518056,0.16174345940351487,0.21105986926020406,0.6526419183612613,0.5735862370652819,0.7447675228159959
Dataset_Shard_0200000_0299999,train,TLUD5I3rzoc,2,50,0.06165943641215563,0.05015348456799984,0.15625846080482006,0.14682287871837615,0.16988882265985011,0.2436607142857143,0.6922002237070691,0.6294718942307574,0.7677197085286135
Dataset_Shard_0200000_0299999,train,TLUD5I3rzoc,5,50,0.06353186879307032,0.06260153278708458,0.17052186337299646,0.1601600584294647,0.18567701625172048,0.2558649553571428,0.7446593927014233,0.6741970063894197,0.8186158782027515
Dataset_Shard_0200000_0299999,train,TLUD5I3rzoc,10,50,0.09911748625338078,0.0786532610654831,0.19670894533395766,0.1924438862502575,0.20227139562368393,0.3802953603316327,0.8155621313589999,0.7551246286360154,0.8748799418848908
Dataset_Shard_0200000_0299999,val,TMhssQ2rLOc,1,50,0.0961724790930748,0.09081688150763512,0.17535992726683616,0.1617399610579014,0.20259430050849914,0.38058673469387755,0.7064980514150493,0.6761262891460592,0.7750267492168406
Dataset_Shard_0200000_0299999,val,TMhssQ2rLOc,2,50,0.11023482091724873,0.09730151295661926,0.1845408453454729,0.17210719573602545,0.20309338224702514,0.4207453762755102,0.7227978913168949,0.6939654290068953,0.7627294133613982
Dataset_Shard_0200000_0299999,val,TMhssQ2rLOc,5,50,0.13620432168245317,0.13095837086439133,0.218735229074955,0.20698174089193344,0.24049624770879746,0.4937169164540816,0.8061645751671171,0.786314629050753,0.850822444878602
Dataset_Shard_0200000_0299999,val,TMhssQ2rLOc,10,50,0.1567327542603016,0.15589061379432678,0.2335687017859891,0.2312086311262101,0.2429243078129366,0.5222269610969388,0.8004613832784344,0.7896542150100692,0.8286460445800786
Dataset_Shard_0200000_0299999,train,T_FBIBGomLM,1,50,0.04644643380306661,0.03505798056721687,0.11147335353074596,0.10818804123206065,0.13582669332623482,0.19277423469387756,0.49609377931639415,0.45041092694818574,0.6542242532590156
Dataset_Shard_0200000_0299999,train,T_FBIBGomLM,2,50,0.07176350673660636,0.053297633305191994,0.14685567921493203,0.14914494435302914,0.1612762071006,0.27383011798469387,0.6101925093381995,0.5751339544865783,0.7417863380125117
Dataset_Shard_0200000_0299999,train,T_FBIBGomLM,5,50,0.06563056226819754,0.05488985776901245,0.1562509726313874,0.16188934938050806,0.15382334545254708,0.2608573820153061,0.6394023947849908,0.6200844397431464,0.707814089154107
Dataset_Shard_0200000_0299999,train,T_FBIBGomLM,10,50,0.10671858385205268,0.08032422512769699,0.20493149252142756,0.21719414883758872,0.1825837620580569,0.40360770089285714,0.7440112715582898,0.7306363629470369,0.8056658228276956
Dataset_Shard_0200000_0299999,train,TcjaEAyS8ts,1,50,0.05570075843948871,0.04802982695400715,0.1175370499282144,0.10727766651194542,0.1505766512081027,0.21377032844387756,0.4851788280398751,0.3897116198450373,0.6836949559972524
Dataset_Shard_0200000_0299999,train,TcjaEAyS8ts,2,50,0.08706986282020807,0.08514561131596565,0.1628161583095789,0.15896573550999166,0.18256411388516425,0.34408203125,0.6192813086583046,0.528984033264997,0.7955455876466772
Dataset_Shard_0200000_0299999,train,TcjaEAyS8ts,5,50,0.09029313463717699,0.0848875381052494,0.16506889931857585,0.16392750713974238,0.18273161873221397,0.3308661511479592,0.6172065547673659,0.5433002768431554,0.7763269215602691
Dataset_Shard_0200000_0299999,train,TcjaEAyS8ts,10,50,0.12028821840882302,0.11058778688311577,0.19647740542888642,0.19624603740870952,0.20711901903152466,0.4101434948979592,0.6542955795035877,0.5544863695984844,0.8330721990186294
Dataset_Shard_0200000_0299999,train,TlGCU7dVYvo,1,50,0.04575687372125685,0.03517920337617397,0.13605737398727796,0.13509359781979582,0.15303768149460667,0.20131616709183675,0.6356003706917511,0.5798041592698319,0.7773617161321469
Dataset_Shard_0200000_0299999,train,TlGCU7dVYvo,2,50,0.0639017935656011,0.04695221967995167,0.1541340084373951,0.15746575653553008,0.16616163834929465,0.3076132015306122,0.7002523602158894,0.6558536296727331,0.8115624414115787
Dataset_Shard_0200000_0299999,train,TlGCU7dVYvo,5,50,0.0913466864079237,0.06935515254735947,0.1752806843817234,0.18393180578947066,0.17820639580488204,0.43433075573979596,0.7772295145640444,0.7530898759359329,0.8548794610691455
Dataset_Shard_0200000_0299999,train,TlGCU7dVYvo,10,50,0.11253144286572933,0.10957229882478714,0.19833586484193802,0.2055988259613514,0.19821086823940276,0.5061467633928571,0.8215917873136912,0.7942049512490132,0.8958706002264588
Dataset_Shard_0200000_0299999,train,Tn_MfGExzrw,1,50,0.05627490278333425,0.04243924096226692,0.14239768244326115,0.14918063424527644,0.13949717719107865,0.24128985969387756,0.6733119735981432,0.6119546898395037,0.784190945486144
Dataset_Shard_0200000_0299999,train,Tn_MfGExzrw,2,50,0.05784943263977766,0.044992657378315926,0.14014344930648803,0.14718712881207466,0.13836647652089595,0.2666470025510204,0.7236332111760752,0.6851995994126692,0.8068634793999171
Dataset_Shard_0200000_0299999,train,Tn_MfGExzrw,5,50,0.07930334430187941,0.06129172071814537,0.17138450771570204,0.18455220326781274,0.1625133314728737,0.38315529336734694,0.7979353514945702,0.7717172420242727,0.8732682431643657
Dataset_Shard_0200000_0299999,train,Tn_MfGExzrw,10,50,0.08671361789107322,0.07081374526023865,0.1745116424560547,0.19034183412790298,0.16023331120610237,0.45851841517857145,0.8479353482631022,0.8300829969983211,0.8953361853926458
Dataset_Shard_0200000_0299999,train,TqH1zY7HkZE,1,50,0.11734940312802791,0.07497237622737885,0.2062492735311389,0.18864250544458627,0.23451032117009163,0.39682995854591835,0.7084651195319974,0.6660926675362928,0.7978310998555136
Dataset_Shard_0200000_0299999,train,TqH1zY7HkZE,2,50,0.1651904184371233,0.14369727671146393,0.23665438383817672,0.2087960135191679,0.2655237029492855,0.5398286033163265,0.7739574571530591,0.7131988152848032,0.8514082572329869
Dataset_Shard_0200000_0299999,train,TqH1zY7HkZE,5,50,0.19577431332319975,0.2128485068678856,0.272328342050314,0.23655248507857324,0.2948185873031616,0.6467912946428571,0.8637443929214791,0.8308901543391931,0.9136424960343154
Dataset_Shard_0200000_0299999,train,TqH1zY7HkZE,10,50,0.23223026059567928,0.25476765632629395,0.27266248539090154,0.22770453549921513,0.3222411200404167,0.7677403539540816,0.8739730240920263,0.8140663116969398,0.9442877096817088
Dataset_Shard_0200000_0299999,train,TxDFFE1BV8k,1,50,0.03608605358749628,0.03114353585988283,0.10367588501423597,0.11635943986475468,0.13045377314090728,0.15042211415816328,0.45047438243876775,0.4435146254907433,0.5972881696163157
Dataset_Shard_0200000_0299999,train,TxDFFE1BV8k,2,50,0.045541452318429945,0.045385487377643585,0.12690400071442126,0.14005143780261278,0.13516190744936465,0.20629663584183675,0.5197783039620607,0.5083514477094754,0.6270744027511758
Dataset_Shard_0200000_0299999,train,TxDFFE1BV8k,5,50,0.06224972994998097,0.044775452464818954,0.13652109041810034,0.15436902172863484,0.14734346054494382,0.26388791454081634,0.571746481726394,0.5678842343258981,0.6820715965880847
Dataset_Shard_0200000_0299999,train,TxDFFE1BV8k,10,50,0.08273057565093041,0.04966389201581478,0.16011049047112466,0.18121689796447754,0.16512286469340323,0.3554743303571428,0.6444321809757776,0.6403652046637233,0.7321331317638379
Dataset_Shard_0200000_0299999,train,U5_e_c9A3Rc,1,50,0.038645828776061535,0.035981032997369766,0.15925430223345757,0.1590443541109562,0.16797437399625778,0.1768570631377551,0.6862819783804024,0.6791920946833493,0.7250141706683414
Dataset_Shard_0200000_0299999,train,U5_e_c9A3Rc,2,50,0.06077280689030886,0.0609132070094347,0.22012668311595918,0.2199762523174286,0.22225102990865708,0.24264269770408162,0.7955529691773877,0.7924293709846577,0.8671774912695551
Dataset_Shard_0200000_0299999,train,U5_e_c9A3Rc,5,50,0.06989038690924644,0.061860162764787674,0.24516292035579682,0.24559891909360887,0.2435323879122734,0.27683872767857143,0.8847753787828552,0.8818991012994067,0.9292770339511242
Dataset_Shard_0200000_0299999,train,U5_e_c9A3Rc,10,50,0.06732298001646995,0.06437668576836586,0.2283247807621956,0.22804361641407012,0.23872859477996827,0.2763066007653061,0.8789048497259614,0.8743102996737037,0.9204946538709933
Dataset_Shard_0200000_0299999,train,U7HzviIwyfs,1,50,0.19496488148346544,0.19584453105926514,0.22365805946290493,0.2254805029835552,0.22306968621909617,0.6360554846938775,0.7074301030181428,0.6909618506527789,0.7302935678208484
Dataset_Shard_0200000_0299999,train,U7HzviIwyfs,2,50,0.2702951853722334,0.2883010655641556,0.31162306785583493,0.30840415611863137,0.30815552055835727,0.8341753029336735,0.8959204930752881,0.8740893490331733,0.913504193457387
Dataset_Shard_0200000_0299999,train,U7HzviIwyfs,5,50,0.29659329026937487,0.29322344064712524,0.32797558426856993,0.3258326327055693,0.3313340996205807,0.8791968271683673,0.9063816759961318,0.9004569710895978,0.9176599199333938
Dataset_Shard_0200000_0299999,train,U7HzviIwyfs,10,50,0.2940054470300674,0.3072842210531235,0.3014500197768211,0.3048103505373001,0.2973403435945511,0.8752734375,0.8912012139104736,0.8700962408738953,0.9142529085126845
Dataset_Shard_0200000_0299999,train,UFtV7H3fdIs,1,50,0.08052716147154569,0.0760715901851654,0.12608142609125936,0.11317025972879492,0.14389267624239438,0.3524796715561224,0.5843707300764525,0.5554104834914625,0.6382436374304625
Dataset_Shard_0200000_0299999,train,UFtV7H3fdIs,2,50,0.09737332619726657,0.08978321775794029,0.1515271264128387,0.14312433203682304,0.16257770941592753,0.41542689732142857,0.6739518587205879,0.6353925808679637,0.7185394220394709
Dataset_Shard_0200000_0299999,train,UFtV7H3fdIs,5,50,0.1256412721052766,0.12333746626973152,0.17195481050759553,0.15690978718921542,0.1897134692966938,0.5072724011479592,0.7456670366819662,0.7079576619815202,0.7703488361076276
Dataset_Shard_0200000_0299999,train,UFtV7H3fdIs,10,50,0.14689884338527917,0.15469417721033096,0.17136727079749106,0.1481064527668059,0.18634427621029317,0.5886160714285714,0.7167099228507916,0.6644209507598332,0.7177685798505812
Dataset_Shard_0200000_0299999,train,UQfPmUjyJUM,1,50,0.08479251384735108,0.07466361299157143,0.20869361683726312,0.18934297520667315,0.22500038102269174,0.31663345025510203,0.7646884340140092,0.7256841644276488,0.8174404216310449
Dataset_Shard_0200000_0299999,train,UQfPmUjyJUM,2,50,0.10785386171191931,0.10287351161241531,0.24055329129099845,0.22498588323593138,0.24886923253536225,0.3937360491071428,0.8123963017897718,0.7779514276844627,0.8621459579191815
Dataset_Shard_0200000_0299999,train,UQfPmUjyJUM,5,50,0.13038491107523442,0.12288418412208557,0.27980920165777207,0.26066954180598256,0.28528946012258527,0.46471739477040813,0.8931980654041418,0.8679119381111745,0.919195828864235
Dataset_Shard_0200000_0299999,train,UQfPmUjyJUM,10,50,0.12653615832328796,0.10528318211436272,0.2747970373928547,0.2569513988494873,0.28177163004875183,0.4535957429846939,0.8887086726927577,0.8605190725227072,0.9158301404848043
Dataset_Shard_0200000_0299999,train,UTkGQGJkQcM,1,50,0.14960036776959895,0.1399684026837349,0.19292281639867725,0.1943739384976652,0.1944223847806279,0.55017578125,0.6449738042421579,0.5972275727063127,0.7600821306319968
Dataset_Shard_0200000_0299999,train,UTkGQGJkQcM,2,50,0.17988490395247936,0.15379108488559723,0.20250357085384166,0.20835190381239044,0.19071392287387426,0.625962213010204,0.6824399553268932,0.6521534779620979,0.7584935496354102
Dataset_Shard_0200000_0299999,train,UTkGQGJkQcM,5,50,0.23142455495893954,0.25892674922943115,0.2663105653272942,0.269908651500009,0.2529002897627652,0.7631951530612245,0.8236313948251817,0.7858295325537641,0.8989988893852522
Dataset_Shard_0200000_0299999,train,UTkGQGJkQcM,10,50,0.26124486669898034,0.285793274641037,0.2967990943789482,0.3051662567257881,0.26803710058331487,0.8343706154336735,0.9016902803944992,0.8782379737595508,0.9410456553946509
Dataset_Shard_0200000_0299999,train,UVKesI-XW-I,1,50,0.09298460938036442,0.07452929019927979,0.10896574970334769,0.12611090505495667,0.10453203286975622,0.42226921237244897,0.5594547254164277,0.5478333523007559,0.5698261380220591
Dataset_Shard_0200000_0299999,train,UVKesI-XW-I,2,50,0.09417311511933804,0.08651130273938179,0.119703116286546,0.14436494362540542,0.11144119253382087,0.4356186224489796,0.5999091608528603,0.6043989733638739,0.6040765603765275
Dataset_Shard_0200000_0299999,train,UVKesI-XW-I,5,50,0.131718615218997,0.11204806342720985,0.16350337117910385,0.2018768997490406,0.15179958447813988,0.5588412786989796,0.7314974368963902,0.7381852574466009,0.7365337730046353
Dataset_Shard_0200000_0299999,train,UVKesI-XW-I,10,50,0.13759030714631082,0.116663359105587,0.16346295215189457,0.18778153389692306,0.1561184561997652,0.5986722735969388,0.772061366175771,0.7692976348489639,0.7784668052705527
Dataset_Shard_0200000_0299999,train,UhLOi799970,1,50,0.0376576897315681,0.03254441358149052,0.1465290267765522,0.13030868172645568,0.19153956487774848,0.1591517857142857,0.5839281092791023,0.508665914175636,0.7032146378030862
Dataset_Shard_0200000_0299999,train,UhLOi799970,2,50,0.06356614556163549,0.0440579392015934,0.20310691580176354,0.19945155762135983,0.2430121459066868,0.27315170599489796,0.7327929614504588,0.6767889355826361,0.8379435177130415
Dataset_Shard_0200000_0299999,train,UhLOi799970,5,50,0.06109983570873737,0.05180081166327,0.19329757697880268,0.18396535784006118,0.24003232195973395,0.30070551658163264,0.7112788886480204,0.6291885892375064,0.8134871129737903
Dataset_Shard_0200000_0299999,train,UhLOi799970,10,50,0.08070092629641294,0.06607348099350929,0.21444834411144256,0.2079998379573226,0.2556341576576233,0.4091218909438776,0.7886422463599697,0.7262818657009155,0.8690929491003219
Dataset_Shard_0200000_0299999,train,Ursk6DLqdv4,1,50,0.03491116210818291,0.027443986386060715,0.11063328325748444,0.10384385265409947,0.12757200591266155,0.16829320790816327,0.5558094940767189,0.4469070258481624,0.6671295833121015
Dataset_Shard_0200000_0299999,train,Ursk6DLqdv4,2,50,0.03483211973682046,0.030453079380095005,0.11263488002121448,0.10790659464895726,0.127570356503129,0.15689453125,0.5690432171679992,0.44557432756552784,0.681573124367498
Dataset_Shard_0200000_0299999,train,Ursk6DLqdv4,5,50,0.042533079944550994,0.03562754765152931,0.1367868959903717,0.1270804887264967,0.15502721175551415,0.2051889349489796,0.6654303506200108,0.5430288684050248,0.7821381803726539
Dataset_Shard_0200000_0299999,train,Ursk6DLqdv4,10,50,0.06611024115234614,0.06351667083799839,0.17053131490945816,0.18496498689055443,0.1755247974395752,0.31814692283163265,0.7450378651480412,0.6755673670925312,0.8298013670163691
Dataset_Shard_0200000_0299999,train,UzHgEVKrIqc,1,50,0.08373164551332593,0.061749232932925224,0.17349869195371867,0.17358884997665883,0.20561216421425343,0.3201199776785715,0.649224541089133,0.6521086246610678,0.7107481288219494
Dataset_Shard_0200000_0299999,train,UzHgEVKrIqc,2,50,0.09963371678604745,0.07912050560116768,0.1854651964700315,0.1858671907475218,0.23846441233647056,0.3773844068877551,0.6897793174894449,0.6894127521636462,0.7845404227593543
Dataset_Shard_0200000_0299999,train,UzHgEVKrIqc,5,50,0.13667322464287282,0.10032197833061218,0.24069089323282242,0.2359385049343109,0.2833448096364737,0.4678691007653061,0.8028362606751788,0.8019870926890905,0.8510521910873728
Dataset_Shard_0200000_0299999,train,UzHgEVKrIqc,10,50,0.18250527054071428,0.20742501318454742,0.26895891293883323,0.2672471655905247,0.30075391605496404,0.6828718909438776,0.8808728340913778,0.8790269203648268,0.9062063070560212
Dataset_Shard_0200000_0299999,train,WNqNsRzvBvo,1,50,0.029490449405275284,0.017711798660457134,0.09176986148580908,0.07429282394237817,0.11765693202614784,0.13615832270408162,0.5230724147846904,0.44948593958240823,0.6647226976003182
Dataset_Shard_0200000_0299999,train,WNqNsRzvBvo,2,50,0.03321843471378088,0.022557630203664303,0.10211362510919571,0.08650455869734287,0.12592979595065118,0.16989437181122452,0.5908493621993833,0.5168110524266603,0.7086096733375571
Dataset_Shard_0200000_0299999,train,WNqNsRzvBvo,5,50,0.03410644019022584,0.02299346774816513,0.11352243006229401,0.09706276554614306,0.14002839222550392,0.17498206313775508,0.6557624608344049,0.5912289492211181,0.7791185230263217
Dataset_Shard_0200000_0299999,train,WNqNsRzvBvo,10,50,0.0503127128072083,0.025515388697385788,0.12184633269906044,0.10597868502140045,0.14369563415646552,0.23438576211734696,0.6777846422780072,0.6179937156605656,0.78041368328851
Dataset_Shard_0200000_0299999,train,WQGAJwFwH0w,1,50,0.0630253282841295,0.06057552248239517,0.1266001185029745,0.13431898798793554,0.13327797170728445,0.25466039540816326,0.5446531098568714,0.550688621831108,0.5543282820686123
Dataset_Shard_0200000_0299999,train,WQGAJwFwH0w,2,50,0.07000807782635093,0.06392713449895382,0.1455155734717846,0.15549565996974707,0.1473103666678071,0.2795834661989796,0.5864276575985687,0.5885009679299326,0.5974269656198199
Dataset_Shard_0200000_0299999,train,WQGAJwFwH0w,5,50,0.10720612807199359,0.10220415517687798,0.18407345939427613,0.19637390293180942,0.18960159599781037,0.37192083864795916,0.6812396120702444,0.6938940835325335,0.6969255959212309
Dataset_Shard_0200000_0299999,train,WQGAJwFwH0w,10,50,0.10571350958198308,0.10672064870595932,0.197538433521986,0.21808266758918762,0.19438761234283447,0.3869830197704081,0.7206814544325768,0.7348984122052379,0.7319300067307931
Dataset_Shard_0200000_0299999,train,WRYnLiiVC_o,1,50,0.06334062157198787,0.043777432292699814,0.12546860814094543,0.12347670018672943,0.14616679064929486,0.2868423150510204,0.6477502512249684,0.6324171210160817,0.7035595158152561
Dataset_Shard_0200000_0299999,train,WRYnLiiVC_o,2,50,0.08548059690743685,0.05354578047990799,0.1455005533993244,0.14316526122391224,0.16312111049890518,0.35742506377551014,0.7038389566017024,0.6905305611056449,0.7613119781161228
Dataset_Shard_0200000_0299999,train,WRYnLiiVC_o,5,50,0.11139508567750454,0.06822462379932404,0.17075383082032203,0.1693712992966175,0.189698683321476,0.4667299107142857,0.7802720895805624,0.7710200840277599,0.8469577393263815
Dataset_Shard_0200000_0299999,train,WRYnLiiVC_o,10,50,0.12760617390275,0.09358786419034004,0.17747721388936044,0.17487477123737336,0.1878935293853283,0.5416019610969388,0.7978559159203887,0.7829258856181545,0.845330254019388
Dataset_Shard_0200000_0299999,train,WaNC6Haohmo,1,50,0.03876714867539704,0.032644398510456085,0.11759025886654854,0.10873764403164386,0.15239808946847916,0.18174266581632653,0.5585913428248772,0.5290262524058421,0.6922232356723886
Dataset_Shard_0200000_0299999,train,WaNC6Haohmo,2,50,0.051630285680294034,0.04596033878624439,0.14114984340965747,0.12998783051967622,0.1751118114590645,0.2753200733418367,0.6506806227240226,0.6283065022933104,0.7616686625776212
Dataset_Shard_0200000_0299999,train,WaNC6Haohmo,5,50,0.06873003138229251,0.056617699563503265,0.16922413766384126,0.15989995807409285,0.21152942448854448,0.30765106823979593,0.7151155874177103,0.6977444590867795,0.7980757322220005
Dataset_Shard_0200000_0299999,train,WaNC6Haohmo,10,50,0.11253169074654579,0.08463997766375542,0.19979387134313584,0.18721900075674058,0.23431673303246497,0.5619523278061225,0.7858416745856022,0.7696723408015136,0.8529405391246059
Dataset_Shard_0200000_0299999,train,WomgOCKLrVc,1,50,0.05368255043402314,0.045982442796230316,0.13431431241333486,0.11409877184778452,0.1789671415090561,0.21800023915816324,0.5609484059169841,0.4464056298042988,0.7052717274338215
Dataset_Shard_0200000_0299999,train,WomgOCKLrVc,2,50,0.06395367743447423,0.05752670764923096,0.16508870139718057,0.14146360971033572,0.22555108100175858,0.24762197066326533,0.6358249776659798,0.5343486298194937,0.7766674654417111
Dataset_Shard_0200000_0299999,train,WomgOCKLrVc,5,50,0.08222446464002132,0.07524954527616501,0.18624479442834854,0.16829727321863175,0.23809118553996086,0.3403599330357143,0.724834737577554,0.6476913588199882,0.8307222878400325
Dataset_Shard_0200000_0299999,train,WomgOCKLrVc,10,50,0.09747345887124538,0.07926677167415619,0.19241927117109298,0.17601732179522514,0.23745171263813972,0.38193359375,0.7178389021356436,0.6265786833602661,0.8136775300070224
Dataset_Shard_0200000_0299999,train,Wxgkda9YiHw,1,50,0.12646540731191636,0.08381492644548416,0.1616648203507066,0.15403943561017513,0.1779643403366208,0.48578244579081636,0.6582441291958641,0.6315604064655134,0.7367733668153919
Dataset_Shard_0200000_0299999,train,Wxgkda9YiHw,2,50,0.1255054457485676,0.11728594079613686,0.1714727933704853,0.14999376460909844,0.21854999363422395,0.5319539221938776,0.7274492706100714,0.6919507134249722,0.8076780258091125
Dataset_Shard_0200000_0299999,train,Wxgkda9YiHw,5,50,0.17958059050142766,0.18946640193462372,0.22389299236238003,0.19606741167604924,0.27618897557258604,0.704930644132653,0.8069685997033738,0.7734046050225549,0.8802099628840472
Dataset_Shard_0200000_0299999,train,Wxgkda9YiHw,10,50,0.18119415502995254,0.1810818314552307,0.23390698775649071,0.20751986265182495,0.2799976548552513,0.7482601243622449,0.8645393273530835,0.8340454855216697,0.9305622881621709
Dataset_Shard_0200000_0299999,train,WzV4jMKBeew,1,50,0.07358296034857631,0.037754813209176064,0.19755755767226219,0.18779513381421567,0.21646857134997843,0.28378308354591836,0.765693879948393,0.7413421394564084,0.8189480929662222
Dataset_Shard_0200000_0299999,train,WzV4jMKBeew,2,50,0.08495865564793348,0.0477867741137743,0.22594564020633698,0.21978793948888778,0.2404329350590706,0.31288903061224493,0.830729964389015,0.8137034088334153,0.8642429945402056
Dataset_Shard_0200000_0299999,train,WzV4jMKBeew,5,50,0.11532516714185476,0.06400317698717117,0.24864433839917183,0.24323732316493987,0.2723939922451973,0.4384343112244898,0.8714927549932261,0.8686887764030256,0.8916607441034268
Dataset_Shard_0200000_0299999,train,WzV4jMKBeew,10,50,0.147710372954607,0.15351680666208267,0.28618715465068817,0.27250373899936675,0.32800624400377276,0.5393530771683673,0.9067212407291211,0.8953251932315548,0.9346476550920473
Dataset_Shard_0200000_0299999,train,X5tZRyCgJK8,1,50,0.07279936583712697,0.05973128601908684,0.12604085808619858,0.10536833147518337,0.14960865296190604,0.3048628826530612,0.5738338187839372,0.48081839497122836,0.6759212803089045
Dataset_Shard_0200000_0299999,train,X5tZRyCgJK8,2,50,0.09238828703761101,0.07536185160279274,0.173061790317297,0.15062661953270434,0.20145261526107788,0.39488799426020404,0.7314083948861965,0.6328478110203204,0.8375218530196343
Dataset_Shard_0200000_0299999,train,X5tZRyCgJK8,5,50,0.11274292595684528,0.0953131839632988,0.17809176109731198,0.15997956909239291,0.2012885057926178,0.469195631377551,0.7270768891616061,0.6203804991004569,0.8316213099723642
Dataset_Shard_0200000_0299999,train,X5tZRyCgJK8,10,50,0.1374737574160099,0.13906872272491455,0.20971716791391373,0.19952063851058482,0.22399571657180786,0.6001442920918367,0.8091024338934238,0.7313007262756976,0.8877245595423356
Dataset_Shard_0200000_0299999,train,X7orN2iRgls,1,50,0.036079452242702245,0.03337532840669155,0.11586432576179505,0.11260464884340764,0.14499263897538184,0.18073860012755102,0.5934055460887291,0.5667372258192654,0.7267505660083877
Dataset_Shard_0200000_0299999,train,X7orN2iRgls,2,50,0.05062164464965463,0.04302691109478474,0.14474280275404453,0.14123317152261733,0.16920118004083634,0.23965880102040818,0.6939860097671056,0.6707811826875806,0.7818091096920243
Dataset_Shard_0200000_0299999,train,X7orN2iRgls,5,50,0.06793516401201487,0.05286259204149246,0.17091447696089745,0.16496989443898202,0.1935313656926155,0.32008649553571433,0.7642583421899488,0.7315727680337136,0.8486089216096271
Dataset_Shard_0200000_0299999,train,X7orN2iRgls,10,50,0.08459821499884129,0.062295934185385704,0.1823859068751335,0.1778608313202858,0.2127273514866829,0.4011846301020408,0.8064461902243808,0.7860544458750802,0.8794014242718913
Dataset_Shard_0200000_0299999,train,XCsmC9bEuDg,1,50,0.023678839257918298,0.018975520506501198,0.10588599391281604,0.1005851803906262,0.1301772691309452,0.1069351881377551,0.5348347299181762,0.49881347308376406,0.706637961841556
Dataset_Shard_0200000_0299999,train,XCsmC9bEuDg,2,50,0.029084906438365577,0.02129695564508438,0.11695609580725431,0.11383618310093879,0.14393261700868606,0.11979312818877551,0.5493374218885146,0.5183567325896691,0.7404569917547635
Dataset_Shard_0200000_0299999,train,XCsmC9bEuDg,5,50,0.0421490091830492,0.030724803917109966,0.14303559437394142,0.13759205617010595,0.17034974716603757,0.19249123086734696,0.6381099909625062,0.5963208958082548,0.8188154998273164
Dataset_Shard_0200000_0299999,train,XCsmC9bEuDg,10,50,0.0518275498598814,0.04885016940534115,0.17232309013605118,0.1723981249332428,0.17799481615424156,0.24878348214285714,0.739762682427485,0.7141245277964384,0.8500706314104666
Dataset_Shard_0200000_0299999,train,XHK8f0jmGFw,1,50,0.04739702528342605,0.042753441259264946,0.14121370293200017,0.13752038199454547,0.154294213950634,0.2012547831632653,0.6349152407498833,0.6025038021584473,0.6835794328316132
Dataset_Shard_0200000_0299999,train,XHK8f0jmGFw,2,50,0.05591886833310127,0.052191345021128654,0.14570125550031662,0.12036231599748135,0.16615705579519272,0.31075733418367346,0.7059235149371177,0.654070979406788,0.7609375636148029
Dataset_Shard_0200000_0299999,train,XHK8f0jmGFw,5,50,0.07164799552410842,0.06725938618183136,0.17636577665805817,0.15133716426789762,0.2087474800646305,0.3920487882653061,0.7744131746430962,0.732683466695198,0.8379511761250796
Dataset_Shard_0200000_0299999,train,XHK8f0jmGFw,10,50,0.09789900071918964,0.09510696679353714,0.20377328470349312,0.18258476480841637,0.2283990876376629,0.6134566326530613,0.8542344739140293,0.827905892614162,0.8950131665852992
Dataset_Shard_0200000_0299999,train,XK0SUybge_0,1,50,0.06925227002240718,0.047719087451696396,0.11804237015545369,0.10338801974430681,0.13772673670202493,0.29348533163265306,0.5364563987954909,0.49133223718815905,0.6158266571030268
Dataset_Shard_0200000_0299999,train,XK0SUybge_0,2,50,0.08758845372125507,0.06494852155447006,0.13841020539402962,0.12238406598567962,0.166359254270792,0.3289453125,0.5768224149894632,0.5373342873853499,0.6861407724516495
Dataset_Shard_0200000_0299999,train,XK0SUybge_0,5,50,0.10726605353876949,0.08138969168066978,0.15030959747731687,0.13739762596786023,0.17642398878932,0.4224764827806123,0.6373691587445972,0.60909763506249,0.7265355925619155
Dataset_Shard_0200000_0299999,train,XK0SUybge_0,10,50,0.1234849064052105,0.11107195168733597,0.16615048184990883,0.15126186676323414,0.19533896148204805,0.4932680963010204,0.6886319014954911,0.6475236321685758,0.7829646764727101
Dataset_Shard_0200000_0299999,train,XRtazMBnC9Y,1,50,0.040434571113437415,0.02770102769136429,0.16578773520886897,0.16312843047082423,0.19728475973010062,0.13927295918367347,0.5936803814049746,0.5409003611842969,0.8081439817299605
Dataset_Shard_0200000_0299999,train,XRtazMBnC9Y,2,50,0.05019915796467103,0.03972208686172962,0.1915112192928791,0.19110229589045047,0.21637241721153258,0.16641063456632654,0.6355157122640229,0.579310757470159,0.835432432388024
Dataset_Shard_0200000_0299999,train,XRtazMBnC9Y,5,50,0.07736664317548275,0.06447060406208038,0.2365226164460182,0.24479646533727645,0.24783025711774825,0.3043443080357143,0.7720496474898165,0.7346540197427376,0.9115184816529842
Dataset_Shard_0200000_0299999,train,XRtazMBnC9Y,10,50,0.0797106947004795,0.06957999244332314,0.2629626093804836,0.27393570795655253,0.25407625555992125,0.3294682716836735,0.8183393032630056,0.7801058236631053,0.9382686223879735
Dataset_Shard_0200000_0299999,train,XSkVffeCQ8c,1,50,0.05711830054409802,0.046976055949926376,0.1536972313374281,0.1512058036029339,0.16733364190906286,0.20931242028061223,0.5689243890108127,0.49377328134304194,0.6899780662451843
Dataset_Shard_0200000_0299999,train,XSkVffeCQ8c,2,50,0.05837587089277804,0.04491230100393295,0.15482311442494393,0.14937750928103924,0.1736082996800542,0.21687460140306122,0.5617412075673137,0.4954635426911365,0.6884525464459458
Dataset_Shard_0200000_0299999,train,XSkVffeCQ8c,5,50,0.07613506946712732,0.07034851238131523,0.17994028225541114,0.18548796936869621,0.1872327946126461,0.2950554049744898,0.6201596199208542,0.5682851803642887,0.7346686768056074
Dataset_Shard_0200000_0299999,train,XSkVffeCQ8c,10,50,0.1140236692968756,0.09771055355668068,0.24103623136878013,0.25923192262649536,0.22019198432564735,0.4444116709183673,0.7361657106347732,0.6878528620775554,0.8116737873430842
Dataset_Shard_0200000_0299999,train,Xb5EGVKJPoI,1,50,0.11695370657369494,0.08703621104359627,0.2022781927138567,0.18192877992987633,0.23923685759305954,0.44435905612244897,0.7494894005339009,0.7107307590565166,0.8613830024780252
Dataset_Shard_0200000_0299999,train,Xb5EGVKJPoI,2,50,0.14205738388001918,0.11022049933671951,0.23606756195425987,0.2225557844340801,0.27387053176760673,0.5588313137755102,0.8455159013022354,0.8329184790735976,0.9028747720802103
Dataset_Shard_0200000_0299999,train,Xb5EGVKJPoI,5,50,0.14261183336377145,0.14719463884830475,0.24669637128710747,0.22620038717985153,0.2955567517876625,0.542503587372449,0.8397380242766451,0.8177990038193499,0.9215320156003156
Dataset_Shard_0200000_0299999,train,Xb5EGVKJPoI,10,50,0.16968164324760437,0.17227382957935333,0.26065014660358427,0.24685387343168258,0.30498006522655485,0.6766916454081633,0.8775065259451097,0.8636654831474594,0.9355078981562782
Dataset_Shard_0200000_0299999,train,XhaQLBKD6Sc,1,50,0.1300222848728299,0.13141614198684692,0.17629204429686068,0.17411028891801833,0.19720953822135925,0.5426187818877551,0.7442463004164098,0.731268036564057,0.7944168999353463
Dataset_Shard_0200000_0299999,train,XhaQLBKD6Sc,2,50,0.13729137636721134,0.12153887003660202,0.18648770719766616,0.19154053866863252,0.1863581943511963,0.5492988679846939,0.7687788785172356,0.7718563533184155,0.7855316398360214
Dataset_Shard_0200000_0299999,train,XhaQLBKD6Sc,5,50,0.17287249684333802,0.15881593525409698,0.2067700657248497,0.2128632967174053,0.20895426258444785,0.6456915656887755,0.8056686565217803,0.8087225885766409,0.8170760133329489
Dataset_Shard_0200000_0299999,train,XhaQLBKD6Sc,10,50,0.18164860129356383,0.18373657017946243,0.22048088163137436,0.22984973207116127,0.2150324846804142,0.7010096460459184,0.8398284168559661,0.8492817778403665,0.8517325046705327
Dataset_Shard_0200000_0299999,train,Xkv0iBd50dQ,1,50,0.0913683383911848,0.07057065144181252,0.18388681933283807,0.17214302107691765,0.22200456947088243,0.3522154017857143,0.6699936799889308,0.5734330855925194,0.7953864325054958
Dataset_Shard_0200000_0299999,train,Xkv0iBd50dQ,2,50,0.09897912956774235,0.08028069511055946,0.20369286686182023,0.18865497767925263,0.2427066084742546,0.37808075573979594,0.6998496895657115,0.6040708909040912,0.8297037641576965
Dataset_Shard_0200000_0299999,train,Xkv0iBd50dQ,5,50,0.12019070230424404,0.09537502750754356,0.20584964722394944,0.1854477831721306,0.25160250887274743,0.4670404177295919,0.7266110065618068,0.6310789929181876,0.8485966952588336
Dataset_Shard_0200000_0299999,train,Xkv0iBd50dQ,10,50,0.1360149844735861,0.10018803924322128,0.23662312030792237,0.22047812752425672,0.2578346246480942,0.5071472417091837,0.7649904305041753,0.6799672791358137,0.8677694232505447
Dataset_Shard_0200000_0299999,train,Xr0VL5ak2YA,1,50,0.06154719840735197,0.05962308123707771,0.19945477455854416,0.1982669359445572,0.21899617552757264,0.23938257334183674,0.8138898310411244,0.7816203748362613,0.8869377053152877
Dataset_Shard_0200000_0299999,train,Xr0VL5ak2YA,2,50,0.06879344724118709,0.06533819064497948,0.2132991683483124,0.21279251366853713,0.23650308072566986,0.27511360012755104,0.8407846715549913,0.8044873449826585,0.9149156387037182
Dataset_Shard_0200000_0299999,train,Xr0VL5ak2YA,5,50,0.07911931276321411,0.07919888570904732,0.22662365764379502,0.22682475298643112,0.24158178865909577,0.3345782844387755,0.8761914866560379,0.8442471812811196,0.9362464753355699
Dataset_Shard_0200000_0299999,train,Xr0VL5ak2YA,10,50,0.08400866106152534,0.0806235522031784,0.22956783354282378,0.23187133878469468,0.24488408416509627,0.3646241230867347,0.8809320542769012,0.8475217864957314,0.9445845840474005
Dataset_Shard_0200000_0299999,train,Y1rsLA_zWpw,1,50,0.04491042899899185,0.03967517986893654,0.1407042328282114,0.14057285868497274,0.13734736001832062,0.21748286033163264,0.7436165348289009,0.7230170869580462,0.7390506962866453
Dataset_Shard_0200000_0299999,train,Y1rsLA_zWpw,2,50,0.06180595235899091,0.05564778484404087,0.15762035745749017,0.1570601615439955,0.15573334483953657,0.28629065688775507,0.7659221121984758,0.753175653249744,0.7550428967381406
Dataset_Shard_0200000_0299999,train,Y1rsLA_zWpw,5,50,0.08369752284139395,0.072526004165411,0.1806046847999096,0.17936844758689405,0.18173995807766916,0.3875235172193877,0.8546931838118632,0.8444928096983145,0.8615185003665544
Dataset_Shard_0200000_0299999,train,Y1rsLA_zWpw,10,50,0.0863243393599987,0.0824030265212059,0.19272628292441368,0.19477586388587953,0.19081118151545526,0.4100342793367347,0.882569058807352,0.868613630759015,0.8907698296417201
Dataset_Shard_0200000_0299999,val,YBdiEmhvUL4,1,50,0.06731843851739541,0.03400503471493721,0.12834678194012666,0.13168770997261162,0.13465678517526614,0.291683274872449,0.6020846727423304,0.6058061034870874,0.6491057813376396
Dataset_Shard_0200000_0299999,val,YBdiEmhvUL4,2,50,0.10346364352386445,0.07605713233351707,0.16189479059539735,0.16113155922386796,0.168931377325207,0.43477479272959185,0.6953257375755466,0.6837103676126297,0.7625858203478554
Dataset_Shard_0200000_0299999,val,YBdiEmhvUL4,5,50,0.12480054719839245,0.12992238625884056,0.18857709949836135,0.19384229941293596,0.1910869469353929,0.5018187978316326,0.7786281957705186,0.7733955022105894,0.8115393353097268
Dataset_Shard_0200000_0299999,val,YBdiEmhvUL4,10,50,0.11904627456795425,0.11544960364699364,0.17528372071683407,0.1751208784803748,0.18550353062339128,0.4942582110969388,0.7541045342515333,0.7397165872927082,0.8262508383701018
Dataset_Shard_0200000_0299999,train,YLFEJ_74Qps,1,50,0.05950499393045902,0.049450770020484924,0.15248066291213036,0.14939848657697438,0.1787305861711502,0.21827527104591837,0.5466970564024926,0.5358759669172568,0.6342884165055369
Dataset_Shard_0200000_0299999,train,YLFEJ_74Qps,2,50,0.08869903022423387,0.0776665136218071,0.19774596981704234,0.1876243894919753,0.2214469164609909,0.30962771045918364,0.6308091669679926,0.6094270113641405,0.714886886200463
Dataset_Shard_0200000_0299999,train,YLFEJ_74Qps,5,50,0.10299581326544285,0.08247045800089836,0.22872423239052295,0.22387621819972991,0.24294581696391104,0.3551434948979592,0.7010810539150247,0.693088911325821,0.7668630851237493
Dataset_Shard_0200000_0299999,train,YLFEJ_74Qps,10,50,0.16200036205351354,0.17180051654577255,0.29046319231390955,0.28000504672527315,0.28876775920391085,0.5466214923469388,0.8049700511667095,0.796730153830473,0.8250513450392603
Dataset_Shard_0200000_0299999,val,YNJTgfO5Mvs,1,50,0.07886609023436904,0.06961365044116974,0.16175675109028817,0.14417260602116586,0.18952167920768262,0.31453722895408165,0.6292283392151482,0.5804665691801919,0.6952567410893228
Dataset_Shard_0200000_0299999,val,YNJTgfO5Mvs,2,50,0.10516191236674785,0.08026109263300896,0.1849329362809658,0.15804082468152048,0.2383212859928608,0.38346898915816324,0.7148364360358093,0.6674261271566059,0.8108869736246694
Dataset_Shard_0200000_0299999,val,YNJTgfO5Mvs,5,50,0.11644576024264097,0.10200681537389755,0.22214894533157348,0.20331061452627183,0.24755687303841115,0.45449617346938775,0.7737357625694605,0.7457621029198791,0.7990524232499281
Dataset_Shard_0200000_0299999,val,YNJTgfO5Mvs,10,50,0.13489025197923182,0.10750153288245201,0.20926100119948388,0.18732906326651574,0.24730157658457755,0.5127112563775511,0.7909413664217737,0.7643483265030554,0.8187455509577077
Dataset_Shard_0200000_0299999,train,YTTraNue048,1,50,0.13040413573384285,0.1260162740945816,0.15246083994861692,0.14710866369772702,0.18966039380524308,0.5731381536989796,0.6876033978607881,0.6748869843853607,0.8071819082918252
Dataset_Shard_0200000_0299999,train,YTTraNue048,2,50,0.14734980814158916,0.14051368087530136,0.15792099138256163,0.1539941064734012,0.1836910720868036,0.6454308832908162,0.7221966127951344,0.7157135993282232,0.7920442384653146
Dataset_Shard_0200000_0299999,train,YTTraNue048,5,50,0.17335569053888322,0.1715589463710785,0.19402253687381743,0.18744125083088875,0.2308825746178627,0.7140951849489796,0.8285578491019827,0.812782908882087,0.890239011247903
Dataset_Shard_0200000_0299999,train,YTTraNue048,10,50,0.19142452724277972,0.20579326897859573,0.19715075001120566,0.18672695279121398,0.23124235585331918,0.7722269610969387,0.8227658577552458,0.8043254622250317,0.9004682406796034
Dataset_Shard_0200000_0299999,train,YUA8cOH4wTA,1,50,0.05942327260971069,0.05244625173509121,0.14451785817742346,0.1155415690690279,0.18286098226904868,0.24956194196428572,0.5727193730714598,0.5330267776253739,0.6395539024644333
Dataset_Shard_0200000_0299999,train,YUA8cOH4wTA,2,50,0.08256814077496528,0.07291321456432343,0.18327520176768303,0.1507007346302271,0.2210822446644306,0.31156808035714284,0.6860773584751844,0.6621959447353731,0.7320643169503626
Dataset_Shard_0200000_0299999,train,YUA8cOH4wTA,5,50,0.09150317098945379,0.08828168734908104,0.18466408997774125,0.14534504301846027,0.22628316819667815,0.3583422353316327,0.6865092698188515,0.6561186151298043,0.7266339214081827
Dataset_Shard_0200000_0299999,train,YUA8cOH4wTA,10,50,0.11434090055525303,0.12870033830404282,0.21512947201728821,0.17228636801242828,0.2558313000947237,0.4163747608418367,0.7586071247724706,0.7201055755828933,0.807339062493746
Dataset_Shard_0200000_0299999,train,Yg5Ssy3qkgQ,1,50,0.08105422880500555,0.05927802436053753,0.14093511315470095,0.13494453211373184,0.1611128569842549,0.3917135682397959,0.6770724244174143,0.6810988696382112,0.716812230793143
Dataset_Shard_0200000_0299999,train,Yg5Ssy3qkgQ,2,50,0.08949175387620927,0.06469729915261269,0.15596987721626646,0.14875663113896734,0.17944687470793724,0.4041206951530612,0.7107141820225554,0.7156669863052906,0.7542537112702529
Dataset_Shard_0200000_0299999,train,Yg5Ssy3qkgQ,5,50,0.13354863222688437,0.08934071287512779,0.18969834521412848,0.17633131474256517,0.21796815991401672,0.5386603156887755,0.7894467959492859,0.7940486596101403,0.8098743634268297
Dataset_Shard_0200000_0299999,train,Yg5Ssy3qkgQ,10,50,0.14620826683938504,0.1297055333852768,0.19355179414153098,0.18390177473425864,0.21690521642565727,0.6000275031887755,0.8143473122414103,0.8229037609091074,0.8241769229401317
Dataset_Shard_0200000_0299999,train,Ykj7lbApeTs,1,50,0.04763809073716402,0.03191475849598646,0.17849768429994584,0.17605005662888287,0.24625548645853995,0.18473891900510203,0.6236432414552747,0.610001259741805,0.76877367151959
Dataset_Shard_0200000_0299999,train,Ykj7lbApeTs,2,50,0.069639637414366,0.05652974918484688,0.2185651569068432,0.21428462229669093,0.28435279577970507,0.2656923628826531,0.7252963335154463,0.7070549689803434,0.8295013702170884
Dataset_Shard_0200000_0299999,train,Ykj7lbApeTs,5,50,0.09256553050130606,0.08007783070206642,0.2577523019164801,0.25808321960270403,0.24571997798979284,0.34260682397959186,0.7651068166676884,0.7439268778171899,0.8038928560725053
Dataset_Shard_0200000_0299999,train,Ykj7lbApeTs,10,50,0.1037135936692357,0.09361490234732628,0.2862975214421749,0.28410326860845087,0.31076455622911453,0.4271791294642857,0.8764324014919463,0.8703401319111594,0.8985501468284075
Dataset_Shard_0200000_0299999,val,YufGRlASfNw,1,50,0.10208221767097711,0.08538774773478508,0.17152660958468913,0.15827124178409577,0.18405755437910556,0.4768263711734694,0.795588684234162,0.7868409121243541,0.8034178893186524
Dataset_Shard_0200000_0299999,val,YufGRlASfNw,2,50,0.10615680232644081,0.09155306965112686,0.1705790550261736,0.15379708908498288,0.18616308070719242,0.4962165178571428,0.8005871834138256,0.7857857185220979,0.8224301061380097
Dataset_Shard_0200000_0299999,val,YufGRlASfNw,5,50,0.1379166344553232,0.14234939962625504,0.1863016514480114,0.17513837650418282,0.20383709132671357,0.6271759406887756,0.8569570877252829,0.8517117722077495,0.8807334621906593
Dataset_Shard_0200000_0299999,val,YufGRlASfNw,10,50,0.15100301668047905,0.15926654636859894,0.1913692009449005,0.17847093880176546,0.2116287449002266,0.6754894770408163,0.8664380577680495,0.8567856588909072,0.8882887063871643
Dataset_Shard_0200000_0299999,train,YweVXE4EVWM,1,50,0.04647823323495686,0.04275268875062466,0.13519190378487111,0.13476526882499457,0.1448549484461546,0.21267418686224487,0.674795162813098,0.6357249555731648,0.7869135095398144
Dataset_Shard_0200000_0299999,train,YweVXE4EVWM,2,50,0.05132704012095928,0.04123208113014698,0.14795916855335237,0.15214214969426393,0.15004646450281142,0.21639150191326528,0.714015698508211,0.6698530008330436,0.8111156827526236
Dataset_Shard_0200000_0299999,train,YweVXE4EVWM,5,50,0.06009790079668164,0.052632201462984085,0.1616367631405592,0.16514848358929157,0.16817441061139107,0.26333864795918366,0.7778514348919886,0.7294731868286946,0.8842114538676618
Dataset_Shard_0200000_0299999,train,YweVXE4EVWM,10,50,0.057293395269662144,0.05207032337784767,0.1563379916548729,0.162646925970912,0.15928689911961555,0.24400231186224489,0.7476212945259122,0.7079202783183958,0.8435011364482334
Dataset_Shard_0200000_0299999,train,Z3wah38KgoA,1,50,0.0332635650690645,0.03040334675461054,0.09495687250047923,0.08413632486015558,0.13119173873215914,0.17040258290816326,0.4707691688378648,0.42055979536173127,0.6444619821503998
Dataset_Shard_0200000_0299999,train,Z3wah38KgoA,2,50,0.03994804182089865,0.030373139306902885,0.12414069429039955,0.11026469267904758,0.17203254550695418,0.17740114795918366,0.5850187119914331,0.5341677364530305,0.7868233477185901
Dataset_Shard_0200000_0299999,train,Z3wah38KgoA,5,50,0.060377739891409876,0.045192060992121696,0.15878377884626388,0.1435573051124811,0.20085664719343185,0.29014190051020405,0.7012046710226155,0.6594968509682957,0.843951581990931
Dataset_Shard_0200000_0299999,train,Z3wah38KgoA,10,50,0.07165150590240955,0.05394640937447548,0.16497374102473258,0.14794537641108035,0.20829179465770722,0.3209833386479592,0.7314898677178522,0.6896490850193462,0.8698673289450569
Dataset_Shard_0200000_0299999,train,ZBsE2JWimj0,1,50,0.05479631366208196,0.04388567619025707,0.14319454468786716,0.11732436876744032,0.24102524481713772,0.19974011479591838,0.5418618808170107,0.4847667276511337,0.7716417051992964
Dataset_Shard_0200000_0299999,train,ZBsE2JWimj0,2,50,0.07231030844151974,0.062105948105454445,0.19558117657899857,0.16101755186915398,0.3041745671629906,0.2524473852040816,0.676735473019114,0.6190906037779755,0.8840715676920086
Dataset_Shard_0200000_0299999,train,ZBsE2JWimj0,5,50,0.1153975834697485,0.08750391006469727,0.22672312207520007,0.18835477612912654,0.3194785061478615,0.39417570153061227,0.7592512745366011,0.7070459086887856,0.9138477995490417
Dataset_Shard_0200000_0299999,train,ZBsE2JWimj0,10,50,0.12341195840388536,0.11352690681815147,0.2257076930999756,0.18654883310198783,0.3380411824584007,0.4422464923469388,0.7748428132244214,0.7196288132491838,0.9458982786707658
Dataset_Shard_0200000_0299999,train,ZPGB4_jJCyc,1,50,0.07906910799443721,0.05147502012550831,0.1439585608802736,0.13082100288942455,0.1652119424380362,0.36574298469387756,0.6609644354632368,0.6271511597228819,0.7239175106370724
Dataset_Shard_0200000_0299999,train,ZPGB4_jJCyc,2,50,0.12228289259597659,0.14132460951805115,0.17255020087468437,0.14690372780314648,0.21510925898328423,0.5576004464285714,0.7382415026845374,0.6969638613266474,0.8225261590205686
Dataset_Shard_0200000_0299999,train,ZPGB4_jJCyc,5,50,0.1596632991731167,0.15417709946632385,0.21281883239746094,0.18479923009872437,0.2610612404346466,0.6851004464285714,0.8464996302057406,0.8209265899965089,0.9031994759993733
Dataset_Shard_0200000_0299999,train,ZPGB4_jJCyc,10,50,0.17432954363524913,0.17544683068990707,0.22076132535934448,0.19557906419038773,0.25755259558558463,0.7362045599489795,0.8825437702120185,0.8689656057089457,0.900750195309491
Dataset_Shard_0200000_0299999,train,Z_Nk-d3D3VI,1,50,0.029014101196080447,0.026087244041264057,0.08737316398881376,0.06836358400061726,0.11241562114097178,0.1236587213010204,0.44481404892484916,0.3404785562774398,0.5806655654843543
Dataset_Shard_0200000_0299999,train,Z_Nk-d3D3VI,2,50,0.03719622861593962,0.030417855829000473,0.10981684222817421,0.0865538152679801,0.13872867569327355,0.14896364795918368,0.5275179786816507,0.4259272642694521,0.6564405469348865
Dataset_Shard_0200000_0299999,train,Z_Nk-d3D3VI,5,50,0.05300086688250303,0.0382064264267683,0.1346589495241642,0.10648259475827217,0.16811298236250877,0.21123166454081635,0.6142526099358826,0.5166065896813132,0.7404465876336351
Dataset_Shard_0200000_0299999,train,Z_Nk-d3D3VI,10,50,0.047871503718197345,0.04221082851290703,0.14686406791210174,0.11582879826426506,0.1812393069267273,0.18879145408163264,0.6599036496623836,0.565201540917888,0.7766200078240526
Dataset_Shard_0200000_0299999,train,ZbjWbqnnYyE,1,50,0.039316948195919396,0.02981923334300518,0.11023832440376281,0.1051679977402091,0.14115070682018996,0.1758498086734694,0.494661898935138,0.4675869204613912,0.648378057525179
Dataset_Shard_0200000_0299999,train,ZbjWbqnnYyE,2,50,0.06639354411512613,0.045020727440714836,0.1633847437798977,0.15651190012693406,0.1953997252136469,0.27433474170918365,0.6585320163542607,0.630803005269281,0.7846686946338518
Dataset_Shard_0200000_0299999,train,ZbjWbqnnYyE,5,50,0.09122005734592677,0.06576225534081459,0.20915662184357642,0.20457598745822905,0.2176312930881977,0.3702686543367347,0.7981235484374583,0.7757986850843579,0.8554202020588394
Dataset_Shard_0200000_0299999,train,ZbjWbqnnYyE,10,50,0.10174992054700852,0.08485528454184532,0.23082864344120024,0.23032802313566209,0.23232676297426225,0.3975490274234694,0.833817555086405,0.8212818201344363,0.8768450978353711
Dataset_Shard_0200000_0299999,train,Zcn7rbz3Xqc,1,50,0.052573062013834715,0.04446245729923248,0.14340373538434506,0.137238403595984,0.16504336386919022,0.22122448979591838,0.6400372744092425,0.6021731705499139,0.7500096264010849
Dataset_Shard_0200000_0299999,train,Zcn7rbz3Xqc,2,50,0.0761201013252139,0.051544930785894394,0.17863777711987494,0.1745585532486439,0.19125521302223206,0.3094379783163265,0.7067889422672147,0.6699275104877507,0.8025704773486886
Dataset_Shard_0200000_0299999,train,Zcn7rbz3Xqc,5,50,0.09488419458270073,0.07405558973550797,0.20366618558764457,0.20377250790596008,0.20266416773200036,0.33765704719387757,0.7562592160843589,0.7313577540872669,0.8358841549760726
Dataset_Shard_0200000_0299999,train,Zcn7rbz3Xqc,10,50,0.09940202761441469,0.06487127393484116,0.19729013711214066,0.19834925517439841,0.1969178195297718,0.37392578125,0.7509877628122568,0.7278987175371218,0.8240082573715867
Dataset_Shard_0200000_0299999,train,aIi6zkwglCM,1,50,0.02831382237840444,0.021896857768297195,0.09449924333021045,0.08940632264129818,0.12638924960047007,0.11863480548469388,0.46210509643712955,0.4066088391645759,0.6468623325604369
Dataset_Shard_0200000_0299999,train,aIi6zkwglCM,2,50,0.06520306483842432,0.030874080955982208,0.13799122236669065,0.13365792080760003,0.1685581410676241,0.24165417729591837,0.6046613000567063,0.5537954714411569,0.7679376528193549
Dataset_Shard_0200000_0299999,train,aIi6zkwglCM,5,50,0.09096390597522713,0.03733089379966259,0.15036108518290348,0.14463170660797003,0.1887109974771738,0.36422193877551023,0.6499845310534359,0.6095856951046346,0.7826637599207052
Dataset_Shard_0200000_0299999,train,aIi6zkwglCM,10,50,0.11660500001162291,0.05463704653084278,0.1658679760247469,0.16333757357671858,0.19393969103693962,0.43622648278061227,0.6992931886848385,0.6672241804769184,0.8351984125475808
Dataset_Shard_0200000_0299999,train,aKAbodQ83uk,1,50,0.0594962592702359,0.04434134624898434,0.1496081119403243,0.1343685012124479,0.1639486898481846,0.28950613839285716,0.6927330640488156,0.6467676518956975,0.7730068390159479
Dataset_Shard_0200000_0299999,train,aKAbodQ83uk,2,50,0.06463454578071832,0.045524852350354195,0.16671656630933285,0.14982273444533348,0.18759432166814805,0.2769060905612245,0.7304305231529037,0.6880245938957309,0.8189483147978719
Dataset_Shard_0200000_0299999,train,aKAbodQ83uk,5,50,0.07016462855041027,0.057407498359680176,0.19248287610709666,0.1788274596631527,0.2017204760015011,0.3320073341836735,0.7874111927756553,0.7483638015824962,0.8635371042171377
Dataset_Shard_0200000_0299999,train,aKAbodQ83uk,10,50,0.09717643659561873,0.07936947792768478,0.20436056211590767,0.18404796920716762,0.22452981457114218,0.5020966198979592,0.8365594398191974,0.7997682313547962,0.8937514920608249
Dataset_Shard_0200000_0299999,val,aRF_slIwqM4,1,50,0.05642709150910377,0.05580303817987442,0.20599275903310627,0.19868868794990704,0.22107847136911005,0.20377032844387755,0.7562143123024023,0.7359145807861891,0.7836679898892033
Dataset_Shard_0200000_0299999,val,aRF_slIwqM4,2,50,0.08416873821523041,0.0633292905986309,0.24428841896587983,0.23758725337451325,0.25802162796258926,0.30502790178571426,0.8484709101990419,0.8358782413671146,0.8736932258396046
Dataset_Shard_0200000_0299999,val,aRF_slIwqM4,5,50,0.12426746855955571,0.09423645213246346,0.26330569055397063,0.2575262153404765,0.2748920851340517,0.4623389668367347,0.8924198672323898,0.8889433208999702,0.8973727694596388
Dataset_Shard_0200000_0299999,val,aRF_slIwqM4,10,50,0.15409107828047128,0.13160217553377151,0.2657787779951468,0.26341699147596953,0.2681942824507132,0.5494622927295919,0.8919268023537691,0.8833235952493608,0.8984224494466025
Dataset_Shard_0200000_0299999,train,aUad-7rZkQE,1,50,0.019289465863257648,0.018316585570573807,0.06190112255513668,0.04269951224327087,0.09289117231965065,0.0704344706632653,0.3161272432303374,0.20669021688343503,0.49119982077920743
Dataset_Shard_0200000_0299999,train,aUad-7rZkQE,2,50,0.030104065667837857,0.023347215726971626,0.09847258940339089,0.0782661460712552,0.13162905976176262,0.1060140306122449,0.4383705376419655,0.33228435000614936,0.6111852569268716
Dataset_Shard_0200000_0299999,train,aUad-7rZkQE,5,50,0.0365363272279501,0.031848013401031494,0.11242884315550328,0.09156382516026497,0.14650817528367044,0.145758131377551,0.49181117143305386,0.37122966881744673,0.6738682530274928
Dataset_Shard_0200000_0299999,train,aUad-7rZkQE,10,50,0.04370041180402041,0.03255913034081459,0.12933932177722454,0.10620391212403774,0.1636892279982567,0.16038345025510203,0.544870548931829,0.4425343594236794,0.7065968585408292
Dataset_Shard_0200000_0299999,train,aq7naPyd_ps,1,50,0.01796968102455139,0.012694712728261948,0.09257680937647819,0.08932064473628998,0.11764237500727176,0.06458625637755101,0.39669710620765747,0.37321381992407787,0.5479215763305408
Dataset_Shard_0200000_0299999,train,aq7naPyd_ps,2,50,0.03133046084083617,0.02414278220385313,0.13091590590775012,0.12656201526522637,0.15369223728775977,0.11320033482142858,0.5278851215427068,0.5063542563585862,0.6552151262122442
Dataset_Shard_0200000_0299999,train,aq7naPyd_ps,5,50,0.037136997040361164,0.028023735620081425,0.1529870656132698,0.14762084901332856,0.18786302477121353,0.14872448979591837,0.6073156967490653,0.5879709276051314,0.734695217304624
Dataset_Shard_0200000_0299999,train,aq7naPyd_ps,10,50,0.05501157784834504,0.03557348810136318,0.17687405720353128,0.1684826447069645,0.20441065832972527,0.23052016900510203,0.6844053683228859,0.6667378478446898,0.7861447943128457
Dataset_Shard_0200000_0299999,train,aykwHkSTKps,1,50,0.04323131833225489,0.027843832038342953,0.1018340927362442,0.09604386657476426,0.13624044105410577,0.20450972576530613,0.5324819839513785,0.5150633273104072,0.6685213941042979
Dataset_Shard_0200000_0299999,train,aykwHkSTKps,2,50,0.054200682658702135,0.03428642451763153,0.11342824831604957,0.107018451243639,0.14392464309930803,0.24720663265306123,0.571313238490764,0.5513699662367741,0.6996032191898504
Dataset_Shard_0200000_0299999,train,aykwHkSTKps,5,50,0.0838963695988059,0.045080455020070076,0.13897429801523686,0.13671447940170764,0.1703846324980259,0.35172632334183673,0.6705479134541191,0.661263815366554,0.7599894873032027
Dataset_Shard_0200000_0299999,train,aykwHkSTKps,10,50,0.11349437480792403,0.07723123207688332,0.18013219587504864,0.17488961823284627,0.2011252026259899,0.48196588010204083,0.761036613509136,0.7477394347476494,0.8385233724452742
Dataset_Shard_0200000_0299999,train,b4wQRPqpcHo,1,50,0.0779007606068626,0.05314317345619202,0.22493662534980102,0.21214569565607236,0.2576307553006336,0.266328125,0.7976330296239859,0.7845959636659251,0.8303881398245571
Dataset_Shard_0200000_0299999,train,b4wQRPqpcHo,2,50,0.1067652508802712,0.08326977118849754,0.2432242163363844,0.2361762522533536,0.25486113415798173,0.3775235172193877,0.8378424133303785,0.8305737835346396,0.85395623313172
Dataset_Shard_0200000_0299999,train,b4wQRPqpcHo,5,50,0.13764773011207582,0.11886060982942581,0.27364367796573785,0.26732800231780857,0.28387905640061945,0.47388950892857146,0.8879758544485196,0.8797746489674718,0.9003595499500673
Dataset_Shard_0200000_0299999,train,b4wQRPqpcHo,10,50,0.17495001720264555,0.17614182084798813,0.27607834063004705,0.27145453966688365,0.2805807716725394,0.5985666454081633,0.8931586371134466,0.8869244153308087,0.8992181733675269
Dataset_Shard_0200000_0299999,train,b7nnK-iWh_s,1,29,0.022194604694457918,0.020140789449214935,0.06577471630840466,0.06325295824429085,0.09521940055078473,0.07689484737860662,0.34730734055009355,0.32647852141113176,0.5838809384151609
Dataset_Shard_0300000_0399999,train,b7nnK-iWh_s,1,50,0.03466707307845354,0.03198291175067425,0.11933868549764157,0.12007269270718098,0.11170386265963315,0.13230269451530613,0.5601779033876899,0.5553707357573459,0.615014442234986
Dataset_Shard_0200000_0299999,train,b7nnK-iWh_s,2,28,0.02773977766212608,0.02732920181006193,0.07954288313963584,0.07755221246874758,0.10328427768711533,0.09808260636844024,0.42164240752222515,0.4031378991417002,0.6266288312199461
Dataset_Shard_0300000_0399999,train,b7nnK-iWh_s,2,50,0.040263400208204986,0.031479726545512676,0.13740732468664646,0.13736122876405715,0.1352745085954666,0.14950255102040816,0.6295109473732283,0.6193164653690433,0.7209743304832756
Dataset_Shard_0200000_0299999,train,b7nnK-iWh_s,5,25,0.037364399656653405,0.03332158178091049,0.09657376885414123,0.09451936408877373,0.1199643987417221,0.13626753826530613,0.5059654435217604,0.48861617625563164,0.694909001253973
Dataset_Shard_0300000_0399999,train,b7nnK-iWh_s,5,50,0.05264050353318453,0.05317308194935322,0.16128923177719115,0.16151827499270438,0.1539054125919938,0.19945870535714286,0.7092187544720389,0.7023482254993343,0.7479551772024255
Dataset_Shard_0200000_0299999,train,b7nnK-iWh_s,10,20,0.04367055911570787,0.04306221567094326,0.10165940895676613,0.09877922087907791,0.1343788869678974,0.18532665019132652,0.5425320566031618,0.5219733473748049,0.7649893151008891
Dataset_Shard_0300000_0399999,train,b7nnK-iWh_s,10,50,0.06391117591410875,0.05728529952466488,0.17080986976623536,0.17265894800424575,0.1589022821560502,0.23641701211734695,0.7261954765055911,0.7212699507299385,0.7817854661138116
Dataset_Shard_0300000_0399999,train,bDs_lr_2dpg,1,50,0.015260439645498992,0.013581917621195316,0.06462983973324299,0.054789844304323196,0.13922788590192794,0.043335459183673465,0.29111943769262594,0.23825393458055594,0.6728056043087495
Dataset_Shard_0300000_0399999,train,bDs_lr_2dpg,2,50,0.03404363078996539,0.019023951143026352,0.11480155996978283,0.10302940744906663,0.18135979145765305,0.11707389987244898,0.4272860172444387,0.36970722748306856,0.7619657703146259
Dataset_Shard_0300000_0399999,train,bDs_lr_2dpg,5,50,0.041165121719241145,0.03380328603088856,0.13694097310304643,0.12642165642231704,0.2061907948553562,0.15895966198979591,0.531412896060301,0.49058767559745425,0.8190392709129436
Dataset_Shard_0300000_0399999,train,bDs_lr_2dpg,10,50,0.04392631866037846,0.02402251400053501,0.12896147966384888,0.11818744536489248,0.19934209138154985,0.1449916294642857,0.4733128763354092,0.4176246021500935,0.8178429378277624
Dataset_Shard_0300000_0399999,val,bF1ORN7QtkE,1,50,0.028646604800596834,0.023494803346693516,0.15981272578239442,0.15296502143144608,0.196951949223876,0.08998166454081633,0.6511577943408736,0.6301599093523884,0.7476023288067333
Dataset_Shard_0300000_0399999,val,bF1ORN7QtkE,2,50,0.03923594124615192,0.030347544699907303,0.18637192547321318,0.17913664534687995,0.21709849551320076,0.11805205676020408,0.7314048706282418,0.7064692491416593,0.8308013999515568
Dataset_Shard_0300000_0399999,val,bF1ORN7QtkE,5,50,0.046844668537378314,0.038598017767071724,0.20375556811690332,0.1978034083545208,0.22879256591200828,0.1380927136479592,0.7860729235393713,0.770061966942206,0.8490497788175524
Dataset_Shard_0300000_0399999,val,bF1ORN7QtkE,10,50,0.06178726315498352,0.044398073107004166,0.2282586517930031,0.22894603833556176,0.23337807953357698,0.19675940688775512,0.8427503927395184,0.8357294357475379,0.8780176389439265
Dataset_Shard_0300000_0399999,train,bGaEvKvZWas,1,50,0.059527925085276365,0.04963224567472935,0.14087956957519054,0.15328284356743097,0.155636237077415,0.20786910076530613,0.5287185009996428,0.5429438648788253,0.5651938528736359
Dataset_Shard_0300000_0399999,train,bGaEvKvZWas,2,50,0.07853835459798575,0.07175277918577194,0.17940176866948604,0.19509225763380528,0.18502069517970085,0.269227519132653,0.633388176440086,0.6613532625707846,0.6449792978168475
Dataset_Shard_0300000_0399999,train,bGaEvKvZWas,5,50,0.11978499203920365,0.09756792336702347,0.21362557202577592,0.23737236499786377,0.20443151727318765,0.3845930325255102,0.7155974355347667,0.7392346385047935,0.7175677929652489
Dataset_Shard_0300000_0399999,train,bGaEvKvZWas,10,50,0.1403168535977602,0.09809546917676926,0.21475434243679048,0.2331082808971405,0.20862968623638153,0.4480516581632653,0.7236878078991791,0.7488959639200415,0.7148415371351631
Dataset_Shard_0300000_0399999,train,bQ869A6Z27I,1,50,0.07700437873601913,0.06708791851997375,0.1524524833805185,0.1632285662445497,0.17819982641289245,0.3349489795918367,0.6601094107124248,0.6620569101886421,0.7464871069748724
Dataset_Shard_0300000_0399999,train,bQ869A6Z27I,2,50,0.08708414750173687,0.06394940987229347,0.17312771245145087,0.1926075792156098,0.178840949057485,0.35553013392857147,0.7236363201443097,0.735401716440323,0.761851878201975
Dataset_Shard_0300000_0399999,train,bQ869A6Z27I,5,50,0.15420035041868688,0.1187928058207035,0.2009106803871691,0.21447622010484338,0.20798643231391906,0.5793514827806123,0.8116829571081368,0.8135676140674939,0.854465030808748
Dataset_Shard_0300000_0399999,train,bQ869A6Z27I,10,50,0.20225856743752957,0.26788169145584106,0.22801300525665283,0.23687881156802176,0.22777429044246675,0.7314281728316326,0.8920283416696831,0.8913704285350732,0.9072134760697205
Dataset_Shard_0300000_0399999,train,bf8S2Tnk5-c,1,50,0.0519314787350595,0.04802802950143814,0.12303287319839001,0.12673544332385064,0.14627236977219582,0.25021085778061225,0.6563268646456824,0.5843135934688491,0.7744326164662829
Dataset_Shard_0300000_0399999,train,bf8S2Tnk5-c,2,50,0.0740898884087801,0.06146145798265934,0.14677152171730995,0.15078412413597106,0.17505650751292706,0.4004619738520408,0.6885707203683081,0.5866537824184332,0.8397436097041102
Dataset_Shard_0300000_0399999,train,bf8S2Tnk5-c,5,50,0.09494626477360725,0.06965530291199684,0.16024838015437126,0.16956840097904205,0.18219115912914277,0.48148995535714284,0.7522876807486726,0.6805234746027495,0.86381769865756
Dataset_Shard_0300000_0399999,train,bf8S2Tnk5-c,10,50,0.11607047136873007,0.08207463845610619,0.175122646689415,0.18756404280662536,0.18393221065402032,0.5742725605867347,0.7863134128618497,0.738247906945223,0.8685945416199233
Dataset_Shard_0300000_0399999,train,bkQ5uGu5qE8,1,50,0.038066825936548414,0.024152318015694618,0.11753379330039024,0.10546227987855673,0.13714076653122903,0.18483976403061222,0.5775823163312832,0.5363068985061328,0.6551025052382279
Dataset_Shard_0300000_0399999,train,bkQ5uGu5qE8,2,50,0.04885139401070773,0.038406675681471825,0.14904964804649354,0.13556208696216346,0.16640421539545058,0.22229551977040818,0.6993803816376585,0.6589751895875628,0.7739258059793009
Dataset_Shard_0300000_0399999,train,bkQ5uGu5qE8,5,50,0.05651772268116474,0.04457149840891361,0.16472863614559174,0.14970776081085205,0.18162014544010163,0.2686160714285714,0.7727861895851799,0.740322409416379,0.823809853381655
Dataset_Shard_0300000_0399999,train,bkQ5uGu5qE8,10,50,0.07446974933147431,0.06335984915494919,0.18667449988424778,0.17296570420265198,0.20349630638957023,0.35951769770408165,0.8504168868236606,0.8425554498121889,0.8802773500926695
Dataset_Shard_0300000_0399999,train,bnVPLUTCR7U,1,50,0.07633560735732317,0.0596468560397625,0.116022323241923,0.12615276155993344,0.12998507267097012,0.313972018494898,0.4931965950184861,0.48481307531358536,0.5729056086102531
Dataset_Shard_0300000_0399999,train,bnVPLUTCR7U,2,50,0.10370959997177125,0.07471277564764023,0.14509467678610236,0.14845652325777337,0.16081886790459976,0.39647520727040814,0.5666191482205014,0.5448619663993165,0.6455748299405939
Dataset_Shard_0300000_0399999,train,bnVPLUTCR7U,5,50,0.1085554213821888,0.09339795261621475,0.14275131311733275,0.15581027410924433,0.1488886221172288,0.4199457908163265,0.5482871074811201,0.5294058854735113,0.6125293611409032
Dataset_Shard_0300000_0399999,train,bnVPLUTCR7U,10,50,0.12907263599336147,0.1215798668563366,0.1649503197800368,0.18597168929874897,0.15881252807565033,0.4840704719387755,0.6164446263087805,0.6134676749705144,0.6564400757127105
Dataset_Shard_0300000_0399999,train,btNRAupsVCA,1,50,0.05175860925577581,0.040829848498106,0.14575112409889698,0.125599659755826,0.2056195340305567,0.22358418367346938,0.6368268718628921,0.6273584088877979,0.7402046057079553
Dataset_Shard_0300000_0399999,train,btNRAupsVCA,2,50,0.07897273812443018,0.05403851717710495,0.17414483487606047,0.14830501206219196,0.22948252499103547,0.314382174744898,0.708693512193133,0.7063894665402002,0.7634998999470498
Dataset_Shard_0300000_0399999,train,btNRAupsVCA,5,50,0.11080811381340026,0.08496487140655518,0.21486616492271424,0.18050047129392624,0.2832578894495964,0.4448525191326531,0.8271791747498414,0.8228756543036705,0.8786101944755995
Dataset_Shard_0300000_0399999,train,btNRAupsVCA,10,50,0.15933670733124017,0.18078530579805374,0.2420533174276352,0.1861565466225147,0.3175171299278736,0.6133003826530612,0.8666086676349118,0.8528450452551032,0.9128767782339392
Dataset_Shard_0300000_0399999,train,c2Gd126Ko_w,1,50,0.1345069107785821,0.13257376849651337,0.20559479258954524,0.19285327658057214,0.26909759670495986,0.5049613360969388,0.6873217644746654,0.6646268344228035,0.7905652457966151
Dataset_Shard_0300000_0399999,train,c2Gd126Ko_w,2,50,0.16024466009810567,0.16409854590892792,0.21918050818145274,0.20650025852024556,0.2722309774160385,0.6092370854591836,0.7383124825825002,0.7222045589356142,0.8292272530296932
Dataset_Shard_0300000_0399999,train,c2Gd126Ko_w,5,50,0.1760649762675166,0.1934051364660263,0.2344699767231941,0.22101500764489174,0.29175540670752526,0.6458657525510205,0.7675806334818809,0.7472479407862216,0.8530384397581626
Dataset_Shard_0300000_0399999,train,c2Gd126Ko_w,10,50,0.21424752086400986,0.23178782314062119,0.2789222857356071,0.26936796635389326,0.30972784489393235,0.7285367506377551,0.8405852673449506,0.8300921022882132,0.8817470294051535
Dataset_Shard_0300000_0399999,test,c3SQmrJFsLY,1,50,0.03854730244725943,0.028980602510273457,0.13246491073125072,0.12171353142151929,0.1650965411387733,0.16182477678571427,0.5920405863848398,0.5855675643333922,0.6247659563471784
Dataset_Shard_0300000_0399999,test,c3SQmrJFsLY,2,50,0.05579577323049307,0.04681232012808323,0.17230730784591286,0.15624899116810412,0.21644086187705397,0.21179767219387757,0.695390749827516,0.6844970464554201,0.7565438401587676
Dataset_Shard_0300000_0399999,test,c3SQmrJFsLY,5,50,0.06274037439376116,0.056109098717570305,0.1964078486710787,0.16887809701263903,0.254442680478096,0.22884845344387755,0.7799085086706304,0.7623307104893634,0.8282957561994517
Dataset_Shard_0300000_0399999,test,c3SQmrJFsLY,10,50,0.08848728423938156,0.08135683834552765,0.22113306291867046,0.1941860362654552,0.28127690669614824,0.3203774713010204,0.8241740381938343,0.8113290063900875,0.8636432974537263
Dataset_Shard_0300000_0399999,train,c7Al1YuIwUI,1,50,0.04574299310334027,0.02474575862288475,0.10545725813135505,0.10556093782186508,0.11261003326624631,0.2105763711734694,0.549623222606472,0.5561925834739535,0.5769199825743534
Dataset_Shard_0300000_0399999,train,c7Al1YuIwUI,2,50,0.05332429090514779,0.027376526966691017,0.11655957531183958,0.12017342798411847,0.12514983750879766,0.2454229113520408,0.5998575024107694,0.6104886050173146,0.634134802027344
Dataset_Shard_0300000_0399999,train,c7Al1YuIwUI,5,50,0.078389293840155,0.0416901670396328,0.130926905721426,0.13325873889029027,0.14112049832940102,0.3780297353316327,0.6507145647627139,0.6486752919934036,0.6893246166740251
Dataset_Shard_0300000_0399999,train,c7Al1YuIwUI,10,50,0.09967391273006797,0.09709325432777405,0.1411896050721407,0.14896630696952343,0.152168650329113,0.4687444196428572,0.7238998276507266,0.7279171582192235,0.7637663922366689
Dataset_Shard_0300000_0399999,train,cCQSFjK9mhw,1,50,0.02147488239686936,0.010017262771725655,0.06297249034047127,0.0529341728053987,0.12064088024199009,0.06316007653061224,0.2542100903973941,0.18763153354538825,0.5792359126965877
Dataset_Shard_0300000_0399999,train,cCQSFjK9mhw,2,50,0.0217856983281672,0.01246970146894455,0.06198315475136042,0.05251810701563955,0.12199477225542069,0.07188018176020408,0.25266602980059066,0.18681004872930124,0.5806646747964453
Dataset_Shard_0300000_0399999,train,cCQSFjK9mhw,5,50,0.06567852593027056,0.022159566171467304,0.12134248752146959,0.11521996762603522,0.16344559647142887,0.20782804528061224,0.4426138054409997,0.3817344064431123,0.7093666033718151
Dataset_Shard_0300000_0399999,train,cCQSFjK9mhw,10,50,0.06490755990147591,0.027539805509150028,0.1344241012632847,0.12868398889899255,0.18174775764346124,0.24379504145408162,0.535931939479865,0.4826744787126288,0.8049380062886909
Dataset_Shard_0300000_0399999,train,cF3FypUIZhA,1,50,0.0680516784451902,0.05564001388847828,0.1675091168284416,0.14540568597614764,0.23695551857352257,0.24121253188775507,0.6248910582768418,0.5806565640488914,0.758839500688945
Dataset_Shard_0300000_0399999,train,cF3FypUIZhA,2,50,0.08361472457647323,0.07309180125594139,0.19337760500609874,0.1745207431167364,0.2792859156429768,0.3188639987244898,0.7196976854169648,0.6865161779180299,0.8413973544820885
Dataset_Shard_0300000_0399999,train,cF3FypUIZhA,5,50,0.11497356321662665,0.10072408244013786,0.2394910427927971,0.21478998869657517,0.31699172958731653,0.42399593431122445,0.8312393522278189,0.8129960437807935,0.8671994282289148
Dataset_Shard_0300000_0399999,train,cF3FypUIZhA,10,50,0.1455109878629446,0.1401875764131546,0.27662243753671645,0.24859074369072914,0.346788664162159,0.5448018973214286,0.8721330197040338,0.8550960577614751,0.9210787579090831
Dataset_Shard_0300000_0399999,train,cFUZYGRYK94,1,50,0.21106831839308143,0.21821027994155884,0.23859225779771806,0.24109034672379492,0.2530276102386415,0.7836348054846938,0.8560357873962081,0.8404323551627769,0.8780650937436542
Dataset_Shard_0300000_0399999,train,cFUZYGRYK94,2,50,0.23817706303671002,0.2678316533565521,0.26511255025863645,0.27823982819914816,0.2677999995648861,0.8052264030612245,0.8780388873673596,0.8534143205926895,0.924039619281657
Dataset_Shard_0300000_0399999,train,cFUZYGRYK94,5,50,0.2722899615764618,0.28167660534381866,0.28053458124399183,0.29200716197490695,0.2949048516154289,0.9099637276785714,0.9292930862161382,0.9225164645675147,0.9502211619651691
Dataset_Shard_0300000_0399999,train,cFUZYGRYK94,10,50,0.27679567769169805,0.28858114778995514,0.29686971962451936,0.301560278236866,0.301122165620327,0.9068901466836735,0.9410042917065854,0.928715727637874,0.9537494295801975
Dataset_Shard_0300000_0399999,train,cPcyix9lBG0,1,50,0.07135245095938444,0.06616508960723877,0.13926523432135582,0.12569089733064176,0.15298918917775153,0.30490792410714285,0.6653834910925249,0.6603864034629319,0.7050792748194695
Dataset_Shard_0300000_0399999,train,cPcyix9lBG0,2,50,0.0919058083370328,0.08120080083608627,0.16517630875110625,0.15171612232923506,0.1781541322171688,0.36846261160714283,0.7234083112673284,0.7101782978559537,0.7593099994110188
Dataset_Shard_0300000_0399999,train,cPcyix9lBG0,5,50,0.1174365309253335,0.10895833373069763,0.20606404021382332,0.19427573502063752,0.2167964319884777,0.446328125,0.7905844496986749,0.788906271062382,0.8202439714478438
Dataset_Shard_0300000_0399999,train,cPcyix9lBG0,10,50,0.1197555799037218,0.11316200718283653,0.2179004144668579,0.21795602679252624,0.21456987544894218,0.4448158482142857,0.8040816993773693,0.8067127682949042,0.8235140663499465
Dataset_Shard_0300000_0399999,train,cQAkgnu0KNE,1,50,0.049761998169124126,0.04977675527334213,0.1576987961679697,0.13763209082186223,0.17125978820025922,0.21944036989795918,0.6908030066098024,0.6855941887203921,0.7031798768948443
Dataset_Shard_0300000_0399999,train,cQAkgnu0KNE,2,50,0.06034638173878193,0.06037662550806999,0.1877889083325863,0.17009664304554462,0.19827816471457482,0.26404695471938777,0.7862533729729023,0.7841562152374584,0.8013040492443453
Dataset_Shard_0300000_0399999,train,cQAkgnu0KNE,5,50,0.0856539074331522,0.06376297026872635,0.20196815922856332,0.1780989320576191,0.21707375928759576,0.41273995535714286,0.8203629245287096,0.8136247226579643,0.8315732863517876
Dataset_Shard_0300000_0399999,train,cQAkgnu0KNE,10,50,0.0768146800994873,0.07148366793990135,0.20739806056022644,0.1805262830853462,0.2219052004814148,0.4225434470663265,0.8494902947157599,0.842032953453557,0.8617663823731944
Dataset_Shard_0300000_0399999,train,cTIbhq8KHSM,1,50,0.0760620754212141,0.04660054109990597,0.18647277198731899,0.1822419487684965,0.20122139021754265,0.30764548788265306,0.7503989694059555,0.7262879611790676,0.8318012920451353
Dataset_Shard_0300000_0399999,train,cTIbhq8KHSM,2,50,0.08856031047180295,0.056795306503772736,0.2123171016573906,0.20623199246823787,0.23545739114284514,0.351862643494898,0.8292432911978159,0.8036248352026375,0.9094766664491576
Dataset_Shard_0300000_0399999,train,cTIbhq8KHSM,5,50,0.12037582948803902,0.10240402072668076,0.23796503961086274,0.23537079513072967,0.24093920707702637,0.49458984375,0.9008715792140226,0.8850178314347579,0.9390367774713059
Dataset_Shard_0300000_0399999,train,cTIbhq8KHSM,10,50,0.1405120574682951,0.15589400380849838,0.24550534948706626,0.24342373728752137,0.25216523513197897,0.5567327008928572,0.8997843935457424,0.8840585155664965,0.9419706624324905
Dataset_Shard_0300000_0399999,train,ciLvB2zwaOE,1,50,0.056821533553302286,0.04489500634372234,0.12550543017685414,0.11002713974565267,0.16855449005961418,0.27418845663265307,0.5831714967048623,0.5045227713557722,0.7822629351239074
Dataset_Shard_0300000_0399999,train,ciLvB2zwaOE,2,50,0.08335591702991224,0.08053359389305115,0.17893876274298237,0.1682184251353465,0.22132760312451866,0.39052216198979595,0.7321844084734604,0.6924779918618517,0.8541220105040651
Dataset_Shard_0300000_0399999,train,ciLvB2zwaOE,5,50,0.10489803470671177,0.09181473031640053,0.18728000029921532,0.17082962706685068,0.23367006421089173,0.48002511160714284,0.779096141393553,0.7320621407751275,0.8994054950304837
Dataset_Shard_0300000_0399999,train,ciLvB2zwaOE,10,50,0.14128826580941678,0.13667939603328705,0.24430533215403558,0.2372738628089428,0.2607977131009102,0.5982983896683673,0.8615943041754455,0.8283280159199972,0.9373842816123186
Dataset_Shard_0300000_0399999,train,ck3jZjhnQ84,1,50,0.033701360868290064,0.024833344854414463,0.07963824085891247,0.0793193657323718,0.10779135011136531,0.15907924107142857,0.3902048459240668,0.3540990109629151,0.5414237896734773
Dataset_Shard_0300000_0399999,train,ck3jZjhnQ84,2,50,0.04873061865568161,0.03476330637931824,0.09262661494314671,0.09073831275105476,0.13041583746671676,0.22119260204081634,0.4552065166495727,0.407129020615298,0.6631412403803106
Dataset_Shard_0300000_0399999,train,ck3jZjhnQ84,5,50,0.07185067312791943,0.04433598741889,0.12422959014773369,0.12528907977044582,0.15893759071826935,0.3258003826530612,0.5491623606880952,0.49710487932085734,0.7295224581961616
Dataset_Shard_0300000_0399999,train,ck3jZjhnQ84,10,50,0.07909005273133517,0.05534057319164276,0.12399952858686447,0.11910685867071152,0.16766158118844032,0.3925789221938776,0.5948479418385406,0.5325819999910868,0.7723897947607452
Dataset_Shard_0300000_0399999,train,cqUD7jK9olE,1,50,0.06484532867092639,0.05023126304149628,0.14411614918753912,0.12978758215096606,0.1675835588877817,0.2545746970663265,0.5787873434537879,0.5596911377723933,0.6343906868121529
Dataset_Shard_0300000_0399999,train,cqUD7jK9olE,2,50,0.08771679216064512,0.06326566264033318,0.18975049495697022,0.18177590891718864,0.19094051611144094,0.31327726403061223,0.6695700350188809,0.6897694802298672,0.6733753820485434
Dataset_Shard_0300000_0399999,train,cqUD7jK9olE,5,50,0.12899452501907946,0.09661379083991051,0.20991779066622257,0.19705088973045348,0.2509221797809005,0.44171556122448985,0.7540523398683503,0.7605698735903416,0.8142994355601195
Dataset_Shard_0300000_0399999,train,cqUD7jK9olE,10,50,0.1838149925135076,0.1810034215450287,0.2903168597817421,0.26323710769414904,0.3094961244426668,0.6258358577806122,0.8681448294165266,0.8782674699149178,0.8522686649879369
Dataset_Shard_0300000_0399999,train,cxKVZ0NO0V4,1,50,0.06714946236461401,0.05023776553571224,0.17123981721699238,0.15872258827090263,0.21075450122356415,0.28526147959183673,0.725983321221873,0.6791580069428518,0.8508081358022842
Dataset_Shard_0300000_0399999,train,cxKVZ0NO0V4,2,50,0.08654953034594655,0.0830567441880703,0.19389022141695023,0.1858019882440567,0.21912772208452225,0.3554121492346939,0.7932136318604469,0.7645290647141468,0.8717783962235478
Dataset_Shard_0300000_0399999,train,cxKVZ0NO0V4,5,50,0.08820745229721069,0.07490097731351852,0.1987560661137104,0.18849701479077338,0.2178447015583515,0.35799585459183675,0.8024807042953122,0.7532794965846663,0.8970720320530172
Dataset_Shard_0300000_0399999,train,cxKVZ0NO0V4,10,50,0.11661873705685138,0.11546388268470764,0.22985290840268136,0.2233429257571697,0.25010658890008924,0.49577168367346935,0.8590633519655496,0.8337761701452655,0.9228857443539288
Dataset_Shard_0300000_0399999,train,d21L6jFe6C8,1,50,0.08243742275983096,0.06921129301190376,0.17122630998492241,0.16965457003563642,0.1666487081348896,0.3326124043367347,0.7210787981659137,0.6814207843508508,0.7973999754414858
Dataset_Shard_0300000_0399999,train,d21L6jFe6C8,2,50,0.09922155044972897,0.07543303817510605,0.19149761870503426,0.19085317254066467,0.18764258950948715,0.42851442920918364,0.7908791552841463,0.750605025336711,0.8532990451263389
Dataset_Shard_0300000_0399999,train,d21L6jFe6C8,5,50,0.1331493379175663,0.12957384437322617,0.2372363844513893,0.24349699750542642,0.21421174541115762,0.6002080676020408,0.8812357540481082,0.8619640317292715,0.9062814549279516
Dataset_Shard_0300000_0399999,train,d21L6jFe6C8,10,50,0.15659744948148727,0.12265009805560112,0.2538820055127144,0.26517900690436363,0.22279383465647698,0.6584889190051021,0.8771683308535362,0.8626232140877977,0.9136171639217412
Dataset_Shard_0300000_0399999,train,d9IvvjcFxp8,1,50,0.0320778925344348,0.024332230910658836,0.21367714270949364,0.19596457429230213,0.2419231791049242,0.0913492506377551,0.604156343439293,0.5766484178825273,0.7091566070067316
Dataset_Shard_0300000_0399999,train,d9IvvjcFxp8,2,50,0.04378841210156679,0.031006399542093277,0.25657632172107697,0.2341991551220417,0.27623036921024324,0.12350286989795918,0.6861000246961253,0.6524483180749507,0.7776758825500579
Dataset_Shard_0300000_0399999,train,d9IvvjcFxp8,5,50,0.04767988147214055,0.03613920882344246,0.2867355763912201,0.26075263261795045,0.3101509699225426,0.13624043367346939,0.7570055502712628,0.7255534751809304,0.8244640402504269
Dataset_Shard_0300000_0399999,train,d9IvvjcFxp8,10,50,0.04695823442190886,0.03749076463282108,0.2829527361690998,0.26732343941926956,0.2892869102954865,0.12788185586734693,0.7720405291826482,0.7508812800347983,0.8193011689586366
Dataset_Shard_0300000_0399999,train,dadeCjt1zZ8,1,50,0.08013159308582544,0.07006950303912163,0.13533710449934006,0.15413180358707904,0.13081714496016503,0.2990266262755102,0.5493556769537958,0.5901639561038351,0.5519237664898373
Dataset_Shard_0300000_0399999,train,dadeCjt1zZ8,2,50,0.08103567022830248,0.07834717258810997,0.15329245254397392,0.1655078037455678,0.15539020322263242,0.29713647959183676,0.5885566327579667,0.5898907721721448,0.6263247226712874
Dataset_Shard_0300000_0399999,train,dadeCjt1zZ8,5,50,0.09895699869841337,0.09436346590518951,0.1822332352399826,0.21387670695781708,0.1683498478680849,0.3485829878826531,0.6495372923314774,0.6820504915091399,0.6555366073061752
Dataset_Shard_0300000_0399999,train,dadeCjt1zZ8,10,50,0.13549843553453683,0.12805575877428055,0.22364370971918107,0.2501021880656481,0.2022315150499344,0.452155612244898,0.7474047958232668,0.7623197709830882,0.7526448714543857
Dataset_Shard_0300000_0399999,train,dpttD5WWzs0,1,50,0.09229880191385746,0.07675383985042572,0.20131114579737186,0.20365200981497764,0.2070506477355957,0.35215441645408163,0.750676317535501,0.7720472127058285,0.7492971166946557
Dataset_Shard_0300000_0399999,train,dpttD5WWzs0,2,50,0.10209285244345664,0.0848582349717617,0.20580086767673492,0.2081003640592098,0.21459316924214364,0.43283123405612245,0.7929101756645163,0.8054415714729979,0.7898921546522187
Dataset_Shard_0300000_0399999,train,dpttD5WWzs0,5,50,0.11375001069158315,0.09747330471873283,0.22568561285734176,0.22715180099010468,0.22532729670405388,0.5005349170918367,0.8100433348541943,0.8329374406832336,0.8014035830291428
Dataset_Shard_0300000_0399999,train,dpttD5WWzs0,10,50,0.11807219579815864,0.11476323008537292,0.24969602286815643,0.2571482589840889,0.2517013032734394,0.5410929528061225,0.8679363161362481,0.8834143684028956,0.861457648388714
Dataset_Shard_0300000_0399999,train,dtf0Qt8rCPE,1,50,0.05362214820459485,0.045012133195996284,0.12720806643366814,0.1207086081802845,0.16085154578089714,0.23781529017857142,0.5900443234332089,0.5599737790029832,0.7333661057300546
Dataset_Shard_0300000_0399999,train,dtf0Qt8rCPE,2,50,0.0733561870502308,0.06614181026816368,0.14850881507620214,0.14211730994284152,0.1793962525576353,0.32874003507653066,0.6648161101561052,0.6403926248578847,0.791456846076803
Dataset_Shard_0300000_0399999,train,dtf0Qt8rCPE,5,50,0.1000320909358561,0.09139890968799591,0.18346999876201153,0.1771105183660984,0.20931737221777438,0.4274465880102041,0.7690642860849468,0.7447743116922989,0.8708656847525085
Dataset_Shard_0300000_0399999,train,dtf0Qt8rCPE,10,50,0.1259760729968548,0.11759426817297935,0.20322407096624373,0.19626654520630837,0.21887030988931655,0.5066358418367347,0.8232090089311395,0.8015208246440735,0.9041765422765021
Dataset_Shard_0300000_0399999,val,e0x_uAwuUVE,1,50,0.11292828321456909,0.08591077849268913,0.19032419517636298,0.16737101532518864,0.2173548674583435,0.43636878188775513,0.8203384897490389,0.79615702277343,0.8805403313703298
Dataset_Shard_0300000_0399999,val,e0x_uAwuUVE,2,50,0.1348753021657467,0.11076697334647179,0.2102286083996296,0.18777507089078427,0.2280156560242176,0.5587472098214286,0.8377280830870971,0.8192366273593251,0.8771473399121815
Dataset_Shard_0300000_0399999,val,e0x_uAwuUVE,5,50,0.13895953461527824,0.1287202090024948,0.20674656048417092,0.17519259452819824,0.23229069888591766,0.5967940848214286,0.862107622975381,0.8406551611344787,0.9071482340117378
Dataset_Shard_0300000_0399999,val,e0x_uAwuUVE,10,50,0.13727458886802196,0.11692380160093307,0.22199158370494843,0.1945442572236061,0.24453448742628098,0.6042562181122448,0.878486427628623,0.862575142650052,0.9159173539308928
Dataset_Shard_0300000_0399999,train,e63J3OFgS7M,1,50,0.05928857566788793,0.03978457301855087,0.17384004563093186,0.16704160273075103,0.22808491734787822,0.22414819834183675,0.6497763678921235,0.6364217322432865,0.7704107137405475
Dataset_Shard_0300000_0399999,train,e63J3OFgS7M,2,50,0.06852944165468217,0.05890052393078804,0.1968636329844594,0.19067179076373578,0.2652827598899603,0.27571348852040817,0.7025055749776782,0.6911934884203654,0.8171975886083389
Dataset_Shard_0300000_0399999,train,e63J3OFgS7M,5,50,0.09244784355163574,0.0895003229379654,0.23865785852074622,0.23205833226442338,0.2924662312120199,0.4163364955357143,0.8413341892532198,0.8390173052826024,0.872744916393047
Dataset_Shard_0300000_0399999,train,e63J3OFgS7M,10,50,0.12324794922024011,0.11735278367996216,0.248000897616148,0.24373092338442803,0.31031243458390234,0.5527172353316326,0.8520750418918809,0.8465549545045354,0.8872385825747862
Dataset_Shard_0300000_0399999,val,e6FMbxEpdus,1,50,0.04532708572456613,0.0377693772315979,0.11587097433861344,0.11184736784547568,0.14262697939760982,0.22603794642857142,0.5618642369423262,0.5418044762785604,0.6894835609262039
Dataset_Shard_0300000_0399999,val,e6FMbxEpdus,2,50,0.04936536399045508,0.035842593759298325,0.1259159885682311,0.1235732284025289,0.1539080035022198,0.2159434789540816,0.5620053716654094,0.5462683934541588,0.675088733131324
Dataset_Shard_0300000_0399999,val,e6FMbxEpdus,5,50,0.09370170500362292,0.06954420357942581,0.17703797791386022,0.17580085758818315,0.18410415552090853,0.4012460140306123,0.7586535095116892,0.748127222148816,0.8192596739653213
Dataset_Shard_0300000_0399999,val,e6FMbxEpdus,10,50,0.09511472549056635,0.06563000194728374,0.1701256457529962,0.17002552350983025,0.17604666919447481,0.42392936862244895,0.7364348785324488,0.724572272931721,0.8104016653112118
Dataset_Shard_0300000_0399999,train,eAyLA25v2ls,1,50,0.11593571271747351,0.1076275184750557,0.18470434188842774,0.18184723675251008,0.19652659133076666,0.46786830357142856,0.7307861233175249,0.7488308665456767,0.7580506360707904
Dataset_Shard_0300000_0399999,train,eAyLA25v2ls,2,50,0.15322336845099926,0.1444825977087021,0.20946094036102295,0.20922015771269797,0.21958050712943078,0.5873337850765307,0.806183509891235,0.8149567559032583,0.831318659140683
Dataset_Shard_0300000_0399999,train,eAyLA25v2ls,5,50,0.18653086155653,0.1896468847990036,0.23867208555340766,0.24415425926446915,0.24055523052811623,0.7177726403061224,0.8601046907640287,0.8874646370537062,0.8635215880057591
Dataset_Shard_0300000_0399999,train,eAyLA25v2ls,10,50,0.1896405529975891,0.1960490271449089,0.24006041780114173,0.24098355025053025,0.23964431166648864,0.6878946109693878,0.8557692296472615,0.8773097152618456,0.8548128824160796
Dataset_Shard_0300000_0399999,train,eC9gwP4mNPQ,1,50,0.09787694949656725,0.08372893929481506,0.14104274809360504,0.16266117572784425,0.14033901877701283,0.40512834821428567,0.653685035806512,0.6707471257558031,0.6755864337465565
Dataset_Shard_0300000_0399999,train,eC9gwP4mNPQ,2,50,0.11754495956003666,0.10221432521939278,0.15839313581585884,0.19207771725952624,0.1520708442479372,0.4912583705357143,0.714162396376046,0.747740965795959,0.7277204023339569
Dataset_Shard_0300000_0399999,train,eC9gwP4mNPQ,5,50,0.1583904544264078,0.14779739826917648,0.20559676632285118,0.23034396775066854,0.20386048495769502,0.6268435108418368,0.8163299872193563,0.8211321275762548,0.8283382688344939
Dataset_Shard_0300000_0399999,train,eC9gwP4mNPQ,10,50,0.180174530595541,0.16990293562412262,0.21634385585784913,0.23693903863430024,0.21349236771464347,0.6627602838010205,0.8468695639443585,0.869087572212126,0.8527685388456595
Dataset_Shard_0300000_0399999,val,eFquyliJz0U,1,50,0.07586125880479813,0.06423835456371307,0.14885975264012813,0.13692202255129815,0.1980608309805393,0.3526028380102041,0.6105023504669578,0.5647316032668909,0.7911498066028985
Dataset_Shard_0300000_0399999,val,eFquyliJz0U,2,50,0.1048526730388403,0.08690131455659866,0.18024543285369873,0.16264455884695053,0.24062093898653983,0.47341318558673473,0.7056089197862816,0.6493091380326029,0.8881259101577341
Dataset_Shard_0300000_0399999,val,eFquyliJz0U,5,50,0.15153944611549378,0.14449049532413483,0.2092688599228859,0.19541815638542176,0.24643260300159453,0.6384028220663265,0.7970955367875137,0.7563874030651138,0.922769928917548
Dataset_Shard_0300000_0399999,val,eFquyliJz0U,10,50,0.16570764482021333,0.1611444428563118,0.2174763497710228,0.20588212966918945,0.2546744157373905,0.7084642059948979,0.8387130578649115,0.8081071527745857,0.9378364912542503
Dataset_Shard_0300000_0399999,train,ePQhPKVW2vk,1,50,0.07763678083266995,0.04581685736775398,0.12268696277952358,0.11369267231827507,0.19130511705676326,0.323718112244898,0.49263145455210583,0.46953872391278706,0.6615565952227329
Dataset_Shard_0300000_0399999,train,ePQhPKVW2vk,2,50,0.10733778586611152,0.09304825961589813,0.17874014954257292,0.1643490392132662,0.2611030058236793,0.38648716517857146,0.6192388780695509,0.5926828926071223,0.8079165318758958
Dataset_Shard_0300000_0399999,train,ePQhPKVW2vk,5,50,0.11563550639431924,0.0773911140859127,0.19226726438384503,0.1803418677393347,0.2630489514628425,0.390504225127551,0.6585991026034318,0.6372006715120683,0.8381829253584919
Dataset_Shard_0300000_0399999,train,ePQhPKVW2vk,10,50,0.1540646494925022,0.12483634054660797,0.22128524422645568,0.20322353169322013,0.29543869867920874,0.5138895089285714,0.7371574672515131,0.7141252349189656,0.8670197579771513
Dataset_Shard_0300000_0399999,train,eVYUkO383bM,1,50,0.07978205868974328,0.0649418905377388,0.16129098047535081,0.1528365066371407,0.17618300579488277,0.3051195790816326,0.6490839619407649,0.6787756873595063,0.6806545938919121
Dataset_Shard_0300000_0399999,train,eVYUkO383bM,2,50,0.08259842464700341,0.07181569561362267,0.178157549649477,0.16164384856820108,0.19852474942803383,0.32730189732142856,0.6835043833469336,0.6974314129586938,0.7244682797050562
Dataset_Shard_0300000_0399999,train,eVYUkO383bM,5,50,0.11335472759790718,0.10454511642456055,0.20086526256985962,0.18124129489995539,0.22456765648908913,0.442942044005102,0.7593904989948616,0.7816087478893423,0.774188918993007
Dataset_Shard_0300000_0399999,train,eVYUkO383bM,10,50,0.1419464426115155,0.11032436415553093,0.22168073832988738,0.21323778748512268,0.23097794264554977,0.5161065051020408,0.8038127843083565,0.8378910141022896,0.807479187689371
Dataset_Shard_0300000_0399999,train,eg5ydF06A9U,1,50,0.053802366591989996,0.05185084603726864,0.2026162488758564,0.17855424977838993,0.24872277081012725,0.18954001913265306,0.7025088738514476,0.6405340564444236,0.8152521785258467
Dataset_Shard_0300000_0399999,train,eg5ydF06A9U,2,50,0.06535331185907126,0.06297490373253822,0.22505535691976547,0.19701329618692398,0.2715328146517277,0.22134167729591836,0.762905522301716,0.7042971232131553,0.8575408218463539
Dataset_Shard_0300000_0399999,train,eg5ydF06A9U,5,50,0.07611385740339756,0.07327118515968323,0.24355429723858835,0.2263726980984211,0.2794513539969921,0.24544403698979594,0.8019665140730561,0.7583257599641908,0.8894943255297642
Dataset_Shard_0300000_0399999,train,eg5ydF06A9U,10,50,0.08363823004066945,0.07641778141260147,0.2624757218360901,0.23734088853001595,0.3013810360431671,0.2735044642857143,0.8462170107396102,0.7975843315666651,0.9236179548864395
Dataset_Shard_0300000_0399999,val,erLQ1Ojy-TQ,1,50,0.1082930339127779,0.08610375598073006,0.20512053564190866,0.18952573277056217,0.23660235792398454,0.44123046875,0.7594976238525045,0.6907442267876006,0.8457353933825807
Dataset_Shard_0300000_0399999,val,erLQ1Ojy-TQ,2,50,0.1407445938885212,0.1305711641907692,0.2296538995206356,0.21162445195019244,0.24964447259902955,0.5670535714285715,0.817967173119041,0.7423658392606204,0.8983504934688241
Dataset_Shard_0300000_0399999,val,erLQ1Ojy-TQ,5,50,0.17038593471050262,0.17522315680980682,0.2510921466350555,0.2438179948925972,0.26725035160779953,0.6991374362244898,0.8887584847715317,0.8494610286341335,0.9247860648411991
Dataset_Shard_0300000_0399999,val,erLQ1Ojy-TQ,10,50,0.17838828086853029,0.1723589524626732,0.2511215102672577,0.24535945504903794,0.26868239283561707,0.6930046237244898,0.8570730379968697,0.811584378342896,0.9154653446903555
Dataset_Shard_0300000_0399999,train,euGB9ACrIrg,1,50,0.0521651035360992,0.0429531205445528,0.12464495867490769,0.09756179876625538,0.1462771437317133,0.25326211734693876,0.6208224738806049,0.5544686811945175,0.6998013789660787
Dataset_Shard_0300000_0399999,train,euGB9ACrIrg,2,50,0.07809242270886899,0.061529356986284256,0.1653795273602009,0.13479681428521872,0.18995379846543073,0.3325247130102041,0.7156553488042491,0.6648893771682155,0.7837098026691475
Dataset_Shard_0300000_0399999,train,euGB9ACrIrg,5,50,0.08693545263260603,0.07814443856477737,0.18267638653516768,0.15133394442498685,0.20009623110294342,0.3775306919642857,0.7871489607649852,0.7500399758421022,0.8239479793940293
Dataset_Shard_0300000_0399999,train,euGB9ACrIrg,10,50,0.12416172951459885,0.10102939233183861,0.21046134755015372,0.18481132596731187,0.22174448147416115,0.5122277582908163,0.841397696943666,0.8242681759455894,0.8747882969219073
Dataset_Shard_0300000_0399999,train,f10cdSfKzdc,1,50,0.08010803613811732,0.06673623993992805,0.1713414268195629,0.16673002637922762,0.17423562869429587,0.33927814094387754,0.811821588017228,0.7700571469041086,0.8466565519373142
Dataset_Shard_0300000_0399999,train,f10cdSfKzdc,2,50,0.09202437415719032,0.0737035758793354,0.18550909981131553,0.17441338628530503,0.19231947749853134,0.37873963647959186,0.8276661031498997,0.7838371242822503,0.8581559398597086
Dataset_Shard_0300000_0399999,train,f10cdSfKzdc,5,50,0.12360401585698128,0.11019822955131531,0.19567502826452254,0.19005575835704802,0.19803305804729462,0.5264309630102041,0.8751178849719493,0.8502394811755208,0.8968705351587251
Dataset_Shard_0300000_0399999,train,f10cdSfKzdc,10,50,0.15884349420666694,0.14434020966291428,0.20985531836748123,0.2116990952193737,0.20691800862550735,0.6224744897959184,0.8996711387400201,0.8825630028142044,0.9178565054543156
Dataset_Shard_0300000_0399999,train,fGK4CtMVIGk,1,50,0.03540346749126911,0.030087072402238846,0.1971073540300131,0.1936650884896517,0.24440413117408752,0.11982501594387754,0.6948774935395075,0.6979851554597667,0.8023866798902851
Dataset_Shard_0300000_0399999,train,fGK4CtMVIGk,2,50,0.06057672880589962,0.04096405580639839,0.24299055024981497,0.23773204408586024,0.29303767025470734,0.19837810905612244,0.7785417993232179,0.7669104650154125,0.88473958741633
Dataset_Shard_0300000_0399999,train,fGK4CtMVIGk,5,50,0.06321431487798691,0.04455220885574818,0.2640868942439556,0.25983496561646463,0.30020815804600715,0.20436902104591836,0.804508801397861,0.8061713708551038,0.8882310924882023
Dataset_Shard_0300000_0399999,train,fGK4CtMVIGk,10,50,0.09934068575501442,0.0725977011024952,0.2845643980801105,0.2806642074882984,0.3148894667625427,0.3654524075255102,0.8645129200459623,0.8615400790454609,0.924796003935462
Dataset_Shard_0300000_0399999,train,fJ0BU_4rY28,1,50,0.07440391609445214,0.0646490566432476,0.18686174564063548,0.17914951257407666,0.21700216829776764,0.31552893813775507,0.7185783801865298,0.6451424599981482,0.8193936413915369
Dataset_Shard_0300000_0399999,train,fJ0BU_4rY28,2,50,0.09137320397421718,0.061186572536826134,0.2034616096317768,0.19784039102494716,0.21951447375118732,0.3743096301020408,0.7577178519740145,0.6966590598589478,0.85107174570738
Dataset_Shard_0300000_0399999,train,fJ0BU_4rY28,5,50,0.11137890465557575,0.09009328112006187,0.24785045757889748,0.2552189275622368,0.24484610721468925,0.45272161989795917,0.8727616002585846,0.8432775856117034,0.9122030041252637
Dataset_Shard_0300000_0399999,train,fJ0BU_4rY28,10,50,0.15426359094679357,0.14931807667016983,0.2659170070290566,0.2719681414961815,0.2589427036046982,0.6022660235969388,0.9036042473428982,0.8781180087902507,0.9363775908633828
Dataset_Shard_0300000_0399999,train,fM0ea2tSBNQ,1,50,0.04181983566377312,0.026037992909550667,0.11744384165853262,0.10553227636963129,0.1435996288061142,0.1840529336734694,0.5450497251591672,0.5125580228595349,0.6732216084545393
Dataset_Shard_0300000_0399999,train,fM0ea2tSBNQ,2,50,0.05040485200472176,0.02816346473991871,0.11629793405532837,0.11231352053582669,0.14092553824186324,0.22492546237244898,0.5609426754370377,0.5357613450252035,0.6761724994029088
Dataset_Shard_0300000_0399999,train,fM0ea2tSBNQ,5,50,0.08258012834005057,0.04237866960465908,0.14073687061667442,0.13328239433467387,0.16509849086403847,0.35751275510204084,0.6504102531427339,0.6192438687595877,0.7612672255551978
Dataset_Shard_0300000_0399999,train,fM0ea2tSBNQ,10,50,0.12565719399601222,0.15713094919919968,0.1575328280776739,0.1566501770168543,0.17541028805077075,0.5224170918367347,0.6972257746040327,0.6806630503022437,0.8218173962323024
Dataset_Shard_0300000_0399999,val,fOLyRAD-0Zw,1,50,0.04998448062688112,0.04018496721982956,0.14762623235583305,0.13525889873504637,0.21055331259965895,0.21291374362244897,0.5608967137917642,0.4968149167937159,0.791446235662466
Dataset_Shard_0300000_0399999,val,fOLyRAD-0Zw,2,50,0.05564622968435287,0.043150436133146286,0.16601376473903656,0.14784574933350086,0.23642004497349262,0.23635004783163263,0.6219565501712655,0.560521427412167,0.8373356538610204
Dataset_Shard_0300000_0399999,val,fOLyRAD-0Zw,5,50,0.08255988398566842,0.07394452020525932,0.1905898403376341,0.17525806322693824,0.2520807147026062,0.3630472735969388,0.6983199544044006,0.634324768480644,0.903918911102509
Dataset_Shard_0300000_0399999,val,fOLyRAD-0Zw,10,50,0.09461452152580023,0.09027129411697388,0.21359745725989343,0.20151227563619614,0.26674530178308486,0.4062671396683673,0.74310327998294,0.6894017078947097,0.9208903939713434
Dataset_Shard_0300000_0399999,train,fVXYoBINHcs,1,50,0.1110327349230647,0.10056444630026817,0.17771928258240222,0.17286282651126383,0.25440332606434823,0.4316697225765306,0.6185318355045888,0.5969185983956712,0.7639703919278952
Dataset_Shard_0300000_0399999,train,fVXYoBINHcs,2,50,0.10996727015823125,0.09010881930589676,0.17616166351217544,0.17063794872927246,0.2397601039154688,0.4183498086734694,0.6187862688254059,0.595798087509639,0.748592871106819
Dataset_Shard_0300000_0399999,train,fVXYoBINHcs,5,50,0.14348388083279132,0.12769115716218948,0.20666386269032955,0.2033671996369958,0.2638096055388451,0.5168387276785714,0.6862100316496683,0.6655438248194544,0.8180803213978436
Dataset_Shard_0300000_0399999,train,fVXYoBINHcs,10,50,0.18206330217421055,0.1883537918329239,0.24736816868185996,0.24820737317204475,0.27753562569618223,0.6189783960459184,0.7591636150120401,0.7437281067890905,0.8488812050430607
Dataset_Shard_0300000_0399999,train,fcmXnubsug8,1,50,0.09470831716433167,0.0705484077334404,0.16585773721337319,0.1561969557404518,0.1916226950287819,0.4073198341836735,0.6853720828359051,0.6389793526779348,0.792314926547962
Dataset_Shard_0300000_0399999,train,fcmXnubsug8,2,50,0.11474895952269434,0.07910770922899246,0.18436498854309322,0.18173725064843893,0.20007420159876346,0.4329946588010204,0.7055510001624461,0.6646690767380988,0.8190070346249816
Dataset_Shard_0300000_0399999,train,fcmXnubsug8,5,50,0.1511985270306468,0.14912885427474976,0.210078217536211,0.20881236255168914,0.22289907559752464,0.6305994897959184,0.8138329956794599,0.7875715842805938,0.8781677056174942
Dataset_Shard_0300000_0399999,train,fcmXnubsug8,10,50,0.20472039945423604,0.21242596209049225,0.25056159317493437,0.24828612104058265,0.2510394106805325,0.7893646364795919,0.8871694553243106,0.8801910284328522,0.9335779070591159
Dataset_Shard_0300000_0399999,train,fj1Kji79nQ8,1,50,0.05229840736836195,0.03194108605384827,0.14034550838172435,0.13058542855083943,0.182579293474555,0.1495264668367347,0.44430269652299453,0.4067638673600416,0.6071005734277812
Dataset_Shard_0300000_0399999,train,fj1Kji79nQ8,2,50,0.07775710539892317,0.05775021016597748,0.1853729199618101,0.16249412208795547,0.25641336649656293,0.2621460459183674,0.5255276749655586,0.48154650372859387,0.7096423942326847
Dataset_Shard_0300000_0399999,train,fj1Kji79nQ8,5,50,0.1117631172388792,0.08793799951672554,0.24317794010043145,0.21474354445934296,0.3295939090847969,0.3762121332908163,0.6700318838659699,0.6247707187274445,0.8476469857623025
Dataset_Shard_0300000_0399999,train,fj1Kji79nQ8,10,50,0.13900196120142938,0.11937927082180977,0.26364716932177545,0.2377750639617443,0.32237363860011103,0.48027901785714283,0.6747796796391823,0.6312359617092708,0.8271149962157912
Dataset_Shard_0300000_0399999,train,g0YkYrnLS_A,1,50,0.07514892119914293,0.06898648664355278,0.17542775794863702,0.16118071358650923,0.21751908123493194,0.31553651147959183,0.7013068251731934,0.6958495885010251,0.7606959709420348
Dataset_Shard_0300000_0399999,train,g0YkYrnLS_A,2,50,0.08359100468456745,0.07788233458995819,0.19219061212614177,0.18575744647532702,0.21962540172040462,0.3201889349489796,0.7165060482039753,0.734030940447738,0.7389547123998383
Dataset_Shard_0300000_0399999,train,g0YkYrnLS_A,5,50,0.14612923219799995,0.09113860130310059,0.2411082168482244,0.23163610991090536,0.2636293912772089,0.49123286033163266,0.7925299865094266,0.8185921542155968,0.8026786919211985
Dataset_Shard_0300000_0399999,train,g0YkYrnLS_A,10,50,0.1570811703056097,0.106233611702919,0.25110634133219717,0.23384497076272964,0.2898025745153427,0.5533936543367347,0.8412446052253019,0.861961128635964,0.8540468653053513
Dataset_Shard_0300000_0399999,train,g6LFKsNbbnw,1,50,0.14277551926672458,0.13977067917585373,0.31872790575027465,0.28998939126729967,0.3383417496085167,0.6226590401785714,0.9065743605820623,0.8761725005146414,0.9357592156458014
Dataset_Shard_0300000_0399999,train,g6LFKsNbbnw,2,50,0.1397581484913826,0.13193512707948685,0.301066275537014,0.2639041242003441,0.33504203289747236,0.5909757653061224,0.8904406724089918,0.8503013283409614,0.9344754353536346
Dataset_Shard_0300000_0399999,train,g6LFKsNbbnw,5,50,0.16588089346885682,0.16564996540546417,0.34639810979366303,0.31689617872238157,0.36241589903831484,0.6244240274234694,0.9449889939395553,0.929909714790497,0.9555479162801324
Dataset_Shard_0300000_0399999,train,g6LFKsNbbnw,10,50,0.15471053712069988,0.15549080073833466,0.35877265930175783,0.3391587597131729,0.3702371880412102,0.6046683673469387,0.9439569827033342,0.9273344114217175,0.9572484723668206
Dataset_Shard_0300000_0399999,train,gFTV_Kjw3OE,1,50,0.062030172776430845,0.04043354280292988,0.1465189430862665,0.11833486266434193,0.21438977271318435,0.24159518494897958,0.6066106773148385,0.5438689883635828,0.777325058139714
Dataset_Shard_0300000_0399999,train,gFTV_Kjw3OE,2,50,0.047975478805601594,0.03846855089068413,0.13357144534587861,0.10664320655167103,0.19328278943896293,0.1976335299744898,0.5896461182105857,0.5341959785479858,0.77137530545051
Dataset_Shard_0300000_0399999,train,gFTV_Kjw3OE,5,50,0.08153383521363139,0.0562960971146822,0.1789756742119789,0.15060000151395797,0.24858239352703093,0.32443917410714285,0.7382714461863319,0.6900939915060122,0.8825618452529531
Dataset_Shard_0300000_0399999,train,gFTV_Kjw3OE,10,50,0.08420334663242102,0.0505488533526659,0.17860613733530045,0.15741238117218018,0.23459417194128038,0.3688169642857143,0.7567307217553476,0.7238615083033717,0.8713370963894969
Dataset_Shard_0300000_0399999,train,gKgHFMHDn3g,1,50,0.10358189512044191,0.10308611765503883,0.16300961174070835,0.15128716953098775,0.21715799868106841,0.4763173628826531,0.722816123776354,0.6730487117843666,0.8514557417595278
Dataset_Shard_0300000_0399999,train,gKgHFMHDn3g,2,50,0.14828510407358408,0.1564311981201172,0.20138083428144454,0.1911612842977047,0.24440328910946846,0.6332513552295919,0.8213385277650169,0.7852123108815177,0.9168797097516322
Dataset_Shard_0300000_0399999,train,gKgHFMHDn3g,5,50,0.1636501882225275,0.1854570358991623,0.2165828076004982,0.20903520859777927,0.24647682413458824,0.6670467952806122,0.8588188672426993,0.8290096393468971,0.915629031783604
Dataset_Shard_0300000_0399999,train,gKgHFMHDn3g,10,50,0.18753748059272765,0.20156240463256836,0.22858263522386552,0.22841079354286195,0.24264584094285965,0.7569698660714286,0.8752019411839146,0.8486729628452001,0.9396252304472169
Dataset_Shard_0300000_0399999,train,gQW3RFC0ofo,1,50,0.030873910412192344,0.02104761265218258,0.12269729986786843,0.12646405264735222,0.11414080031216145,0.1308565848214286,0.5777180790793283,0.5599966534642471,0.6195517834981221
Dataset_Shard_0300000_0399999,train,gQW3RFC0ofo,2,50,0.05957842891104519,0.0340194683521986,0.13207985855638982,0.14283579900860788,0.1271909935027361,0.23955676020408162,0.610890622446889,0.5927015492008328,0.6644292645419864
Dataset_Shard_0300000_0399999,train,gQW3RFC0ofo,5,50,0.07992870862595737,0.04253339767456055,0.1649230170994997,0.17167366057634353,0.1524528407305479,0.3062065529336735,0.7510466116223388,0.729330223386916,0.7950922056749308
Dataset_Shard_0300000_0399999,train,gQW3RFC0ofo,10,50,0.12191103609278799,0.10020123049616814,0.17834705546498297,0.18754300385713576,0.1653439188376069,0.4631847895408163,0.7877852481799641,0.7695844573090913,0.8245757822949398
Dataset_Shard_0300000_0399999,train,gQmCY2PXvtQ,1,50,0.04414621405303478,0.029965540394186974,0.1397391027212143,0.12550165981054306,0.1631738479435444,0.16742865114795918,0.5378100157935702,0.5026485561512586,0.6201226642515031
Dataset_Shard_0300000_0399999,train,gQmCY2PXvtQ,2,50,0.06917801064439118,0.057080840691924095,0.20243551295250653,0.18501466799527408,0.22683682423084975,0.2556130420918368,0.6650323238581354,0.6254518893646509,0.7419293189824832
Dataset_Shard_0300000_0399999,train,gQmCY2PXvtQ,5,50,0.08230811615474522,0.07887719199061394,0.22610963933169842,0.20609750609844923,0.25626936413347723,0.3195316485969388,0.7483365166004435,0.7294224192490355,0.7968996171899438
Dataset_Shard_0300000_0399999,train,gQmCY2PXvtQ,10,50,0.09864801965653897,0.09877829253673553,0.2615388472378254,0.24470612600445749,0.28017079904675485,0.3558159279336735,0.8055851896651502,0.7807837079630251,0.8564497745152644
Dataset_Shard_0300000_0399999,train,gRZZVFAq8-s,1,50,0.062427092380821704,0.056011177599430084,0.12619601444515866,0.10231682005425682,0.21816838584360085,0.2796584024234694,0.49910422113258657,0.44053317106208306,0.6970418158339785
Dataset_Shard_0300000_0399999,train,gRZZVFAq8-s,2,50,0.08325116483494639,0.07337921485304832,0.1526266024261713,0.12269867051392794,0.25252920560538766,0.3455807557397959,0.585288245610708,0.5332785535631303,0.7854802243174539
Dataset_Shard_0300000_0399999,train,gRZZVFAq8-s,5,50,0.11285741820931434,0.10215335711836815,0.1838164059817791,0.13732458665966987,0.32219051957130435,0.47528101084183677,0.66988850082452,0.6042287652305423,0.8580664293579757
Dataset_Shard_0300000_0399999,train,gRZZVFAq8-s,10,50,0.1218326723948121,0.10055172815918922,0.18660721473395825,0.14737132214009763,0.3158350026607513,0.5348309948979592,0.6963104027696329,0.6410385897724642,0.8643687331836482
Dataset_Shard_0300000_0399999,train,gZNb0Jwiu7c,1,50,0.09977242723107338,0.0857652872800827,0.15764642387628555,0.14571393758058548,0.16413695104420184,0.4695328443877551,0.7174906677400571,0.7017621719055359,0.7347690320080686
Dataset_Shard_0300000_0399999,train,gZNb0Jwiu7c,2,50,0.1288924339786172,0.11883628740906715,0.18606661766767502,0.17058668076992034,0.19426140278577805,0.5836037149234694,0.7958664220879319,0.7631229519048484,0.8185729334525941
Dataset_Shard_0300000_0399999,train,gZNb0Jwiu7c,5,50,0.16180425591766834,0.14674416929483414,0.22073431730270385,0.20397985652089118,0.22055568903684616,0.6962236926020409,0.8762959448021477,0.8510169160426813,0.8759910173468748
Dataset_Shard_0300000_0399999,train,gZNb0Jwiu7c,10,50,0.16032832160592078,0.14260614663362503,0.20980835154652597,0.19511886790394783,0.20784352451562882,0.7004639668367346,0.8781604627236441,0.8696712978620282,0.8810916257521757
Dataset_Shard_0300000_0399999,train,gcMtz5Gyj2A,1,50,0.018516180701553822,0.015357706230133772,0.12023551486432553,0.09992990292608737,0.17364259093999862,0.05905532525510204,0.5122243285536898,0.4799137953370602,0.6148845280284947
Dataset_Shard_0300000_0399999,train,gcMtz5Gyj2A,2,50,0.021196248456835747,0.014638342894613743,0.129736152254045,0.10203845150768757,0.21183037500828505,0.06756696428571429,0.5152243964144413,0.4664218709616727,0.6637961211436155
Dataset_Shard_0300000_0399999,train,gcMtz5Gyj2A,5,50,0.029728761045262217,0.025472937151789665,0.17133687429130076,0.14429912269115447,0.2364745920151472,0.10554966517857142,0.6734608099481895,0.6422102692641374,0.7458242756684421
Dataset_Shard_0300000_0399999,train,gcMtz5Gyj2A,10,50,0.0325940534286201,0.027834270149469376,0.17875738710165023,0.14624165184795856,0.2533829063177109,0.11323182397959183,0.7129648815500913,0.6762833571148047,0.789673006622741
Dataset_Shard_0300000_0399999,train,gcsbxVIuYr4,1,50,0.06793249752372503,0.06741655990481377,0.15823166362941266,0.13685794971883297,0.20119819447398185,0.3324433992346939,0.5946272605006118,0.5161115576688857,0.7822837343837621
Dataset_Shard_0300000_0399999,train,gcsbxVIuYr4,2,50,0.07927435394376517,0.08011005446314812,0.18166139632463454,0.15279857233166694,0.23881520465016365,0.37614915497448975,0.6753305909748394,0.604532483683573,0.8519304073771323
Dataset_Shard_0300000_0399999,train,gcsbxVIuYr4,5,50,0.10774609260261059,0.09410800412297249,0.23219517961144448,0.2062197109311819,0.2717845959961414,0.4735072544642857,0.7657475107103864,0.7073726272463824,0.8903000941314528
Dataset_Shard_0300000_0399999,train,gcsbxVIuYr4,10,50,0.1266087019443512,0.12077756971120834,0.28356185406446455,0.2580226869881153,0.31530034095048903,0.5763129783163266,0.8454404937943757,0.8050471969230635,0.9364736817938649
Dataset_Shard_0300000_0399999,train,gdh2-9qm8fE,1,50,0.05780257970094681,0.05097438581287861,0.1885491566359997,0.16423122555017472,0.28132349461317063,0.18799226721938778,0.6488925934075196,0.5786746081556938,0.8121382999978466
Dataset_Shard_0300000_0399999,train,gdh2-9qm8fE,2,50,0.07308050310239196,0.06145988404750824,0.21430415578186512,0.188810604326427,0.29890229657292366,0.24110730229591837,0.7026727185827626,0.6434676414816325,0.8400272931237915
Dataset_Shard_0300000_0399999,train,gdh2-9qm8fE,5,50,0.0853457622975111,0.08606388792395592,0.23887851119041442,0.21349054619669913,0.31624888628721237,0.301022799744898,0.7841169225590314,0.7433720520996195,0.8956211102636068
Dataset_Shard_0300000_0399999,train,gdh2-9qm8fE,10,50,0.08987178079783917,0.0746927298605442,0.25251181051135063,0.22030566811561583,0.32654156744480134,0.2974354272959184,0.7958392824591216,0.7382139512937289,0.9060917003308472
Dataset_Shard_0300000_0399999,train,gpSJUuKG1rY,1,50,0.057506879195570945,0.04714135639369488,0.1571514166891575,0.1500062622129917,0.19527315676212312,0.21712492028061223,0.6037809768151419,0.5634463621506888,0.6917323869973854
Dataset_Shard_0300000_0399999,train,gpSJUuKG1rY,2,50,0.0838956794515252,0.07596703246235847,0.20109013736248016,0.18664041355252267,0.25243055537343023,0.3233697385204081,0.7331658707459116,0.6938139244266598,0.8090319258164754
Dataset_Shard_0300000_0399999,train,gpSJUuKG1rY,5,50,0.10077633064240217,0.09724028781056404,0.21780484676361084,0.20581124782562255,0.2634437280893326,0.4020260682397959,0.7516464894446875,0.7297299385111061,0.8146768971280313
Dataset_Shard_0300000_0399999,train,gpSJUuKG1rY,10,50,0.09976158384233713,0.09280654788017273,0.21687307119369506,0.20004918292164803,0.26889518842101096,0.41017657844387756,0.7606542075251487,0.7253193985937669,0.8325109403677784
Dataset_Shard_0300000_0399999,train,gtUBWqX0ceM,1,50,0.10014985911548138,0.08635703101754189,0.17522581160068512,0.16591000340878964,0.20436620898544788,0.42105588329081634,0.7257969806757681,0.7234113996512348,0.7435251830835026
Dataset_Shard_0300000_0399999,train,gtUBWqX0ceM,2,50,0.1509214314073324,0.14957430213689804,0.2174519617855549,0.2048708765208721,0.23978682205080987,0.6015417729591837,0.8185048061789436,0.8064213236194676,0.8521536186392666
Dataset_Shard_0300000_0399999,train,gtUBWqX0ceM,5,50,0.16570711191743612,0.1589646115899086,0.2320717318356037,0.21689962670207025,0.2709347502887249,0.6106421396683673,0.82392145552831,0.8142432884089819,0.8510069502268135
Dataset_Shard_0300000_0399999,train,gtUBWqX0ceM,10,50,0.16864232569932938,0.19398362934589386,0.244141526222229,0.22987469926476478,0.27589728713035583,0.6425645727040816,0.8608676641509854,0.8583905026568194,0.874660794781651
Dataset_Shard_0300000_0399999,train,h6yjx26N9WE,1,50,0.04098165042698383,0.034408099949359894,0.10582686482317513,0.10590132918152449,0.11478584994336416,0.21345344387755102,0.593466875788273,0.5981440725735239,0.6381808344121935
Dataset_Shard_0300000_0399999,train,h6yjx26N9WE,2,50,0.050241450499743226,0.038588209077715874,0.12888680577278136,0.12343983754515647,0.13539621934294702,0.23805963010204081,0.6880540781194036,0.6724122047065428,0.7236864091697
Dataset_Shard_0300000_0399999,train,h6yjx26N9WE,5,50,0.0696305600553751,0.04801502451300621,0.1373627615661826,0.13935583762358875,0.14607213199371472,0.3029001913265306,0.7264150928834195,0.7486286450758112,0.76628916533305
Dataset_Shard_0300000_0399999,train,h6yjx26N9WE,10,50,0.08545226071029902,0.0663587935268879,0.15753205314278604,0.16074635729193687,0.15533896088600158,0.3601347257653061,0.8072602322261889,0.8300636806203024,0.8205294263730023
Dataset_Shard_0300000_0399999,train,hT-ia0Oj-VE,1,50,0.16863545678555966,0.15107174962759018,0.20008891858160496,0.19310794070363044,0.22799885086715221,0.6810255899234694,0.7747244344221841,0.7497037905305695,0.828092951183643
Dataset_Shard_0300000_0399999,train,hT-ia0Oj-VE,2,50,0.19229030951857567,0.20286623388528824,0.21150602497160434,0.2011957260221243,0.23262049488723277,0.7618710140306122,0.8189152061921822,0.7889196231843276,0.8651191012369615
Dataset_Shard_0300000_0399999,train,hT-ia0Oj-VE,5,50,0.21506675213575363,0.21787135303020477,0.23052348017692567,0.22992639906704426,0.2421710692346096,0.8005022321428571,0.8530848842889389,0.836858880925665,0.8773021506871456
Dataset_Shard_0300000_0399999,train,hT-ia0Oj-VE,10,50,0.2206198690831661,0.2273174598813057,0.2358540913462639,0.23903852179646493,0.2270598378777504,0.8185495057397959,0.8687996099014867,0.8652389216680909,0.8795271930999812
Dataset_Shard_0300000_0399999,val,hWgU6TyNnkw,1,50,0.031530501286615616,0.027412019670009613,0.10289067675126716,0.09830478237941861,0.1192587718483992,0.134769212372449,0.5072053455849991,0.45250943035472474,0.6239891025081011
Dataset_Shard_0300000_0399999,val,hWgU6TyNnkw,2,50,0.051666249083500586,0.0424601212143898,0.13272510000271723,0.12870654322206973,0.14968217325396835,0.26450175382653063,0.6424642798342153,0.5883920331387256,0.7453934670656234
Dataset_Shard_0300000_0399999,val,hWgU6TyNnkw,5,50,0.06291381169110537,0.05048528499901295,0.15013200037181376,0.1477479400485754,0.16198526129126548,0.3178021364795918,0.6935553104399612,0.6439239937735687,0.7787109745047802
Dataset_Shard_0300000_0399999,val,hWgU6TyNnkw,10,50,0.06077009323984384,0.050330473110079765,0.15884415104985236,0.1554735380411148,0.17412441238760948,0.3062117346938776,0.7150166049903196,0.6606840953377572,0.8138383522516279
Dataset_Shard_0300000_0399999,test,hY6RjtE0L18,1,50,0.0730612363666296,0.05802280269563198,0.15452301301062107,0.1561675051227212,0.18844187900424003,0.30270129145408164,0.6019716557033301,0.5776654607350138,0.7089239480586244
Dataset_Shard_0300000_0399999,test,hY6RjtE0L18,2,50,0.09700336409732699,0.08207958564162254,0.17527328327298164,0.18260231263935567,0.2032822351157665,0.3840174585459184,0.6874916645007174,0.6832729343534659,0.7461464452241034
Dataset_Shard_0300000_0399999,test,hY6RjtE0L18,5,50,0.13035841524600983,0.11642948538064957,0.22446949750185013,0.218028557151556,0.2674629357457161,0.5152483258928572,0.7730357859005198,0.7507041702265056,0.8467181746932004
Dataset_Shard_0300000_0399999,test,hY6RjtE0L18,10,50,0.1206219558417797,0.09788884222507477,0.20055187687277795,0.19572170972824096,0.25565874442458153,0.4701614317602041,0.7498207731216157,0.73144187401997,0.8533379768533247
Dataset_Shard_0300000_0399999,train,haSfscv0K_Q,1,50,0.07998504254966975,0.07389633730053902,0.18535356521606444,0.19100604228675366,0.19965271890163422,0.2854217155612245,0.6760181564453736,0.6868359250929632,0.7169314022745925
Dataset_Shard_0300000_0399999,train,haSfscv0K_Q,2,50,0.10494759097695351,0.0805087722837925,0.2206114199757576,0.22167800426483153,0.23938786819577218,0.34767897002551024,0.7482940082904999,0.7389778566526859,0.793985725053254
Dataset_Shard_0300000_0399999,train,haSfscv0K_Q,5,50,0.1341356099396944,0.11233238503336906,0.2553859332203865,0.24537352174520494,0.27427120417356493,0.4891585618622449,0.8348998471218931,0.8472093635154794,0.8618670749927917
Dataset_Shard_0300000_0399999,train,haSfscv0K_Q,10,50,0.1461349557340145,0.11703823879361153,0.2606452165544033,0.2648338182270527,0.26659279093146326,0.5162216996173469,0.8388214205628866,0.851291670409474,0.8438499172776922
Dataset_Shard_0300000_0399999,train,hds-48OBLUc,1,50,0.024288115333765747,0.019761289469897747,0.07722083911299706,0.06591499956324696,0.09521208498626947,0.11775589923469389,0.4460307424613552,0.3660633873185259,0.5794687082063913
Dataset_Shard_0300000_0399999,train,hds-48OBLUc,2,50,0.03195986851118505,0.026226375252008438,0.10072150480002165,0.08836692035198211,0.11829652413725852,0.1434016262755102,0.5366578185643438,0.457777566383895,0.671088744189657
Dataset_Shard_0300000_0399999,train,hds-48OBLUc,5,50,0.04597459241747856,0.038987260311841965,0.11668711513280869,0.10658507408574223,0.125745992064476,0.20399513711734696,0.6224819241064491,0.5600588441994333,0.716694939621572
Dataset_Shard_0300000_0399999,train,hds-48OBLUc,10,50,0.05405456757172942,0.05924990028142929,0.1450859971344471,0.14221071928739548,0.14036458790302275,0.2508035714285714,0.6912666521584334,0.6498046853594999,0.7580878354058344
Dataset_Shard_0300000_0399999,train,hgp1tH8T4qA,1,50,0.03490557357668877,0.021144695580005646,0.12730715304613113,0.10922354206442833,0.18891617238521577,0.12138632015306122,0.4885895117063493,0.43315438446424126,0.6502346872660903
Dataset_Shard_0300000_0399999,train,hgp1tH8T4qA,2,50,0.048025433868169785,0.03405163995921612,0.1539997974783182,0.12274747233837843,0.20038349024951457,0.1683330676020408,0.5720027689241165,0.48709060105963603,0.661736525756892
Dataset_Shard_0300000_0399999,train,hgp1tH8T4qA,5,50,0.06255184710025788,0.050447456538677216,0.19755660831928254,0.1729187436401844,0.2573251836001873,0.217835618622449,0.6875252204442879,0.6271449116052561,0.7920014246970815
Dataset_Shard_0300000_0399999,train,hgp1tH8T4qA,10,50,0.058918674495071176,0.04567017965018749,0.19880500614643096,0.17769861876964568,0.2669330821931362,0.2039791932397959,0.7077386725313467,0.6743079888751313,0.7955074462816192
Dataset_Shard_0300000_0399999,train,hw40llsYXWQ,1,50,0.07830839054659008,0.05146688222885132,0.18874891047365963,0.1831324636656791,0.23153355436399578,0.27372807716836733,0.6861018801230605,0.6691761535983095,0.787241647501639
Dataset_Shard_0300000_0399999,train,hw40llsYXWQ,2,50,0.07764051217585802,0.06503075174987316,0.2139573546499014,0.2097704167664051,0.23068708650767802,0.2980731823979592,0.7729346913644572,0.7558397926999848,0.8756527599163932
Dataset_Shard_0300000_0399999,train,hw40llsYXWQ,5,50,0.1035201557353139,0.09395921975374222,0.22631675764918327,0.22496697619557382,0.24623298406600952,0.39966796875,0.8294135688401958,0.8158673570514361,0.9250261608866508
Dataset_Shard_0300000_0399999,train,hw40llsYXWQ,10,50,0.1337234191969037,0.1147204264998436,0.24888315796852112,0.24910352677106856,0.24635150760412217,0.5079041772959184,0.8571016797163534,0.8442801064340051,0.9175820622624928
Dataset_Shard_0300000_0399999,train,hyxtYzAFcv8,1,50,0.07389538206160068,0.05995735712349415,0.14575688108801843,0.14295367166399955,0.14962667517364026,0.3414564732142857,0.7197026158034938,0.7104263808915848,0.7370160254116537
Dataset_Shard_0300000_0399999,train,hyxtYzAFcv8,2,50,0.07965279679745435,0.07168461382389069,0.1589078786969185,0.14990440249443054,0.17339490950107575,0.3817239317602041,0.7710947097897031,0.7465266097171651,0.8071687083743135
Dataset_Shard_0300000_0399999,train,hyxtYzAFcv8,5,50,0.09867451250553132,0.07087957859039307,0.1641062492132187,0.1600455802679062,0.1765520564466715,0.4589664381377551,0.7860567267444151,0.7839603226624743,0.8097456932837102
Dataset_Shard_0300000_0399999,train,hyxtYzAFcv8,10,50,0.10628343939781189,0.09758280217647552,0.1721782247722149,0.1721956953406334,0.1800334322452545,0.5287420280612245,0.8145914062144938,0.8054818491058399,0.8360315801276036
Dataset_Shard_0300000_0399999,val,i4AW7iRDqsU,1,50,0.030485640577971936,0.01992067601531744,0.16706216603517532,0.15451614126563074,0.19536044359207153,0.10718949298469388,0.5973269510397459,0.5466833260151793,0.7528547023874976
Dataset_Shard_0300000_0399999,val,i4AW7iRDqsU,2,50,0.030655000461265444,0.023035739548504353,0.1658688199520111,0.15005807407200336,0.20583620369434358,0.12355229591836733,0.607509462361515,0.5555178244726393,0.7941241259071481
Dataset_Shard_0300000_0399999,val,i4AW7iRDqsU,5,50,0.04869483849965036,0.04110456444323063,0.20962029449641706,0.1976849500089884,0.23355428963899613,0.1815688775510204,0.7256791339683065,0.6950094366490859,0.8346080746356574
Dataset_Shard_0300000_0399999,val,i4AW7iRDqsU,10,50,0.06844567608088255,0.05484465882182121,0.25418215453624726,0.24778249971568583,0.25754995733499525,0.25051299426020407,0.8012578201983951,0.777937384618492,0.8941292036407523
Dataset_Shard_0300000_0399999,train,iNEWcQaXeKw,1,50,0.16972362391650678,0.17098096013069153,0.226177891343832,0.22964867919683457,0.21418392032384873,0.6102555006377551,0.7097828289490578,0.6727500355915096,0.7442635510945165
Dataset_Shard_0300000_0399999,train,iNEWcQaXeKw,2,50,0.21956156566739082,0.22528596967458725,0.2753349980711937,0.28706732124090195,0.256102434694767,0.7411475605867346,0.8052790129814502,0.7785246184818572,0.8483060377712763
Dataset_Shard_0300000_0399999,train,iNEWcQaXeKw,5,50,0.23509298399090767,0.23911165446043015,0.2941540628671646,0.30796903431415557,0.26031615972518923,0.7888843271683673,0.84716688966585,0.8281927216354723,0.866852112405224
Dataset_Shard_0300000_0399999,train,iNEWcQaXeKw,10,50,0.2557533866167068,0.2688737213611603,0.30817211389541627,0.3203862926363945,0.28495561212301257,0.8246739477040816,0.863690930925262,0.8460936635107383,0.9002368475087773
Dataset_Shard_0300000_0399999,train,if7qojtGe5U,1,50,0.08353163446299731,0.04717475548386574,0.17100329734385014,0.17635654028505088,0.1832379801571369,0.28511997767857145,0.6508242348587754,0.6155889024463759,0.7726513947891188
Dataset_Shard_0300000_0399999,train,if7qojtGe5U,2,50,0.09464572506025433,0.05237896740436554,0.19355964370071888,0.21037337251007557,0.18981400102376939,0.32690449617346934,0.7061665536256031,0.6937304250122984,0.8084446161924498
Dataset_Shard_0300000_0399999,train,if7qojtGe5U,5,50,0.10206696884706616,0.061831697821617126,0.20374002508819103,0.2209196250885725,0.19458532452583313,0.3447688137755102,0.7527172363190227,0.7357775585422338,0.8181532897113248
Dataset_Shard_0300000_0399999,train,if7qojtGe5U,10,50,0.11072217218577862,0.07860954478383064,0.22614422753453256,0.23840042382478713,0.2195870389044285,0.3671336894132653,0.7934917147732928,0.7698333312795472,0.8664444113942619
Dataset_Shard_0300000_0399999,train,ij9lUf2EqLQ,1,50,0.020015893066301943,0.012658344116061926,0.11800200164318085,0.09361738663166762,0.16262377686798574,0.07777064732142858,0.44908029404637856,0.36890424685001577,0.6180998326182088
Dataset_Shard_0300000_0399999,train,ij9lUf2EqLQ,2,50,0.042020798432640734,0.02248232625424862,0.15652544301003218,0.1290450532361865,0.20113036178052426,0.1504512117346939,0.543479755744666,0.45425062419082757,0.7218620283097711
Dataset_Shard_0300000_0399999,train,ij9lUf2EqLQ,5,50,0.04675779498182237,0.03361089341342449,0.1941447649896145,0.160940218269825,0.24771480344235897,0.18696867028061223,0.6328331945956179,0.549834257021942,0.7983067848432959
Dataset_Shard_0300000_0399999,train,ij9lUf2EqLQ,10,50,0.057378505244851115,0.043887777253985405,0.219804065823555,0.18412998229265212,0.27923042953014376,0.19512954400510205,0.6714095523553233,0.5875250391818664,0.8396106172475905
Dataset_Shard_0300000_0399999,train,ijkiYD_qvrI,1,50,0.06882408725097776,0.047456759959459305,0.12349689996612141,0.11332669544179225,0.14220351763309735,0.3212065529336735,0.6120100721004258,0.5673181260004526,0.7193728437542952
Dataset_Shard_0300000_0399999,train,ijkiYD_qvrI,2,50,0.10115065552294254,0.05747486650943756,0.1575513018667698,0.14805486410856247,0.1777886812388897,0.40707190688775513,0.7123361930465678,0.6758466001791732,0.8071363971123187
Dataset_Shard_0300000_0399999,train,ijkiYD_qvrI,5,50,0.14370366860181094,0.10160568356513977,0.18152428937144577,0.1800781890656799,0.18425254345871508,0.5798724489795919,0.7985664801700803,0.7806447387900357,0.8542203407833352
Dataset_Shard_0300000_0399999,train,ijkiYD_qvrI,10,50,0.1878551571443677,0.1929721161723137,0.20469751387834548,0.2013683320581913,0.21069581016898156,0.707262037627551,0.8457974063064998,0.8261072601932351,0.8961877089231183
Dataset_Shard_0300000_0399999,train,ir37UNwA0L8,1,50,0.05780927788466215,0.0423003863543272,0.12757702015340328,0.12740595929324627,0.13816714763641358,0.25645687181122445,0.6321118022249239,0.591291704935232,0.7063002772206107
Dataset_Shard_0300000_0399999,train,ir37UNwA0L8,2,50,0.055001678429543975,0.04259529337286949,0.13119519867002963,0.13705136343836785,0.13567104004323483,0.29869060905612244,0.6573102408856947,0.6264647645862675,0.7287065327237515
Dataset_Shard_0300000_0399999,train,ir37UNwA0L8,5,50,0.0657052232325077,0.04826113022863865,0.1429208019375801,0.1510249164700508,0.1434308885782957,0.3277084661989796,0.6929435886309834,0.6623912282235546,0.740062673339303
Dataset_Shard_0300000_0399999,train,ir37UNwA0L8,10,50,0.09294104278087616,0.06950079277157784,0.1744916595518589,0.19723441168665887,0.16545122236013413,0.46795838647959187,0.7809703208280655,0.7759043695456649,0.8103145750452202
Dataset_Shard_0300000_0399999,train,ivKq1LrQnIw,1,50,0.07071634422056378,0.04895060881972313,0.15507180079817773,0.12810874827206134,0.21619747072458267,0.26400271045918366,0.6162806635568722,0.5693305691295589,0.7434358709990181
Dataset_Shard_0300000_0399999,train,ivKq1LrQnIw,2,50,0.0927252190746367,0.06446324661374092,0.19627922728657723,0.1665842469781637,0.2612017749249935,0.37881018813775513,0.7322872594707917,0.696317578497747,0.8393316355274015
Dataset_Shard_0300000_0399999,train,ivKq1LrQnIw,5,50,0.1264136466756463,0.11146935075521469,0.23132770076394082,0.20058392196893693,0.29717441886663437,0.5175649713010204,0.8286863223341046,0.8035787483462629,0.8944623815413485
Dataset_Shard_0300000_0399999,train,ivKq1LrQnIw,10,50,0.1599583962187171,0.1509667932987213,0.26242205768823623,0.23565526217222213,0.32064849078655244,0.6185865752551021,0.8522591869718563,0.8330138399912189,0.9019062098212932
Dataset_Shard_0300000_0399999,train,j9xytCxCRas,1,50,0.05571985760703683,0.03586453013122082,0.15737446561455726,0.14833872549235821,0.1916060493886471,0.2400880899234694,0.6826628870544059,0.643625378067496,0.7701327432655605
Dataset_Shard_0300000_0399999,train,j9xytCxCRas,2,50,0.07045950131490826,0.04763839207589626,0.17871011920273305,0.1817375223338604,0.21007003381848335,0.31333147321428567,0.7285729016150277,0.6838359781194485,0.8132665496257314
Dataset_Shard_0300000_0399999,train,j9xytCxCRas,5,50,0.07355247780680657,0.04287496395409107,0.17542085207998753,0.16020326811820268,0.21291271448135377,0.3188950892857143,0.717902472189603,0.6562423162272512,0.8203934575073403
Dataset_Shard_0300000_0399999,train,j9xytCxCRas,10,50,0.08403120666742325,0.052359092980623245,0.19262086734175682,0.18952216066420077,0.21544768050312996,0.3667044005102041,0.7668459867615186,0.7159322986802362,0.8366885050170458
Dataset_Shard_0300000_0399999,train,jOYC6mxNnOU,1,50,0.06906154312193394,0.05411767587065697,0.15961529329419136,0.16247699778527022,0.16866560205817221,0.27120495854591836,0.665592792711071,0.6418029486773412,0.7169192301255589
Dataset_Shard_0300000_0399999,train,jOYC6mxNnOU,2,50,0.0921115917339921,0.07500944659113884,0.1963595897704363,0.19834058783948422,0.19908452697098256,0.38123046875,0.7940616377928871,0.7747881097151056,0.8261282991287259
Dataset_Shard_0300000_0399999,train,jOYC6mxNnOU,5,50,0.11748819921165704,0.1081528402864933,0.20706034518778324,0.2192910395562649,0.2057956448942423,0.5001550542091837,0.8309181363195721,0.831681760412965,0.8485974118539208
Dataset_Shard_0300000_0399999,train,jOYC6mxNnOU,10,50,0.15371093545109032,0.1575511023402214,0.21054245211184025,0.22261393591761588,0.20596580766141415,0.6228523596938775,0.8545588689161778,0.8518216254012013,0.8655230918393052
Dataset_Shard_0300000_0399999,train,jTsp_AmBAo0,1,50,0.044951417064294216,0.031182706356048584,0.09096655844637354,0.08407247074223292,0.10296641616869237,0.20280691964285716,0.45609131567340105,0.4663552766542017,0.5139774736509701
Dataset_Shard_0300000_0399999,train,jTsp_AmBAo0,2,50,0.06825819070450961,0.03995646350085735,0.1262499190028757,0.12377882362809033,0.13151362815406173,0.28854910714285714,0.5901893571836409,0.6111248554442658,0.6612926238938484
Dataset_Shard_0300000_0399999,train,jTsp_AmBAo0,5,50,0.13350617898628114,0.06808188185095787,0.18661297794198617,0.18031288035446777,0.18728664316935464,0.4878025350765306,0.7313167050497061,0.7134526628119555,0.7814756416886106
Dataset_Shard_0300000_0399999,train,jTsp_AmBAo0,10,50,0.16478090289980174,0.14224206656217575,0.21876020647585392,0.20467059820890426,0.21351035788655282,0.5793961256377551,0.8127560013477566,0.8060641922668914,0.846708141086771
Dataset_Shard_0300000_0399999,train,jYXIs1jlomo,1,50,0.036520790662616494,0.029924821108579636,0.1110724744595791,0.07267925024356373,0.1746484400107147,0.11872050382653061,0.3927770414928011,0.3001022678562572,0.5732832640275088
Dataset_Shard_0300000_0399999,train,jYXIs1jlomo,2,50,0.05316636637784541,0.045481299981474876,0.16387418508384144,0.12138897641387303,0.2362079175838153,0.16175940688775511,0.5340560198154017,0.44525330806388885,0.7156953203877685
Dataset_Shard_0300000_0399999,train,jYXIs1jlomo,5,50,0.06261161629110575,0.05256717465817928,0.1886334162426647,0.15108505090873223,0.2616253842646256,0.18549226721938777,0.596063795105961,0.504838990136455,0.79863212378315
Dataset_Shard_0300000_0399999,train,jYXIs1jlomo,10,50,0.06984227109700442,0.056044211611151695,0.19272680609021337,0.14080624773399905,0.278951414776966,0.22289899553571427,0.639786641032881,0.5580642385590745,0.7997622170884549
Dataset_Shard_0300000_0399999,train,jaAfalvJdzs,1,50,0.04084301084280014,0.017723001539707184,0.08083282113075256,0.06873732469975949,0.09685876611620188,0.13722576530612243,0.3471086881741442,0.2863694999020049,0.41981880307507763
Dataset_Shard_0300000_0399999,train,jaAfalvJdzs,2,50,0.10590414324775338,0.024639335460960865,0.13958537615835667,0.13053367383778094,0.1389424991235137,0.3042665816326531,0.4890196060397996,0.4417009138665337,0.5173984958548357
Dataset_Shard_0300000_0399999,train,jaAfalvJdzs,5,50,0.13115249482914806,0.029850665479898453,0.15837829917669297,0.1597867836803198,0.15945781126618386,0.4096767378826531,0.5892488709845397,0.5805821222723256,0.6138088382936915
Dataset_Shard_0300000_0399999,train,jaAfalvJdzs,10,50,0.1243091107532382,0.030850610695779324,0.14378968104720116,0.1381413781642914,0.14257847785949707,0.3725996492346939,0.5486661940231801,0.5247047519469283,0.5674298602857482
Dataset_Shard_0300000_0399999,train,jlS3u6WQJ0k,1,50,0.077850501106077,0.0504947155714035,0.14322039007602144,0.1330958396870119,0.16998358696699142,0.31851482780612245,0.5986048623901233,0.534047352105636,0.7544020065896235
Dataset_Shard_0300000_0399999,train,jlS3u6WQJ0k,2,50,0.09497301649320435,0.06852854415774345,0.1803688121626328,0.18130539747784497,0.19838927075790708,0.4351869419642857,0.7029468994659471,0.6619254053933105,0.8150457281518326
Dataset_Shard_0300000_0399999,train,jlS3u6WQJ0k,5,50,0.13806158378720285,0.1406255140900612,0.21875972613692285,0.21199613615870475,0.23746510803699494,0.6152957589285715,0.8100912583502999,0.772786938609255,0.9054025006548244
Dataset_Shard_0300000_0399999,train,jlS3u6WQJ0k,10,50,0.1317142503336072,0.13307267427444458,0.20935361817479134,0.21061633810400962,0.22343261003494264,0.6060291772959183,0.7953184166204236,0.7538321717989322,0.8968262515175119
Dataset_Shard_0300000_0399999,train,joZScleEqcM,1,50,0.04244100796058774,0.028790331445634365,0.12918422356565146,0.11409408489092812,0.17399513752059648,0.17280173788265304,0.5750240254006473,0.548006427790287,0.658183459644851
Dataset_Shard_0300000_0399999,train,joZScleEqcM,2,50,0.0673949147760868,0.03993474878370762,0.14530239917459767,0.1312208077841538,0.19253932524704623,0.25490035076530615,0.6098177330510514,0.5988264918453445,0.671262680659133
Dataset_Shard_0300000_0399999,train,joZScleEqcM,5,50,0.08481236070394516,0.034709300845861435,0.1816248926240951,0.1676314540952444,0.225075121098198,0.3108394451530612,0.7174176762098041,0.7145640924801928,0.7524512845010161
Dataset_Shard_0300000_0399999,train,joZScleEqcM,10,50,0.11609897259622812,0.060272159054875374,0.21493050041841344,0.19511307775974274,0.24639856895199044,0.40633689413265306,0.7913772899815821,0.7826069127664522,0.8150912259217882
Dataset_Shard_0300000_0399999,train,jsECb6fwYeM,1,50,0.06151991091668606,0.04393233731389046,0.15166770532727242,0.12771403908729553,0.1915826996602118,0.2497919323979592,0.6155580769692591,0.5300314762057527,0.7458486767621085
Dataset_Shard_0300000_0399999,train,jsECb6fwYeM,2,50,0.08166623450815677,0.07189357653260231,0.18974791407585145,0.16964424803853034,0.22764439310878515,0.3171950733418367,0.7054790772140097,0.6475297138116712,0.7878416650065122
Dataset_Shard_0300000_0399999,train,jsECb6fwYeM,5,50,0.10506637334823608,0.08916538953781128,0.20827452778816224,0.18780019611120224,0.24695524275302888,0.4231756218112245,0.7577054454329201,0.6976779639289361,0.8527150557390825
Dataset_Shard_0300000_0399999,train,jsECb6fwYeM,10,50,0.14503645837306978,0.13848978281021118,0.23267446875572204,0.21469486251473427,0.2693556682765484,0.5670663265306123,0.8160176679502054,0.7672512886831817,0.8978644108125422
Dataset_Shard_0300000_0399999,val,jzgW4PGt3XE,1,50,0.060138050252571705,0.04780101962387562,0.14098855134099722,0.12822277510538696,0.18821049109101295,0.2166701211734694,0.5330839715883835,0.5264522682643136,0.6475322231058602
Dataset_Shard_0300000_0399999,val,jzgW4PGt3XE,2,50,0.0779831298161298,0.06771169230341911,0.1576345431432128,0.15482949975878,0.21737755604088307,0.26094148596938777,0.5649559546606779,0.5753550835885626,0.68432171542234
Dataset_Shard_0300000_0399999,val,jzgW4PGt3XE,5,50,0.09985633632168174,0.06821611523628235,0.1868525981903076,0.17975353986024856,0.2377473469823599,0.3213580197704081,0.6404633269077213,0.6477908856251514,0.7403142107921403
Dataset_Shard_0300000_0399999,val,jzgW4PGt3XE,10,50,0.11272652003914117,0.07074611820280552,0.18538850076496602,0.1758709003776312,0.24855929479002953,0.3543120216836735,0.6733142339628725,0.6749939104996693,0.7730180156347776
Dataset_Shard_0300000_0399999,test,kMMFVGirbAo,1,50,0.05147408595308661,0.03184065409004688,0.1665916922271572,0.1393248947605025,0.2036721379424125,0.1596029974489796,0.5729284682179219,0.4915199455893714,0.7016096679242584
Dataset_Shard_0300000_0399999,test,kMMFVGirbAo,2,50,0.08329267669469118,0.05456181615591049,0.23415731146931648,0.190321804061532,0.27145176693797113,0.25305763711734697,0.7006168781770549,0.6254398828723934,0.8131489318265518
Dataset_Shard_0300000_0399999,test,kMMFVGirbAo,5,50,0.08126199707388877,0.05540057085454464,0.23126364201307298,0.19916329368948937,0.2594042590260506,0.23252311862244898,0.7034175379618149,0.6218884578601184,0.8166829877900976
Dataset_Shard_0300000_0399999,test,kMMFVGirbAo,10,50,0.09256547182798386,0.0531399417668581,0.26845147520303725,0.22850276425480842,0.3041375985741615,0.26174784757653063,0.7691214018374872,0.7029320012785009,0.8597383269378802
Dataset_Shard_0300000_0399999,train,kOD48vrvC9c,1,50,0.06379580028355121,0.052290474995970726,0.1647649345546961,0.15960602901875973,0.18863497577607632,0.2347787786989796,0.6400695225711575,0.5724676077584768,0.754690052052008
Dataset_Shard_0300000_0399999,train,kOD48vrvC9c,2,50,0.0941306310892105,0.07978372648358345,0.20562122270464897,0.19659492380917074,0.22402695953845977,0.34965401785714284,0.7411477348404429,0.6635888543652831,0.8362760842736843
Dataset_Shard_0300000_0399999,train,kOD48vrvC9c,5,50,0.134488568007946,0.13130904734134674,0.24257801592350006,0.24456809476017952,0.24916460394859313,0.49729113520408164,0.8112269209441534,0.7731435244706134,0.8817645370874847
Dataset_Shard_0300000_0399999,train,kOD48vrvC9c,10,50,0.1426261380314827,0.13543951511383057,0.24910921290516852,0.24738525830209254,0.2547820980846882,0.5384072066326531,0.8472043481010286,0.801980428919637,0.8881376048197928
Dataset_Shard_0300000_0399999,train,kTz4ixn3FNQ,1,50,0.07416385842487216,0.05685806646943092,0.11856174848973751,0.11228557627648116,0.1506211206316948,0.3152654655612245,0.502743196617149,0.4704867101078049,0.679640047933198
Dataset_Shard_0300000_0399999,train,kTz4ixn3FNQ,2,50,0.11113496314734221,0.07333329319953918,0.1726622324436903,0.1664745445922017,0.20876260824501514,0.4419487404336735,0.6541064042846966,0.619900501198265,0.8080637751205016
Dataset_Shard_0300000_0399999,train,kTz4ixn3FNQ,5,50,0.13644721895456313,0.10331567376852036,0.19278129398822785,0.18545457936823367,0.21278458550572396,0.5420834661989796,0.7400169737189164,0.7160812616637441,0.8466369490069903
Dataset_Shard_0300000_0399999,train,kTz4ixn3FNQ,10,50,0.17508989103138448,0.18660921603441238,0.2218946771323681,0.21123974531888962,0.23754455968737603,0.705289381377551,0.8394847539531582,0.8176258299446892,0.9012236015751063
Dataset_Shard_0300000_0399999,train,kkSQWC1v0Zs,1,50,0.08101391971111298,0.06872148811817169,0.1518758217332652,0.15358826040639542,0.1528906005329918,0.30361567283163265,0.6439974883888762,0.6238332772287608,0.676005503132582
Dataset_Shard_0300000_0399999,train,kkSQWC1v0Zs,2,50,0.08871357217431068,0.07637452334165573,0.1629191072509093,0.17157992800946886,0.16207052123965696,0.32542689732142854,0.6806203102006659,0.6659290442713597,0.7009407908269751
Dataset_Shard_0300000_0399999,train,kkSQWC1v0Zs,5,50,0.13055524379014968,0.1085197739303112,0.18641479606740177,0.18500626259949057,0.18675190386362372,0.4463655931122449,0.7324854042592147,0.6882312050824992,0.7738905613025043
Dataset_Shard_0300000_0399999,train,kkSQWC1v0Zs,10,50,0.14451561484485864,0.11105340719223022,0.19414212253876031,0.192272035991773,0.19696710275486112,0.5145479910714286,0.7979195256891138,0.727707577717383,0.8392642213829205
Dataset_Shard_0300000_0399999,train,kmoiuVMBrJg,1,50,0.05693026374094188,0.049855101853609085,0.11472279226407409,0.10715636337175966,0.18297159433364868,0.23243104272959184,0.47917326926508946,0.44728490446472113,0.7099300865547045
Dataset_Shard_0300000_0399999,train,kmoiuVMBrJg,2,50,0.07256471207365393,0.060935819521546364,0.14404023759067058,0.1353650238364935,0.22090213499963285,0.28124561543367343,0.5662493358043469,0.5367466520659963,0.7724226790656864
Dataset_Shard_0300000_0399999,train,kmoiuVMBrJg,5,50,0.11210816133767366,0.10960792005062103,0.19170303210616113,0.18097693711519242,0.2587440766766667,0.40244698660714284,0.6886319853152603,0.6634735936356,0.8579075646513741
Dataset_Shard_0300000_0399999,train,kmoiuVMBrJg,10,50,0.13746830344200134,0.1216987632215023,0.22427284732460975,0.21506345629692078,0.2823217498511076,0.4867857142857143,0.7547627822023917,0.7342088536404097,0.8917970842230565
Dataset_Shard_0300000_0399999,train,kwXkEFlx1Q4,1,50,0.12399442710913718,0.07281933724880219,0.20846884980797767,0.2117521945387125,0.19819079224020242,0.4363452646683673,0.7157896171909218,0.6899955106409296,0.8265372928130289
Dataset_Shard_0300000_0399999,train,kwXkEFlx1Q4,2,50,0.17069229625165463,0.18644101172685623,0.21808680121561339,0.2241505474452424,0.20821162765001644,0.6006875797193877,0.7494689894705167,0.7317217548143834,0.8237730715418214
Dataset_Shard_0300000_0399999,train,kwXkEFlx1Q4,5,50,0.2270881956629455,0.25174030661582947,0.2645897493511438,0.2713131606578827,0.2393867551535368,0.7856760204081632,0.8721879945767248,0.8579547631209933,0.9279385725195505
Dataset_Shard_0300000_0399999,train,kwXkEFlx1Q4,10,50,0.24844561580568553,0.2616197317838669,0.2879303048551083,0.30134816393256186,0.2411065562069416,0.8168574617346939,0.8863999218644009,0.8723017097248104,0.9386512201698358
Dataset_Shard_0300000_0399999,train,kx4_1AOBE18,1,50,0.027782513652928175,0.01139819249510765,0.10259512454271316,0.09132306225597858,0.14289600268006325,0.12858378507653062,0.49405940479116434,0.4744465975792322,0.6253473150282353
Dataset_Shard_0300000_0399999,train,kx4_1AOBE18,2,50,0.03439601269550621,0.014706312213093042,0.11733961313962936,0.10711772784590722,0.1651432940363884,0.17175063775510202,0.5529108089362726,0.5415121528492657,0.6801439921060718
Dataset_Shard_0300000_0399999,train,kx4_1AOBE18,5,50,0.05962083102203906,0.03028649091720581,0.16628491036593915,0.15289732053875923,0.21969086781144143,0.2668291613520408,0.7085527027390784,0.7069669588221139,0.7726173723074352
Dataset_Shard_0300000_0399999,train,kx4_1AOBE18,10,50,0.05701784861274064,0.043039990589022636,0.17088496923446655,0.1538123770803213,0.21831448450684549,0.28322385204081635,0.7377279764612195,0.7347981419191592,0.7772326549315227
Dataset_Shard_0300000_0399999,val,kxunkO4v048,1,50,0.031592587806553635,0.020563863217830658,0.10669396912622688,0.09443791527959547,0.18254060085542734,0.14398517219387755,0.474086595708389,0.43075850628293244,0.722725994102516
Dataset_Shard_0300000_0399999,val,kxunkO4v048,2,50,0.06383138294331729,0.030817429535090923,0.1482723583304323,0.1407627431070432,0.21050244784448296,0.26083824936224487,0.5805657133432801,0.5494360499360442,0.7763379794335589
Dataset_Shard_0300000_0399999,val,kxunkO4v048,5,50,0.07395782912150026,0.03497305326163769,0.16774559080600737,0.15759860716760157,0.24190454989671706,0.2728818558673469,0.6661366139098945,0.6277167690381993,0.8698395867570267
Dataset_Shard_0300000_0399999,val,kxunkO4v048,10,50,0.12051831671968102,0.09964313730597496,0.20995929345488548,0.20313908465206623,0.24607014313340186,0.4505584343112245,0.7829494784379739,0.759156014717261,0.8941624673536129
Dataset_Shard_0300000_0399999,val,l7F1MHpB1u0,1,50,0.0492685223184526,0.017584768123924732,0.07638651894314535,0.07030765546674957,0.09970668281428516,0.23140704719387756,0.3985088770090355,0.3722732762952615,0.5207683983359416
Dataset_Shard_0300000_0399999,val,l7F1MHpB1u0,2,50,0.08284924858249725,0.04074571095407009,0.12699065390974285,0.11919314476195723,0.1522165117226541,0.34754464285714287,0.6030625909749248,0.5732036213096681,0.7059750607833739
Dataset_Shard_0300000_0399999,val,l7F1MHpB1u0,5,50,0.1414854327775538,0.1540980488061905,0.18419224441051482,0.18223617494106292,0.1888197787106037,0.5763651945153061,0.7878399811134809,0.7752548021101191,0.8345259690448621
Dataset_Shard_0300000_0399999,val,l7F1MHpB1u0,10,50,0.15238567177206278,0.1608685702085495,0.17676869131624698,0.17242796257138251,0.19700131490826606,0.6242008131377551,0.8028210446901738,0.7889644429793681,0.8678341760061784
Dataset_Shard_0300000_0399999,train,lEgp6oBfREo,1,50,0.062372124511748554,0.060261957347393036,0.1709533504396677,0.16465807400643825,0.18861940279603004,0.2301925223214286,0.6754733202384897,0.6037524187983107,0.7535662747807871
Dataset_Shard_0300000_0399999,train,lEgp6oBfREo,2,50,0.07395228642970324,0.054154472425580025,0.18825524374842645,0.18089447125792504,0.2183172807097435,0.28818160076530613,0.7344534480909395,0.6686485547239859,0.8141108563820313
Dataset_Shard_0300000_0399999,train,lEgp6oBfREo,5,50,0.08518055349588394,0.07064792141318321,0.20898503541946412,0.20294009670615196,0.2284592428803444,0.3362978316326531,0.7979953729304207,0.744239183307524,0.864701867165917
Dataset_Shard_0300000_0399999,train,lEgp6oBfREo,10,50,0.09847514666616916,0.08671321719884872,0.22093222215771674,0.21432026132941245,0.24286112561821938,0.4026395089285715,0.8366303984732609,0.8003616562225679,0.8817833513557722
Dataset_Shard_0300000_0399999,test,lFhCwScSprM,1,50,0.068167026899755,0.054829927161335945,0.1787237474322319,0.17806889727711678,0.18433599077165128,0.24062340561224488,0.6296831580030254,0.5881732286299958,0.7260715538448024
Dataset_Shard_0300000_0399999,test,lFhCwScSprM,2,50,0.08949188889935612,0.06644284352660179,0.19994100922398503,0.20347234736022074,0.18951762617954956,0.3349202806122449,0.6889427111353374,0.6509311184662657,0.7412818789325523
Dataset_Shard_0300000_0399999,test,lFhCwScSprM,5,50,0.12270701915025711,0.07966422289609909,0.2318966816738248,0.2405357635766268,0.2176095850393176,0.4228300382653061,0.7452609071796351,0.7257316019398936,0.7837098428707082
Dataset_Shard_0300000_0399999,test,lFhCwScSprM,10,50,0.16906628094613552,0.10940980911254883,0.28057271931320427,0.3018056305497885,0.24509601760655642,0.5215573182397959,0.857556353390054,0.8574587821316384,0.857876254886142
Dataset_Shard_0300000_0399999,train,lMNq15l1QT0,1,50,0.08018967594951391,0.06496435031294823,0.15203448697924615,0.15463429391384126,0.17523479856550694,0.3067171556122449,0.6253049595635705,0.5933345541517151,0.727238957765837
Dataset_Shard_0300000_0399999,train,lMNq15l1QT0,2,50,0.08823500595986843,0.09133445471525192,0.1753210747241974,0.17365214705467225,0.18957303792238236,0.3508673469387755,0.705947287291704,0.673757485100246,0.7684370459579501
Dataset_Shard_0300000_0399999,train,lMNq15l1QT0,5,50,0.1262772012501955,0.10764336958527565,0.21273053750395776,0.21684476003050804,0.21082471445202827,0.45219786352040814,0.7891002512551664,0.7678560345392914,0.8242667301319209
Dataset_Shard_0300000_0399999,train,lMNq15l1QT0,10,50,0.13804100263863803,0.10996358841657639,0.21548050925135612,0.2196427422761917,0.21908942848443985,0.49429966517857143,0.819529553170682,0.8040400901883138,0.8531308706172234
Dataset_Shard_0300000_0399999,train,lOe0gTapJ1k,1,50,0.04961230615153909,0.047369781881570816,0.1148751636594534,0.11358110200613737,0.12235229182988405,0.2521332908163265,0.6386540857547868,0.5963026473506667,0.6929480094488569
Dataset_Shard_0300000_0399999,train,lOe0gTapJ1k,2,50,0.0669619656354189,0.05653512850403786,0.139419823884964,0.144805693551898,0.14231360159814357,0.33449258609693877,0.7170344299044674,0.6792109447435112,0.7666873297637672
Dataset_Shard_0300000_0399999,train,lOe0gTapJ1k,5,50,0.08790536224842072,0.0855601355433464,0.16191128954291345,0.17542723156511783,0.16689012676477433,0.4175442442602041,0.8050100192530429,0.7818137163463572,0.8406640666056614
Dataset_Shard_0300000_0399999,train,lOe0gTapJ1k,10,50,0.08891322027891874,0.08249451220035553,0.1632325041294098,0.17198010079562664,0.16367973923683166,0.43785514987244895,0.8020436925322377,0.7774717604098588,0.8265837606964461
Dataset_Shard_0300000_0399999,train,lRBRTysHyrA,1,50,0.08012311579659581,0.05504140444099903,0.16861056938767433,0.1644508593529463,0.19068272583186627,0.3171392697704082,0.7005991880573472,0.6856599367247982,0.7587051378539548
Dataset_Shard_0300000_0399999,train,lRBRTysHyrA,2,50,0.11781245373189449,0.07960394397377968,0.20787421241402626,0.20694217219948768,0.22106282703578473,0.44645049426020406,0.8018532174640747,0.7954694329936102,0.8640451190923933
Dataset_Shard_0300000_0399999,train,lRBRTysHyrA,5,50,0.1469764655828476,0.15537936240434647,0.22466402277350425,0.22603703171014786,0.231095527112484,0.5594595025510204,0.8174120767763062,0.8154166288893956,0.8584371050834088
Dataset_Shard_0300000_0399999,train,lRBRTysHyrA,10,50,0.1959377272427082,0.1751321479678154,0.26198844075202943,0.2629083776473999,0.2778853806853294,0.6817745535714286,0.8662660454257254,0.8622398004173235,0.9201195625517643
Dataset_Shard_0300000_0399999,train,lpi9Yuj2Lk_,1,50,0.08999106653034687,0.08325183391571045,0.17007355391979218,0.16077905550599098,0.18790795601904392,0.40155213647959187,0.7982417026903573,0.77500909397186,0.8401936774146018
Dataset_Shard_0300000_0399999,train,lpi9Yuj2Lk_,2,50,0.10115442421287298,0.09089789539575577,0.18068188309669495,0.17817039743065835,0.19357576072216034,0.47380141900510203,0.8177529181245373,0.8252666240169007,0.8383587911405729
Dataset_Shard_0300000_0399999,train,lpi9Yuj2Lk_,5,50,0.12811556294560433,0.11252739280462265,0.20302182763814927,0.19154765233397483,0.2175825470685959,0.5884514508928571,0.8833696779043003,0.8715475063643016,0.9109827141039498
Dataset_Shard_0300000_0399999,train,lpi9Yuj2Lk_,10,50,0.12510779224336147,0.12737999111413956,0.1948395077884197,0.18085850536823272,0.2153014850616455,0.5882382015306122,0.8677565901488642,0.8564253182227617,0.907801243843776
Dataset_Shard_0300000_0399999,train,ltNtwExtVa4,1,50,0.08435957653447985,0.0680420771241188,0.1566084834259891,0.13430702239642414,0.2142767872429613,0.3016015625,0.4896951040386615,0.3820048396188125,0.6984608445730646
Dataset_Shard_0300000_0399999,train,ltNtwExtVa4,2,50,0.1186746584624052,0.08396575972437859,0.1923229659011122,0.169740119685448,0.2453369029647729,0.3244367825255102,0.5212442770728559,0.4150880615295536,0.7220725983705109
Dataset_Shard_0300000_0399999,train,ltNtwExtVa4,5,50,0.17205341055989265,0.1482836976647377,0.24378971449099482,0.21878238853532822,0.2816063153417781,0.4824067283163265,0.6212278754824055,0.5066146315960208,0.7993265661262328
Dataset_Shard_0300000_0399999,train,ltNtwExtVa4,10,50,0.21066175058484077,0.19015101343393326,0.27866767704486844,0.2612917652726173,0.312878922522068,0.574229512117347,0.7208440159318524,0.6409253059813982,0.8567148133400727
Dataset_Shard_0300000_0399999,val,lxHmqyU2TSc,1,50,0.07886717095971107,0.07973167672753334,0.13437495367164956,0.1460233847645577,0.1393341281436733,0.37485491071428567,0.6702125736712208,0.6639927769065064,0.7095794428156423
Dataset_Shard_0300000_0399999,val,lxHmqyU2TSc,2,50,0.08976611759513617,0.08438989520072937,0.16205207087099552,0.1754401521384716,0.16089387178421022,0.4018686224489796,0.7627224999084206,0.7454527305667401,0.7861675584336798
Dataset_Shard_0300000_0399999,val,lxHmqyU2TSc,5,50,0.12573535427451132,0.11234874278306961,0.17852440387010574,0.18847259730100632,0.17832904160022736,0.5758808992346939,0.8370846708072655,0.8059644840016557,0.8646903852165151
Dataset_Shard_0300000_0399999,val,lxHmqyU2TSc,10,50,0.16559461131691933,0.16930922120809555,0.20502632439136506,0.2317797303199768,0.19526007920503616,0.7173943718112246,0.8927107112531761,0.8920027004340787,0.91261525270424
Dataset_Shard_0300000_0399999,train,m6Nb2qOf30Y,1,50,0.07339638944715261,0.06617031246423721,0.11925927080214023,0.11477519564330578,0.13936019860208035,0.3628447863520408,0.6314395468816181,0.6149154229763057,0.709038758309458
Dataset_Shard_0300000_0399999,train,m6Nb2qOf30Y,2,50,0.09547379001975059,0.0921710766851902,0.15526045978069306,0.14939328454434872,0.1814609570801258,0.4772680165816327,0.7358847273418955,0.7112735987415142,0.8304424795172066
Dataset_Shard_0300000_0399999,train,m6Nb2qOf30Y,5,50,0.10103170424699784,0.1039617508649826,0.17316244959831237,0.1707217539101839,0.18921846210956572,0.49390306122448974,0.789032201179323,0.7709886988111652,0.8532551928581183
Dataset_Shard_0300000_0399999,train,m6Nb2qOf30Y,10,50,0.12368164215236903,0.12977835536003113,0.17983730554580687,0.1772010536491871,0.1983063091337681,0.6065170599489796,0.8118438072708796,0.7947335547634741,0.8738486790816773
Dataset_Shard_0300000_0399999,train,m8cxfdV2LB4,1,50,0.08359511021524668,0.07137879729270935,0.18334202080965042,0.16792410522699355,0.19685776814818381,0.3325601881377551,0.7655186149332642,0.7343898757249243,0.8036809932441986
Dataset_Shard_0300000_0399999,train,m8cxfdV2LB4,2,50,0.08440271489322186,0.07471276447176933,0.21211336567997932,0.19935958474874496,0.21472032189369203,0.3180859375,0.8286268154773095,0.8288058395845477,0.8382136353380273
Dataset_Shard_0300000_0399999,train,m8cxfdV2LB4,5,50,0.11334936968982219,0.09950218349695206,0.22787759870290755,0.21877850502729415,0.22801807880401612,0.43374242665816326,0.8578664816862396,0.861600637772607,0.863803514361765
Dataset_Shard_0300000_0399999,train,m8cxfdV2LB4,10,50,0.12203511960804463,0.10713079571723938,0.2448109954595566,0.23931614756584169,0.2441955053806305,0.47224728954081635,0.8767862739245426,0.8736202002443989,0.8842116003103874
Dataset_Shard_0300000_0399999,train,mFrrmh9euA4,1,50,0.10426028400659561,0.09398975223302841,0.2344866994023323,0.20967689782381058,0.2683174316585064,0.44499441964285713,0.8034597980048104,0.7689751974138659,0.8556687048141793
Dataset_Shard_0300000_0399999,train,mFrrmh9euA4,2,50,0.1089841864258051,0.10505673661828041,0.2440357868373394,0.2332090999186039,0.2728384375572205,0.5183713329081633,0.8580841691883719,0.8191543202773692,0.9061555097383066
Dataset_Shard_0300000_0399999,train,mFrrmh9euA4,5,50,0.14955039650201798,0.15303007513284683,0.2878387501835823,0.2561383840441704,0.323850702047348,0.6933378507653062,0.899020494686003,0.8570293422140068,0.9406202095244319
Dataset_Shard_0300000_0399999,train,mFrrmh9euA4,10,50,0.13279662042856216,0.12430189177393913,0.2809421315789223,0.26756096169352533,0.31524927020072935,0.5522146045918368,0.903101567033852,0.8710065664654434,0.9371544376795817
Dataset_Shard_0300000_0399999,train,n-F9z5TA1vE,1,50,0.06968372695147991,0.06039750948548317,0.13824976943433284,0.14732558509334923,0.147272604778409,0.31399194834183675,0.6601564104230454,0.7014821852657838,0.6772738291744942
Dataset_Shard_0300000_0399999,train,n-F9z5TA1vE,2,50,0.08789029564708471,0.07371529564261436,0.16378521986305714,0.17549248933792114,0.16425376899540425,0.37413345025510203,0.7230399075411802,0.7580365529345647,0.7285744145679653
Dataset_Shard_0300000_0399999,train,n-F9z5TA1vE,5,50,0.08551996886730194,0.07936293259263039,0.15713432215154172,0.17964951731264592,0.15517295472323894,0.3854496173469388,0.7248363213730846,0.7901404302088733,0.723184664733611
Dataset_Shard_0300000_0399999,train,n-F9z5TA1vE,10,50,0.10732811093330383,0.09829402714967728,0.17884236082434654,0.199798571318388,0.17838797435164452,0.4442008131377551,0.7727149277199336,0.829760431332666,0.769599261239228
Dataset_Shard_0300000_0399999,train,n0gRomV5Gnk,1,50,0.04340573362074793,0.027686554938554764,0.1427009029686451,0.1489326018281281,0.1478932175785303,0.17689054528061224,0.5313501907953483,0.514366335881068,0.6301157535859927
Dataset_Shard_0300000_0399999,train,n0gRomV5Gnk,2,50,0.052473558401688936,0.04394170455634594,0.1710214902833104,0.175498461779207,0.1780715920776129,0.19102678571428572,0.5774551840553774,0.5511371448161984,0.7006444232276182
Dataset_Shard_0300000_0399999,train,n0gRomV5Gnk,5,50,0.0691473819874227,0.04848301410675049,0.1849741942062974,0.1949027144536376,0.1878516123443842,0.27426379145408164,0.668226660168789,0.6608594159996386,0.743593559382372
Dataset_Shard_0300000_0399999,train,n0gRomV5Gnk,10,50,0.06371421260759234,0.05048730783164501,0.19588661558926104,0.20338063560426234,0.19913511842489243,0.23058872767857141,0.6747932713923813,0.6641816477569678,0.7589561266429505
Dataset_Shard_0300000_0399999,train,n1jA2GVDa-o,1,50,0.027069981032982467,0.017818547785282135,0.11893996573984623,0.11779856659471989,0.13424094162881375,0.09126434948979592,0.3957098195335565,0.368105788305577,0.5668653645700893
Dataset_Shard_0300000_0399999,train,n1jA2GVDa-o,2,50,0.04427574896253646,0.02664767950773239,0.15041607294231654,0.15109166275709868,0.16334080688655375,0.16645567602040817,0.5076875027207056,0.48426012134178287,0.6681279401288525
Dataset_Shard_0300000_0399999,train,n1jA2GVDa-o,5,50,0.046790120750665666,0.027333654463291168,0.15970926865935325,0.16221988439559937,0.171871554851532,0.16639110331632653,0.5414734403151744,0.5154455381030114,0.7161052322210054
Dataset_Shard_0300000_0399999,train,n1jA2GVDa-o,10,50,0.05854013098403812,0.03503457456827164,0.1835511577129364,0.18816306859254836,0.18406383708119392,0.20249402104591838,0.6083590058370768,0.589450163530392,0.7509368012645852
Dataset_Shard_0300000_0399999,test,n72VzMg9PvU,1,50,0.0478243072796613,0.0414870772510767,0.12420275889337062,0.12289854630827904,0.1570401133596897,0.20004703443877553,0.5238016084844154,0.3992983910312233,0.7278863264081317
Dataset_Shard_0300000_0399999,test,n72VzMg9PvU,2,50,0.06130125183612108,0.046318842098116875,0.15772604890167713,0.16039027048274876,0.17838577687740326,0.24635443239795918,0.6513558539983907,0.5520094189753156,0.8158777960233173
Dataset_Shard_0300000_0399999,test,n72VzMg9PvU,5,50,0.11255802638828755,0.08216952160000801,0.1990270276747833,0.21559440442902542,0.20772789699905844,0.4558661511479592,0.722769518941502,0.6406907498679786,0.8471830991709794
Dataset_Shard_0300000_0399999,test,n72VzMg9PvU,10,50,0.12584019768983126,0.08233752101659775,0.21590084806084633,0.23108645416796209,0.21468298375606537,0.5076897321428572,0.7666297119812471,0.7010456378319495,0.8727570049095642
Dataset_Shard_0300000_0399999,train,n7YqEWvxyrA,1,50,0.1851974786376013,0.1867441013455391,0.19493545805322354,0.19241976785160658,0.2085001044976525,0.6722516741071429,0.710249942931978,0.7031824870739716,0.7843325725450732
Dataset_Shard_0300000_0399999,train,n7YqEWvxyrA,2,50,0.19901965290308,0.19331344962120056,0.22151387594640254,0.21996990010142325,0.25033211424946783,0.7347221779336734,0.8088655763913261,0.8137599340386593,0.8704414877573317
Dataset_Shard_0300000_0399999,train,n7YqEWvxyrA,5,50,0.2629075287282467,0.25621937215328217,0.26432294890284536,0.2646228466928005,0.30319526076316833,0.8384721779336735,0.8487982550726421,0.8501992032866318,0.9029948941671593
Dataset_Shard_0300000_0399999,train,n7YqEWvxyrA,10,50,0.2565787437558174,0.25379376113414764,0.25378003254532816,0.2516628386080265,0.2696450600028038,0.8336100924744898,0.8794189473722014,0.875088408089614,0.905759324171616
Dataset_Shard_0300000_0399999,train,nNJK2P8gqPA,1,50,0.02895966242067516,0.022782291285693645,0.10061749137938023,0.10997817218303681,0.11756192542612552,0.13294164540816328,0.485875470539794,0.5171774415576232,0.5550386512537346
Dataset_Shard_0300000_0399999,train,nNJK2P8gqPA,2,50,0.04766326744109392,0.04378950782120228,0.1353276651352644,0.15030613228678702,0.1481360220350325,0.2160546875,0.633928918046406,0.6709682776709803,0.6830278757595346
Dataset_Shard_0300000_0399999,train,nNJK2P8gqPA,5,50,0.047836025953292845,0.03308994136750698,0.1302249815315008,0.13862437415868045,0.1709528198093176,0.21644252232142858,0.6095275046852983,0.6456146427070921,0.6983955138338931
Dataset_Shard_0300000_0399999,train,nNJK2P8gqPA,10,50,0.06669318124651909,0.04351477697491646,0.1609580075740814,0.1815443780273199,0.1699917509406805,0.28434510522959183,0.6964426328230705,0.7556789940834229,0.7186684795121643
Dataset_Shard_0300000_0399999,train,nNo4Kzvf548,1,50,0.054205760629847645,0.024958353489637375,0.16648015201091768,0.13095184244215488,0.23486212730407716,0.1605827487244898,0.46990566927555216,0.385306161460814,0.6796831097094909
Dataset_Shard_0300000_0399999,train,nNo4Kzvf548,2,50,0.07011435505235568,0.03223168104887009,0.18869203463196754,0.15063555418513716,0.26537043520249426,0.21080317283163263,0.5388750314940282,0.46741444839138535,0.7234817688534944
Dataset_Shard_0300000_0399999,train,nNo4Kzvf548,5,50,0.09811076235026121,0.04457789845764637,0.2351903051137924,0.19765321493148805,0.3018065977096558,0.29366669323979594,0.639244096927682,0.5832962871096291,0.7767183733360816
Dataset_Shard_0300000_0399999,train,nNo4Kzvf548,10,50,0.13950443267822266,0.09658165276050568,0.2986329887807369,0.2675413515418768,0.3434479135274887,0.4070037468112245,0.711646811737829,0.6658326911633563,0.8177957190415996
Dataset_Shard_0300000_0399999,test,nVCvscVOQJM,1,50,0.016661036182194947,0.01453210273757577,0.07901720218360424,0.07170757316052914,0.10093487069010734,0.07722576530612245,0.42397626559858964,0.3767607309009627,0.5262953422686448
Dataset_Shard_0400000_0499999,test,nVCvscVOQJM,1,50,0.056138615794479846,0.05287341959774494,0.12325380250811577,0.12182380374521017,0.12653059635311364,0.2765477519132653,0.6362675268186821,0.6401726810368925,0.6405245717356992
Dataset_Shard_0300000_0399999,test,nVCvscVOQJM,2,50,0.021709578726440668,0.016748066060245037,0.09047483906149864,0.08494307197630406,0.11342370763421059,0.09973254145408163,0.472556430350541,0.43338496270979115,0.5714161649529433
Dataset_Shard_0400000_0499999,test,nVCvscVOQJM,2,50,0.05759999718517065,0.05210353806614876,0.12699441060423852,0.12281014539301395,0.144872425571084,0.2796177455357143,0.6650917313841324,0.6550234299612518,0.7054100922908756
Dataset_Shard_0300000_0399999,test,nVCvscVOQJM,5,50,0.03113075552508235,0.020086211152374744,0.1002309027314186,0.09498917065560818,0.12498751774430275,0.13780333227040817,0.5153856474168251,0.47326566651882807,0.6178424375011816
Dataset_Shard_0400000_0499999,test,nVCvscVOQJM,5,50,0.0688124118000269,0.06341557577252388,0.1455313017964363,0.13945148050785064,0.1639697317779064,0.3241466039540816,0.72515293375832,0.7127303165083151,0.7645187721985013
Dataset_Shard_0300000_0399999,test,nVCvscVOQJM,10,50,0.026822105310857297,0.021981853991746902,0.10552619852125644,0.09932991191744804,0.13204002536833287,0.1144563137755102,0.5349261901526592,0.4933144222224727,0.6338654674720781
Dataset_Shard_0400000_0499999,test,nVCvscVOQJM,10,50,0.0768601356819272,0.07371922954916954,0.1609178201854229,0.15491814360022546,0.17852752327919005,0.3593921396683673,0.7997463742827694,0.795392270478069,0.8017494603418308
Dataset_Shard_0400000_0499999,test,ncA2W_lCihM,1,50,0.0511132638156414,0.04254440404474735,0.17522433534264564,0.19076793432235717,0.17159562110900878,0.25751395089285717,0.7702294007554918,0.7124079559454576,0.8430622008976365
Dataset_Shard_0400000_0499999,test,ncA2W_lCihM,2,50,0.08227413725107909,0.08492064476013184,0.20105584383010863,0.22774973526597023,0.1910917057096958,0.4615027104591837,0.8093445578626459,0.7717689897953889,0.8614604255227216
Dataset_Shard_0400000_0499999,test,ncA2W_lCihM,5,50,0.10211013205349445,0.10622489079833031,0.20822991400957108,0.23579733088612556,0.1905508568882942,0.5682625159438776,0.8457546465855568,0.8198837819226626,0.8880507011796204
Dataset_Shard_0400000_0499999,test,ncA2W_lCihM,10,50,0.10555987358093262,0.09861170873045921,0.23820407271385194,0.2814982858300209,0.20618537038564683,0.5379081632653061,0.869229351279712,0.8471394341922063,0.8994274915800544
Dataset_Shard_0400000_0499999,train,ncZh6hd-xIk,1,50,0.05003740064799786,0.04029339738190174,0.15684153348207475,0.1487020031362772,0.18991352836281294,0.2268730070153061,0.7387941658731227,0.707306792239975,0.8366284736798631
Dataset_Shard_0400000_0499999,train,ncZh6hd-xIk,2,50,0.06117421828210354,0.04854746721684933,0.16564540144841886,0.16065838654350956,0.1952678766720055,0.27913703762755104,0.7591589194526753,0.7349381202207549,0.840095302328344
Dataset_Shard_0400000_0499999,train,ncZh6hd-xIk,5,50,0.0928742416203022,0.07003331556916237,0.1991316121816635,0.19687904834747313,0.2124365285038948,0.4277299904336735,0.8747876644449878,0.863602530432721,0.9084961989566177
Dataset_Shard_0400000_0499999,train,ncZh6hd-xIk,10,50,0.11033214561641216,0.08985934406518936,0.20848175883293152,0.20912848487496377,0.2144908221065998,0.4953400031887755,0.8701651906915469,0.8528318657473846,0.9186384467176141
Dataset_Shard_0400000_0499999,train,ng40P4mMO3s,1,50,0.12579715618863702,0.08355003595352173,0.20748815946280957,0.20719122275710106,0.21186692908406257,0.4766988201530612,0.789742361621334,0.7446550787592866,0.8638324570304411
Dataset_Shard_0400000_0499999,train,ng40P4mMO3s,2,50,0.1371349236369133,0.12272128462791443,0.20851444453001022,0.20689472004771234,0.21990663647651673,0.5508653539540816,0.7903049708383882,0.7497174504589725,0.8669051305551878
Dataset_Shard_0400000_0499999,train,ng40P4mMO3s,5,50,0.18994608655571937,0.16890109330415726,0.2582828903198242,0.25545380607247353,0.2687196213006973,0.6677590880102041,0.8766235757493263,0.8329795696585153,0.9356376010071926
Dataset_Shard_0400000_0499999,train,ng40P4mMO3s,10,50,0.2198450657725334,0.24066031724214554,0.25919865667819975,0.2690960305929184,0.24904570296406747,0.8107429846938775,0.9136437085644534,0.8895774956376232,0.9467490170635321
Dataset_Shard_0400000_0499999,train,nhbz8VTchUE,1,50,0.05173725407570601,0.04448726028203964,0.09539041601121426,0.08814605195075273,0.11613921200856567,0.22380062181122448,0.4254630757185133,0.40064696656530613,0.5044259823237897
Dataset_Shard_0400000_0499999,train,nhbz8VTchUE,2,50,0.0864903960749507,0.0744507797062397,0.1357038906926755,0.13005751959630288,0.15258159374818206,0.3396548150510204,0.5518609842893553,0.5314530166901139,0.6124494376313229
Dataset_Shard_0400000_0499999,train,nhbz8VTchUE,5,50,0.10575642839074134,0.09499615803360939,0.17462745442986488,0.16237979054450988,0.20473406188189983,0.41445232780612246,0.67062493199596,0.6419971365091993,0.7342559488785767
Dataset_Shard_0400000_0499999,train,nhbz8VTchUE,10,50,0.12170910257846117,0.11236259713768959,0.20957055315375328,0.2004330077022314,0.23139553532004356,0.4816214923469388,0.7564601792606012,0.727452900755255,0.8248870205432202
Dataset_Shard_0400000_0499999,train,nvGSZykPC-E,1,50,0.024794188104569913,0.01609348226338625,0.08639862573567371,0.08512134211618104,0.12292423781007528,0.11612364477040817,0.4295173987402307,0.4069272341114252,0.6301095679849108
Dataset_Shard_0400000_0499999,train,nvGSZykPC-E,2,50,0.029293078789487483,0.02490264270454645,0.12431800276041031,0.12062709741294383,0.1748758502304554,0.1342526307397959,0.603023010258801,0.5846796383567744,0.7938158732609655
Dataset_Shard_0400000_0499999,train,nvGSZykPC-E,5,50,0.03973485942929983,0.03519345447421074,0.1398196919262409,0.13685781933367253,0.1834186540544033,0.16184390943877552,0.621395266567829,0.5955585827459292,0.8177976847225075
Dataset_Shard_0400000_0499999,train,nvGSZykPC-E,10,50,0.06565666515380145,0.041308555752038956,0.15793215431272983,0.15541738152503967,0.19881313189864158,0.24498086734693877,0.6608794820931729,0.6351790249883641,0.8239162324753602
Dataset_Shard_0400000_0499999,train,o4fPTM4nXHA,1,50,0.03449800552800298,0.029807702638208866,0.1366654270887375,0.1332510581612587,0.18133698295801878,0.1471922831632653,0.6291261045079009,0.6155453909101072,0.7800023256220331
Dataset_Shard_0400000_0499999,train,o4fPTM4nXHA,2,50,0.03668819442391395,0.033443326130509377,0.14612377002835275,0.14382295802235603,0.18827844217419623,0.1563197544642857,0.6718619617610578,0.6607414662143374,0.8255967114397292
Dataset_Shard_0400000_0499999,train,o4fPTM4nXHA,5,50,0.053951511420309545,0.05121845752000809,0.1859700357913971,0.18500618994235993,0.2112757022678852,0.2262141262755102,0.8008542312454493,0.7936422592872748,0.8948683433919834
Dataset_Shard_0400000_0499999,train,o4fPTM4nXHA,10,50,0.056434097476303575,0.05816752463579178,0.19275967493653298,0.1923995952308178,0.20725737988948822,0.23659398915816326,0.813871715188267,0.8086636038178283,0.8807725059706811
Dataset_Shard_0400000_0499999,val,oKwo2V65yJE,1,50,0.06828150145709515,0.06270105019211769,0.14300487592816352,0.12475514084100724,0.15840609401464462,0.28843590561224486,0.6331412223931583,0.5581466314453074,0.6929838958783843
Dataset_Shard_0400000_0499999,val,oKwo2V65yJE,2,50,0.07551767278462648,0.06908681616187096,0.1567485562711954,0.14070730164647102,0.17190657585859298,0.31814811862244896,0.6776376424207426,0.6068906213022546,0.7362763096164615
Dataset_Shard_0400000_0499999,val,oKwo2V65yJE,5,50,0.10534425795078278,0.0864071287214756,0.1803918571770191,0.168923309892416,0.19069876685738563,0.41267817283163266,0.7338701898047642,0.7035732358644867,0.7672115913970895
Dataset_Shard_0400000_0499999,val,oKwo2V65yJE,10,50,0.11722178280353546,0.086317028850317,0.19572500124573708,0.18565571650862694,0.19993122011423112,0.45415656887755096,0.7642641620931372,0.7264860163731807,0.7935683163574387
Dataset_Shard_0400000_0499999,train,oLt2YHQmxyo,1,50,0.06031392503529787,0.05156940408051014,0.10632927235215903,0.1076688776165247,0.12325139055028558,0.28172114158163264,0.5529074618344206,0.5377158343237212,0.6751122855965835
Dataset_Shard_0400000_0499999,train,oLt2YHQmxyo,2,50,0.06665888475254178,0.058708613738417625,0.11596703421324492,0.11768507305532694,0.1308109168894589,0.318840481505102,0.5854943137783419,0.56883452596592,0.7221975606996487
Dataset_Shard_0400000_0499999,train,oLt2YHQmxyo,5,50,0.08289226731285453,0.06992324814200401,0.1290728984773159,0.13339988872408867,0.13587620183825494,0.4059454719387755,0.6808324177311895,0.6790004153564153,0.7694348121939334
Dataset_Shard_0400000_0499999,train,oLt2YHQmxyo,10,50,0.10571361243724824,0.10180669277906418,0.1506569130718708,0.1540257393568754,0.15197330608963966,0.464453125,0.7068384582768901,0.6947984182983606,0.7956864588127849
Dataset_Shard_0400000_0499999,train,oN1DmJvfFYU,1,50,0.0679609408043325,0.059022409841418266,0.15508891336619854,0.14277988735586405,0.17959508895874024,0.29154695471938774,0.6793954066323016,0.6150388592829179,0.7855196405280644
Dataset_Shard_0400000_0499999,train,oN1DmJvfFYU,2,50,0.09076512098312378,0.08819333091378212,0.1937045869231224,0.1918632696568966,0.2023393592238426,0.39540577168367347,0.8056872042635377,0.7858310875540616,0.8504765928731679
Dataset_Shard_0400000_0499999,train,oN1DmJvfFYU,5,50,0.1018078626692295,0.08794231340289116,0.1902102519571781,0.18715290196239948,0.20001431167125702,0.44571548150510204,0.7987106138332313,0.774146494661999,0.8570339378510223
Dataset_Shard_0400000_0499999,train,oN1DmJvfFYU,10,50,0.11610147260129451,0.1092902272939682,0.20142872408032417,0.19560931384563446,0.2127902601659298,0.5714540816326531,0.851354535369352,0.8290869499722477,0.8935931499057865
Dataset_Shard_0400000_0499999,train,oOmQQ_LW06o,1,50,0.07192166686058045,0.06186428852379322,0.15136593505740165,0.15037029139697553,0.15154337152838707,0.3254544005102041,0.717105943089635,0.7153824114551854,0.7380952261071707
Dataset_Shard_0400000_0499999,train,oOmQQ_LW06o,2,50,0.07513788606971503,0.05835489183664322,0.15914484843611718,0.15863751396536827,0.15948627203702925,0.33719985650510204,0.7668580188739681,0.7766040824134365,0.7761554296992479
Dataset_Shard_0400000_0499999,train,oOmQQ_LW06o,5,50,0.08517662785947323,0.08051324635744095,0.1745723631978035,0.1740006048977375,0.17306632727384566,0.3870838647959184,0.810064210870349,0.8213060971082047,0.8112193248805242
Dataset_Shard_0400000_0499999,train,oOmQQ_LW06o,10,50,0.1033975800126791,0.09972446411848068,0.18748194634914397,0.1885714487731457,0.18340325534343718,0.4709076052295918,0.8545528352399288,0.8613459901126903,0.859252705622717
Dataset_Shard_0400000_0499999,train,oXwNFZng37M,1,50,0.03761365989223123,0.028421460650861263,0.11776703245937824,0.12263006545603275,0.13061023585498333,0.15354193239795919,0.5391424985344355,0.5543210256852021,0.5683776021606493
Dataset_Shard_0400000_0499999,train,oXwNFZng37M,2,50,0.05094304908066988,0.04240386188030243,0.15608689829707145,0.16245801515877248,0.17094313159584998,0.19166454081632656,0.6551536005671295,0.6789759188567948,0.6587860679148909
Dataset_Shard_0400000_0499999,train,oXwNFZng37M,5,50,0.06376881755888462,0.05060414969921112,0.17340888358652592,0.16919420301914215,0.18897289857268335,0.24960100446428568,0.6996342101815404,0.7091243187788918,0.7167210520214669
Dataset_Shard_0400000_0499999,train,oXwNFZng37M,10,50,0.07467146154493093,0.059837618842720985,0.19311003819108008,0.19523521438241004,0.22087835833430292,0.2911922034438776,0.7379443113010231,0.7557533920866648,0.7575686487709149
Dataset_Shard_0400000_0499999,train,oYJk9jqnp5E,1,50,0.06581059196082492,0.049149347469210625,0.12363172896206379,0.10334077233448624,0.1465115662664175,0.2698381696428572,0.5489358044361557,0.48879713168573,0.6250988107441724
Dataset_Shard_0400000_0499999,train,oYJk9jqnp5E,2,50,0.09428919064346701,0.0831068716943264,0.15469655723311007,0.13656719812192022,0.1728220702102408,0.39034438775510205,0.652446545705604,0.584773253454378,0.7303184851537113
Dataset_Shard_0400000_0499999,train,oYJk9jqnp5E,5,50,0.11893855191767216,0.12019146978855133,0.17774402290582658,0.15672940209507943,0.1969320447742939,0.5185841836734695,0.7812442629666534,0.748068153060562,0.8237713807464759
Dataset_Shard_0400000_0499999,train,oYJk9jqnp5E,10,50,0.11616364421322942,0.11103569716215134,0.16762079149484635,0.15405799925327301,0.18835778549313545,0.4984761639030612,0.7604096347996371,0.7266090745898895,0.8209131022330635
Dataset_Shard_0400000_0499999,train,odXf_O2kwg8,1,50,0.1879987658187747,0.18600118160247803,0.2638523973648262,0.26159028340436635,0.25303779655136166,0.5257306281887755,0.6705736386124691,0.6494803487287121,0.7247722136217207
Dataset_Shard_0400000_0499999,train,odXf_O2kwg8,2,50,0.2552411365602165,0.24003679305315018,0.3152333767595701,0.31396411805180835,0.31123557874932883,0.6642291135204081,0.7857580420758654,0.7589762536656006,0.8576693982331204
Dataset_Shard_0400000_0499999,train,odXf_O2kwg8,5,50,0.3258098731935024,0.33871160447597504,0.39306759148836135,0.4021491339802742,0.35437811553478243,0.8122883450255103,0.8685254225026019,0.8626932094501311,0.9150416036226002
Dataset_Shard_0400000_0499999,train,odXf_O2kwg8,10,50,0.30820801749825477,0.3107756972312927,0.3830441928654909,0.3863110016658902,0.3638508839905262,0.7796898915816327,0.8699240849521354,0.8590390499316232,0.9092764481660132
Dataset_Shard_0400000_0499999,train,oeJE10KLFIk,1,50,0.0628395626693964,0.05061386525630951,0.14026341937482356,0.13035384509712458,0.15335768729448318,0.2341864636479592,0.6141914212305872,0.560104366225901,0.6878278062015201
Dataset_Shard_0400000_0499999,train,oeJE10KLFIk,2,50,0.074492158278008,0.06116540543735027,0.16054350732534658,0.14551045241038083,0.18205063358298504,0.30507692920918367,0.6863132821826505,0.6279284255410862,0.7851782838778206
Dataset_Shard_0400000_0499999,train,oeJE10KLFIk,5,50,0.10374981328845025,0.08415964245796204,0.18875810921192168,0.1736789171397686,0.20434115916490556,0.4375390625,0.7895694028345359,0.7475166659086391,0.8490226593969926
Dataset_Shard_0400000_0499999,train,oeJE10KLFIk,10,50,0.09388400696218013,0.07814093306660652,0.18330458760261537,0.1689555326104164,0.19763530164957047,0.3952168367346939,0.7732029356425969,0.7182477736266962,0.839643930366267
Dataset_Shard_0400000_0499999,train,og-5KsPqZrA,1,50,0.10142921121791006,0.07700774818658829,0.13661881992011332,0.1324103634187486,0.1479327698040288,0.4227260044642857,0.6573596137568611,0.6470649736300053,0.7025196480381026
Dataset_Shard_0400000_0499999,train,og-5KsPqZrA,2,50,0.1506067113764584,0.15232357382774353,0.16710181586444378,0.16675312958657743,0.17438596829771996,0.6324457908163265,0.7783157110330238,0.7792329868026918,0.831422875442816
Dataset_Shard_0400000_0499999,train,og-5KsPqZrA,5,50,0.17510479282587765,0.17447464168071747,0.18909565970301628,0.1877891097217798,0.19478437617421152,0.6964975286989795,0.852369607965956,0.8526650880554695,0.8744426351639999
Dataset_Shard_0400000_0499999,train,og-5KsPqZrA,10,50,0.20295133978128432,0.22407862544059753,0.21398518554866314,0.21813053138554095,0.20653567522764205,0.791869818239796,0.8994508123603926,0.8964393223074494,0.915113848786841
Dataset_Shard_0400000_0499999,train,oli_KZ4buY_,1,50,0.020748546989634634,0.014946929644793272,0.13066310472786427,0.12001027349382638,0.19867429435253142,0.06356544961734695,0.37475349389967,0.33822958620542815,0.6391273066076303
Dataset_Shard_0400000_0499999,train,oli_KZ4buY_,2,50,0.026250047720968724,0.021960724145174026,0.15672145791351796,0.1463761865347624,0.23230892188847066,0.07856544961734695,0.45250409447466794,0.41918365179153416,0.7048417790106908
Dataset_Shard_0400000_0499999,train,oli_KZ4buY_,5,50,0.038028833903372285,0.029087352566421032,0.20215984977781773,0.19060891181230544,0.26096763983368876,0.11230189732142858,0.5167058432060774,0.48470356260897385,0.7015059451716735
Dataset_Shard_0400000_0499999,train,oli_KZ4buY_,10,50,0.04398093037307262,0.03917453996837139,0.22448511138558389,0.2062246660888195,0.30980523526668546,0.12863360969387755,0.5681715466470763,0.5312789640119927,0.7782104380745791
Dataset_Shard_0400000_0499999,train,ooRkX9iO-V8,1,50,0.05726230412721634,0.04882003925740719,0.1527446334809065,0.15786817386746407,0.18812298558652402,0.2563392857142857,0.6296555865026866,0.6223911408931562,0.719728204423143
Dataset_Shard_0400000_0499999,train,ooRkX9iO-V8,2,50,0.06388366525992752,0.052765652537345886,0.17985338479280472,0.17750832214951515,0.22491843923926352,0.2695256696428572,0.7089758853359873,0.6846045058758997,0.8126807273997342
Dataset_Shard_0400000_0499999,train,ooRkX9iO-V8,5,50,0.0809142529591918,0.0631028488278389,0.19081647366285323,0.19928380228579046,0.22764892905950546,0.34542450573979594,0.7446806458806965,0.7500215917885034,0.8084713625465738
Dataset_Shard_0400000_0499999,train,ooRkX9iO-V8,10,50,0.09293882034718991,0.07498664781451225,0.20601375564932822,0.2137822076678276,0.2379310065507889,0.40525271045918365,0.777472301407685,0.7704214637032523,0.8433216758243618
Dataset_Shard_0400000_0499999,val,p8-hHmHaQkQ,1,50,0.047516359612345696,0.04082969203591347,0.14081527180969716,0.13437192007899285,0.14979262247681618,0.2251590401785714,0.7288950897129328,0.7118093187866336,0.7423849022724189
Dataset_Shard_0400000_0499999,val,p8-hHmHaQkQ,2,50,0.05689614344388247,0.059225257486104965,0.1514500841498375,0.1375423265993595,0.1617005966603756,0.29067323022959185,0.7933558607272129,0.7688613532224413,0.8138562371056659
Dataset_Shard_0400000_0499999,val,p8-hHmHaQkQ,5,50,0.07630004066973925,0.07480816543102264,0.1692057929188013,0.16055512368679048,0.17309504374861717,0.4525171396683673,0.8296791245751862,0.8137860018889357,0.8341732090005675
Dataset_Shard_0400000_0499999,val,p8-hHmHaQkQ,10,50,0.08338518254458904,0.08479182422161102,0.1786955961585045,0.16688918098807334,0.1864430257678032,0.4979360650510204,0.8735771999487327,0.8696383977737626,0.8789457265955398
Dataset_Shard_0400000_0499999,train,pGv2v2SSQY0,1,50,0.029036263641901313,0.023730325512588024,0.10533995795994996,0.09770393274724483,0.1276215799152851,0.11860809948979592,0.4998621228188839,0.44026003059925345,0.6395063796381761
Dataset_Shard_0400000_0499999,train,pGv2v2SSQY0,2,50,0.03515195121988654,0.022275825031101704,0.1221847178786993,0.11907217718660831,0.14131484754383564,0.1528567442602041,0.5464380647915847,0.5028641590221019,0.6697489259574891
Dataset_Shard_0400000_0499999,train,pGv2v2SSQY0,5,50,0.04679909409023821,0.033798698335886,0.14474421709775925,0.14228038918226957,0.1562237473577261,0.2261619100765306,0.6355269787830062,0.5922772455473504,0.7411377515626947
Dataset_Shard_0400000_0499999,train,pGv2v2SSQY0,10,50,0.0494718118943274,0.04531778208911419,0.15523353666067125,0.15352892599999904,0.16460342824459076,0.2321631855867347,0.6875175803181102,0.6403477014865664,0.8083903316562782
Dataset_Shard_0400000_0499999,train,pLCE_Kc3_rs,1,50,0.06764970531687141,0.0515010841190815,0.11093022713437677,0.10310457479674369,0.13723195653408765,0.3112882653061224,0.48402529247814846,0.4587273924637636,0.5986147452572494
Dataset_Shard_0400000_0499999,train,pLCE_Kc3_rs,2,50,0.10173538282513618,0.07405124604701996,0.12963064884766937,0.11956061106175184,0.16111235835589469,0.4701602359693877,0.6071418785830551,0.5866202457247975,0.6924327603180312
Dataset_Shard_0400000_0499999,train,pLCE_Kc3_rs,5,50,0.12141382329165935,0.09973208233714104,0.16536122865974903,0.1582711662352085,0.18838175497949122,0.528297193877551,0.70975213902353,0.7078108129984326,0.7614382131247691
Dataset_Shard_0400000_0499999,train,pLCE_Kc3_rs,10,50,0.1522972582280636,0.14448847621679306,0.18932169929146767,0.18367668554186822,0.21053256191313266,0.6200402582908163,0.7603408439610534,0.7469062246548427,0.8081394380317478
Dataset_Shard_0400000_0499999,train,paTT6mFga2A,1,50,0.08227565858513117,0.06089816428720951,0.17330832116305828,0.16864872485399246,0.21144119270145892,0.3328152901785715,0.7037158519890351,0.6904960773378898,0.7985412054365838
Dataset_Shard_0400000_0499999,train,paTT6mFga2A,2,50,0.09419269349426031,0.08113391324877739,0.194772469997406,0.19265833757817746,0.2193577180802822,0.3813058035714285,0.7832711334121883,0.7813877673816003,0.8452126601047807
Dataset_Shard_0400000_0499999,train,paTT6mFga2A,5,50,0.12862689137458802,0.09550094977021217,0.22540301479399205,0.22664935767650604,0.23318843990564347,0.46512954400510204,0.797863241806359,0.7860424725624939,0.8588557797268127
Dataset_Shard_0400000_0499999,train,paTT6mFga2A,10,50,0.1423108171671629,0.11536924540996552,0.2364756429195404,0.23136865720152855,0.26622853830456733,0.5256796077806123,0.8068063270620257,0.7829804323078576,0.8761774849173787
Dataset_Shard_0400000_0499999,train,ph67f1KcoCc,1,50,0.03911906138062477,0.017151417210698128,0.09939560782164335,0.09021439820528031,0.15542267935350537,0.1783725286989796,0.4423477252811512,0.42365302464724264,0.5899465018510451
Dataset_Shard_0400000_0499999,train,ph67f1KcoCc,2,50,0.055436967331916095,0.04120374843478203,0.13464751210063697,0.12249811973422765,0.18148816604167223,0.2310160235969388,0.5713367905918462,0.5428787731973486,0.6950181027530609
Dataset_Shard_0400000_0499999,train,ph67f1KcoCc,5,50,0.08840940589085221,0.052185703068971634,0.17444067925214768,0.1518088074028492,0.25558947168290613,0.39768694196428567,0.6744544672535246,0.6423014899123075,0.807102593825279
Dataset_Shard_0400000_0499999,train,ph67f1KcoCc,10,50,0.12054983410984278,0.10534296184778214,0.2119780223071575,0.1788034887611866,0.3093566958606243,0.5219463488520408,0.7638236877743735,0.7288079105132157,0.9026636420305958
Dataset_Shard_0400000_0499999,train,phc99Ienk8Q,1,50,0.033451980110257865,0.02407879661768675,0.10193787600845099,0.08751892670989037,0.1267099343240261,0.12961455676020409,0.4487015827482233,0.3803523605206703,0.5848429884047216
Dataset_Shard_0400000_0499999,train,phc99Ienk8Q,2,50,0.04060527995228767,0.029782941564917564,0.12470152638852597,0.10239737670868636,0.1663100989162922,0.16273716517857142,0.5706285228447842,0.5004585667076868,0.7229719101275319
Dataset_Shard_0400000_0499999,train,phc99Ienk8Q,5,50,0.05731742709875107,0.03641246818006039,0.15153222493827342,0.13088068813085557,0.18544606283307075,0.2625733418367347,0.6825804902184608,0.6225575047590559,0.7936207906949493
Dataset_Shard_0400000_0499999,train,phc99Ienk8Q,10,50,0.08665850393474102,0.05312315933406353,0.17650095894932746,0.15768676161766051,0.20973758772015572,0.33364835778061225,0.740405738689349,0.6919866860076297,0.8425819203958799
Dataset_Shard_0400000_0499999,train,py87QzHSZHg,1,50,0.06992482354864478,0.034882158041000366,0.1302398514188826,0.1248541578836739,0.16183490976691245,0.2747688137755102,0.5212583315890258,0.47774093761130787,0.6987205629829273
Dataset_Shard_0400000_0499999,train,py87QzHSZHg,2,50,0.10847794296219945,0.09015172719955444,0.1823129347898066,0.18180311111733316,0.20184236789122223,0.4409773596938776,0.6774727539406951,0.6432122423424471,0.8039687306355213
Dataset_Shard_0400000_0499999,train,py87QzHSZHg,5,50,0.1333874799311161,0.15225053578615189,0.21705808401107787,0.21395421735942363,0.2373988327383995,0.5594017059948979,0.7875832062491012,0.7543570907961085,0.899465072540266
Dataset_Shard_0400000_0499999,train,py87QzHSZHg,10,50,0.13897146068513394,0.13334355503320694,0.21544746577739715,0.20927283987402917,0.2511916211247444,0.6407043207908163,0.8123739765232527,0.7789370468942625,0.9268233402638854
Dataset_Shard_0400000_0499999,val,q-XdFFWSAeQ,1,50,0.11384688947349787,0.09234368801116943,0.1814871548116207,0.19929166480898858,0.1766766120493412,0.49404376594387756,0.74209129906502,0.7722865401411622,0.7411468031397725
Dataset_Shard_0400000_0499999,val,q-XdFFWSAeQ,2,50,0.11466790456324816,0.09366904571652412,0.1797540506720543,0.19834763422608376,0.16581005789339542,0.49673070790816326,0.774460170523338,0.7998062076769856,0.7649439629875375
Dataset_Shard_0400000_0499999,val,q-XdFFWSAeQ,5,50,0.1569372096657753,0.13770326226949692,0.2253931711614132,0.2368515720963478,0.22851216971874236,0.6514198022959183,0.8859483605104757,0.898646167414357,0.8925387018171557
Dataset_Shard_0400000_0499999,val,q-XdFFWSAeQ,10,50,0.17474196389317512,0.16364026814699173,0.22822307035326958,0.24807307496666908,0.21773260921239854,0.6975765306122449,0.8921990900766222,0.9130245094650776,0.8874908884978602
Dataset_Shard_0400000_0499999,train,q4vz6MTv3g8,1,50,0.04484012664295733,0.02318239863961935,0.14212662570178508,0.1352912724018097,0.17904589362442494,0.19365353954081635,0.6173120991967639,0.5982842650742352,0.7317586866548694
Dataset_Shard_0400000_0499999,train,q4vz6MTv3g8,2,50,0.06301924072206021,0.02330189850181341,0.1422382441163063,0.1360655003786087,0.17610277630388738,0.24764787946428574,0.6338530221419211,0.6183732485579478,0.7258794092617515
Dataset_Shard_0400000_0499999,train,q4vz6MTv3g8,5,50,0.06351630702614784,0.029732597060501575,0.17232654631137848,0.16888205632567405,0.1988059651106596,0.2576215720663265,0.7219116384104377,0.7075632323257416,0.8089995878442683
Dataset_Shard_0400000_0499999,train,q4vz6MTv3g8,10,50,0.06085959978401661,0.031648896634578705,0.17405755557119845,0.17012842826545238,0.20461473189294338,0.24732581313775512,0.7371343407812918,0.724210708464929,0.8174574743270672
Dataset_Shard_0400000_0499999,train,qBFGirFLB38,1,50,0.08728170841932296,0.08005961403250694,0.16187227554619313,0.1456667536497116,0.2137174640595913,0.3339122289540816,0.6339381094244817,0.5837631628575628,0.774795440585476
Dataset_Shard_0400000_0499999,train,qBFGirFLB38,2,50,0.12342075437307358,0.1182892955839634,0.18734110556542874,0.162853457480669,0.24452076837420464,0.42510323660714283,0.7107508153893269,0.6621549676659337,0.8428464628037663
Dataset_Shard_0400000_0499999,train,qBFGirFLB38,5,50,0.1371557506918907,0.1253860667347908,0.22637007594108582,0.20096900850534438,0.28213252186775206,0.46111328125,0.7827648257071556,0.7425798821497641,0.888046221070148
Dataset_Shard_0400000_0499999,train,qBFGirFLB38,10,50,0.12829468943178654,0.12570391595363617,0.20714305102825165,0.18322157576680184,0.25840682566165923,0.44516780931122446,0.745778700371735,0.6992060790796429,0.8626228585352274
Dataset_Shard_0400000_0499999,train,qJHtaMqYzd8,1,50,0.04314440354704857,0.030644823797047138,0.14213816031813623,0.13711566399782896,0.16707502141594888,0.1406297831632653,0.5014753773369123,0.4633488663338886,0.7201433273422705
Dataset_Shard_0400000_0499999,train,qJHtaMqYzd8,2,50,0.04804144818335772,0.04420670494437218,0.16462385386228562,0.16113488413393498,0.18317075178027153,0.16624481823979592,0.5593863169647877,0.5278542019717856,0.760943056536237
Dataset_Shard_0400000_0499999,train,qJHtaMqYzd8,5,50,0.07628582557663321,0.06044340319931507,0.19185014694929123,0.18791729763150214,0.20546922862529754,0.2699517697704082,0.6463811380092763,0.613448768469201,0.8216517901114573
Dataset_Shard_0400000_0499999,train,qJHtaMqYzd8,10,50,0.07994401689618826,0.05879197083413601,0.1907685786485672,0.1875125713646412,0.19610700130462647,0.3121878985969388,0.6550665392923003,0.624901442697564,0.8092041538290647
Dataset_Shard_0400000_0499999,train,qUEhPbkqz0w,1,50,0.10843132175505162,0.1024877168238163,0.2165754346549511,0.19632532075047493,0.22898325592279434,0.47919602997448985,0.806144552741442,0.7714593067880077,0.8361094628914446
Dataset_Shard_0400000_0499999,train,qUEhPbkqz0w,2,50,0.13797293856739998,0.12334616109728813,0.2620774632692337,0.24581564396619796,0.27426125288009645,0.5495958227040816,0.8636356602574974,0.8406672043707836,0.8992769014003963
Dataset_Shard_0400000_0499999,train,qUEhPbkqz0w,5,50,0.14478669080883264,0.1273869127035141,0.2575984397530556,0.2377910026907921,0.27617112576961517,0.6013671875,0.8773219463039323,0.8375879556945719,0.9200664468308847
Dataset_Shard_0400000_0499999,train,qUEhPbkqz0w,10,50,0.1614960141479969,0.15771248936653137,0.2805120947957039,0.27499257564544677,0.27691752165555955,0.6789098373724489,0.9223534687378341,0.9022668797515656,0.9332097980306312
Dataset_Shard_0400000_0499999,train,qkQttwJ0DEY,1,50,0.03699738485738635,0.026259684935212135,0.13413843892514707,0.12064623102545738,0.1615451381355524,0.13841039540816327,0.5710351412730791,0.512917664425602,0.7180855785723308
Dataset_Shard_0400000_0499999,train,qkQttwJ0DEY,2,50,0.055443162098526955,0.050063466653227806,0.1924317894876003,0.16872984275221825,0.2243199846148491,0.1961005261479592,0.7078211972581998,0.6534427382699463,0.8320109497626507
Dataset_Shard_0400000_0499999,train,qkQttwJ0DEY,5,50,0.06355514209717512,0.05377954989671707,0.20864985778927803,0.18441773518919946,0.23029580667614938,0.2370244738520408,0.7616804370211665,0.7161228616988119,0.8528157829237951
Dataset_Shard_0400000_0499999,train,qkQttwJ0DEY,10,50,0.06779076740145683,0.06243113428354263,0.22266097843647004,0.19684592008590698,0.23745509147644042,0.2430584343112245,0.7849267980582798,0.7383159923403846,0.8758890764855982
Dataset_Shard_0400000_0499999,train,qnLfS6_QOQc,1,50,0.04340767651796341,0.025973228737711906,0.1760965134948492,0.1383874324709177,0.21860814198851586,0.13554567920918367,0.5372116314901415,0.41803789778991224,0.7131932898804423
Dataset_Shard_0400000_0499999,train,qnLfS6_QOQc,2,50,0.06472683660686016,0.04515842720866203,0.22680282056331635,0.1847604377567768,0.26932659283280375,0.18363958864795918,0.6152471459707138,0.49609658096163606,0.7928935359426099
Dataset_Shard_0400000_0499999,train,qnLfS6_QOQc,5,50,0.06804911606013775,0.0485360324382782,0.2273151732981205,0.19006952665746213,0.26257137790322305,0.24927734375,0.6622365260996063,0.5621291913009424,0.8087836745582977
Dataset_Shard_0400000_0499999,train,qnLfS6_QOQc,10,50,0.0858466487750411,0.0548210684210062,0.2614180137217045,0.22612904861569405,0.28856914430856706,0.2800968590561224,0.7192618841270128,0.6197957374701627,0.8637591004187881
Dataset_Shard_0400000_0499999,train,qs-2SwlcufA,1,50,0.0679702352359891,0.057133909314870834,0.15457328157965095,0.159534834693186,0.16101309022400528,0.2617167570153061,0.6109374393748672,0.6460160229222908,0.6062960369745338
Dataset_Shard_0400000_0499999,train,qs-2SwlcufA,2,50,0.08767674706876277,0.07970147579908371,0.1846749724447727,0.19076603770256043,0.19145670115947724,0.3395990114795919,0.6966728411902707,0.7229296642422368,0.7102274141489799
Dataset_Shard_0400000_0499999,train,qs-2SwlcufA,5,50,0.12088139221072197,0.10866405814886093,0.22776346474885942,0.21269406497478485,0.24354175925254823,0.4617143654336735,0.7904322697224899,0.8053630362058496,0.797595548655153
Dataset_Shard_0400000_0499999,train,qs-2SwlcufA,10,50,0.134162535071373,0.13787396997213364,0.2212006372306496,0.22207355418708175,0.22739542070776225,0.5161686862244897,0.7794357883957107,0.8078167561221852,0.7756740645761966
Dataset_Shard_0400000_0499999,train,qxwqNmXb_pM,1,50,0.022398919677361847,0.01655259821563959,0.10630524516105652,0.098492038436234,0.15145444080233575,0.07807557397959183,0.5065657722239368,0.47293336972933836,0.7154253250073934
Dataset_Shard_0400000_0499999,train,qxwqNmXb_pM,2,50,0.03554844930768013,0.025788907893002033,0.1299112232774496,0.12078071020543575,0.17462386608123778,0.1359976881377551,0.6146873242793329,0.5840784092118142,0.7887373095437069
Dataset_Shard_0400000_0499999,train,qxwqNmXb_pM,5,50,0.05094644984230399,0.04653612710535526,0.19094734579324724,0.1831381480395794,0.22665683895349503,0.17732102997448979,0.7449885272059688,0.7183032233948167,0.8792786189029915
Dataset_Shard_0400000_0499999,train,qxwqNmXb_pM,10,50,0.06146346539258957,0.051788028329610825,0.19493101716041564,0.18639114499092102,0.23174497932195665,0.25973373724489796,0.7986466081999977,0.7742355196380332,0.9058843882565283
Dataset_Shard_0400000_0499999,train,rJL6f0C3zVk,1,50,0.14576811550039565,0.1421065330505371,0.20723785756505095,0.185252866516239,0.2438412419811357,0.5902646683673469,0.7054813984344617,0.6741459761230328,0.775927415900169
Dataset_Shard_0400000_0499999,train,rJL6f0C3zVk,2,50,0.16361856773495675,0.16580750048160553,0.2280539261281956,0.20556979746441356,0.261418378748931,0.6520998086734694,0.7633766889875184,0.7292273996326589,0.8357788650000347
Dataset_Shard_0400000_0499999,train,rJL6f0C3zVk,5,50,0.1924199080467224,0.21015701442956924,0.23691016390919686,0.2117645061761141,0.2844225020706654,0.7413125797193878,0.8172068394184275,0.7846824244977862,0.8817982444825573
Dataset_Shard_0400000_0499999,train,rJL6f0C3zVk,10,50,0.21025942027568817,0.2224324345588684,0.27391608923673627,0.23280443854629992,0.3323162987828255,0.7835750159438776,0.8600990246088162,0.8377422646150896,0.9078487662112503
Dataset_Shard_0400000_0499999,train,rLlr1JgTkDk,1,50,0.040485163163393734,0.03363295830786228,0.17766054570674897,0.14716674361377954,0.2285131803713739,0.1461439732142857,0.6959619030102219,0.6191667758188591,0.8417664867080008
Dataset_Shard_0400000_0499999,train,rLlr1JgTkDk,2,50,0.05658161412924528,0.05621597729623318,0.22425981298089026,0.19807707265019417,0.26748058676719666,0.19914979272959182,0.8077387142422139,0.7606666575505255,0.9073049898423727
Dataset_Shard_0400000_0499999,train,rLlr1JgTkDk,5,50,0.055877533853054044,0.05134529061615467,0.22817035168409347,0.2033999280631542,0.26133543372154233,0.18473533163265304,0.8100888907800615,0.7644134709600425,0.8973576177684024
Dataset_Shard_0400000_0499999,train,rLlr1JgTkDk,10,50,0.06588696431368589,0.05981267802417278,0.2519184124469757,0.2313751083612442,0.283195838034153,0.23146882971938776,0.8635537752466393,0.8251084605557408,0.9369322842594906
Dataset_Shard_0400000_0499999,test,rSvMG28dPqk,1,50,0.077534474208951,0.06642640382051468,0.1641891458630562,0.14893152482807637,0.1800186648219824,0.29465122767857144,0.6360454927306993,0.6103827130922135,0.681861803131997
Dataset_Shard_0400000_0499999,test,rSvMG28dPqk,2,50,0.0921008850261569,0.0845898762345314,0.19059687182307244,0.18744617104530334,0.1968711607158184,0.3427204241071429,0.710883284586023,0.6894096569391034,0.7453283845823645
Dataset_Shard_0400000_0499999,test,rSvMG28dPqk,5,50,0.12768985372036695,0.12005510553717613,0.22695989906787872,0.22286602169275282,0.2367995062470436,0.44619300063775513,0.7915101749249966,0.7906771405423424,0.8093158365225979
Dataset_Shard_0400000_0499999,test,rSvMG28dPqk,10,50,0.12369406640529633,0.10871712863445282,0.22359129205346107,0.21310805574059485,0.23964221343398096,0.4369316007653061,0.7702207300192739,0.7592606804178835,0.7932277537930349
Dataset_Shard_0400000_0499999,train,rYzVEZZO83c,1,50,0.0640912396647036,0.05445227399468422,0.1048374201450497,0.1017316903686151,0.1184705788665451,0.30997010522959184,0.5242569005300651,0.497878274266899,0.6380837020294858
Dataset_Shard_0400000_0499999,train,rYzVEZZO83c,2,50,0.09296255806460976,0.09017111361026764,0.13079760435968638,0.12810615118592977,0.13961800418794154,0.4255875318877551,0.6116969469594167,0.585618028507847,0.7285428496461525
Dataset_Shard_0400000_0499999,train,rYzVEZZO83c,5,50,0.12676347851753234,0.1192592903971672,0.17200929507613183,0.17463728465139866,0.1613691597431898,0.5704639668367347,0.762575318029204,0.7447970886147521,0.8354950396854923
Dataset_Shard_0400000_0499999,train,rYzVEZZO83c,10,50,0.14749525919556616,0.13337494432926178,0.18469221353530885,0.18700695246458054,0.1677350901067257,0.6512380420918368,0.8198735921326447,0.8094409407777512,0.8603008712191802
Dataset_Shard_0400000_0499999,train,rx9tSu1wTeY,1,50,0.04812792289070785,0.02355199959129095,0.1092103137075901,0.11904560696333646,0.12064294915646315,0.21794483418367347,0.551984928840984,0.5656410691775906,0.6266908782676396
Dataset_Shard_0400000_0499999,train,rx9tSu1wTeY,2,50,0.064195056874305,0.03190539125353098,0.12632134407758713,0.1293622787296772,0.135599649772048,0.28629185267857143,0.6256921276180615,0.6175380207923138,0.7057413247422986
Dataset_Shard_0400000_0499999,train,rx9tSu1wTeY,5,50,0.08354877831414342,0.0566032025963068,0.13994710966944696,0.1486048159003258,0.14496667236089705,0.35848214285714286,0.6748940937188285,0.667977520042176,0.7488221193120091
Dataset_Shard_0400000_0499999,train,rx9tSu1wTeY,10,50,0.08833827558904886,0.04093269817531109,0.14769861876964568,0.1573694732785225,0.14342372119426727,0.3699166932397959,0.7082471795946746,0.6954324141100855,0.7678691811176609
Dataset_Shard_0400000_0499999,train,sAhIK9HKTqs,1,50,0.03921080737374723,0.023730454966425896,0.12951528083533048,0.1263824810087681,0.1537022551894188,0.17592633928571427,0.6114455520026025,0.5993602395698667,0.7185925822703019
Dataset_Shard_0400000_0499999,train,sAhIK9HKTqs,2,50,0.05515627145767212,0.030873664654791355,0.1423791290447116,0.13911576520651578,0.17347938064485788,0.24229233099489797,0.648310672042061,0.6359452360575052,0.7539633775390453
Dataset_Shard_0400000_0499999,train,sAhIK9HKTqs,5,50,0.04887229083105922,0.030696745961904526,0.15341065175831317,0.14989913411438466,0.1713277366012335,0.21528340242346938,0.6998130449006684,0.6904217650939987,0.7595663610197909
Dataset_Shard_0400000_0499999,train,sAhIK9HKTqs,10,50,0.06423667464405299,0.04280244559049606,0.17232216283679008,0.16928674556314946,0.18626118808984757,0.3090066964285714,0.7680086503967277,0.75970298016091,0.8128755279850864
Dataset_Shard_0400000_0499999,train,sBLH1z63TGw,1,50,0.045271764467470346,0.030744132585823536,0.10743063103407621,0.10311356101185083,0.12743034943938256,0.23000717474489796,0.5298006926686356,0.5011576197449387,0.6230603068741772
Dataset_Shard_0400000_0499999,train,sBLH1z63TGw,2,50,0.04525136978365481,0.037391623482108116,0.11712729174643755,0.11286231834441424,0.1301347928866744,0.22054886798469386,0.5769221966463767,0.5514568396750894,0.6477341876522255
Dataset_Shard_0400000_0499999,train,sBLH1z63TGw,5,50,0.09232393107376993,0.06682655215263367,0.1512814411893487,0.14706127725541593,0.15902301067486405,0.4242498405612245,0.6943827873870674,0.6756052181434475,0.740161571204379
Dataset_Shard_0400000_0499999,train,sBLH1z63TGw,10,50,0.12250466646626591,0.0916115753352642,0.19503793872892858,0.18862271517515183,0.2037467621266842,0.547387994260204,0.7859529621580461,0.7654067105810093,0.8291986450658766
Dataset_Shard_0400000_0499999,test,sM1dnw-TOcE,1,50,0.06213031809777021,0.031566192395985126,0.15154943216592073,0.13498419661074876,0.22231550887227058,0.2633203125,0.6359102735389406,0.6172085278262913,0.7311514664907328
Dataset_Shard_0400000_0499999,test,sM1dnw-TOcE,2,50,0.08331991251558066,0.049018798395991325,0.17358186730649322,0.1576052193203941,0.23730479419697076,0.35867346938775513,0.7078277604552009,0.6889623995269154,0.7959663679940525
Dataset_Shard_0400000_0499999,test,sM1dnw-TOcE,5,50,0.14053260792046784,0.14365029335021973,0.213309206366539,0.1919403478503227,0.2997892923653126,0.5823832110969388,0.8424218239808492,0.8303130904853357,0.8993296228943014
Dataset_Shard_0400000_0499999,test,sM1dnw-TOcE,10,50,0.13876069225370885,0.1340254247188568,0.2191964055597782,0.19995576709508897,0.3015446051955223,0.5478033322704081,0.853739361710534,0.8428509976580547,0.9104281247451642
Dataset_Shard_0400000_0499999,train,sMUdNbpJLWw,1,50,0.049149075923487544,0.03659840300679207,0.11521995649673045,0.11084081137552858,0.126942199729383,0.19311662946428573,0.5255003665709609,0.4694649542697632,0.6494027199943507
Dataset_Shard_0400000_0499999,train,sMUdNbpJLWw,2,50,0.07933386523276567,0.0433791633695364,0.14647291034460067,0.13705430023372173,0.16496243007481098,0.28292769451530614,0.656784491731558,0.585332926762255,0.7689700205705751
Dataset_Shard_0400000_0499999,train,sMUdNbpJLWw,5,50,0.13853809963911773,0.07775010168552399,0.18733737528324126,0.1865483967959881,0.19724484533071518,0.44861328125,0.774816169292975,0.7339259933479352,0.8469868896595365
Dataset_Shard_0400000_0499999,train,sMUdNbpJLWw,10,50,0.1278502014093101,0.09221158549189568,0.1941184416413307,0.19096616074442863,0.2035529614984989,0.4342123724489796,0.781480083298512,0.7384819551266104,0.8752281568879807
Dataset_Shard_0400000_0499999,train,sTE1jXTBt6s,1,50,0.047136650700122115,0.042975977063179016,0.1259818142253789,0.11277562468341784,0.14007725940906313,0.2210790019132653,0.6369216454245108,0.6167995997556786,0.696448787934333
Dataset_Shard_0400000_0499999,train,sTE1jXTBt6s,2,50,0.06582116762176156,0.05990930274128914,0.16076693922281265,0.14626623056828975,0.17709320157766342,0.30615672831632657,0.7684666339457122,0.7511339776536964,0.8124346590461067
Dataset_Shard_0400000_0499999,train,sTE1jXTBt6s,5,50,0.08630801912397146,0.06959372386336327,0.18314112961292267,0.16134567461907864,0.20522598505020143,0.3976419005102041,0.8318698738120139,0.8193543003116599,0.877513319294562
Dataset_Shard_0400000_0499999,train,sTE1jXTBt6s,10,50,0.086451709959656,0.07899081334471703,0.1855555759370327,0.16345932960510254,0.20961322978138924,0.4282114955357143,0.8314606110765697,0.8099812735309584,0.876322475066388
Dataset_Shard_0400000_0499999,train,snGQA5LPehE,1,50,0.046355133187025784,0.042341459542512894,0.13444314375519753,0.13806513212621213,0.14838119998574256,0.19831831951530612,0.6014713217728349,0.6042616210247854,0.6865786256963534
Dataset_Shard_0400000_0499999,train,snGQA5LPehE,2,50,0.04636320442892611,0.044572750106453896,0.14460343427956104,0.148429851308465,0.15523750379681586,0.19896683673469387,0.6166579763903093,0.6185676789737724,0.7065458105525494
Dataset_Shard_0400000_0499999,train,snGQA5LPehE,5,50,0.07246039874851704,0.05537340231239796,0.18267076566815377,0.18897979363799094,0.1857774166762829,0.30495735012755104,0.7311551066206303,0.7370075182280812,0.7849028465428026
Dataset_Shard_0400000_0499999,train,snGQA5LPehE,10,50,0.07652360558509827,0.06200816296041012,0.19374904729425907,0.1977974884212017,0.19857624053955078,0.33418885522959185,0.7571696810851896,0.7621308200757183,0.8042984531261723
Dataset_Shard_0400000_0499999,train,soqNFAIhsEA,1,50,0.13589913252741098,0.12336581200361252,0.200164929702878,0.1977899872139096,0.21385466426610947,0.49876833545918364,0.7157080908617576,0.6909102834201528,0.8094267743030001
Dataset_Shard_0400000_0499999,train,soqNFAIhsEA,2,50,0.1737939438223839,0.17626575380563736,0.23014496065676213,0.23273098941892387,0.21963904455304145,0.6246755420918367,0.7838363231184168,0.7662152024070132,0.8428122733887348
Dataset_Shard_0400000_0499999,train,soqNFAIhsEA,5,50,0.18257636278867723,0.19321582466363907,0.25136916384100916,0.2608997511863709,0.24178476318717002,0.6629221141581633,0.8429684892996008,0.8371998094156962,0.8967845583945663
Dataset_Shard_0400000_0499999,train,soqNFAIhsEA,10,50,0.2474851304292679,0.2495603710412979,0.2766881591081619,0.28497432827949526,0.2712666729092598,0.8662093431122448,0.9073446783687519,0.9044920075866325,0.9380280092019467
Dataset_Shard_0400000_0499999,test,tFReD_CSTZQ,1,50,0.05585601817816496,0.035945260897278786,0.12886091403663158,0.1117067901417613,0.158843015730381,0.2397672193877551,0.5786736683548968,0.5095072491649674,0.6852521371883511
Dataset_Shard_0400000_0499999,test,tFReD_CSTZQ,2,50,0.11106020310893655,0.07007647305727005,0.16645331339852418,0.1563822369230911,0.19337744357748307,0.4157816485969388,0.635878551589529,0.6026537669302039,0.7324755118239366
Dataset_Shard_0400000_0499999,test,tFReD_CSTZQ,5,50,0.13536740850657225,0.09954605251550674,0.20928140588104724,0.1946181759238243,0.22146456815302373,0.4995420121173469,0.7775454148521109,0.7341718190731125,0.8560060315598694
Dataset_Shard_0400000_0499999,test,tFReD_CSTZQ,10,50,0.18814830776304006,0.20490991324186325,0.2311588457226753,0.21264528729021548,0.2551484480500221,0.6176422991071429,0.7975087531334527,0.7458210106708348,0.895321785520426
Dataset_Shard_0400000_0499999,val,tIZcUgrcWWc,1,50,0.052108298242092135,0.04083251953125,0.15532786555588246,0.1511545889824629,0.1851178988814354,0.21272919323979594,0.6891166231041064,0.6965721412122379,0.7422458438632686
Dataset_Shard_0400000_0499999,val,tIZcUgrcWWc,2,50,0.07839013930410146,0.07014980539679527,0.20052166774868965,0.18427000984549521,0.23059699743986128,0.31057397959183675,0.7956906655300148,0.7959466888101396,0.8452006067550474
Dataset_Shard_0400000_0499999,val,tIZcUgrcWWc,5,50,0.09410500265657902,0.0807032510638237,0.21114981770515442,0.18044060826301575,0.2453328302502632,0.38330875318877555,0.8392957497880821,0.8224793930382163,0.8839916721944671
Dataset_Shard_0400000_0499999,val,tIZcUgrcWWc,10,50,0.12226519361138344,0.12060948088765144,0.2210964748263359,0.19693705409765244,0.2502340403199196,0.5263468590561224,0.8774758517610755,0.8746337248264655,0.9018169887837356
Dataset_Shard_0400000_0499999,train,tKpQA-YM5qw,1,50,0.0767030736990273,0.059426190331578255,0.1499918227786111,0.14151505328329222,0.18017908655878273,0.2905711894132653,0.581531226537663,0.5777520324743942,0.62274035489055
Dataset_Shard_0400000_0499999,train,tKpQA-YM5qw,2,50,0.1018320295587182,0.08710657060146332,0.19105301264557056,0.18086030303209555,0.23513950993277832,0.37426737882653066,0.7042066305621585,0.7084042270953692,0.7301505812911671
Dataset_Shard_0400000_0499999,train,tKpQA-YM5qw,5,50,0.1359798490256071,0.10456014797091484,0.2089625059068203,0.1964647739380598,0.2560441754758358,0.4845424107142857,0.7427997430517328,0.7312706624443731,0.8033064115990461
Dataset_Shard_0400000_0499999,train,tKpQA-YM5qw,10,50,0.16748903140425683,0.16342711448669434,0.2258895856142044,0.21617100208997728,0.26417079865932463,0.5888911033163265,0.7865840415177516,0.780327948050322,0.8250761319003138
Dataset_Shard_0400000_0499999,train,tMUc1b6NHsk,1,50,0.09782977910712361,0.08485894650220871,0.17492964268487413,0.17415044539433439,0.1788469636564696,0.3745033482142857,0.6886803732251979,0.6697504372003875,0.7598205931018781
Dataset_Shard_0400000_0499999,train,tMUc1b6NHsk,2,50,0.11370306339114905,0.09831451997160912,0.19968052695388905,0.19801278929691762,0.20834625909570603,0.42635323660714286,0.7388676988232271,0.7101413098194027,0.832712841820119
Dataset_Shard_0400000_0499999,train,tMUc1b6NHsk,5,50,0.1527947499230504,0.14894027262926102,0.23817954257130622,0.24047907844185828,0.22926632240414618,0.5677375637755102,0.8633355730894394,0.8470122825975094,0.9113252605379136
Dataset_Shard_0400000_0499999,train,tMUc1b6NHsk,10,50,0.1735926566272974,0.17777347564697266,0.250279475748539,0.25154046788811685,0.24059519797563553,0.6183529974489796,0.8664871129539918,0.8494820832457362,0.9113919407814302
Dataset_Shard_0400000_0499999,train,tTHpaGSDRCA,1,50,0.034731042608618735,0.022645034827291965,0.0941054005175829,0.09039916012436151,0.10935256019234657,0.18613321109693878,0.5500973748919283,0.47858385291223,0.6687886079785826
Dataset_Shard_0400000_0499999,train,tTHpaGSDRCA,2,50,0.04710551844909787,0.031237808987498283,0.10963070325553417,0.10380382988601923,0.12145715862512589,0.2661766581632653,0.6433209648713474,0.5847383476865405,0.7291527709510564
Dataset_Shard_0400000_0499999,train,tTHpaGSDRCA,5,50,0.06236389890313149,0.03856683149933815,0.1279334145784378,0.12496662452816963,0.14168908029794694,0.36128148915816327,0.7304145406731428,0.681089148958035,0.8138146792147346
Dataset_Shard_0400000_0499999,train,tTHpaGSDRCA,10,50,0.07594456452876329,0.05396030656993389,0.13848420567810535,0.1318053453415632,0.15542366608977318,0.42812739158163265,0.7577388308775654,0.7041988046420616,0.8459754017012986
Dataset_Shard_0400000_0499999,val,tUAYRMtMyb0,1,50,0.06165786461904645,0.043728334829211235,0.13473620325326918,0.13309527680277825,0.13587827883660794,0.2529237085459184,0.5700119204949382,0.5199027279724105,0.6683286520555594
Dataset_Shard_0400000_0499999,val,tUAYRMtMyb0,2,50,0.06632402054965496,0.05959438718855381,0.14870106771588326,0.1456570966541767,0.15984748259186746,0.3500960618622449,0.6495530275668929,0.5854544661383274,0.7653184848372285
Dataset_Shard_0400000_0499999,val,tUAYRMtMyb0,5,50,0.079569126740098,0.06583897396922112,0.16781248196959495,0.17692615814507007,0.15392245121300221,0.37930484693877553,0.6791437803819415,0.639013603945899,0.7517995151574389
Dataset_Shard_0400000_0499999,val,tUAYRMtMyb0,10,50,0.09446987546980382,0.08169913664460182,0.18580845817923547,0.1849374832212925,0.18948820546269418,0.46336973852040814,0.7238361537281651,0.6699021511807188,0.8097523695905671
Dataset_Shard_0400000_0499999,train,tVK6t2vfa6g,1,50,0.02614190706051886,0.017753039486706257,0.10074358519166708,0.08432845298200846,0.13367511488497258,0.11983697385204081,0.5095280761049671,0.4254046506538915,0.7162663901261701
Dataset_Shard_0400000_0499999,train,tVK6t2vfa6g,2,50,0.030213358430191874,0.02513138111680746,0.09612592443823814,0.08105362173169851,0.13325653180480004,0.12892817283163266,0.4987178555530932,0.41658666518379617,0.723704249709737
Dataset_Shard_0400000_0499999,train,tVK6t2vfa6g,5,50,0.03927326968871057,0.02811101172119379,0.11904183864593505,0.10618438377976418,0.1449692016839981,0.16495256696428573,0.6136408981264985,0.5424041911233578,0.7756344249420838
Dataset_Shard_0400000_0499999,train,tVK6t2vfa6g,10,50,0.05293285066261887,0.04287983477115631,0.1349952969700098,0.11914343371987343,0.15896859288215637,0.21758330676020407,0.6838111470869955,0.6329667449086774,0.8087443588639905
Dataset_Shard_0400000_0499999,train,t_qmGs9IgK4,1,50,0.1536903926730156,0.15226022899150848,0.1813610353693366,0.18086478274315596,0.17170917972922325,0.6274796715561224,0.6997793287537784,0.6645722630981069,0.754444035124064
Dataset_Shard_0400000_0499999,train,t_qmGs9IgK4,2,50,0.17789985917508602,0.18870092183351517,0.20176558777689935,0.20406036619096996,0.19188535578548907,0.6926606345663265,0.7468020692531033,0.7298533652732223,0.7933383943829303
Dataset_Shard_0400000_0499999,train,t_qmGs9IgK4,5,50,0.21731161579489708,0.23271410912275314,0.23437838755548002,0.24293814793229104,0.21455964259803295,0.8137380420918368,0.8370172242540876,0.8210164229761057,0.8814031981537757
Dataset_Shard_0400000_0499999,train,t_qmGs9IgK4,10,50,0.2148985321819782,0.2449839785695076,0.2357931686937809,0.24594910129904746,0.22593439728021622,0.8055887276785714,0.8519507612629715,0.8384326890933091,0.8862975402853459
Dataset_Shard_0400000_0499999,train,trD-QUe4ZNU,1,50,0.03614571414887905,0.020279075019061565,0.10959533102810383,0.10880545638501644,0.11790288761258125,0.15755301339285713,0.547693875577256,0.4903385542363274,0.6432155321495341
Dataset_Shard_0400000_0499999,train,trD-QUe4ZNU,2,50,0.05237707080319524,0.030767085030674934,0.12456292428076267,0.12349483300000429,0.13664068818092345,0.23502710459183673,0.6017570714182083,0.5426123665185698,0.7055938686177714
Dataset_Shard_0400000_0499999,train,trD-QUe4ZNU,5,50,0.06277921510860324,0.038567861542105675,0.1447227344661951,0.14972624957561492,0.1478411090373993,0.27165617028061223,0.6569561225168765,0.6048533889174547,0.7439711913640146
Dataset_Shard_0400000_0499999,train,trD-QUe4ZNU,10,50,0.06275969421491027,0.03995488956570625,0.1609375622868538,0.16346463955938817,0.16069139823317527,0.26151068239795916,0.7004926749896027,0.6328828998310381,0.7961943454433782
Dataset_Shard_0400000_0499999,train,twyPRvVFhZM,1,50,0.07203465706203133,0.044235194101929665,0.1426950748823583,0.13283102801069618,0.16930660624057053,0.2779755261479592,0.5814701319434217,0.5308082106169993,0.729252950767259
Dataset_Shard_0400000_0499999,train,twyPRvVFhZM,2,50,0.10197028912603855,0.057026252150535583,0.18434560898691416,0.1773879805766046,0.2024198054522276,0.38230867346938774,0.6933094507633143,0.6571811215308044,0.8112590372628212
Dataset_Shard_0400000_0499999,train,twyPRvVFhZM,5,50,0.1295718178153038,0.07248039916157722,0.21135406769812107,0.2098798904195428,0.22311789020895959,0.46678053252551016,0.7626520232622533,0.7356612990051475,0.8637171783440591
Dataset_Shard_0400000_0499999,train,twyPRvVFhZM,10,50,0.18652871631085874,0.2131025344133377,0.25606195122003556,0.2618050555884838,0.2501830442249775,0.6473975605867346,0.8480699361341705,0.830959240447184,0.9082014208391969
Dataset_Shard_0400000_0499999,train,uJLCrvIrjqA,1,50,0.06104444608092308,0.03650180250406265,0.11130641985684633,0.1002575976960361,0.12665528018027544,0.2398871970663265,0.4524431811033388,0.4163236618345152,0.5120757825526688
Dataset_Shard_0400000_0499999,train,uJLCrvIrjqA,2,50,0.04185043817386031,0.03361918963491917,0.09823492005467414,0.09085880234837532,0.10756715074181557,0.16353635204081635,0.40170686116839255,0.36061924117983346,0.48954113934411525
Dataset_Shard_0400000_0499999,train,uJLCrvIrjqA,5,50,0.1022584305331111,0.07517239078879356,0.1779525449872017,0.1579934488236904,0.20773413695394993,0.4149334343112245,0.6481667256688151,0.6172557889628586,0.7140819536933547
Dataset_Shard_0400000_0499999,train,uJLCrvIrjqA,10,50,0.10923015516251326,0.06082894094288349,0.16622621327638626,0.15456514291465281,0.18900075688958168,0.44624920280612246,0.6325586638042268,0.6050297741494433,0.6814791287447803
Dataset_Shard_0400000_0499999,test,uLa8mjhrP18,1,50,0.0324888257868588,0.021394575014710426,0.06689446650445462,0.05027224235236645,0.12086185954511165,0.1325031887755102,0.33117014564809516,0.22357864795322016,0.6205669429137346
Dataset_Shard_0400000_0499999,test,uLa8mjhrP18,2,50,0.04504718722775578,0.03308317996561527,0.08630312465131283,0.07311269253492356,0.14085734367370606,0.17264947385204082,0.42315930137856583,0.33608683367230235,0.6928185248010438
Dataset_Shard_0400000_0499999,test,uLa8mjhrP18,5,50,0.057063092943280935,0.05557608790695667,0.09247333399951457,0.07516621503978968,0.1525965379923582,0.2198824139030612,0.44671604313692,0.34987517023308334,0.7235737025853913
Dataset_Shard_0400000_0499999,test,uLa8mjhrP18,10,50,0.0585889808088541,0.06216118298470974,0.09599338486790657,0.08399432748556138,0.14930755004286766,0.2353495695153061,0.48024054695462254,0.40002077059046703,0.7340169447672896
Dataset_Shard_0400000_0499999,train,uNQDRZz4TUU,1,50,0.06878700668923557,0.058233024552464485,0.14628292702138423,0.14265336841344833,0.1808062794804573,0.31742586096938774,0.7011681825248456,0.6861838062931086,0.7876165629166398
Dataset_Shard_0400000_0499999,train,uNQDRZz4TUU,2,50,0.09829058138653636,0.08742094784975052,0.17609044671058655,0.17661947660148145,0.19155877694487572,0.42717354910714284,0.801519560846435,0.7893986969437172,0.8411891020920588
Dataset_Shard_0400000_0499999,train,uNQDRZz4TUU,5,50,0.1402398370578885,0.1137017123401165,0.20607239559292792,0.2137964591383934,0.21314945086836815,0.5702287946428571,0.8533733089340757,0.8435791556859593,0.8625016681794953
Dataset_Shard_0400000_0499999,train,uNQDRZz4TUU,10,50,0.1516453094035387,0.12326779216527939,0.2121549990773201,0.218737673163414,0.22542016297578812,0.6432322225765306,0.8825495872608378,0.8826695518501275,0.900082147832387
Dataset_Shard_0400000_0499999,test,uaW87-Yz9wQ,1,50,0.06255938227288425,0.04299674741923809,0.1264248741045594,0.124269651286304,0.14842985577881337,0.2637388392857143,0.5820051606762316,0.5598561236315165,0.6828508524556705
Dataset_Shard_0400000_0499999,test,uaW87-Yz9wQ,2,50,0.07397963417693973,0.05533909425139427,0.14444496367126702,0.142703128606081,0.1725540230423212,0.28994698660714285,0.6092641586683701,0.5849111289034634,0.7195753978459257
Dataset_Shard_0400000_0499999,test,uaW87-Yz9wQ,5,50,0.09747544481419027,0.0779326744377613,0.17191795468330384,0.16351268336176872,0.2073194593191147,0.39693478954081635,0.7167733269088541,0.6831202154238583,0.815917459473665
Dataset_Shard_0400000_0499999,test,uaW87-Yz9wQ,10,50,0.11233041100203991,0.10958363860845566,0.19964852273464204,0.2001569940149784,0.21071649551391602,0.46633131377551024,0.7809273598127581,0.763854755939445,0.8345751464084067
Dataset_Shard_0400000_0499999,test,udfXY1v4lks,1,50,0.05784977300092578,0.047275397926568985,0.1478699294477701,0.1331364756450057,0.17159534925594927,0.24812699298469387,0.616453177041568,0.5871191833815569,0.6840602090097759
Dataset_Shard_0400000_0499999,test,udfXY1v4lks,2,50,0.07294665908440948,0.062436418607831,0.16956755474209786,0.14938699193298816,0.19827829495072366,0.2922704081632653,0.6785835254173449,0.6353191951274837,0.7589824410076794
Dataset_Shard_0400000_0499999,test,udfXY1v4lks,5,50,0.11227246331050993,0.10106019303202629,0.21069817684590816,0.18835427954792977,0.24472765535116195,0.46990114795918364,0.7934594087988417,0.7607891986707748,0.8597977402412758
Dataset_Shard_0400000_0499999,test,udfXY1v4lks,10,50,0.13436759989708663,0.10615771263837814,0.24169596254825593,0.22560165964066983,0.26238867178559305,0.5092370854591837,0.8163443881860968,0.7943078312155738,0.8615631537721073
Dataset_Shard_0400000_0499999,train,udsPZ1WnDLY,1,50,0.026551591604948042,0.021044746041297913,0.15152023151516913,0.14148817226290702,0.18078477412462235,0.11542330994897959,0.7403054872192524,0.7213662025024529,0.7904922506776519
Dataset_Shard_0400000_0499999,train,udsPZ1WnDLY,2,50,0.033005662225186826,0.02575872652232647,0.16373416528105736,0.15345391392707824,0.18966771572828292,0.1434917091836735,0.7741810239746387,0.7543409882753528,0.8247743916795109
Dataset_Shard_0400000_0499999,train,udsPZ1WnDLY,5,50,0.049044209718704226,0.04351893998682499,0.1942613020539284,0.1893390591442585,0.2021241782605648,0.22203164859693877,0.8541920141288705,0.8343529886944571,0.8879187067242619
Dataset_Shard_0400000_0499999,train,udsPZ1WnDLY,10,50,0.050620529036968946,0.04652688093483448,0.1908192154765129,0.18677856653928757,0.2007174552977085,0.22980747767857143,0.8469874269436783,0.8244196508844499,0.8839599948777489
Dataset_Shard_0400000_0499999,train,ui7IAukQXtI,1,50,0.03914906501770019,0.03716528229415417,0.1058889439329505,0.10294466026127339,0.13531663676723837,0.15810626594387756,0.4416576481173751,0.4026416949270564,0.6609780449352418
Dataset_Shard_0400000_0499999,train,ui7IAukQXtI,2,50,0.07609582874923944,0.06395282223820686,0.16462801650166511,0.16521751768887044,0.1882353502511978,0.30734095982142856,0.6068418351854151,0.562731029338225,0.8308384773658659
Dataset_Shard_0400000_0499999,train,ui7IAukQXtI,5,50,0.08603324931114913,0.07102944329380989,0.18242430582642555,0.18457638934254647,0.20713533252477645,0.37284159757653057,0.6872928857745808,0.6538721790284697,0.87008853157352
Dataset_Shard_0400000_0499999,train,ui7IAukQXtI,10,50,0.09914886709302664,0.09457819908857346,0.19331034347414972,0.19552228584885598,0.21434460267424582,0.42105986926020406,0.725272627918819,0.6847089179147833,0.8938977853645486
Dataset_Shard_0400000_0499999,train,ujOANeD1dtA,1,50,0.09530089534819126,0.09495233371853828,0.12557165414094926,0.11846906810998917,0.12928453110158444,0.4758936543367347,0.6732404294476371,0.6358932796038108,0.7118010404489951
Dataset_Shard_0400000_0499999,train,ujOANeD1dtA,2,50,0.13072252877056598,0.12367058172821999,0.14878340393304826,0.1391951236873865,0.15164442241191864,0.5957963966836735,0.7542671279784028,0.713170812992362,0.8055551626031601
Dataset_Shard_0400000_0499999,train,ujOANeD1dtA,5,50,0.16749243199825287,0.17500441521406174,0.16726613268256188,0.1619589877128601,0.1656479889154434,0.7155317283163265,0.8413747098415894,0.8089257385708664,0.8724884393118892
Dataset_Shard_0400000_0499999,train,ujOANeD1dtA,10,50,0.18598671168088912,0.2001504823565483,0.18640519350767135,0.18474236741662026,0.1817784257233143,0.7748505261479592,0.883789824028035,0.8651321401087319,0.8998722672313478
Dataset_Shard_0400000_0499999,train,ukBG8k6dca4,1,50,0.14753588370978832,0.14257852733135223,0.1849743504822254,0.1828924860060215,0.1842811796069145,0.6884952965561224,0.825123576098544,0.8283533474941998,0.844276457792513
Dataset_Shard_0400000_0499999,train,ukBG8k6dca4,2,50,0.17841975033283233,0.17138248682022095,0.21227138191461564,0.20338954240083695,0.21512162625789644,0.7683442283163265,0.8854691845782503,0.8738988299370187,0.9056433911881515
Dataset_Shard_0400000_0499999,train,ukBG8k6dca4,5,50,0.2028787598758936,0.2096605971455574,0.22378288254141807,0.2158908326923847,0.21876260966062547,0.8254017857142857,0.9108221693087458,0.9021755085238304,0.9190773000105169
Dataset_Shard_0400000_0499999,train,ukBG8k6dca4,10,50,0.21391892403364182,0.2109335958957672,0.23430132657289504,0.236754230260849,0.22545338332653045,0.864849330357143,0.9345572283413306,0.9347407900740428,0.9360732148808004
Dataset_Shard_0400000_0499999,train,ukn-1au2zeM,1,50,0.11040786739438772,0.0786990188062191,0.18760095573961735,0.18172613628208636,0.17258190616965294,0.4583609693877551,0.6910980654378026,0.6147134649309733,0.7612033636249056
Dataset_Shard_0400000_0499999,train,ukn-1au2zeM,2,50,0.1407168686389923,0.13786717504262924,0.22544345781207084,0.22368165858089925,0.22482224382460117,0.5810602678571428,0.7777104269112074,0.7159005781180018,0.8438391866866128
Dataset_Shard_0400000_0499999,train,ukn-1au2zeM,5,50,0.17004521779716014,0.16774462908506393,0.26521564438939094,0.2781056758761406,0.21418500751256941,0.635981744260204,0.8199955458674872,0.7879726426515213,0.8549396611552619
Dataset_Shard_0400000_0499999,train,ukn-1au2zeM,10,50,0.15486201137304306,0.1443774700164795,0.24411039158701897,0.25222392175346614,0.22103502795100213,0.5970412149234694,0.8037671097783173,0.7508377468979174,0.8518886159837018
Dataset_Shard_0400000_0499999,train,uu2DI2YM5VY,1,50,0.08157550609670579,0.04373437911272049,0.14704260920290835,0.1416504713735776,0.16964623712003232,0.34205357142857146,0.6196433135774633,0.5764741029749111,0.7333953252017399
Dataset_Shard_0400000_0499999,train,uu2DI2YM5VY,2,50,0.1318317468650639,0.105828907340765,0.1960053566424176,0.1956777500966564,0.21128579899435862,0.4887779017857143,0.7399306591778455,0.7061931674416375,0.8411935100830311
Dataset_Shard_0400000_0499999,train,uu2DI2YM5VY,5,50,0.19027794925495983,0.1875404641032219,0.24856381312478334,0.2550060057314113,0.24507485128939152,0.6755767697704081,0.8476423691508227,0.8307887821162032,0.9025901011860449
Dataset_Shard_0400000_0499999,train,uu2DI2YM5VY,10,50,0.23078905068337918,0.24453286081552505,0.2883712027966976,0.3061175213754177,0.25843610435724257,0.8143710140306122,0.9175249729344458,0.9101069352856962,0.9448906530474683
Dataset_Shard_0400000_0499999,train,uwuY48k-xus,1,50,0.04936638391111046,0.026758868247270584,0.12540408186614513,0.12471808040514588,0.1481753331795335,0.21591278698979594,0.5289448119181069,0.5124751150314996,0.6601653673786161
Dataset_Shard_0400000_0499999,train,uwuY48k-xus,2,50,0.07862080229446292,0.05192717909812927,0.16698992803692816,0.165628217831254,0.1838897767663002,0.33571149553571433,0.6862238004832791,0.6663277440756887,0.8319884557154965
Dataset_Shard_0400000_0499999,train,uwuY48k-xus,5,50,0.11292785679921508,0.08491671085357666,0.19043494302779437,0.19214840568602085,0.20811231665313243,0.49065011160714284,0.753091075706725,0.7409430800018797,0.8625924848708229
Dataset_Shard_0400000_0499999,train,uwuY48k-xus,10,50,0.12636854242533446,0.10725508257746696,0.2185949094593525,0.21855493262410164,0.23111513167619704,0.5482250478316327,0.8365661777602115,0.8234623490532581,0.9181092465333777
Dataset_Shard_0400000_0499999,train,uyHdKE2S3m8,1,50,0.06440323231741786,0.060948414728045464,0.13927404806017876,0.12936905682086944,0.15413100108504296,0.3168415178571429,0.6552509791559887,0.6126625112359736,0.7404882156826988
Dataset_Shard_0400000_0499999,train,uyHdKE2S3m8,2,50,0.08118752621114254,0.0733429342508316,0.16432180292904378,0.15763475500047208,0.17559522606432437,0.3975944674744898,0.7387742214491088,0.7112816580022217,0.8081354139953251
Dataset_Shard_0400000_0499999,train,uyHdKE2S3m8,5,50,0.11246058717370033,0.09842929989099503,0.19797704994678497,0.1910719519853592,0.19831796124577522,0.5397006536989796,0.7970204549809766,0.7726394997190377,0.8490329000874428
Dataset_Shard_0400000_0499999,train,uyHdKE2S3m8,10,50,0.1334128574281931,0.12743712216615677,0.2217869430780411,0.2176685929298401,0.22051372349262238,0.6141613520408163,0.8494267575833448,0.8395874533483811,0.8864545786749418
Dataset_Shard_0400000_0499999,train,vCp0mrZdlmU,1,50,0.08978554099798203,0.07672068849205971,0.18315675660967826,0.1849196395277977,0.18276798307895661,0.4073569036989796,0.7821038222875885,0.7602193357777887,0.824433120554974
Dataset_Shard_0400000_0499999,train,vCp0mrZdlmU,2,50,0.09969750374555587,0.09159934520721436,0.1939289689064026,0.1952523910999298,0.19580769449472427,0.46816525829081634,0.8296727140030338,0.8167053738672446,0.8635749839602666
Dataset_Shard_0400000_0499999,train,vCp0mrZdlmU,5,50,0.1054280360788107,0.09221063554286957,0.20300122544169427,0.20473068535327912,0.20783665597438813,0.48105229591836735,0.8374763661950563,0.8141269295450974,0.8944890970033722
Dataset_Shard_0400000_0499999,train,vCp0mrZdlmU,10,50,0.12058170326054096,0.11069685965776443,0.21021546810865402,0.21193885803222656,0.20644209116697312,0.5475880899234693,0.8602535249878972,0.8398281137632108,0.9014696993434549
Dataset_Shard_0400000_0499999,train,vNuWxJankEQ,1,50,0.03288153311237693,0.020829609595239162,0.10353469865513035,0.0986056394514162,0.1281695899902843,0.1389728156887755,0.4885962336154703,0.45960237267816495,0.6154982650110612
Dataset_Shard_0400000_0499999,train,vNuWxJankEQ,2,50,0.04343896945938468,0.028568211942911148,0.1305392898945138,0.12398256327491254,0.1515262840758078,0.1714190051020408,0.5865702185796299,0.5546973089439061,0.6743324309112405
Dataset_Shard_0400000_0499999,train,vNuWxJankEQ,5,50,0.04943602764979005,0.04270656406879425,0.15737758250907063,0.15141909988597035,0.18626367021352053,0.20595344387755102,0.6864688941250204,0.6681227110023136,0.7618846509483312
Dataset_Shard_0400000_0499999,train,vNuWxJankEQ,10,50,0.06723596163094044,0.049235930666327477,0.17417617335915567,0.17181031055748464,0.1920550388097763,0.26878667091836733,0.7359461967932304,0.7169128938880805,0.786028177427375
Dataset_Shard_0400000_0499999,train,vrgv_E5pDII,1,50,0.09650349851697683,0.08011867105960846,0.16696677915751934,0.14922111093997956,0.21768300034105778,0.3369889987244898,0.5754009416363634,0.46590243416847626,0.8198316270601431
Dataset_Shard_0400000_0499999,train,vrgv_E5pDII,2,50,0.1100185801833868,0.08754470944404602,0.1756641711294651,0.14997363068163394,0.23309386342763902,0.37582310267857144,0.6011300898208677,0.48503891673177857,0.8458590305637169
Dataset_Shard_0400000_0499999,train,vrgv_E5pDII,5,50,0.11133332140743732,0.08745458349585533,0.16952912181615828,0.14301599264144899,0.23647306382656097,0.38459103954081636,0.5805649398186753,0.4584088723671848,0.8519006542161105
Dataset_Shard_0400000_0499999,train,vrgv_E5pDII,10,50,0.13583733260631561,0.11944099888205528,0.19555266708135605,0.17784861125051976,0.2444307877123356,0.4504711415816327,0.6590665736304218,0.5619418407200611,0.8781590721905421
Dataset_Shard_0400000_0499999,train,vwz7M5xbztM,1,50,0.11953222238094895,0.047289907932281494,0.1746090592991095,0.17499090470926604,0.18274593021080363,0.39213926977040814,0.6175676181196664,0.605305233081317,0.696132830312062
Dataset_Shard_0400000_0499999,train,vwz7M5xbztM,2,50,0.1589599558711052,0.18670901656150818,0.21536053612828254,0.2191976623237133,0.21439375460147858,0.5405994897959183,0.7879338691233935,0.7883038387315376,0.8525812235603296
Dataset_Shard_0400000_0499999,train,vwz7M5xbztM,5,50,0.2084496283531189,0.1966986060142517,0.2500023141503334,0.2525603649020195,0.2355187267065048,0.6545930325255103,0.8405374587079444,0.8348594010138456,0.8889236171608332
Dataset_Shard_0400000_0499999,train,vwz7M5xbztM,10,50,0.16102855056524276,0.1893789917230606,0.21854258574545382,0.22340286150574684,0.21430495753884315,0.5345208864795918,0.7806688319939933,0.774174875946991,0.8449389669444524
Dataset_Shard_0400000_0499999,train,w40fRDQNQo4,1,50,0.0543897092808038,0.023195943795144558,0.12505812816321848,0.11824392676353454,0.1593078762292862,0.23995695153061225,0.5958282284724511,0.5657414364463133,0.6955652270934846
Dataset_Shard_0400000_0499999,train,w40fRDQNQo4,2,50,0.06949732964858413,0.03945298306643963,0.14063951127231122,0.13276276640594006,0.17103973478078843,0.3476606345663265,0.6696488316007755,0.646762691202006,0.7615078877085693
Dataset_Shard_0400000_0499999,train,w40fRDQNQo4,5,50,0.09178360123187304,0.05545731447637081,0.17774022191762925,0.16755341850221156,0.20853580348193645,0.43086057079081636,0.7410291505421295,0.7124980467522787,0.8418660749745492
Dataset_Shard_0400000_0499999,train,w40fRDQNQo4,10,50,0.10362663377076388,0.10819314420223236,0.18675684675574303,0.17767727077007295,0.23134419128298758,0.5027036830357143,0.7875763620657379,0.762022010258375,0.8927206030663107
Dataset_Shard_0400000_0499999,train,wNvrCt-FlUo,1,50,0.10940602265298366,0.10389721021056175,0.190789250805974,0.19197580583393573,0.20766489014029502,0.4390800382653061,0.7180944942686093,0.6965346390729826,0.756820316950389
Dataset_Shard_0400000_0499999,train,wNvrCt-FlUo,2,50,0.11879455007612705,0.11976282298564911,0.20261585861444473,0.19991298630833626,0.22514819040894507,0.4658896683673469,0.7612932307942242,0.7147652066491323,0.828418349730908
Dataset_Shard_0400000_0499999,train,wNvrCt-FlUo,5,50,0.15826258942484855,0.16095038503408432,0.2316924649477005,0.24733769714832307,0.24030228823423386,0.6159363042091837,0.8357423965943132,0.8177294218221078,0.8693936813831711
Dataset_Shard_0400000_0499999,train,wNvrCt-FlUo,10,50,0.17852283239364625,0.172024168074131,0.24509833633899689,0.2526587903499603,0.26390861928462983,0.6898353794642857,0.8747479487844723,0.8694966096062271,0.8950197710594736
Dataset_Shard_0400000_0499999,train,wXHNYyQIIA_,1,50,0.01701100192964077,0.012908379547297955,0.11581310637295246,0.10894950781017541,0.14008029341697692,0.06520727040816326,0.5499953972502332,0.5337775493170513,0.6248363870932206
Dataset_Shard_0400000_0499999,train,wXHNYyQIIA_,2,50,0.034789760075509546,0.015030047856271267,0.1296656673401594,0.11955658659338951,0.15385495215654374,0.11948541135204081,0.609752923816397,0.5881725235453876,0.683607612980705
Dataset_Shard_0400000_0499999,train,wXHNYyQIIA_,5,50,0.028489610515534877,0.01866107154637575,0.13629630997776984,0.12747489601373674,0.15123502254486085,0.09949617346938776,0.6534829838307279,0.6459787471892802,0.6898352290774481
Dataset_Shard_0400000_0499999,train,wXHNYyQIIA_,10,50,0.09553628198802472,0.022312558256089687,0.16581191033124923,0.16056469932198525,0.17040690913796425,0.24628746811224492,0.7211352896532551,0.717819839498792,0.7453724054915329
Dataset_Shard_0400000_0499999,val,wXJY7EQy4Ns,1,50,0.044760905914008615,0.021186026744544506,0.10969202753156423,0.0899933874187991,0.15981127604842185,0.14796875,0.3457462166050703,0.28337011497673253,0.532617804235836
Dataset_Shard_0400000_0499999,val,wXJY7EQy4Ns,2,50,0.07875686732120812,0.03556554205715656,0.1544116056524217,0.13426446133293213,0.19052784331142902,0.2739851721938776,0.4777548728949183,0.4156658079680639,0.6296254699798806
Dataset_Shard_0400000_0499999,val,wXJY7EQy4Ns,5,50,0.10952250354923308,0.0534454807639122,0.19141663549467922,0.1738787326682359,0.21647987343370914,0.3221990593112245,0.5448460757323227,0.49478866149517714,0.6855670302727512
Dataset_Shard_0400000_0499999,val,wXJY7EQy4Ns,10,50,0.11878020077943802,0.09813037142157555,0.2072694755345583,0.19197109032422305,0.22466365456581117,0.408609693877551,0.6073966093682758,0.5720084687643033,0.706156756765434
Dataset_Shard_0400000_0499999,train,wXQHg2GbOv4,1,50,0.022124621719121933,0.013714561238884926,0.10183590240776538,0.09132727548480034,0.1220170210301876,0.08297034438775511,0.46949561951555835,0.41813634476076006,0.5946858899267735
Dataset_Shard_0400000_0499999,train,wXQHg2GbOv4,2,50,0.02401593217626214,0.016134878620505333,0.10333194024860859,0.09235298316925764,0.13143123842775822,0.08605907206632653,0.5033023390096524,0.4518023867059126,0.6433261506633139
Dataset_Shard_0400000_0499999,train,wXQHg2GbOv4,5,50,0.03724096359685063,0.024657337926328182,0.1408748585358262,0.12622490670531988,0.17555787734687328,0.14008490114795918,0.618794040730114,0.5737954753893036,0.7269685069717482
Dataset_Shard_0400000_0499999,train,wXQHg2GbOv4,10,50,0.03944616949185729,0.03126524202525616,0.15361745044589042,0.14070880182087422,0.18629979118704795,0.1515413743622449,0.6624288956827077,0.626790677798012,0.7605463377933113
Dataset_Shard_0400000_0499999,train,wZIPPpbh3_c,1,50,0.0614159120246768,0.052360111847519875,0.18537405073642732,0.1700536086410284,0.19761084496974946,0.2308219068877551,0.7051771636667109,0.6571858714642559,0.7545809935182458
Dataset_Shard_0400000_0499999,train,wZIPPpbh3_c,2,50,0.06349266547709703,0.05547703802585602,0.19747066125273705,0.18194988682866098,0.21519380152225495,0.2389190051020408,0.730014950938121,0.6795469252884646,0.7780399320431829
Dataset_Shard_0400000_0499999,train,wZIPPpbh3_c,5,50,0.07618978429585695,0.06814881414175034,0.21443183973431587,0.1969275313615799,0.22426066130399705,0.2877064732142857,0.7807467482013759,0.7344724403511224,0.8146977722876838
Dataset_Shard_0400000_0499999,train,wZIPPpbh3_c,10,50,0.09414560958743096,0.07851358130574226,0.2251906856894493,0.21422299563884736,0.2313611090183258,0.34722536670918364,0.7927353180060293,0.7614666983410017,0.8121293261027084
Dataset_Shard_0400000_0499999,train,wi-keYwDk1s,1,50,0.03165911016985774,0.022600850090384483,0.10567136391997338,0.08676686197519302,0.14076829195022583,0.1533900669642857,0.5228221507572435,0.4728720878862965,0.6014541070304685
Dataset_Shard_0400000_0499999,train,wi-keYwDk1s,2,50,0.0498146035335958,0.022199700586497784,0.13053856288461246,0.11242981793824583,0.169847633743193,0.210667649872449,0.581560007409308,0.5415701095211622,0.6597946607891934
Dataset_Shard_0400000_0499999,train,wi-keYwDk1s,5,50,0.06663008058443666,0.04628020338714123,0.16923734590411185,0.14461308233439923,0.20800756245851518,0.27627949617346936,0.6910797272365334,0.6607537150740714,0.7525860336436792
Dataset_Shard_0400000_0499999,train,wi-keYwDk1s,10,50,0.07886221988126635,0.06764912605285645,0.17767641596496106,0.15072766482830047,0.23053059317171573,0.3205010363520408,0.7425405989646531,0.7114762256128428,0.8039228208122005
Dataset_Shard_0400000_0499999,train,wt0RIrkrfY_,1,50,0.1004230235889554,0.07502187415957451,0.23305157244205474,0.22470042027533055,0.22436373427510262,0.3245731026785715,0.704999439581701,0.6398776088584212,0.8038117108089979
Dataset_Shard_0400000_0499999,train,wt0RIrkrfY_,2,50,0.11318590885028243,0.0821727104485035,0.2584345799684524,0.2535075897723436,0.23743517734110356,0.3521982621173469,0.750129201808617,0.704665837385227,0.8284318859893882
Dataset_Shard_0400000_0499999,train,wt0RIrkrfY_,5,50,0.1683514456450939,0.19677508622407913,0.33703050822019576,0.32960165351629256,0.27006772950291635,0.49671516262755105,0.8414192949155864,0.7980913504499472,0.9019666813700187
Dataset_Shard_0400000_0499999,train,wt0RIrkrfY_,10,50,0.16491875205188988,0.1820579245686531,0.32447116151452066,0.3214348828792572,0.27059856623411177,0.49492586096938773,0.8609545326679536,0.8323961450717243,0.883686576730187
Dataset_Shard_0400000_0499999,test,wxv1SDr8Kck,1,50,0.11448366198688746,0.1011938564479351,0.17370190724730492,0.17250318542122842,0.20585515469312668,0.4940174585459184,0.7364093585158225,0.7325302241538526,0.8333032227074025
Dataset_Shard_0400000_0499999,test,wxv1SDr8Kck,2,50,0.13117831140756608,0.1057007908821106,0.20480015620589256,0.20406764894723892,0.23489533007144928,0.5484685905612244,0.8174213895687298,0.811116603511812,0.9119417253621773
Dataset_Shard_0400000_0499999,test,wxv1SDr8Kck,5,50,0.17723185658454896,0.1727125123143196,0.23095818608999252,0.22985398560762405,0.2605783432722092,0.6941481983418367,0.8752158416896304,0.8705177691012024,0.9399509287251943
Dataset_Shard_0400000_0499999,test,wxv1SDr8Kck,10,50,0.18942520543932914,0.193055160343647,0.24231017827987672,0.24155873775482178,0.25901674807071684,0.7355859375,0.8993375263519237,0.8958610993153772,0.9526321009778966
Dataset_Shard_0400000_0499999,train,xHaiHZ9xq9s,1,50,0.04580397528596222,0.03546411916613579,0.130517506118631,0.11439664282253943,0.1836929015815258,0.16669762436224492,0.47980144595571567,0.43770217860848715,0.6284383048849576
Dataset_Shard_0400000_0499999,train,xHaiHZ9xq9s,2,50,0.05889281674288213,0.04486069269478321,0.1469663492962718,0.12919032823294402,0.2112600590288639,0.21129145408163263,0.5382623141891396,0.4974288807535818,0.6808852124828872
Dataset_Shard_0400000_0499999,train,xHaiHZ9xq9s,5,50,0.07685686830431222,0.05116160027682781,0.18865189731121063,0.17061877481639384,0.25582513883709906,0.2581700414540816,0.6242804957739853,0.589473848194141,0.7513930777211237
Dataset_Shard_0400000_0499999,train,xHaiHZ9xq9s,10,50,0.11977980770170689,0.09566381201148033,0.2394890569150448,0.22377565667033195,0.291984925866127,0.3856238042091837,0.7256295363578275,0.705341300842473,0.812673231877222
Dataset_Shard_0400000_0499999,train,xKtXanP9FYk,1,50,0.038907671677879986,0.028299745172262192,0.0757339833304286,0.06446772994473576,0.10546068973839283,0.14700095663265306,0.32401376266469584,0.2828152291916449,0.46001760737464553
Dataset_Shard_0400000_0499999,train,xKtXanP9FYk,2,50,0.050943254679441455,0.03557547926902771,0.09713154137134553,0.08488854071125389,0.14242507856339215,0.17764070471938775,0.4021407983215687,0.3666672422376176,0.5506217186562035
Dataset_Shard_0400000_0499999,train,xKtXanP9FYk,5,50,0.06483009264804424,0.041968101635575294,0.11875927064567804,0.09800467126071453,0.17446530148386954,0.22979272959183675,0.4519705520493888,0.40712856278450943,0.6082972517398462
Dataset_Shard_0400000_0499999,train,xKtXanP9FYk,10,50,0.08048249194398523,0.0593612864613533,0.11874050118029117,0.09935055531561375,0.17398151531815528,0.26327327806122447,0.46292004668898407,0.41752518220536367,0.6336676813403976
Dataset_Shard_0400000_0499999,train,xLp8iOxXFxo,1,50,0.08012266643345356,0.0672835037112236,0.16880251962691545,0.16478327743709087,0.17296146329492332,0.3508215082908163,0.7330992325547635,0.7327921173741404,0.7329494377314113
Dataset_Shard_0400000_0499999,train,xLp8iOxXFxo,2,50,0.1005206561088562,0.08320985361933708,0.1938210365921259,0.18212942108511926,0.20938819169998169,0.4322409119897959,0.8008907781359992,0.7984107299772313,0.8129819521839278
Dataset_Shard_0400000_0499999,train,xLp8iOxXFxo,5,50,0.10521904349327088,0.0838136151432991,0.19896851122379303,0.1907979916036129,0.2162939813733101,0.4558641581632653,0.8149030102729035,0.8122437423785808,0.8232125504343558
Dataset_Shard_0400000_0499999,train,xLp8iOxXFxo,10,50,0.11775695033371449,0.11625505983829498,0.2074218775331974,0.19108284175395965,0.24342405378818513,0.4942984693877551,0.8371524226857829,0.8266014124093978,0.868837127977987
Dataset_Shard_0400000_0499999,val,xUp_PDUsIyc,1,50,0.08916166495531798,0.08310430869460106,0.11620318164721538,0.11537308675498935,0.1424532410741085,0.34115991709183674,0.47654911328059796,0.47270080452184643,0.5678429642788704
Dataset_Shard_0400000_0499999,val,xUp_PDUsIyc,2,50,0.11839553155004978,0.12111541256308556,0.13290767916667393,0.13179945438969298,0.15221005147001052,0.40640943877551017,0.5128035854175603,0.5088901031439562,0.5930842988714483
Dataset_Shard_0400000_0499999,val,xUp_PDUsIyc,5,50,0.14417277678847312,0.141086645424366,0.168231698339805,0.1673897356679663,0.18465936681255699,0.4720483896683673,0.6248758551123987,0.6216661925223572,0.6938040754638091
Dataset_Shard_0400000_0499999,val,xUp_PDUsIyc,10,50,0.16695551618933677,0.1675473302602768,0.17651748333126308,0.17632140258327125,0.1822711175540462,0.5241741071428572,0.5968380655114655,0.5939474772825253,0.653941282660956
Dataset_Shard_0400000_0499999,train,xVaf2MFNbnY,1,50,0.04568847494199872,0.03788222745060921,0.16510401852428913,0.1481593231111765,0.19754570834338664,0.18385363520408163,0.7136675469710348,0.7039951281845602,0.7427255083231233
Dataset_Shard_0400000_0499999,train,xVaf2MFNbnY,2,50,0.05248196292668581,0.0426074992865324,0.1791475884616375,0.159431132376194,0.21515862330794333,0.20869379783163264,0.7660539451376216,0.7467586091558367,0.8102939717818018
Dataset_Shard_0400000_0499999,train,xVaf2MFNbnY,5,50,0.06840635150671005,0.05171336978673935,0.2107806120812893,0.1894700211286545,0.25442961245775225,0.24896843112244899,0.8384026405578305,0.821344673200049,0.8785711594193292
Dataset_Shard_0400000_0499999,train,xVaf2MFNbnY,10,50,0.06773031253367662,0.05869390815496445,0.218973246216774,0.1931258074939251,0.2638262364268303,0.2461296237244898,0.857306290962736,0.8437973355840408,0.8896382436544973
Dataset_Shard_0400000_0499999,test,xfv3d809TTc,1,50,0.12773628056049346,0.11320912465453148,0.16910066256707068,0.15693115713482256,0.21978792302310468,0.44337531887755105,0.6252889985816894,0.5649918426130432,0.7849382279731651
Dataset_Shard_0400000_0499999,test,xfv3d809TTc,2,50,0.14047510404139757,0.11344152316451073,0.19436043875291945,0.17424133038148285,0.24482592567801476,0.49338368941326527,0.6926350194477675,0.6485147589460999,0.8123429530438213
Dataset_Shard_0400000_0499999,test,xfv3d809TTc,5,50,0.18588634192943573,0.1851719692349434,0.2208385170996189,0.19547050341963768,0.2635456071794033,0.6404085618622449,0.7894590502537636,0.729951932006283,0.8906340398853699
Dataset_Shard_0400000_0499999,test,xfv3d809TTc,10,50,0.213064684048295,0.2136743664741516,0.229140312820673,0.2109328866004944,0.2634235073626041,0.6871133609693878,0.833165442936636,0.792805376982678,0.8940459188545876
Dataset_Shard_0400000_0499999,train,xjdsZdUofoU,1,50,0.06177262410521507,0.04995858296751976,0.13060962472110987,0.12272404972463846,0.1746119277179241,0.22482302295918366,0.47480646218976075,0.45083869486154016,0.6199732428641174
Dataset_Shard_0400000_0499999,train,xjdsZdUofoU,2,50,0.0973058659210801,0.08948737382888794,0.18170950792729854,0.17567460246384145,0.21415333297103645,0.32436941964285715,0.6251659836840738,0.6110634919882515,0.6881930424201428
Dataset_Shard_0400000_0499999,train,xjdsZdUofoU,5,50,0.12717042304575443,0.10593719407916069,0.2146328230202198,0.21053128197789192,0.2400897514820099,0.4340051020408163,0.7023656377834093,0.6959773112322537,0.7687154971028934
Dataset_Shard_0400000_0499999,train,xjdsZdUofoU,10,50,0.14776107601821423,0.11824874579906464,0.2469240878522396,0.24986378908157347,0.25502294063568115,0.48214684311224487,0.7646886236032774,0.7704278555471298,0.7883633941911348
Dataset_Shard_0400000_0499999,train,yQGj3B57_Iw,1,50,0.04459016954526305,0.03656734898686409,0.13438899196684362,0.1202625373750925,0.17152278698980808,0.2091697225765306,0.5767113491631286,0.5265059212213522,0.7541211134563123
Dataset_Shard_0400000_0499999,train,yQGj3B57_Iw,2,50,0.05222002254799008,0.044376764446496964,0.15403727434575556,0.13847836755216122,0.19478754110634328,0.2231186224489796,0.640498848704288,0.5861735288660702,0.8142805448250914
Dataset_Shard_0400000_0499999,train,yQGj3B57_Iw,5,50,0.07751866057515144,0.06706908345222473,0.19403801813721658,0.17910195991396904,0.2239903362095356,0.3354149394132653,0.7742860462071154,0.7383006147659609,0.8818820379882939
Dataset_Shard_0400000_0499999,train,yQGj3B57_Iw,10,50,0.10839470289647579,0.08101256564259529,0.21920962616801262,0.20528439432382584,0.24920065581798553,0.46052734375,0.8262928063707088,0.7961399890135645,0.9261284422542069
Dataset_Shard_0400000_0499999,train,yR15HSy2iYM,1,50,0.03942176854237914,0.03701039031147957,0.10833718196488917,0.10358808939345181,0.13537934228777884,0.17827208227040817,0.5115041735757233,0.42111389479538436,0.6864818364679688
Dataset_Shard_0400000_0499999,train,yR15HSy2iYM,2,50,0.06138670027256012,0.05205848067998886,0.15640270978212356,0.15828521192073822,0.17432669863104822,0.260367506377551,0.684987913299622,0.612861595889522,0.8243885162523017
Dataset_Shard_0400000_0499999,train,yR15HSy2iYM,5,50,0.07726221658289432,0.059881241992115974,0.16804642975330353,0.16851381838321686,0.1833047041296959,0.3448959661989796,0.7246312521651044,0.6474619850007527,0.8567628798803714
Dataset_Shard_0400000_0499999,train,yR15HSy2iYM,10,50,0.08559651426970959,0.059211695566773415,0.16996730759739875,0.1744030398875475,0.1837284943461418,0.3824107142857143,0.7333498485865756,0.6535408900444594,0.8628861359430661
Dataset_Shard_0400000_0499999,train,ybDcIfdcUVU,1,50,0.05177611938677728,0.01931561715900898,0.1137157436972484,0.10826984166167676,0.12861975509673357,0.21731584821428573,0.54053504409794,0.5163425449484959,0.6377810954316633
Dataset_Shard_0400000_0499999,train,ybDcIfdcUVU,2,50,0.057242696648463605,0.022963651455938816,0.14392655082046985,0.14247758250683545,0.16186024449765682,0.23244499362244897,0.6160635200729723,0.6060526760715462,0.7350544020561478
Dataset_Shard_0400000_0499999,train,ybDcIfdcUVU,5,50,0.10776991011574864,0.0490456223487854,0.1669861075282097,0.1627265129983425,0.18271606430411338,0.3928754783163265,0.7045040949531698,0.6762225513235387,0.8108042162117419
Dataset_Shard_0400000_0499999,train,ybDcIfdcUVU,10,50,0.10530978713184595,0.05160289630293846,0.17581340223550795,0.17820791751146317,0.18465092211961745,0.3750526147959184,0.7316385793123359,0.7166551661714426,0.7950857045323703
Dataset_Shard_0400000_0499999,val,ysLwpEhLkqI,1,50,0.018697976330295206,0.014007192105054855,0.11222793841734528,0.10479735357686877,0.13289391197264194,0.06991191007653061,0.5118395133632585,0.48431213273042606,0.5962094228731258
Dataset_Shard_0400000_0499999,val,ysLwpEhLkqI,2,50,0.02754421854391694,0.01916680671274662,0.1431132197380066,0.1351067554205656,0.1637306569516659,0.12485969387755101,0.6399987276387007,0.60498087920056,0.7259174271556528
Dataset_Shard_0400000_0499999,val,ysLwpEhLkqI,5,50,0.042107164282351735,0.02844313532114029,0.18510363206267358,0.17323330946266652,0.20733095124363898,0.18789779974489795,0.7859755887257759,0.7456620261199858,0.8662263737611151
Dataset_Shard_0400000_0499999,val,ysLwpEhLkqI,10,50,0.04445265786722302,0.036486001685261726,0.1941660761833191,0.1919878948479891,0.20211031749844552,0.18144092793367345,0.8009426314521697,0.7720549291450611,0.8658528046677358
Dataset_Shard_0400000_0499999,train,ytmhoYpa1ws,1,50,0.04975872336886823,0.03369596414268017,0.12305260539702431,0.11178372239883175,0.15700136498773645,0.18772759885204082,0.5095552222248765,0.4789310157345277,0.602808050300337
Dataset_Shard_0400000_0499999,train,ytmhoYpa1ws,2,50,0.10081035451032222,0.07464104518294334,0.16580959896789862,0.1480835007634596,0.20124808599153765,0.3557286352040816,0.6342729531674293,0.5995435566163387,0.7208893965395644
Dataset_Shard_0400000_0499999,train,ytmhoYpa1ws,5,50,0.1359790593571961,0.1262129321694374,0.203507512784563,0.17941629910375922,0.24201730627566576,0.4792012117346939,0.7309941202297027,0.7020051316999983,0.8004234565449382
Dataset_Shard_0400000_0499999,train,ytmhoYpa1ws,10,50,0.16910150004085153,0.1946236938238144,0.24857351900544017,0.2282601650664583,0.27845118483062836,0.5719555165816327,0.795912812902278,0.7790454703084201,0.8417127510728554
Dataset_Shard_0400000_0499999,train,z06sgpMVS10,1,50,0.01956487139686942,0.014027655590325594,0.09592291690409184,0.08403079714626074,0.13658075015991927,0.06756895727040817,0.4590287033863051,0.43038979902438707,0.5751878571127681
Dataset_Shard_0400000_0499999,train,z06sgpMVS10,2,50,0.026220601228997113,0.01816075388342142,0.11648545768111944,0.10267835959792138,0.16275681592524052,0.09136639030612244,0.517412989116899,0.48970873300988366,0.619619117974516
Dataset_Shard_0400000_0499999,train,z06sgpMVS10,5,50,0.04196351182647049,0.026607634499669075,0.14786444276571273,0.12694379471242428,0.20769453436136245,0.16267299107142857,0.6580802853372465,0.6301903352053201,0.7396991883769717
Dataset_Shard_0400000_0499999,train,z06sgpMVS10,10,50,0.03818753000348806,0.026827123947441578,0.14600945748388766,0.13026332311332225,0.19702172353863717,0.1535028698979592,0.6726818145284845,0.6508749460066481,0.7387482989002129
Dataset_Shard_0400000_0499999,train,z3mVtH-Jqw4,1,50,0.048560738014057275,0.04087127186357975,0.15399013347923757,0.1463679650053382,0.1703819788247347,0.18766581632653062,0.6309288440057316,0.5974988896421003,0.6926967431006665
Dataset_Shard_0400000_0499999,train,z3mVtH-Jqw4,2,50,0.07092667371034622,0.05640358850359917,0.18544097773730756,0.17689929973334073,0.20001517213881015,0.28779456313775514,0.712125349827891,0.6864227661249003,0.7612869750551454
Dataset_Shard_0400000_0499999,train,z3mVtH-Jqw4,5,50,0.08185367625206709,0.07050670683383942,0.19845103219151497,0.18150449234992266,0.21782876163721085,0.30613241390306123,0.7492908725670706,0.7123044908106998,0.8106304607195662
Dataset_Shard_0400000_0499999,train,z3mVtH-Jqw4,10,50,0.09423708993941546,0.07906205579638481,0.22466991685330867,0.22096802085638045,0.2343754915893078,0.37680803571428567,0.8469667915275533,0.8427881381197231,0.8662511275858481
Dataset_Shard_0400000_0499999,train,z4KIYSXA8OY,1,50,0.06169269114732742,0.05652208626270294,0.22780421301722525,0.19957549154758453,0.28348305240273475,0.23830357142857142,0.7715277215857101,0.742688631838869,0.8583753964955824
Dataset_Shard_0400000_0499999,train,z4KIYSXA8OY,2,50,0.06940944770351053,0.0615504402667284,0.24442119553685188,0.20176908291876317,0.30602716505527494,0.28042610012755104,0.8020920812165722,0.7605334812140896,0.8836426528197895
Dataset_Shard_0400000_0499999,train,z4KIYSXA8OY,5,50,0.11061991512775421,0.08884574472904205,0.2678420105576515,0.23259398445487023,0.3104640665650368,0.4468550701530612,0.8646936081774284,0.8333212751135696,0.9324861702752105
Dataset_Shard_0400000_0499999,train,z4KIYSXA8OY,10,50,0.10799131229519844,0.09203087911009789,0.2856802788376808,0.260931724011898,0.31205176174640653,0.41382971938775515,0.8833817199160637,0.8686877658401778,0.9224088168282957
Dataset_Shard_0400000_0499999,train,z4eQhv4jhsU,1,50,0.09300611890852452,0.06783172860741615,0.15220551174134017,0.14403361551463603,0.17261518010869623,0.3591749043367347,0.6373042839193959,0.6104080359292321,0.7248031201802432
Dataset_Shard_0400000_0499999,train,z4eQhv4jhsU,2,50,0.12979652773588896,0.09494083747267723,0.1953677774965763,0.18790259972214698,0.21208544626832007,0.48922233737244897,0.756421546873431,0.7345205685558883,0.8236258169452998
Dataset_Shard_0400000_0499999,train,z4eQhv4jhsU,5,50,0.1429813301563263,0.11313341930508614,0.2138819168508053,0.21135404124855994,0.2306797118484974,0.552759088010204,0.8263561125942915,0.8103297191831014,0.889381717360557
Dataset_Shard_0400000_0499999,train,z4eQhv4jhsU,10,50,0.1895769352465868,0.19125941395759583,0.24328836128115655,0.24671795532107355,0.23970374330878258,0.6688516422193878,0.8610883176647611,0.855244037677688,0.8927142377249973
Dataset_Shard_0400000_0499999,train,zAmGTHQ8LUI,1,50,0.06022782023996115,0.058237526565790176,0.18289583519101144,0.18280755192041398,0.1895516611635685,0.2441996173469388,0.7052558383411868,0.7055834822836501,0.7067582578812899
Dataset_Shard_0400000_0499999,train,zAmGTHQ8LUI,2,50,0.07774380914866924,0.07218703627586365,0.20465694457292558,0.20475304618477821,0.2186151909828186,0.3193447066326531,0.7535191923510635,0.748201557820406,0.7860891247385439
Dataset_Shard_0400000_0499999,train,zAmGTHQ8LUI,5,50,0.08661205440759659,0.07802322506904602,0.2094222342967987,0.20014739260077477,0.22585974276065826,0.3358238998724489,0.7575572028056433,0.7260715993407959,0.7949391060357907
Dataset_Shard_0400000_0499999,train,zAmGTHQ8LUI,10,50,0.11237143784761429,0.10474136099219322,0.24185338079929353,0.24340279996395112,0.2398339354991913,0.4036367984693877,0.8147760887868232,0.8148287791403759,0.8229917078377192
Dataset_Shard_0400000_0499999,train,zHW35Y8ghrY,1,50,0.053753949236124754,0.043222157284617424,0.16758376345038414,0.15868016660213471,0.19872659355401992,0.23518136160714284,0.7830312045500447,0.7690773281118068,0.8530541920043895
Dataset_Shard_0400000_0499999,train,zHW35Y8ghrY,2,50,0.05704764667898417,0.04967265948653221,0.1761897549033165,0.16957526087760924,0.20054566711187363,0.23825414540816325,0.8106789328249596,0.8009377598103352,0.8567283482788798
Dataset_Shard_0400000_0499999,train,zHW35Y8ghrY,5,50,0.06878840584307909,0.06769108772277832,0.19294140636920928,0.187478888630867,0.20465251207351684,0.29798907844387756,0.8598456678451056,0.8540569466140561,0.8771492171067423
Dataset_Shard_0400000_0499999,train,zHW35Y8ghrY,10,50,0.0627307103574276,0.06094139628112316,0.2008764237165451,0.192463002204895,0.2240712133049965,0.2488364955357143,0.867247329917385,0.8601075034192415,0.8971696887548984
Dataset_Shard_0400000_0499999,test,zHY3o_AprOU,1,50,0.05595173548907042,0.042892301455140114,0.11047247979789972,0.10247687429189682,0.13565593603998422,0.28616191007653063,0.5483588446524674,0.5136170712107365,0.6798217024429308
Dataset_Shard_0400000_0499999,test,zHY3o_AprOU,2,50,0.09206577645614743,0.07365377247333527,0.14694595612585545,0.1392986446619034,0.1757193683832884,0.43027622767857143,0.6711237977853977,0.6422630492078527,0.7832288311693708
Dataset_Shard_0400000_0499999,test,zHY3o_AprOU,5,50,0.11993377223610878,0.10759548470377922,0.17454281508922576,0.17174742236733437,0.18630036666989327,0.5576072225765306,0.7780504021597656,0.7597604877315023,0.8490556097630271
Dataset_Shard_0400000_0499999,test,zHY3o_AprOU,10,50,0.15464783489704131,0.14886438846588135,0.19171850040555,0.18800151437520982,0.2073840932548046,0.6749808673469387,0.809960239936055,0.7954006258094999,0.8655271054611897
Dataset_Shard_0400000_0499999,train,zUXPNRKCJqk,1,50,0.04006649491377175,0.02947722002863884,0.1149821300059557,0.09768979335203767,0.14527693919837475,0.16690330038265305,0.5172534724658229,0.43982729218653804,0.6341255418382417
Dataset_Shard_0400000_0499999,train,zUXPNRKCJqk,2,50,0.05037703638896346,0.04784048907458782,0.13810648202896117,0.11524018555879594,0.17816965021193026,0.22074736926020408,0.6057637259201712,0.5363343183071587,0.7304070121729005
Dataset_Shard_0400000_0499999,train,zUXPNRKCJqk,5,50,0.05794175814837217,0.050044260919094086,0.14816061913967132,0.12591191224753856,0.18361389353871346,0.24210538903061224,0.6395495492590064,0.5631700361952844,0.7432182671298129
Dataset_Shard_0400000_0499999,train,zUXPNRKCJqk,10,50,0.10585434298962354,0.07907522097229958,0.18531108707189559,0.16553143687546254,0.21486559733748437,0.41292570153061225,0.771435565981523,0.7258093212090603,0.8373147077249463
Dataset_Shard_0400000_0499999,train,zXVq4sDkwEQ,1,50,0.028457332691177725,0.019601786509156227,0.11151446364820003,0.09307127371430397,0.19424521252512933,0.1263962850765306,0.5207401234898204,0.4811354754325675,0.6900739810953576
Dataset_Shard_0400000_0499999,train,zXVq4sDkwEQ,2,50,0.04130746051901951,0.02982136979699135,0.14377680208999663,0.12101874222513288,0.2362040205858648,0.1862189094387755,0.6384756557358695,0.6077014913010971,0.7686856147616444
Dataset_Shard_0400000_0499999,train,zXVq4sDkwEQ,5,50,0.05876033309847117,0.03331874497234821,0.16699295528233052,0.14108220107853411,0.26066186487674714,0.2800697544642857,0.7359066122512437,0.7083219211336643,0.8397358352989842
Dataset_Shard_0400000_0499999,train,zXVq4sDkwEQ,10,50,0.07515103720128537,0.05475756898522377,0.18246819749474524,0.15584151372313498,0.2638772928714752,0.3580213647959184,0.7846375809029954,0.7541967371216898,0.867766190563629
Dataset_Shard_0400000_0499999,train,za-_NYW8Mjo,1,50,0.08137549459934235,0.07547688484191895,0.14710223965346814,0.17187306370586156,0.13843625396490097,0.34518295599489796,0.6103479807456058,0.6398227734711984,0.6036351715218973
Dataset_Shard_0400000_0499999,train,za-_NYW8Mjo,2,50,0.10739581631496549,0.09302068501710892,0.1835137616842985,0.2188556684553623,0.17388327300548553,0.42800382653061225,0.7064343982215651,0.7500989724081015,0.7064691252782146
Dataset_Shard_0400000_0499999,train,za-_NYW8Mjo,5,50,0.12579910583794118,0.11251765117049217,0.19772105932235717,0.21099718667566777,0.21154801607131957,0.48602519132653055,0.7358848099012718,0.7623630507800163,0.7429075761969031
Dataset_Shard_0400000_0499999,train,za-_NYW8Mjo,10,50,0.155472546890378,0.1377607211470604,0.22417536228895188,0.2599581307172775,0.19991672202944755,0.5837511957908164,0.781364738997595,0.8211222252728183,0.7820218257308004
Dataset_Shard_0400000_0499999,train,zbn9xbXTC00,1,50,0.037606477923691276,0.03473303094506264,0.10874170240014791,0.09445608519017697,0.11922751588746905,0.18525430484693878,0.5812810346291368,0.5098043573433512,0.6395930669766797
Dataset_Shard_0400000_0499999,train,zbn9xbXTC00,2,50,0.040695886723697186,0.034663645550608635,0.11973960742354393,0.11523080047219991,0.1285942216217518,0.18942163584183674,0.6263605375828605,0.5933872994342411,0.6705884275634737
Dataset_Shard_0400000_0499999,train,zbn9xbXTC00,5,50,0.0571205597743392,0.051658548414707184,0.1506977540254593,0.14183402851223945,0.1563636926561594,0.27034000318877555,0.7369318325964431,0.7008790495277758,0.7685009752273159
Dataset_Shard_0400000_0499999,train,zbn9xbXTC00,10,50,0.0743257337808609,0.06561776995658875,0.17735102877020836,0.17448465555906295,0.1767032240331173,0.3490122767857143,0.8441004654883131,0.8136036239843335,0.8742996355525939
Dataset_Shard_0400000_0499999,val,zg_dwcSRLxo,1,50,0.08235051672905684,0.06548826768994331,0.1871499205380678,0.18005302019417285,0.2170008960366249,0.3115130739795918,0.6514280496932091,0.6329685663709654,0.7825536682429534
Dataset_Shard_0400000_0499999,val,zg_dwcSRLxo,2,50,0.11518231570720673,0.09128257632255554,0.22865116029977797,0.22647534251213075,0.2536094757914543,0.38889389349489795,0.7492200312688171,0.7392720085281144,0.8378882079046579
Dataset_Shard_0400000_0499999,val,zg_dwcSRLxo,5,50,0.13886905580759049,0.1305956393480301,0.2572139178216457,0.2488334834575653,0.2822725021839142,0.5037089445153061,0.8151532315381276,0.8020671166650623,0.877011036436746
Dataset_Shard_0400000_0499999,val,zg_dwcSRLxo,10,50,0.1412670160830021,0.12713072448968887,0.2554286739230156,0.2492619998753071,0.28677214071154594,0.5319471460459184,0.8053610003199739,0.7957567214919373,0.8756338658893749
Dataset_Shard_0400000_0499999,train,zjbMfssb9tU,1,50,0.04894418440759182,0.042449951171875,0.11037603944540024,0.12265993438661099,0.11148224949836731,0.23822504783163265,0.5812043779131435,0.678019744158699,0.5442600652306627
Dataset_Shard_0400000_0499999,train,zjbMfssb9tU,2,50,0.080593794696033,0.05502724647521973,0.15487690277397634,0.16162570118904113,0.16450375162065028,0.3512890625,0.695174217742997,0.7831173326733369,0.6537849017860334
Dataset_Shard_0400000_0499999,train,zjbMfssb9tU,5,50,0.0899609723687172,0.06295311450958252,0.16877331852912902,0.1742321653664112,0.17750135220587254,0.37209901147959185,0.7278917311889711,0.8242289426254835,0.6790449719684527
Dataset_Shard_0400000_0499999,train,zjbMfssb9tU,10,50,0.1291490963101387,0.1049661673605442,0.1818197835981846,0.19794535800814628,0.17779746815562247,0.4978408003826531,0.7704558895848959,0.8894957651170025,0.6887166252444153
Dataset_Shard_0400000_0499999,train,zo9h0PqVn-U,1,50,0.10141279000788928,0.0930703617632389,0.1947149503789842,0.19135890021454544,0.20454296633717603,0.40150310905612246,0.7442119246054304,0.7143069603645769,0.7790911796527424
Dataset_Shard_0400000_0499999,train,zo9h0PqVn-U,2,50,0.1293977276235819,0.12148772925138474,0.22850698605179787,0.2191705198585987,0.23367425665259361,0.4875283003826531,0.8149087601746295,0.7886346065538054,0.8368736331973108
Dataset_Shard_0400000_0499999,train,zo9h0PqVn-U,5,50,0.15898603342473508,0.15208661556243896,0.2639834424853325,0.2764781634509563,0.26552483439445496,0.5995687181122449,0.8850587457767094,0.8797662668259395,0.8900918004169466
Dataset_Shard_0400000_0499999,train,zo9h0PqVn-U,10,50,0.16653537422418593,0.16926639527082443,0.25558284476399423,0.259197119474411,0.25407443031668664,0.6687858737244897,0.8915258993119484,0.8793814242573731,0.8915334443474007
Dataset_Shard_0400000_0499999,train,zsbl6oa5pGQ,1,50,0.20792534694075585,0.208482563495636,0.2138982468098402,0.20574700251221656,0.2296613535657525,0.7561599170918367,0.7894376538105885,0.7743480289561161,0.8166650464688929
Dataset_Shard_0500000_0599999,train,zsbl6oa5pGQ,1,50,0.15945810616016387,0.1666308492422104,0.16410616364330052,0.1731770959869027,0.16465777631849052,0.596807637117347,0.6641887594927602,0.7066288485279385,0.6684178358840724
Dataset_Shard_0400000_0499999,train,zsbl6oa5pGQ,2,50,0.23251449421048165,0.23606179654598236,0.23789029315114021,0.23062814220786096,0.25165078073740005,0.8067705676020408,0.8301795961938458,0.8268193797377541,0.8664850517629995
Dataset_Shard_0500000_0599999,train,zsbl6oa5pGQ,2,50,0.19453753158450127,0.19978397339582443,0.20387793026864529,0.20997456341981888,0.21105257630348206,0.6823353794642857,0.7433286988664477,0.7691113665577929,0.7677589824341403
Dataset_Shard_0400000_0499999,train,zsbl6oa5pGQ,5,50,0.2694138252735138,0.2818475663661957,0.25894096612930295,0.25517519608139994,0.2638454066216946,0.8909980867346938,0.8909190750595546,0.883479282707136,0.9203971788788633
Dataset_Shard_0500000_0599999,train,zsbl6oa5pGQ,5,50,0.1995503269135952,0.18814925849437714,0.21468331843614577,0.217978797852993,0.22186673447489738,0.7058709343112245,0.8019060875507141,0.8453988625084117,0.8082546040151195
Dataset_Shard_0400000_0499999,train,zsbl6oa5pGQ,10,50,0.262763816267252,0.28281188011169434,0.26472688928246496,0.26012568280100823,0.2664182057976723,0.8672393176020408,0.8986785750252468,0.8986780539808085,0.9153514548486328
Dataset_Shard_0500000_0599999,train,zsbl6oa5pGQ,10,50,0.19636984586715697,0.1956932246685028,0.21702591583132744,0.21590353339910506,0.22632433816790581,0.7096815210459184,0.7982228036204948,0.8272988639148809,0.8108678255076986
