video_id,split,shard,temporal_distance,pairs,mean_motion_magnitude,median_motion_magnitude,p90_motion_magnitude,mean_motion_coverage,mean_dx,mean_dy,mean_direction
-Hs-zuBOlQE,train,Dataset_Shard_0000000_0099999,1,50,1.639092085659504,0.9990608394145966,3.592694449424744,0.29007692920918365,0.045538440267555415,-0.15828491475433112,-15.21581482406916
-Hs-zuBOlQE,train,Dataset_Shard_0000000_0099999,2,50,2.1636485296487806,2.202518105506897,3.758407258987427,0.3725326849489796,0.08366963008418679,-0.0178877192735672,2.178574277281902
-Hs-zuBOlQE,train,Dataset_Shard_0000000_0099999,5,50,3.5287400114536287,2.53188955783844,8.086097431182862,0.4828324298469388,-0.05509482448920608,-0.039053754544002006,16.380019468886005
-Hs-zuBOlQE,train,Dataset_Shard_0000000_0099999,10,50,3.2755264270305635,2.1618528366088867,8.003800487518312,0.4545400191326531,-0.14120432291179896,0.10011285085231066,9.322850712753567
-J04CE5dA74,train,Dataset_Shard_0000000_0099999,1,50,2.055694966316223,1.2974879145622253,4.6115229606628425,0.3574736926020408,-0.02381025739654433,0.12686840498819948,28.012780407645117
-J04CE5dA74,train,Dataset_Shard_0000000_0099999,2,50,3.46292693734169,2.7682141065597534,6.45857720375061,0.4650151466836735,-0.048108624496962876,0.04263655796647072,12.028338492781941
-J04CE5dA74,train,Dataset_Shard_0000000_0099999,5,50,3.646489384174347,3.1524548530578613,6.961935043334961,0.5050239158163266,-0.07464510082267224,0.3220054997317493,26.228769109285373
-J04CE5dA74,train,Dataset_Shard_0000000_0099999,10,50,3.9273235619068148,3.263743281364441,7.257453632354738,0.5319738520408164,-0.11621885433793068,-0.07325159531086683,-35.38874442999157
-Qoo3Uq5-50,train,Dataset_Shard_0000000_0099999,1,50,3.1175186133384702,2.497448444366455,7.115217018127443,0.49514947385204083,0.03620877990499139,0.16383734288159757,18.978091650192493
-Qoo3Uq5-50,train,Dataset_Shard_0000000_0099999,2,50,4.277352877855301,3.2878756523132324,9.68029136657715,0.5838169642857143,-0.11316469706594944,-0.12940101385116576,-14.58933899823846
-Qoo3Uq5-50,train,Dataset_Shard_0000000_0099999,5,50,6.0075093126297,6.276308059692383,10.15321750640869,0.7192538265306122,-0.16096223443746566,1.0121332281082869,14.727864482350187
-Qoo3Uq5-50,train,Dataset_Shard_0000000_0099999,10,50,7.714014698266983,8.887807369232178,10.11436243057251,0.8601594387755103,0.5589270297437906,0.8448501501977443,8.73467773796055
-VAjjH6TTts,test,Dataset_Shard_0000000_0099999,1,50,2.2995019964128733,1.758022964000702,4.833556890487671,0.30172273596938776,0.018318256275961176,-0.13816182133188704,-1.7623134198931636
-VAjjH6TTts,test,Dataset_Shard_0000000_0099999,2,50,2.9546148367226124,2.8634763956069946,4.561320877075197,0.3259351084183673,-0.13380266375024802,0.19432837278000079,13.732361972850297
-VAjjH6TTts,test,Dataset_Shard_0000000_0099999,5,50,2.7335587088018656,2.48646879196167,3.808313322067261,0.3348305963010204,-0.17220454840688035,0.17490191505290567,8.878457323600474
-VAjjH6TTts,test,Dataset_Shard_0000000_0099999,10,50,3.3761469964683055,2.9999914169311523,6.500142049789429,0.3547329400510204,0.5642089474282693,-0.009945786824682728,16.265611503824307
-bqSDAsWptU,train,Dataset_Shard_0000000_0099999,1,50,4.1058437865972515,2.218011260032654,9.952590656280519,0.503441087372449,-0.42805833837948737,0.000994863118394278,10.298376944078706
-bqSDAsWptU,train,Dataset_Shard_0000000_0099999,2,50,5.625803980231285,3.9688702821731567,12.732145786285402,0.5547859534438776,-0.07488646665820851,-0.13826825439929963,3.963376913911244
-bqSDAsWptU,train,Dataset_Shard_0000000_0099999,5,50,4.913964332342148,3.0564814805984497,10.274761867523194,0.5542366868622449,-0.19056477448903025,0.0798023533076048,7.105816745259508
-bqSDAsWptU,train,Dataset_Shard_0000000_0099999,10,50,5.912089412212372,7.082566499710083,10.651457977294923,0.6377503188775511,-0.019072537878528237,-0.022522482154890895,-5.768969828107053
-jo_cPHYmjg,test,Dataset_Shard_0000000_0099999,1,50,0.7118874295800924,0.35514937341213226,1.2699398756027225,0.17954161352040818,-0.013643633518368005,-0.041207594433799385,25.381945593316882
-jo_cPHYmjg,test,Dataset_Shard_0000000_0099999,2,50,0.9509105986356735,0.5321528613567352,1.5165026903152474,0.20799266581632656,0.034817663615103814,-0.07011033758055418,26.66941938918693
-jo_cPHYmjg,test,Dataset_Shard_0000000_0099999,5,50,1.352741425037384,0.7457942068576813,3.7293199062347413,0.24626395089285716,0.04202611168846488,0.05826967729371972,12.612597064754668
-jo_cPHYmjg,test,Dataset_Shard_0000000_0099999,10,50,1.035615866780281,0.6934320032596588,1.4209002375602728,0.24071667729591836,0.0534719043597579,0.05528743039816618,42.777441821631925
-tqqp2KwCIQ,train,Dataset_Shard_0000000_0099999,1,50,2.71885238468647,2.641185164451599,4.813210916519165,0.29884765625,-0.2610318105481565,0.10673489781096578,14.643498888782409
-tqqp2KwCIQ,train,Dataset_Shard_0000000_0099999,2,50,2.789415237903595,2.8425369262695312,4.590235948562622,0.2881465242346939,-0.0440785594843328,-0.022794220754876734,1.6752618036510831
-tqqp2KwCIQ,train,Dataset_Shard_0000000_0099999,5,50,3.6252566409111022,3.6319353580474854,5.779305744171142,0.33059590242346937,-0.1413401492428966,0.1791148965805769,-5.876320940471363
-tqqp2KwCIQ,train,Dataset_Shard_0000000_0099999,10,50,3.76951979637146,3.462534546852112,5.883936214447021,0.32734295280612247,-0.5139827512204647,0.6413229744695127,37.155700297634965
-wUKLCvobpI,test,Dataset_Shard_0000000_0099999,1,50,1.4671396461874247,1.1673348546028137,2.898989653587342,0.2579444355867347,-0.08246482321294024,0.055976473055779935,-2.734155340323067
-wUKLCvobpI,test,Dataset_Shard_0000000_0099999,2,50,2.153385680585634,1.2294725179672241,5.09889783859253,0.3358553890306123,-0.12195742088955284,0.40813004094787175,19.129605318348105
-wUKLCvobpI,test,Dataset_Shard_0000000_0099999,5,50,1.9548303045332431,0.9387483894824982,4.144733095169068,0.2837515943877551,0.05902064992580563,-0.11747563057229854,-4.143575341481601
-wUKLCvobpI,test,Dataset_Shard_0000000_0099999,10,50,3.1776391506195067,1.7768444418907166,8.725039958953857,0.42690808354591836,0.04361059747636318,0.0746091531123966,-20.372370466460623
02MD08BgFZ0,train,Dataset_Shard_0000000_0099999,1,50,4.148818257153034,2.833813786506653,10.715792655944824,0.6982453762755102,0.2696487087756395,-0.1992645475640893,-17.266889713843174
02MD08BgFZ0,train,Dataset_Shard_0000000_0099999,2,50,5.486966277658939,6.070444583892822,9.769870281219486,0.7926470822704081,-0.5944670058041811,-0.020746352877467872,-15.78160064660082
02MD08BgFZ0,train,Dataset_Shard_0000000_0099999,5,50,7.180628781914711,8.46894121170044,11.942392539978027,0.7857250478316327,0.17985224574804307,-0.6725002525188029,4.057538559907391
02MD08BgFZ0,train,Dataset_Shard_0000000_0099999,10,50,6.7145128268003464,7.641319990158081,10.966796302795412,0.8226933195153062,0.5193280624598264,-0.5735453724861145,-7.4738131998041455
0FxsmwVeriw,train,Dataset_Shard_0000000_0099999,1,50,3.0595097779948266,1.9749369025230408,8.608730602264405,0.4152849968112245,0.21921790427761154,-0.07711222154088318,-11.189841583325999
0FxsmwVeriw,train,Dataset_Shard_0000000_0099999,2,50,4.115083508379757,2.378542423248291,9.374940204620362,0.5182405931122449,-0.005156575596192852,0.25438735777512195,26.903088229099797
0FxsmwVeriw,train,Dataset_Shard_0000000_0099999,5,50,6.004885512590408,5.417628049850464,10.242171382904054,0.6871301020408163,0.06081888943910599,0.3542410196736455,3.212071411882643
0FxsmwVeriw,train,Dataset_Shard_0000000_0099999,10,50,5.153943871259689,3.5773112773895264,9.726348304748536,0.6180428890306122,-0.07446141682565212,0.288280819542706,10.058100636730527
0NN6ySHCHVA,train,Dataset_Shard_0000000_0099999,1,50,6.605765709877014,6.867587327957153,11.144821739196777,0.8151745854591838,-0.6267622945085168,0.8205338701792061,7.4487294709788845
0NN6ySHCHVA,train,Dataset_Shard_0000000_0099999,2,50,7.447861833572388,7.943704128265381,11.78400115966797,0.8415158641581633,-1.2386481112986802,-0.5936853379011154,-0.3158395972391483
0NN6ySHCHVA,train,Dataset_Shard_0000000_0099999,5,50,7.21031174659729,8.32555341720581,11.43077392578125,0.8248557079081632,0.0884047932550311,-0.03318928107619286,-5.900886812076924
0NN6ySHCHVA,train,Dataset_Shard_0000000_0099999,10,50,7.533042035102844,7.4453887939453125,10.500287437438965,0.9286176658163265,-0.3841336458176374,-0.1992412992939353,-6.341169141466839
0TJxBDyP9dw,train,Dataset_Shard_0000000_0099999,1,50,4.128844492435455,3.2806038856506348,8.669939613342287,0.45384406887755097,0.008202994428575038,-0.10827848482877016,-1.9446070652198801
0TJxBDyP9dw,train,Dataset_Shard_0000000_0099999,2,50,4.515133147239685,4.389018535614014,7.394440841674805,0.4826777742346939,-0.2884534861706197,-0.39571110635995865,-26.034205330992226
0TJxBDyP9dw,train,Dataset_Shard_0000000_0099999,5,50,4.5959561419487,4.633742094039917,7.560119342803955,0.48539660395408163,-0.16384584497660398,-0.29265168324112895,-16.001428510327855
0TJxBDyP9dw,train,Dataset_Shard_0000000_0099999,10,50,4.469779646396637,4.19128680229187,7.09009280204773,0.4979300860969388,-0.2059572220593691,-0.0336807244643569,19.811124539672615
0U2jrFZuBZM,train,Dataset_Shard_0000000_0099999,1,50,1.7200018858909607,1.1540761590003967,2.8762466430664073,0.31297154017857143,0.09361244368250482,0.2436373830959201,-1.5905541430145158
0U2jrFZuBZM,train,Dataset_Shard_0000000_0099999,2,50,1.9629604357481003,1.7192145586013794,3.8332033157348637,0.33254025829081635,0.14262390543706716,0.12705290995538235,25.002819602270733
0U2jrFZuBZM,train,Dataset_Shard_0000000_0099999,5,50,2.563653993606567,2.0946766138076782,4.566294813156128,0.3875,0.27378651045262814,0.21300686918199063,-3.607999311039434
0U2jrFZuBZM,train,Dataset_Shard_0000000_0099999,10,50,3.100669867992401,2.3842185735702515,5.925121498107912,0.5128455835459184,0.24523855447769166,-0.1349968680238817,4.171475050745173
0ZSqAjagrVo,train,Dataset_Shard_0000000_0099999,1,50,2.593245105445385,1.7975220680236816,5.728029441833499,0.4242414700255102,-0.2526020638085902,0.21914041115902363,17.324849321433163
0ZSqAjagrVo,train,Dataset_Shard_0000000_0099999,2,50,2.371103535592556,1.8177905082702637,4.364106988906862,0.45182358099489794,-0.024816672932356596,0.26935989437624813,16.939470757457386
0ZSqAjagrVo,train,Dataset_Shard_0000000_0099999,5,50,2.9318814808130265,2.431365728378296,6.0088536739349365,0.48963807397959186,-0.25120491355657576,0.035112078785896304,-8.107461687044689
0ZSqAjagrVo,train,Dataset_Shard_0000000_0099999,10,50,3.8056076121330262,3.096375346183777,8.482014846801759,0.5644152582908163,-0.015143948895856739,-0.19492019601049834,3.766011145517104
0uLJTnNb2Es,train,Dataset_Shard_0000000_0099999,1,50,1.5831168019771575,1.3141721487045288,2.860904622077942,0.3903714923469388,-0.009804563629440963,0.2832857496518409,28.841714519035587
0uLJTnNb2Es,train,Dataset_Shard_0000000_0099999,2,50,1.9735627084970475,1.8131071329116821,3.637943148612976,0.40098891900510203,-0.09708866534754634,0.13299251275137067,-6.3208097859907335
0uLJTnNb2Es,train,Dataset_Shard_0000000_0099999,5,50,2.580625327825546,2.3981170654296875,3.9846464395523076,0.4314752072704081,-0.12458102321252226,0.3689702582638711,38.80149208242237
0uLJTnNb2Es,train,Dataset_Shard_0000000_0099999,10,50,3.1576552629470824,2.8729926347732544,5.139231729507446,0.4546787308673469,-0.0800215543806553,0.5277029634220526,43.66518098682823
0w6Ky8PBYSQ,train,Dataset_Shard_0000000_0099999,1,50,5.0935000413656235,2.4532413482666016,12.151378631591797,0.5277949617346939,0.025420353785157203,0.0965483121201396,24.699908474480218
0w6Ky8PBYSQ,train,Dataset_Shard_0000000_0099999,2,50,5.586235363651067,3.402716040611267,12.26572036743164,0.5981345663265306,0.050425971674267205,0.9102600357332267,2.9714736661443193
0w6Ky8PBYSQ,train,Dataset_Shard_0000000_0099999,5,50,6.903012791797519,5.967387914657593,13.1932692527771,0.6935997289540816,-0.09099266745848582,0.18279183723963796,5.342734965537472
0w6Ky8PBYSQ,train,Dataset_Shard_0000000_0099999,10,50,8.66280386172235,9.894544124603271,13.340077590942382,0.7669921875,-0.6091929456498474,1.5335265726828948,47.54790412101741
0xr9UkXgp2E,val,Dataset_Shard_0000000_0099999,1,50,7.873676551580429,5.329587936401367,16.11241073608399,0.6106273915816327,-1.0998672183603049,-0.6030578111112118,-6.33697775801971
0xr9UkXgp2E,val,Dataset_Shard_0000000_0099999,2,50,7.194775770902634,7.426841735839844,12.348670291900635,0.7394192442602041,0.3005253081722185,0.1880791264772415,-11.482677522945599
0xr9UkXgp2E,val,Dataset_Shard_0000000_0099999,5,50,9.386901762485504,7.657330513000488,15.344058418273935,0.7183354591836735,-0.2538918148353696,0.11743386210873723,14.079879278057025
0xr9UkXgp2E,val,Dataset_Shard_0000000_0099999,10,50,7.309364039897918,6.904314994812012,11.928379154205322,0.7169224330357143,-0.3296792097389698,-0.02006766641512513,28.22311187302741
0zLSpoyKV_A,train,Dataset_Shard_0000000_0099999,1,50,5.500502481460571,6.2063586711883545,8.459117031097412,0.557764668367347,0.19146344155073167,-0.03685392647865229,-7.251738043096739
0zLSpoyKV_A,train,Dataset_Shard_0000000_0099999,2,50,6.13337553024292,6.129819631576538,8.873268032073975,0.5819180484693878,0.012532115615904331,0.7690562738478184,18.85561861056844
0zLSpoyKV_A,train,Dataset_Shard_0000000_0099999,5,50,7.657203249931335,7.070971727371216,9.91838035583496,0.6366075414540816,-0.18782211951911448,-0.006887808591127396,28.415372756644437
0zLSpoyKV_A,train,Dataset_Shard_0000000_0099999,10,50,6.585229687690735,6.4408488273620605,9.240282249450685,0.6206166294642856,-0.21329625686630607,0.6145034885779023,24.910738307708613
10gPc7VqgJk,train,Dataset_Shard_0000000_0099999,1,50,3.6349227863550184,3.297689199447632,6.174621677398682,0.5386702806122449,0.20303090006113053,0.34629361175000667,22.789672594101017
10gPc7VqgJk,train,Dataset_Shard_0000000_0099999,2,50,4.46485011100769,3.9891059398651123,7.82271933555603,0.5775043845663265,0.05594123460352421,-0.5325522852689027,-8.326766666720799
10gPc7VqgJk,train,Dataset_Shard_0000000_0099999,5,50,5.21677853345871,4.692054748535156,8.941995525360108,0.6405325255102041,0.3657202022522688,0.034265988320112226,1.3908902330452353
10gPc7VqgJk,train,Dataset_Shard_0000000_0099999,10,50,5.009239747524261,4.928332090377808,7.79030613899231,0.6303810586734694,0.20775515038403683,-0.11303200609982014,-6.438204718502351
1ER3kxd2RvQ,train,Dataset_Shard_0000000_0099999,1,50,1.8100671428442001,1.4523533582687378,3.3211132764816287,0.3033988360969388,-0.07139739272883162,0.05565493617206812,-0.5265435515634241
1ER3kxd2RvQ,train,Dataset_Shard_0000000_0099999,2,50,2.388681801557541,1.8284337520599365,3.8480254650115975,0.3485216039540816,-0.04375413917936385,0.2022202980518341,-9.9948331241432
1ER3kxd2RvQ,train,Dataset_Shard_0000000_0099999,5,50,2.730017523765564,2.3967665433883667,5.468116283416748,0.3683940529336735,-0.03561453111469746,0.2648966561537236,2.8026882098334993
1ER3kxd2RvQ,train,Dataset_Shard_0000000_0099999,10,50,3.1525077867507934,2.5156548023223877,5.716345024108887,0.4317299107142857,-0.15715220361948012,0.10826978653669357,6.947370074732768
1FhZqPfKWjE,train,Dataset_Shard_0000000_0099999,1,50,1.6710610765218734,1.1336196064949036,3.1413530588150045,0.3023732461734694,-0.012239840428810567,-0.17272830188274382,8.38179077591718
1FhZqPfKWjE,train,Dataset_Shard_0000000_0099999,2,50,2.191049391031265,1.4464105367660522,3.6271551847457912,0.3260008769132653,-0.07265709256054834,-0.2618672903627157,-27.270759482730686
1FhZqPfKWjE,train,Dataset_Shard_0000000_0099999,5,50,3.0656293880939485,2.149874687194824,8.231992530822755,0.3885044642857143,0.04490297405514866,-0.06794504310935735,0.7260141833459356
1FhZqPfKWjE,train,Dataset_Shard_0000000_0099999,10,50,3.3194613182544708,2.4628950357437134,7.184456253051759,0.4459155771683673,0.16110996851697565,-0.5377020371984691,-3.3401624522868025
1YmFjGfQGnw,train,Dataset_Shard_0000000_0099999,1,50,2.342963125705719,2.1774556636810303,3.9449601650238044,0.3633812978316327,0.2411516736028716,0.13287240162491798,-15.626512377550542
1YmFjGfQGnw,train,Dataset_Shard_0000000_0099999,2,50,2.650350263118744,2.6458150148391724,4.4279783248901365,0.3870001594387755,0.015428662970662118,0.1300746713578701,1.4833898159675505
1YmFjGfQGnw,train,Dataset_Shard_0000000_0099999,5,50,3.285034898519516,3.3212730884552,4.796379137039185,0.45759845344387756,0.05242416221648455,0.08761736117303372,15.932930596860439
1YmFjGfQGnw,train,Dataset_Shard_0000000_0099999,10,50,3.340185074806213,3.081672787666321,5.36329665184021,0.45052256058673473,0.1424817914608866,-0.13802714505232871,0.5744680253252148
1cMfYuRTDX4,train,Dataset_Shard_0000000_0099999,1,50,11.931281299591065,10.657621383666992,17.762866973876957,0.9519650829081633,0.002594577521085739,-0.23605381801724434,6.306997644315249
1cMfYuRTDX4,train,Dataset_Shard_0000000_0099999,2,50,11.587459275126458,11.996293544769287,18.30057144165039,0.9384466677295918,-0.5662037834152579,1.1725332951545715,12.770318117382498
1cMfYuRTDX4,train,Dataset_Shard_0000000_0099999,5,50,12.640400867462159,11.786610126495361,15.30991868972779,0.9713030133928571,0.15784534990787505,0.06603533446788788,17.65253845541211
1cMfYuRTDX4,train,Dataset_Shard_0000000_0099999,10,50,11.229573497772217,10.565438270568848,14.920587825775147,0.9697684151785714,0.5223638421297073,-1.6059458604454995,-45.155957167426685
1heJXaiMZBw,train,Dataset_Shard_0000000_0099999,1,50,1.550573163330555,0.6273784339427948,3.9944915294647227,0.3090258290816326,-0.09545070280495566,-0.16889117901213468,7.598858022020148
1heJXaiMZBw,train,Dataset_Shard_0000000_0099999,2,50,1.5467246660590173,1.271345317363739,2.3134218215942384,0.3536021205357143,0.0711681655421853,0.11621485935058445,39.065295551888106
1heJXaiMZBw,train,Dataset_Shard_0000000_0099999,5,50,1.8135083612799645,1.2649610042572021,3.704645657539368,0.36110730229591836,0.12293991197599098,0.1572692643851042,23.31590239815914
1heJXaiMZBw,train,Dataset_Shard_0000000_0099999,10,50,2.2685856106877327,1.2606441974639893,5.095690393447881,0.40310546875,-0.0008992384746670723,0.2242360604275018,-9.4418416617606
1hla9mZZWKM,train,Dataset_Shard_0000000_0099999,1,50,3.9987236404418947,4.081279754638672,6.248107528686524,0.5703065210459184,0.06245300598442555,0.3222068777680397,21.315867010504043
1hla9mZZWKM,train,Dataset_Shard_0000000_0099999,2,50,4.8466572666168215,4.2007670402526855,7.730222749710084,0.627203443877551,-0.04992551058530807,-0.42783145561814306,-2.9585196878814135
1hla9mZZWKM,train,Dataset_Shard_0000000_0099999,5,50,5.390781733989716,4.452742576599121,10.111606979370118,0.6417195471938776,-0.0017904680967330932,0.3120713385939598,1.1918851814515277
1hla9mZZWKM,train,Dataset_Shard_0000000_0099999,10,50,5.019808962345123,4.305126190185547,8.478375148773194,0.6237627551020408,0.05324548751115799,0.5121613907068968,19.86971532168976
1jkQfyIl7Kg,train,Dataset_Shard_0000000_0099999,1,50,1.038178705573082,0.8143237829208374,2.005783545970917,0.2762663424744898,0.12605918216053397,-0.06427287710830569,-8.929535121357759
1jkQfyIl7Kg,train,Dataset_Shard_0000000_0099999,2,50,1.778183198571205,1.2467558979988098,3.6511969327926637,0.32552814094387755,-0.09018226911313831,0.03070249962620437,1.6673849016448434
1jkQfyIl7Kg,train,Dataset_Shard_0000000_0099999,5,50,2.027739540338516,1.962343990802765,3.7125082254409794,0.3856947544642857,-0.054340470284223556,-0.07133342118591827,-18.1490635909534
1jkQfyIl7Kg,train,Dataset_Shard_0000000_0099999,10,50,2.733331574201584,2.411603093147278,4.08460259437561,0.4422708067602041,0.32908731512725353,-0.32418804355780595,-4.010408749199736
1kyGOkXUEKI,train,Dataset_Shard_0000000_0099999,1,50,3.680381491035223,2.961739420890808,7.6240850448608395,0.43314971301020405,0.12951168030966073,0.29867966210003943,18.96311846867318
1kyGOkXUEKI,train,Dataset_Shard_0000000_0099999,2,50,5.745149340648204,4.6942243576049805,10.336207771301272,0.5088520408163265,0.06390226111048833,0.054899623261298984,-15.257031098247968
1kyGOkXUEKI,train,Dataset_Shard_0000000_0099999,5,50,7.8688884496688845,5.3628270626068115,12.200577735900884,0.5629300860969387,-0.0782029651105404,1.7237484097108244,-8.387561301659874
1kyGOkXUEKI,train,Dataset_Shard_0000000_0099999,10,50,7.798344891890883,6.449374675750732,14.763142967224121,0.5759861288265307,0.26586673951358536,0.14449263672344387,2.2596038886040093
24jIoFvJ_7o,val,Dataset_Shard_0000000_0099999,1,50,4.3363788515329365,3.997668743133545,8.251908016204835,0.588629225127551,0.2855853497236967,-0.1402081445697695,-0.19391303270963844
24jIoFvJ_7o,val,Dataset_Shard_0000000_0099999,2,50,4.218966598510742,3.884601354598999,6.859613227844238,0.633293606505102,0.07820882495492697,0.5951541715860367,40.78206554241583
24jIoFvJ_7o,val,Dataset_Shard_0000000_0099999,5,50,5.044733600616455,4.342402935028076,8.851478481292725,0.7132557397959184,-0.266981066018343,0.36398292683064937,22.774510283555014
24jIoFvJ_7o,val,Dataset_Shard_0000000_0099999,10,50,3.923367967605591,3.733271598815918,5.88936095237732,0.6366585618622449,0.07976704865694045,0.1523448897153139,15.330079167740855
27uEnvzS8O4,train,Dataset_Shard_0000000_0099999,1,50,5.472548520565033,5.261160135269165,8.482173347473147,0.7400908801020408,0.23202867899090052,-0.8832267662882805,-15.064458696464317
27uEnvzS8O4,train,Dataset_Shard_0000000_0099999,2,50,7.095253067016602,7.281257152557373,9.6980486869812,0.76556640625,-0.2176253031939268,0.19143866896629333,-11.724480808411547
27uEnvzS8O4,train,Dataset_Shard_0000000_0099999,5,50,7.977450723648071,8.067608118057251,10.183364009857177,0.7943817761479592,0.09689808513969184,0.2889852710068226,12.903223049841195
27uEnvzS8O4,train,Dataset_Shard_0000000_0099999,10,50,7.820918664932251,7.564669132232666,9.996449279785157,0.8100697544642856,-0.03621652463451028,-0.08780961632728576,-15.373307070924104
2KbVOj8YcRw,train,Dataset_Shard_0000000_0099999,1,50,5.048815562725067,5.418295383453369,8.763811683654787,0.5965202487244898,0.32352551594376566,0.15663130110129714,-2.3584031897758106
2KbVOj8YcRw,train,Dataset_Shard_0000000_0099999,2,50,6.113994431495667,5.915846586227417,8.951104068756104,0.6857780612244898,0.45750373184680937,0.42070701893419027,6.997710685831995
2KbVOj8YcRw,train,Dataset_Shard_0000000_0099999,5,50,6.212116026878357,5.836691617965698,9.793256282806396,0.7004392538265306,0.09366429413144943,-0.2148781554400921,1.3540577256143616
2KbVOj8YcRw,train,Dataset_Shard_0000000_0099999,10,50,6.552564792633056,6.2417848110198975,9.625223064422608,0.7297528698979592,-0.005217240899801254,-0.07340109847486019,-10.72492317257344
2RUNdnb2B1w,val,Dataset_Shard_0000000_0099999,1,50,3.468510516881943,3.1943721771240234,5.451880931854248,0.45792370854591835,-0.06732511513866485,0.44007113069295883,21.49392637541203
2RUNdnb2B1w,val,Dataset_Shard_0000000_0099999,2,50,4.23222552895546,3.779785633087158,7.0301655292511,0.4846209343112245,-0.1283439677581191,-0.718625343311578,-29.767457098752775
2RUNdnb2B1w,val,Dataset_Shard_0000000_0099999,5,50,4.979404082298279,4.1915223598480225,6.528000259399416,0.526001275510204,-0.03410697877407074,-0.08837837882339955,-8.154997550450432
2RUNdnb2B1w,val,Dataset_Shard_0000000_0099999,10,50,5.918792395591736,4.722449541091919,10.687942028045656,0.5678459821428572,0.15804097335785627,-0.5291986736655235,-23.560024378467332
2ZnT6CqmPoQ,train,Dataset_Shard_0000000_0099999,1,50,4.326873369216919,4.585166692733765,6.721060752868652,0.6998050860969387,-0.010091729387640953,-0.06011865159496665,-4.020166609911195
2ZnT6CqmPoQ,train,Dataset_Shard_0000000_0099999,2,50,4.638883228302002,4.55051064491272,7.191817331314088,0.7214975286989797,0.02541469667106867,0.35926903925836084,20.257536021928036
2ZnT6CqmPoQ,train,Dataset_Shard_0000000_0099999,5,50,5.343641564846039,5.273090124130249,7.908742332458497,0.7415051020408163,0.15380756437778473,0.2545246431231499,5.8986595176870695
2ZnT6CqmPoQ,train,Dataset_Shard_0000000_0099999,10,50,6.00262942314148,6.0808000564575195,8.387433338165284,0.8084590242346938,-0.24750279128551483,0.21831282846629618,10.0784590169913
2aDuMKNR8Z0,train,Dataset_Shard_0000000_0099999,1,50,2.254995882511139,2.0079461336135864,4.279601955413819,0.4057900191326531,-0.03460486698313616,0.27705918859690426,26.329487581711945
2aDuMKNR8Z0,train,Dataset_Shard_0000000_0099999,2,50,2.926300058364868,2.6451518535614014,5.3690423488616945,0.4734813456632653,-0.171422856207937,0.4796513195708394,33.67128213430351
2aDuMKNR8Z0,train,Dataset_Shard_0000000_0099999,5,50,3.441614464521408,3.5061752796173096,5.500150156021119,0.502787786989796,-0.11078107945621013,0.10103073790669441,23.387051918639514
2aDuMKNR8Z0,train,Dataset_Shard_0000000_0099999,10,50,4.112829473018646,3.904494524002075,6.406609773635864,0.5991426179846939,-0.3226783740706742,-0.294310859311372,-16.620322091024583
2el-ZR4A4D4,train,Dataset_Shard_0000000_0099999,1,50,2.0234316766262053,1.5011153817176819,3.5075806856155403,0.40787149234693876,-0.05665044747292995,0.020006299167871475,4.032459727490387
2el-ZR4A4D4,train,Dataset_Shard_0000000_0099999,2,50,2.19642703294754,1.7777783870697021,4.06884880065918,0.43322146045918364,-0.05631469229236245,0.09856812451034784,7.162725423224563
2el-ZR4A4D4,train,Dataset_Shard_0000000_0099999,5,50,3.3512961292266845,2.9141225814819336,4.85537133216858,0.506949537627551,0.08130941405892372,-0.16942418590188027,-0.7552740908743687
2el-ZR4A4D4,train,Dataset_Shard_0000000_0099999,10,50,3.239882092475891,2.659186601638794,6.263936042785645,0.5420424107142857,-0.18293288737535476,0.06388141985982657,5.012398925099746
3AR1FxFue7c,train,Dataset_Shard_0000000_0099999,1,50,1.5978662103414536,1.1830363869667053,2.541153740882874,0.34548907844387755,-0.11947742003016174,0.21533445437904447,46.438415495590355
3AR1FxFue7c,train,Dataset_Shard_0000000_0099999,2,50,1.6085353338718413,1.489643633365631,2.4206189393997195,0.36132533482142853,0.03161277608480304,0.0720874886866659,-15.823333812966677
3AR1FxFue7c,train,Dataset_Shard_0000000_0099999,5,50,1.993769447207451,1.6533713340759277,3.0943406105041515,0.43923907844387755,-0.03609563760459423,-0.029927313793450594,-12.997190046076259
3AR1FxFue7c,train,Dataset_Shard_0000000_0099999,10,50,3.2863561689853666,2.2997671365737915,7.82105131149292,0.5451391103316326,0.010335546303540468,0.016703504696488382,-15.143616686278278
3Cg8-eoNXdY,train,Dataset_Shard_0000000_0099999,1,50,3.7253431940078734,2.8572115898132324,8.370505619049075,0.42917051977040815,0.2818889982998371,0.39149856065399946,1.7572144952432407
3Cg8-eoNXdY,train,Dataset_Shard_0000000_0099999,2,50,5.267800326347351,4.112620830535889,9.021561717987062,0.5908422353316327,0.43051924027502536,0.2952174926176667,16.512410993938023
3Cg8-eoNXdY,train,Dataset_Shard_0000000_0099999,5,50,7.258243062496185,7.251019477844238,12.547984218597414,0.6361674904336735,0.2004926201328635,0.09027916632592678,-3.7972088350248363
3Cg8-eoNXdY,train,Dataset_Shard_0000000_0099999,10,50,9.31358213186264,10.52449893951416,13.25449743270874,0.8001092155612245,-0.10514214411377906,-0.02142150640487671,0.06727835488764526
3HZMLSYtFEM,val,Dataset_Shard_0000000_0099999,1,50,3.067542795576155,1.9680818915367126,7.36006669998169,0.40463209502551023,-0.24774200103245675,0.022089151889085768,18.81608559815752
3HZMLSYtFEM,val,Dataset_Shard_0000000_0099999,2,50,4.845199212431908,4.930747747421265,8.919250202178956,0.4858266900510204,-0.2139211667329073,-0.38065492033958437,-17.355496507252372
3HZMLSYtFEM,val,Dataset_Shard_0000000_0099999,5,50,6.780448086857795,7.107694625854492,13.165888404846191,0.6370922353316327,-0.10157073247653897,0.009034712705761195,7.782462323507773
3HZMLSYtFEM,val,Dataset_Shard_0000000_0099999,10,50,9.821058812141418,9.73691701889038,14.053290081024171,0.8096217315051021,-0.3393584942817688,-0.41111792040988804,-8.396429377591787
3PHrXAE7new,val,Dataset_Shard_0000000_0099999,1,50,2.9156079268455506,2.0470950603485107,6.525647926330566,0.4473911830357143,-0.18497401463333518,-0.10896332364529371,-12.90510395223184
3PHrXAE7new,val,Dataset_Shard_0000000_0099999,2,50,4.1991512548923495,2.57058322429657,9.371746349334718,0.5339389349489796,-0.12928187577053904,-0.008438617391511798,20.114344212815965
3PHrXAE7new,val,Dataset_Shard_0000000_0099999,5,50,5.058268293142318,3.6989822387695312,9.832647514343265,0.5940138711734694,0.32280744981020687,-0.24585140496492386,13.167683980501725
3PHrXAE7new,val,Dataset_Shard_0000000_0099999,10,50,4.664704149961471,3.3716936111450195,10.52648515701294,0.5425275031887755,-0.05508340954780579,-0.2057913488149643,-23.666414714643242
3YwJ5Fzodfk,train,Dataset_Shard_0000000_0099999,1,50,1.5776539051532745,1.0920026302337646,3.5128380298614506,0.29381736288265303,0.18224046058952809,0.011427922993898392,-5.868892644597317
3YwJ5Fzodfk,train,Dataset_Shard_0000000_0099999,2,50,1.60363973736763,1.303583800792694,3.3791943788528442,0.31742466517857143,-0.057054923148825765,-0.03959850497543812,-27.420378867197652
3YwJ5Fzodfk,train,Dataset_Shard_0000000_0099999,5,50,2.116093785762787,1.878624439239502,3.5846773386001587,0.36530213647959187,0.03992712639272213,0.08232232710346579,12.84620889066163
3YwJ5Fzodfk,train,Dataset_Shard_0000000_0099999,10,50,2.4654870760440826,2.1546069383621216,3.6377626180648814,0.39928252551020404,0.0014866973226889968,0.15635614410042764,-3.4532783903966613
3cwtNTYOszU,test,Dataset_Shard_0000000_0099999,1,50,3.237354341298342,1.9692429900169373,8.235849475860597,0.4168012595663265,0.01001497745513916,0.30297024991363286,9.676348715156989
3cwtNTYOszU,test,Dataset_Shard_0000000_0099999,2,50,4.626149042248726,2.9358071088790894,9.147597789764404,0.4635012755102041,0.14270686328411103,0.40014848972670736,-6.107009313441797
3cwtNTYOszU,test,Dataset_Shard_0000000_0099999,5,50,4.695677492618561,3.5986251831054688,9.603883647918702,0.5177527104591837,0.031062580086290835,0.6278813421726227,7.768595668658718
3cwtNTYOszU,test,Dataset_Shard_0000000_0099999,10,50,5.535131224393845,4.934056282043457,9.752815532684327,0.6026291454081633,-0.11739961424842477,0.21629692055284977,21.924325958563827
3p5gb_JqO78,train,Dataset_Shard_0000000_0099999,1,50,3.875759701728821,3.2125478982925415,7.414482593536378,0.5355141900510204,-0.12282473331317306,-0.2558161702752113,0.6737159804504682
3p5gb_JqO78,train,Dataset_Shard_0000000_0099999,2,50,4.669618088006973,3.861019492149353,9.791212844848634,0.5354344706632653,0.023117150394245983,0.055461557125672696,-2.347629380330484
3p5gb_JqO78,train,Dataset_Shard_0000000_0099999,5,50,5.352710342407226,4.318516969680786,10.007848167419434,0.6120037468112245,0.628162565678358,-0.09442160337697715,0.547754266401516
3p5gb_JqO78,train,Dataset_Shard_0000000_0099999,10,50,7.415514388084412,7.268460988998413,11.38517723083496,0.8158797034438776,0.46345374614000323,-0.6867695290781558,-21.866637683828486
3sty8XW-6FU,train,Dataset_Shard_0000000_0099999,1,50,3.739772408414865,2.871341586112976,8.312307453155517,0.48883569834183677,-0.3232719800490304,-0.6905449685729036,-11.040648607562453
3sty8XW-6FU,train,Dataset_Shard_0000000_0099999,2,50,4.3274140166287545,3.243707299232483,8.15934591293335,0.5482453762755102,-0.014129470244952244,0.016121826963735656,0.8605035456764191
3sty8XW-6FU,train,Dataset_Shard_0000000_0099999,5,50,5.615483684539795,5.252264499664307,10.316277027130127,0.6585375478316327,0.30019233893603087,-0.539695154801011,-5.603887384050543
3sty8XW-6FU,train,Dataset_Shard_0000000_0099999,10,50,7.27920434474945,7.139035940170288,10.729597568511963,0.742544642857143,0.5480091486871242,0.014073170013725758,26.9759602615198
3xK6shdTeCs,train,Dataset_Shard_0000000_0099999,1,50,3.7051236742734908,3.590417742729187,6.287811756134033,0.4513129783163265,-0.08435579411685466,0.31190602146089075,20.492353474172937
3xK6shdTeCs,train,Dataset_Shard_0000000_0099999,2,50,4.685281965732575,4.617959022521973,7.202334022521972,0.5077897799744897,0.07817675322294235,0.13429522648453712,11.010872287677067
3xK6shdTeCs,train,Dataset_Shard_0000000_0099999,5,50,5.307677412033081,5.200608015060425,7.9064045429229735,0.5881122448979592,-0.016346434243023397,0.8408648379147052,35.85987105560818
3xK6shdTeCs,train,Dataset_Shard_0000000_0099999,10,50,5.329046788215638,5.256847620010376,7.444369745254518,0.6048409598214285,0.015371860153973103,-0.222848614230752,-3.065109772848637
46-qefy8Nwc,test,Dataset_Shard_0000000_0099999,1,50,4.640249940156937,4.3559653759002686,8.482924079895021,0.5950693558673469,0.17917757876217366,0.01468798816204071,5.472606021642247
46-qefy8Nwc,test,Dataset_Shard_0000000_0099999,2,50,6.008670147657394,5.0712268352508545,12.703540420532226,0.6501311383928571,-0.36311305321753024,0.43120597494358665,31.44155845936132
46-qefy8Nwc,test,Dataset_Shard_0000000_0099999,5,50,6.264102337360382,5.1416261196136475,11.375039196014406,0.6852327806122449,-0.09633816000074148,0.0025502070412039756,10.236693689542864
46-qefy8Nwc,test,Dataset_Shard_0000000_0099999,10,50,7.455076882839203,6.672613859176636,11.768378543853762,0.7473481345663265,-0.05582479607313871,-0.25450529307127,1.3197338447056814
49dGxeU0X5E,train,Dataset_Shard_0000000_0099999,1,50,2.5591906413435934,1.3963558673858643,5.758117437362673,0.40354591836734693,0.108001210372895,0.1612029227055609,19.7926751562547
49dGxeU0X5E,train,Dataset_Shard_0000000_0099999,2,50,3.3556573766469957,2.0026307106018066,8.089451408386232,0.4917482461734694,0.16810706585645677,-0.2059230140969157,-12.576406490297131
49dGxeU0X5E,train,Dataset_Shard_0000000_0099999,5,50,5.012119354009628,3.734142541885376,10.03061227798462,0.5741964285714285,-0.24115898922085763,1.1410032986570149,31.05815027621501
49dGxeU0X5E,train,Dataset_Shard_0000000_0099999,10,50,6.291343224048615,6.113613128662109,9.59273386001587,0.6871974649234694,0.1513800559565425,0.9951165770366788,9.086280267963518
4Djb4L_VGIU,val,Dataset_Shard_0000000_0099999,1,50,3.481407868862152,3.12485671043396,6.3976083278656,0.47592713647959184,0.07849283687770367,-0.18499667993513869,9.191917476093167
4Djb4L_VGIU,val,Dataset_Shard_0000000_0099999,2,50,3.6898791748285293,3.3874576091766357,5.964140701293946,0.5226965082908164,-0.08709180627018213,-0.002919413782656193,-5.964310871588532
4Djb4L_VGIU,val,Dataset_Shard_0000000_0099999,5,50,4.435243546962738,4.3621931076049805,6.790892648696899,0.6035602678571429,-0.3587904750928283,0.0715642118640244,-4.37325034798457
4Djb4L_VGIU,val,Dataset_Shard_0000000_0099999,10,50,4.663476140499115,4.474534034729004,6.815987968444825,0.6421209343112245,0.5984627851657569,0.10890898816287517,13.025641340760776
4EtAcruEhTI,train,Dataset_Shard_0000000_0099999,1,50,3.162793923601275,2.6859277486801147,5.9734336853027346,0.4677618781887755,-0.1689992423495278,-0.13331755099701695,21.573285818773964
4EtAcruEhTI,train,Dataset_Shard_0000000_0099999,2,50,3.7584638224798255,3.548490285873413,7.548784160614014,0.5298931760204081,-0.0006807086628396064,-0.3053357954978128,-15.60155578724979
4EtAcruEhTI,train,Dataset_Shard_0000000_0099999,5,50,5.094971008896827,4.742894887924194,9.26371898651123,0.6318558673469388,0.16051916133612396,-0.03910489216446877,20.884520597562677
4EtAcruEhTI,train,Dataset_Shard_0000000_0099999,10,50,5.028427989482879,4.33534836769104,9.003720378875732,0.6252913743622449,0.04993582909926772,-0.3697764939814806,-13.4747722348793
4F1jCw1yzKA,val,Dataset_Shard_0000000_0099999,1,50,3.4025671768188475,2.9023334980010986,5.777894830703736,0.5570061383928572,-0.5923564859479665,-0.15687821640633046,-2.2351417751841347
4F1jCw1yzKA,val,Dataset_Shard_0000000_0099999,2,50,3.999984571933746,3.3950926065444946,7.985363483428955,0.5984219547193877,-0.12514750452013687,0.0877624137699604,-3.4647217617363064
4F1jCw1yzKA,val,Dataset_Shard_0000000_0099999,5,50,5.280391383171081,4.550153493881226,9.512195491790772,0.7121085778061225,0.5090799501538277,-0.3625983141362667,-11.26753703134957
4F1jCw1yzKA,val,Dataset_Shard_0000000_0099999,10,50,5.208892464637756,4.6997973918914795,8.97707281112671,0.7138496492346939,-0.15493840852752327,-0.23867921575903892,-16.882300441772447
4FjwzNlLCdU,train,Dataset_Shard_0000000_0099999,1,50,2.0862357690930367,0.9686329662799835,4.7044154644012455,0.34537587691326527,0.08100621795281768,0.5269788146205246,42.77667695019837
4FjwzNlLCdU,train,Dataset_Shard_0000000_0099999,2,50,2.2940743923187257,1.2924566864967346,5.176122570037843,0.3731118463010204,-0.007760511003434658,-0.2199821496149525,1.1335898251723455
4FjwzNlLCdU,train,Dataset_Shard_0000000_0099999,5,50,2.5465657651424407,1.6616123914718628,5.73862476348877,0.41099011479591835,-0.042874311693012715,-0.07813605145784094,-25.61934559165879
4FjwzNlLCdU,train,Dataset_Shard_0000000_0099999,10,50,3.4817279237508774,1.3266363143920898,10.72474193572998,0.47636798469387753,0.09591508537065238,0.3795954558067024,34.658277466351294
4KfWaQz2Qxg,train,Dataset_Shard_0000000_0099999,1,50,1.6717039936780929,0.9259804487228394,5.02158260345459,0.2683920599489796,-0.010469490606337785,-0.2082209270913154,-30.475448649124225
4KfWaQz2Qxg,train,Dataset_Shard_0000000_0099999,2,50,1.961230424642563,0.9494529068470001,6.620668888092041,0.2996859056122449,0.1053244377207011,-0.011487128548324108,5.1926796148994745
4KfWaQz2Qxg,train,Dataset_Shard_0000000_0099999,5,50,2.633493235111237,1.3918421268463135,9.054257488250734,0.3172731983418367,0.41977712454274296,-0.35446412704885005,-14.748876175873308
4KfWaQz2Qxg,train,Dataset_Shard_0000000_0099999,10,50,3.026592283248901,1.8292489647865295,8.12811279296875,0.367144850127551,-0.1341761470027268,0.18755638875067235,0.26644837755634426
4OwtoyYoSKY,train,Dataset_Shard_0000000_0099999,1,50,4.217218207418918,2.955253481864929,9.281781959533692,0.5533354591836734,0.2751333372126101,0.5778057298343628,8.456244252886115
4OwtoyYoSKY,train,Dataset_Shard_0000000_0099999,2,50,4.915997475981713,4.157042980194092,9.805841636657714,0.5927327806122449,0.15796375473961233,-0.3120811985433102,-17.82319650961365
4OwtoyYoSKY,train,Dataset_Shard_0000000_0099999,5,50,5.897564802765846,6.1895060539245605,10.51811866760254,0.6649788743622449,0.22997346036136151,0.35854365132749083,4.109990686314455
4OwtoyYoSKY,train,Dataset_Shard_0000000_0099999,10,50,6.360740213990211,7.148777961730957,11.382005405426026,0.6884486607142857,-0.08147987686097621,-0.18565891576930882,-8.92076513535021
4ZL5KtH01eQ,train,Dataset_Shard_0000000_0099999,1,50,2.8731756937503814,2.5512263774871826,5.286552095413209,0.43046875,-0.013709719916805625,-0.038829357586801054,1.0147132231072704
4ZL5KtH01eQ,train,Dataset_Shard_0000000_0099999,2,50,3.8904391384124755,3.3475749492645264,7.4438617706298835,0.5637982302295919,-0.41236162174493074,0.15987396627664566,3.035361847737674
4ZL5KtH01eQ,train,Dataset_Shard_0000000_0099999,5,50,4.563631731271744,3.7706958055496216,7.8826428890228275,0.6309390943877551,-0.06886563386768102,-0.1094405397772789,1.1657039140540337
4ZL5KtH01eQ,train,Dataset_Shard_0000000_0099999,10,50,4.5602004432678225,4.081650495529175,7.652960252761842,0.6417211415816326,-0.014944686889648437,-0.725214414121583,-31.56043412477688
4bA4M-spkoI,test,Dataset_Shard_0000000_0099999,1,50,2.996327341794968,2.8653441667556763,5.059019899368287,0.4306664540816327,-0.02918764479458332,-0.16160678781569005,12.121049087417369
4bA4M-spkoI,test,Dataset_Shard_0000000_0099999,2,50,3.8984768944978714,3.6779428720474243,6.755908727645875,0.49283322704081634,-0.005272641093470156,0.6664941382780671,7.567537196830594
4bA4M-spkoI,test,Dataset_Shard_0000000_0099999,5,50,4.967227905988693,4.343097686767578,7.900636100769043,0.5796735491071429,0.029125035628676414,0.12822713524103166,6.800899262875081
4bA4M-spkoI,test,Dataset_Shard_0000000_0099999,10,50,5.182147796154022,4.972195386886597,7.61524591445923,0.6253128985969387,0.0045980207528918985,-0.8795247108489275,-28.858949198033002
4ciVQzZxNkk,train,Dataset_Shard_0000000_0099999,1,50,3.216374361887574,2.4677419662475586,6.573994016647339,0.4354288903061224,-0.1369658622893621,0.28586123981513084,27.883974636646062
4ciVQzZxNkk,train,Dataset_Shard_0000000_0099999,2,50,2.794471051096916,1.997426688671112,5.367818546295168,0.42134685905612246,0.03817040998488665,0.010863999999128283,18.746389313194356
4ciVQzZxNkk,train,Dataset_Shard_0000000_0099999,5,50,4.8854504227638245,4.302138328552246,9.736093330383301,0.5527491230867347,-0.11928401559591294,0.2037074576225132,-9.603865962111538
4ciVQzZxNkk,train,Dataset_Shard_0000000_0099999,10,50,5.708418638706207,5.98251485824585,9.357607364654541,0.5812033641581632,0.020735977813601494,0.25690192271023987,-0.4964623587640949
4xuwsEvzX1g,train,Dataset_Shard_0000000_0099999,1,50,2.8118818366527556,2.7517958879470825,4.322308397293091,0.6279830994897959,0.020670510260388256,0.22518595485948026,9.975013282792453
4xuwsEvzX1g,train,Dataset_Shard_0000000_0099999,2,50,3.328681273460388,2.9626028537750244,5.509247350692749,0.6625099649234695,0.07968196853995323,0.12249086350435391,27.29479516852192
4xuwsEvzX1g,train,Dataset_Shard_0000000_0099999,5,50,4.404035319089889,4.487759351730347,7.2440025329589846,0.6979061702806122,0.12999678595922887,0.029490858651697635,-4.676876116052803
4xuwsEvzX1g,train,Dataset_Shard_0000000_0099999,10,50,5.605176515579224,5.182452917098999,7.569284725189209,0.7714066485969387,0.5442294663190842,0.5385738832270727,29.348608632440218
51bXx1vyjBE,train,Dataset_Shard_0000000_0099999,1,50,3.49142136991024,2.081972599029541,9.26636610031128,0.43086774553571433,0.03398466864135116,0.1957540079788305,-5.9490594740875595
51bXx1vyjBE,train,Dataset_Shard_0000000_0099999,2,50,4.66064698010683,2.7966721057891846,11.08176555633545,0.5513851243622448,0.24854469551704825,0.07353407648508437,-13.035349849473562
51bXx1vyjBE,train,Dataset_Shard_0000000_0099999,5,50,5.35719895362854,4.10558557510376,10.635532093048097,0.6355743781887755,-0.3216513331234455,0.07995907105505466,-8.527310842839842
51bXx1vyjBE,train,Dataset_Shard_0000000_0099999,10,50,5.6111019092798236,3.884720206260681,11.040835666656495,0.638577806122449,0.05681922938674688,-0.07527812500484288,-10.2592675303906
59_VE9iR-fE,train,Dataset_Shard_0000000_0099999,1,50,5.519123723506928,5.057451486587524,8.953246879577637,0.7165178571428571,0.15314090671483427,-0.21305382654070854,32.744245106161095
59_VE9iR-fE,train,Dataset_Shard_0000000_0099999,2,50,6.796356058120727,6.97865104675293,10.226188564300537,0.8001996970663265,-0.1467298865877092,0.6306889978051186,13.650020174975502
59_VE9iR-fE,train,Dataset_Shard_0000000_0099999,5,50,6.577599091529846,6.968333721160889,9.999990463256836,0.7984865274234694,0.07460447739809752,0.28943138480186464,-1.4396227637591266
59_VE9iR-fE,train,Dataset_Shard_0000000_0099999,10,50,7.413953967094422,6.898720741271973,10.31988286972046,0.8661491549744897,0.08633228862658143,-0.277059448286891,-2.0924203375067707
5Cq1OqWFAzw,test,Dataset_Shard_0000000_0099999,1,50,2.09042738199234,1.5438059568405151,4.198933839797974,0.34549824617346936,-0.13972741642966865,0.11855988445226102,4.742937478873071
5Cq1OqWFAzw,test,Dataset_Shard_0000000_0099999,2,50,2.8184221071004867,1.9880716800689697,5.239678859710695,0.3771711575255102,-0.06342957735061645,0.18866985408822073,26.41543814527499
5Cq1OqWFAzw,test,Dataset_Shard_0000000_0099999,5,50,3.377760918736458,2.2685714960098267,8.189623165130616,0.4553093112244898,-0.00833535062149167,0.22542558521032333,18.655747412357428
5Cq1OqWFAzw,test,Dataset_Shard_0000000_0099999,10,50,5.157752853035927,3.4247149229049683,11.000572681427002,0.561273118622449,-0.09488022042438388,-0.26349069831892846,-28.834489344836946
5GLtwzZw3tc,train,Dataset_Shard_0000000_0099999,1,50,3.971306530542788,3.966972589492798,8.152627754211426,0.5382704878826531,-0.3052233615534169,0.42298989791292113,11.574097758435087
5GLtwzZw3tc,train,Dataset_Shard_0000000_0099999,2,50,4.550566332768649,4.778462171554565,7.8274092197418215,0.5752367665816327,-0.11659490262434702,0.12253638229609351,16.210432788635636
5GLtwzZw3tc,train,Dataset_Shard_0000000_0099999,5,50,5.890019991397858,6.086063861846924,9.638129806518556,0.6666242825255102,-0.2406055149133317,0.27170207738876345,22.28939732560826
5GLtwzZw3tc,train,Dataset_Shard_0000000_0099999,10,50,6.3059844141453505,6.18279767036438,9.742565727233886,0.6697684151785714,0.03833604506449774,0.04469943530857563,-14.232452542698406
5HzD-gmSlU0,train,Dataset_Shard_0000000_0099999,1,50,4.812548033595085,3.4615180492401123,11.570100402832033,0.6565421715561225,0.05260064940899611,-0.5467323257029056,-11.028694001784798
5HzD-gmSlU0,train,Dataset_Shard_0000000_0099999,2,50,7.642855850458145,5.628681421279907,17.247823333740236,0.6933518016581632,0.055988198220729826,-0.5702474324079231,2.7861289529327884
5HzD-gmSlU0,train,Dataset_Shard_0000000_0099999,5,50,11.843573343753814,11.981287956237793,23.552975845336917,0.7414783960459184,-0.04760286569595337,-1.591921564564109,-11.907760311485227
5HzD-gmSlU0,train,Dataset_Shard_0000000_0099999,10,50,12.51561892747879,14.218015670776367,19.266173744201662,0.7775027901785714,0.003580404222011566,0.29494795739650725,-4.66048270047645
5ITYjnz12-Y,train,Dataset_Shard_0000000_0099999,1,50,3.6868909859657286,2.934460163116455,6.115094137191773,0.4854296875,-0.5060423425026238,0.16260393884032964,-0.6045440997856929
5ITYjnz12-Y,train,Dataset_Shard_0000000_0099999,2,50,4.5740501809120175,4.129241228103638,6.916045379638672,0.5596197385204081,0.08705341804772615,0.36611221469938754,14.694209495312474
5ITYjnz12-Y,train,Dataset_Shard_0000000_0099999,5,50,5.349804124832153,5.055593729019165,9.198989963531494,0.6029061702806122,0.24104447335004806,0.3942585641145706,12.96431743860291
5ITYjnz12-Y,train,Dataset_Shard_0000000_0099999,10,50,5.31209174156189,4.983302354812622,7.6727992534637455,0.5954994419642857,0.16757127229124308,-0.059304676577448846,-9.986733067091274
5USYVhzhMes,train,Dataset_Shard_0000000_0099999,1,50,2.32677113622427,1.338850736618042,4.644016981124883,0.38917570153061226,0.0644883679060149,0.02515237931162119,12.069828377361473
5USYVhzhMes,train,Dataset_Shard_0000000_0099999,2,50,3.441983099617064,1.9419966340065002,9.350673484802247,0.5191035554846939,-0.1267315255338326,-0.09189001047052443,-21.82355172852819
5USYVhzhMes,train,Dataset_Shard_0000000_0099999,5,50,4.465218484550714,2.162805914878845,10.840164852142335,0.5973190369897959,0.24462238458916544,-0.22337117943912743,5.481749222531667
5USYVhzhMes,train,Dataset_Shard_0000000_0099999,10,50,5.751927601099014,5.151066064834595,10.485471630096436,0.7176630261479592,-0.2393532444536686,0.4913256302475929,24.518440351166017
5oBOMUXaJwc,test,Dataset_Shard_0000000_0099999,1,50,3.3440413349866867,3.1327966451644897,6.346523189544678,0.4228093112244898,0.03579379364848137,-0.12496447182260453,2.4845383868031745
5oBOMUXaJwc,test,Dataset_Shard_0000000_0099999,2,50,3.55836669832468,3.5864059925079346,6.022112655639648,0.44155851403061225,0.16243214888963847,0.3154967234842479,-11.508717732012764
5oBOMUXaJwc,test,Dataset_Shard_0000000_0099999,5,50,4.157749810218811,3.930225968360901,7.312998628616333,0.5161029177295918,0.4888545426726341,0.21471239482983948,17.59224925209919
5oBOMUXaJwc,test,Dataset_Shard_0000000_0099999,10,50,3.971349718570709,3.340492844581604,7.664073371887207,0.49759805484693875,0.052164919525384906,-0.09209005177021026,-2.284389256422044
5sNeoy5PKug,train,Dataset_Shard_0000000_0099999,1,50,2.913562136888504,2.4847023487091064,4.94721827507019,0.49373286033163266,0.1427475743740797,0.24541910781525075,4.555755358792607
5sNeoy5PKug,train,Dataset_Shard_0000000_0099999,2,50,3.28837939620018,2.7548340559005737,5.930694723129273,0.49576251594387755,0.28037833612412216,0.23344524428248406,21.51392899169678
5sNeoy5PKug,train,Dataset_Shard_0000000_0099999,5,50,3.8355845999717713,3.48872172832489,6.082396459579468,0.553835299744898,-0.08075897336471825,0.1440413736179471,11.969073154822818
5sNeoy5PKug,train,Dataset_Shard_0000000_0099999,10,50,4.485646971464157,3.888767719268799,8.402934741973876,0.6183143335459184,-0.08410033710300922,0.08917734448798001,19.652794335585103
5smiMjCVrkg,train,Dataset_Shard_0000000_0099999,1,50,2.3020691791176797,1.631339430809021,5.348637628555298,0.40822624362244897,-0.3877052464336157,0.53611592839472,36.04964675911952
5smiMjCVrkg,train,Dataset_Shard_0000000_0099999,2,50,2.2590731132030486,1.4380890130996704,5.383679676055908,0.40234375,-0.5414833417534828,0.19225344971520827,23.41908106267251
5smiMjCVrkg,train,Dataset_Shard_0000000_0099999,5,50,2.789493392109871,2.2155680656433105,5.406092357635498,0.4417103794642857,0.003908255081623793,0.3145546261666459,14.752868478063531
5smiMjCVrkg,train,Dataset_Shard_0000000_0099999,10,50,3.704522463083267,3.038953423500061,7.022036266326906,0.5207122927295919,-0.1117394134402275,0.17382461797446014,21.504795627690534
6KzSnrEFKlU,train,Dataset_Shard_0000000_0099999,1,50,2.2274674266576766,0.5439254641532898,8.581814861297612,0.31942801339285715,0.13351444950327276,0.12142777313478291,26.698721763819957
6KzSnrEFKlU,train,Dataset_Shard_0000000_0099999,2,50,2.2402952027320864,0.8231984972953796,8.662369060516358,0.3394399713010204,0.23379195573361358,-0.035897217765450476,16.36396717860781
6KzSnrEFKlU,train,Dataset_Shard_0000000_0099999,5,50,2.906966198682785,1.078888177871704,12.982359218597413,0.38265983737244896,0.212293997425586,0.3267696971772239,25.659260527236096
6KzSnrEFKlU,train,Dataset_Shard_0000000_0099999,10,50,3.9138574427366257,1.3696619868278503,12.227292919158938,0.49000837053571433,0.04830476365983486,-0.10466343292966485,17.791394388480956
6QNI1KTP-uA,train,Dataset_Shard_0000000_0099999,1,50,3.567770640850067,2.9058079719543457,6.815561819076539,0.49739676339285716,0.010759030133485795,-0.11157820135354996,-8.396491000485952
6QNI1KTP-uA,train,Dataset_Shard_0000000_0099999,2,50,4.03945837020874,2.9108519554138184,9.281421756744384,0.5320731026785714,-0.013908703280612826,-0.022149218767881392,15.427444914151781
6QNI1KTP-uA,train,Dataset_Shard_0000000_0099999,5,50,4.762045637369156,3.680810809135437,9.622993469238281,0.5992474489795918,0.014380084648728371,0.3614622239768505,14.890142822638005
6QNI1KTP-uA,train,Dataset_Shard_0000000_0099999,10,50,6.1035075378417964,5.124669551849365,10.489181613922119,0.6824182876275511,0.04200884658843279,-0.13108077827841044,-3.5570671916345176
6QeMNsQww3A,train,Dataset_Shard_0000000_0099999,1,50,8.016018147468566,8.012194395065308,12.353901958465576,0.9954177295918367,0.8650951956957579,-0.7975316096842289,-10.704314003318512
6QeMNsQww3A,train,Dataset_Shard_0000000_0099999,2,50,8.473737444877624,8.292469024658203,11.394081783294679,0.9952746332908162,0.16339698796160518,-0.4286121055483818,0.23272688016732332
6QeMNsQww3A,train,Dataset_Shard_0000000_0099999,5,50,8.170541191101075,7.749124050140381,10.915314292907716,0.9966310586734695,-0.17901856373995542,-0.5184678203612566,-12.199059620394843
6QeMNsQww3A,train,Dataset_Shard_0000000_0099999,10,50,7.699053087234497,7.351961374282837,9.942972469329835,0.9966222895408162,-0.729798325151205,-0.41475705295801163,9.202193115967477
6mmq34Ib8xg,train,Dataset_Shard_0000000_0099999,1,50,2.8961349749565124,2.2357221841812134,5.36011085510254,0.4479276945153061,-0.028351016417145727,-0.4292099817097187,-16.879972244770318
6mmq34Ib8xg,train,Dataset_Shard_0000000_0099999,2,50,4.271979202032089,3.6768276691436768,7.993779230117798,0.5990700733418367,-0.12671371714212,0.1975947723351419,-0.32981362568631367
6mmq34Ib8xg,train,Dataset_Shard_0000000_0099999,5,50,5.321812872886658,4.86859393119812,8.571564197540283,0.6657102997448979,-0.048596669882535935,0.5131205938756466,13.297830219302769
6mmq34Ib8xg,train,Dataset_Shard_0000000_0099999,10,50,5.787591559886932,5.222559690475464,8.942550659179688,0.7160526945153062,-0.2628096444159746,0.32921402527019383,1.0946357482080455
6oSMlrVPW8w,train,Dataset_Shard_0000000_0099999,1,50,1.4495729088783265,0.8952823281288147,2.989328193664551,0.30727758290816326,0.2483977285772562,0.07664263234473764,24.893266703937087
6oSMlrVPW8w,train,Dataset_Shard_0000000_0099999,2,50,1.911343078017235,1.5955509543418884,3.672210121154785,0.3688803411989796,0.09055708602070808,0.10711772423237562,-6.6180353496923745
6oSMlrVPW8w,train,Dataset_Shard_0000000_0099999,5,50,2.0088398879766465,1.5913967490196228,4.224129247665405,0.3838233418367347,0.13816110071493312,-0.016854164716787638,5.153245100359509
6oSMlrVPW8w,train,Dataset_Shard_0000000_0099999,10,50,3.2710781091451646,3.0703545808792114,5.340219831466675,0.5081600765306122,0.04793331726454198,-0.1479647645447403,-1.1582881697965661
6rdUDJMfJQc,train,Dataset_Shard_0000000_0099999,1,50,2.1280590468645095,1.913483202457428,4.042109727859497,0.3716466039540816,-0.07400425719097256,0.16811456753872334,13.475702225248321
6rdUDJMfJQc,train,Dataset_Shard_0000000_0099999,2,50,2.970588392019272,2.488275647163391,5.375083398818971,0.41909000318877554,0.024003781909123063,0.1894684448838234,15.014892907902055
6rdUDJMfJQc,train,Dataset_Shard_0000000_0099999,5,50,3.2345866286754608,2.6730910539627075,5.239880228042603,0.4585499043367347,-0.14070389691740273,-0.11882476782426238,2.021331940189418
6rdUDJMfJQc,train,Dataset_Shard_0000000_0099999,10,50,4.334480948448181,3.772780418395996,7.497688388824463,0.5545157047193877,-0.15402158711105585,0.07182287327945232,28.766906491171426
6s1nSHVMZwM,train,Dataset_Shard_0000000_0099999,1,50,5.351658633355982,4.946497201919556,9.061063480377198,0.5904783163265307,-0.10092041740659624,-0.090733016666818,-0.6260773346557628
6s1nSHVMZwM,train,Dataset_Shard_0000000_0099999,2,50,5.761563183069229,5.77936863899231,9.331269931793212,0.6315904017857144,-0.3817474443465471,-1.0740584685653447,-36.83263395339138
6s1nSHVMZwM,train,Dataset_Shard_0000000_0099999,5,50,7.994551203250885,8.192901611328125,12.21520175933838,0.7473796237244897,0.034519580779597166,-0.2057718050479889,8.062275494230702
6s1nSHVMZwM,train,Dataset_Shard_0000000_0099999,10,50,7.668179634809494,7.066504001617432,12.649882888793945,0.734145806760204,0.06425603460986168,0.0118901302292943,0.9597766313128261
6ys4etJ1IFg,train,Dataset_Shard_0000000_0099999,1,50,6.207766516208649,6.023426294326782,10.035732555389405,0.8659235491071429,-0.07688152944669127,-0.15359625563025475,1.7650842119629369
6ys4etJ1IFg,train,Dataset_Shard_0000000_0099999,2,50,7.953215463161468,7.819385766983032,11.264206504821779,0.9050681600765306,0.09884143523871898,0.8842365777865052,3.2960622988743493
6ys4etJ1IFg,train,Dataset_Shard_0000000_0099999,5,50,8.612082009315492,9.262319087982178,11.784900569915772,0.9178954081632653,-0.4639332056045532,0.40436783373355867,15.728238280744975
6ys4etJ1IFg,train,Dataset_Shard_0000000_0099999,10,50,7.966872515678406,8.315380573272705,9.90065441131592,0.9135674426020408,0.024802565528079867,-0.7644278210774064,-3.827181531883241
77rVIqWlxNU,train,Dataset_Shard_0000000_0099999,1,50,1.2058256965875627,0.7256135940551758,2.624212718009949,0.2609665975765306,-0.06031034225714393,-0.04306303311139345,-20.35835273252167
77rVIqWlxNU,train,Dataset_Shard_0000000_0099999,2,50,1.2778168240189551,0.9258425235748291,2.7214463949203496,0.2584944993622449,-0.04149761616485193,0.005391487260349095,25.707669586602595
77rVIqWlxNU,train,Dataset_Shard_0000000_0099999,5,50,2.1557315771281718,1.3037203550338745,3.5855277538299566,0.3223947704081633,0.42559356583282354,-0.23276481214987144,-21.239700293978345
77rVIqWlxNU,train,Dataset_Shard_0000000_0099999,10,50,2.407362797856331,2.1493698358535767,4.572308158874513,0.37458904655612246,0.2355660229176283,0.07241986349225044,19.57400620175506
79n77IIyriY,train,Dataset_Shard_0000000_0099999,1,50,4.244837670326233,3.9314873218536377,7.8811098575592045,0.4838066007653061,0.08981505133211613,0.25287573486566545,-4.979575999397759
79n77IIyriY,train,Dataset_Shard_0000000_0099999,2,50,4.595036477148533,3.730868339538574,8.27378616333008,0.5099752869897959,-0.10980919691850431,0.06821213033050298,4.420458682743096
79n77IIyriY,train,Dataset_Shard_0000000_0099999,5,50,5.745551937520504,5.677834987640381,9.44177122116089,0.5645750956632652,0.12853224597056395,0.22058965134434402,2.353661501826187
79n77IIyriY,train,Dataset_Shard_0000000_0099999,10,50,6.311218447685242,5.805285692214966,9.566335010528565,0.6070719068877551,0.14274320526048542,-0.130000361725688,-18.872339248923094
7HV-wL3jJ5U,val,Dataset_Shard_0000000_0099999,1,50,1.1332026103138924,0.828803539276123,2.250855302810669,0.23014349489795918,-0.04445657060481608,0.07557246109325205,-0.47323724404412587
7HV-wL3jJ5U,val,Dataset_Shard_0000000_0099999,2,50,1.1911930859088897,1.0543935298919678,2.6958734035491942,0.23048110650510203,0.06749293679138646,0.10436885113478639,1.4304797679122396
7HV-wL3jJ5U,val,Dataset_Shard_0000000_0099999,5,50,1.6534798002243043,1.5478312969207764,2.950669050216675,0.2663739636479592,0.028596677854657172,-0.014493023194372654,-23.6012831945066
7HV-wL3jJ5U,val,Dataset_Shard_0000000_0099999,10,50,1.8151331967115403,1.768336296081543,3.2923221588134766,0.2737563775510204,0.16878924563527106,0.1154363413900137,-14.325193191212984
7Uke7HVpaeA,train,Dataset_Shard_0000000_0099999,1,50,3.146811774969101,2.5765026807785034,5.519231510162354,0.4828431919642857,0.4144913239777088,-0.2511850815266371,-27.50412912915751
7Uke7HVpaeA,train,Dataset_Shard_0000000_0099999,2,50,4.44836222410202,4.252597332000732,7.66860637664795,0.5374174904336735,0.22625115439295768,-0.10201850488781929,-13.322406805577659
7Uke7HVpaeA,train,Dataset_Shard_0000000_0099999,5,50,5.265034611225128,5.224776744842529,7.797740697860718,0.6106134406887755,0.0526331527903676,-0.24645021133124828,-3.6446612747351166
7Uke7HVpaeA,train,Dataset_Shard_0000000_0099999,10,50,5.880992975234985,5.159491539001465,10.326702022552494,0.6317474489795919,0.28519445937126875,0.008489332497119903,3.2574046483054673
7ZUOn2pZRls,train,Dataset_Shard_0000000_0099999,1,50,1.5537954300642014,0.9762389361858368,2.833365631103517,0.30374920280612244,0.14463970877230167,0.11019512766506523,-4.404343174756914
7ZUOn2pZRls,train,Dataset_Shard_0000000_0099999,2,50,2.235738648176193,1.564036250114441,4.478707265853884,0.3949549585459184,-0.10564734799787402,-0.1748489552922547,-26.524360469634356
7ZUOn2pZRls,train,Dataset_Shard_0000000_0099999,5,50,3.017904730439186,2.17003333568573,6.946935844421387,0.45583705357142856,0.05814766883850098,-0.09824548274744302,6.811244080786996
7ZUOn2pZRls,train,Dataset_Shard_0000000_0099999,10,50,3.0901800811290743,1.9423900246620178,6.466758346557619,0.4694610969387755,-0.19015273932367563,0.1862332682684064,13.690802917891608
7erD56xKJaM,train,Dataset_Shard_0000000_0099999,1,50,6.875310108363628,7.374039173126221,11.757844829559327,0.8439369419642857,0.32969083055853843,-0.06824541497975588,-6.286218608169739
7erD56xKJaM,train,Dataset_Shard_0000000_0099999,2,50,8.634790698289871,9.021514892578125,11.517721939086915,0.9294595025510205,-0.7490782169252634,-0.328649739921093,-1.1361050489346973
7erD56xKJaM,train,Dataset_Shard_0000000_0099999,5,50,9.208857259750367,9.00495719909668,11.676726722717286,0.9708282844387754,-0.4543620628118515,-0.007517866492271423,14.956122537540615
7erD56xKJaM,train,Dataset_Shard_0000000_0099999,10,50,9.253139028549194,8.941650390625,11.597644233703614,0.973133769132653,0.3323018857836723,-0.06377201944589615,-3.4390856227155764
7nFvvB200qQ,train,Dataset_Shard_0000000_0099999,1,50,2.8835873076319696,2.3153833150863647,4.79462275505066,0.4540967793367347,0.2796911117434502,-0.17293665413744747,-19.97841462956092
7nFvvB200qQ,train,Dataset_Shard_0000000_0099999,2,50,3.24154989361763,2.648722767829895,5.622661685943604,0.5075043845663265,-0.16443954851478337,-0.10392226618714631,6.457115852421664
7nFvvB200qQ,train,Dataset_Shard_0000000_0099999,5,50,4.64248046875,3.7145553827285767,9.123156642913818,0.5694882015306123,0.39959146451205013,-0.25386775232851505,-6.528005907699495
7nFvvB200qQ,train,Dataset_Shard_0000000_0099999,10,50,4.377768743038177,3.42734158039093,8.767031860351564,0.549557955994898,-0.3000230404734612,-0.19295269150286912,6.577329750633905
7nYRFn4c0B8,train,Dataset_Shard_0000000_0099999,1,50,2.6426911759376526,1.9132900834083557,6.741213893890381,0.4529974489795919,-0.07309365850524045,-0.10623749481979758,-20.283215253402524
7nYRFn4c0B8,train,Dataset_Shard_0000000_0099999,2,50,2.9684388184547426,2.066609263420105,7.062685203552247,0.47847536670918367,0.005293746602255851,0.20194467850029468,8.852163692194956
7nYRFn4c0B8,train,Dataset_Shard_0000000_0099999,5,50,5.101272784471512,2.8330308198928833,11.513596439361573,0.5593857621173469,0.2830517914891243,-0.21803054913878442,16.291506934215132
7nYRFn4c0B8,train,Dataset_Shard_0000000_0099999,10,50,4.6932136809825895,2.994775891304016,9.630684089660646,0.6289337531887755,-0.019415877405554057,-0.26080019406974314,1.5513061065474205
7tf2BC4mC8s,train,Dataset_Shard_0000000_0099999,1,50,1.2979845190048218,1.0432012677192688,2.663749432563782,0.291214524872449,-0.11189864289015532,0.22532509216893232,30.111292365269314
7tf2BC4mC8s,train,Dataset_Shard_0000000_0099999,2,50,1.8182509207725526,1.689415991306305,3.215740013122559,0.32241031568877554,0.05150823725387454,0.18076987042222753,24.750049986365546
7tf2BC4mC8s,train,Dataset_Shard_0000000_0099999,5,50,2.6915928328037264,2.090633988380432,4.925106620788576,0.3443439094387755,0.06989742700010539,0.23230626598000526,17.02208163960337
7tf2BC4mC8s,train,Dataset_Shard_0000000_0099999,10,50,3.1063086199760437,3.0028884410858154,4.964265489578247,0.37499641262755107,0.1417756486684084,0.34937846440821885,14.612064974007806
87ygy8_a7Uk,train,Dataset_Shard_0000000_0099999,1,50,4.375264730453491,4.140142440795898,7.326490736007691,0.6046308992346939,-0.0019826545007526875,0.21887020947411656,-7.315159307528468
87ygy8_a7Uk,train,Dataset_Shard_0000000_0099999,2,50,5.545497770309448,4.836374759674072,8.909508132934572,0.6849382174744898,0.09889219418168067,0.021913120821118355,7.623097881061467
87ygy8_a7Uk,train,Dataset_Shard_0000000_0099999,5,50,6.837582764625549,6.525005578994751,10.468232345581054,0.7537759088010205,0.2729756291769445,0.47337469972670077,21.34583636279185
87ygy8_a7Uk,train,Dataset_Shard_0000000_0099999,10,50,7.917278816699982,8.427112579345703,10.992159271240235,0.8263568239795919,-0.08154148507863283,1.1131163817644119,28.322169127159082
8BgfmtrtmLI,train,Dataset_Shard_0000000_0099999,1,50,1.463158018887043,1.1780573725700378,2.2961201429367075,0.32290856186224487,0.05748170514591038,0.21298301638104022,5.849440000795289
8BgfmtrtmLI,train,Dataset_Shard_0000000_0099999,2,50,1.5336274221539496,1.235158622264862,3.1517698764801025,0.3249541613520408,-0.23204378973226994,0.08208821462467313,9.562521454236366
8BgfmtrtmLI,train,Dataset_Shard_0000000_0099999,5,50,2.5131218349933624,1.6954151391983032,4.319020318984987,0.41502032844387754,-0.07115156488493085,0.269731265231967,11.906193889278132
8BgfmtrtmLI,train,Dataset_Shard_0000000_0099999,10,50,3.3257930409908294,2.418823480606079,7.745696353912354,0.5029874840561225,-0.13544576089829208,0.3867204406112432,18.054225388164156
8Fo-MdmXmBE,train,Dataset_Shard_0000000_0099999,1,50,6.166824851036072,5.3122265338897705,9.737569236755373,0.7916617506377551,0.1538172709941864,-0.6610476156044751,-6.134001641665218
8Fo-MdmXmBE,train,Dataset_Shard_0000000_0099999,2,50,6.95821813583374,6.20167088508606,10.847173118591309,0.7792012117346938,0.17959046900272368,0.2892214002460241,-2.04269044817722
8Fo-MdmXmBE,train,Dataset_Shard_0000000_0099999,5,50,8.46728582382202,8.183207511901855,11.30089807510376,0.8340804368622449,-0.03818030618131161,-0.39795460388064385,-10.267038298774652
8Fo-MdmXmBE,train,Dataset_Shard_0000000_0099999,10,50,9.662392029762268,9.472607612609863,13.50780200958252,0.8619447544642856,0.10181842114776372,-1.4032534112036228,-29.201794969662213
8e9ejcfVQfY,test,Dataset_Shard_0000000_0099999,1,50,3.057915654294193,2.614503026008606,6.424637937545777,0.31259964923469385,0.1821663891337812,0.4918631162928068,17.461358870683412
8e9ejcfVQfY,test,Dataset_Shard_0000000_0099999,2,50,3.8748928439617156,2.5418734550476074,9.264732265472412,0.3460590720663265,0.28433587194187565,-0.160800789562054,4.7405691663426825
8e9ejcfVQfY,test,Dataset_Shard_0000000_0099999,5,50,5.641129759550094,5.488046884536743,10.437685680389405,0.4197572544642857,0.2110796410217881,0.4178789022564888,6.706433543007985
8e9ejcfVQfY,test,Dataset_Shard_0000000_0099999,10,50,6.789142075777054,6.411301612854004,10.90602378845215,0.4873461415816327,0.08242091198451817,-0.38005125970346854,1.7483176325060592
8efNcdaz4zU,train,Dataset_Shard_0000000_0099999,1,50,2.0597942197322845,1.249621331691742,5.290559291839601,0.3229185267857143,0.12910744359716772,-0.24363127167802304,-15.255622610770484
8efNcdaz4zU,train,Dataset_Shard_0000000_0099999,2,50,2.2514355969429016,1.9323694705963135,3.9163735151290897,0.34518295599489796,0.010010040700435638,-0.10949616491794587,2.328351209545701
8efNcdaz4zU,train,Dataset_Shard_0000000_0099999,5,50,2.5979647135734556,2.0799295902252197,4.876219272613526,0.40718271683673474,0.06969105185940862,0.09834485655184835,15.224028081596243
8efNcdaz4zU,train,Dataset_Shard_0000000_0099999,10,50,2.2678240716457365,1.8520672917366028,3.80622992515564,0.3853958067602041,0.20988015323877335,-0.018608503509312868,3.880996265937311
8rYV4ViS9U4,train,Dataset_Shard_0000000_0099999,1,50,1.0790699183940888,0.6275301873683929,2.789881992340088,0.2671392697704082,-0.09126780407503247,0.05636842553503811,2.6797883312224813
8rYV4ViS9U4,train,Dataset_Shard_0000000_0099999,2,50,1.616545328348875,0.7660408318042755,4.60608344078064,0.3012595663265306,0.051094710060860964,-0.08831311479210853,-19.42873364880973
8rYV4ViS9U4,train,Dataset_Shard_0000000_0099999,5,50,2.8392350456118582,1.5794052481651306,6.711339044570923,0.4039241868622449,-0.19705316111445426,0.09831658955663443,-1.3295258641619743
8rYV4ViS9U4,train,Dataset_Shard_0000000_0099999,10,50,3.3939768636226653,1.7543013095855713,7.5599751472473145,0.4771157525510204,-0.018335384260863067,-0.16558833297342063,-2.3494337894655186
91wTIWNvkCg,train,Dataset_Shard_0000000_0099999,1,50,2.31273821413517,1.7174120545387268,5.6610908031463625,0.3841067442602041,0.1956715894676745,-0.11141861512325704,11.664185585716025
91wTIWNvkCg,train,Dataset_Shard_0000000_0099999,2,50,2.425292274951935,2.052919626235962,4.659536838531495,0.4015019132653061,0.0009450459480285644,-0.13914608163759112,6.6962703235204515
91wTIWNvkCg,train,Dataset_Shard_0000000_0099999,5,50,2.4876893764734267,1.904663324356079,5.225566148757935,0.4313647959183673,0.22638507284224033,-0.14122938265092672,-3.1772453516286516
91wTIWNvkCg,train,Dataset_Shard_0000000_0099999,10,50,3.2983777832984926,2.5770554542541504,6.6740400314331065,0.5037484056122449,0.211928819604218,0.0438885659724474,-4.987450077100996
96ChCVGsYPM,train,Dataset_Shard_0000000_0099999,1,50,1.0295533241331578,0.6647818684577942,2.2004212141036987,0.26962292729591836,-0.07027108363807201,0.00010326782241463661,1.8735761222227347
96ChCVGsYPM,train,Dataset_Shard_0000000_0099999,2,50,1.4017783921957017,0.8802279233932495,2.790504717826844,0.299186862244898,0.09125736474059522,0.011345450133085251,23.586643901974302
96ChCVGsYPM,train,Dataset_Shard_0000000_0099999,5,50,2.544978283047676,1.9433479309082031,4.624985456466675,0.40264070471938773,0.2186479777470231,0.13727898057550192,41.518390383342805
96ChCVGsYPM,train,Dataset_Shard_0000000_0099999,10,50,2.5591878455877306,1.6510788202285767,4.531637477874756,0.4023628826530612,0.003217717669904232,0.15228086046874523,0.9427116628828753
9AE2GviExXs,train,Dataset_Shard_0000000_0099999,1,50,4.483910241127014,4.4150307178497314,6.438521814346314,0.7148321906887755,-0.2821813143789768,0.5601910535991191,46.069991877961094
9AE2GviExXs,train,Dataset_Shard_0000000_0099999,2,50,5.51883724451065,5.0444769859313965,8.914125442504883,0.7776654177295919,0.12158994726836682,-0.08819180343300104,1.4019187258799752
9AE2GviExXs,train,Dataset_Shard_0000000_0099999,5,50,6.3052187204360965,6.446179628372192,8.58372449874878,0.8297181919642856,0.3355561777949333,-0.39634360060095786,-6.060421962739168
9AE2GviExXs,train,Dataset_Shard_0000000_0099999,10,50,6.15324824810028,6.223119258880615,8.80985269546509,0.8256082589285714,-0.013860103785991668,0.021740365512669085,14.307654337831071
9MPPZdAWF4U,train,Dataset_Shard_0000000_0099999,1,50,2.0717533308267595,1.3432623744010925,4.2025879383087155,0.3499027423469388,-0.12009084314107894,0.06592753173783422,-5.912024599830606
9MPPZdAWF4U,train,Dataset_Shard_0000000_0099999,2,50,1.9706418651342392,1.3551859259605408,3.4794229269027714,0.3717729591836735,-0.012084425538778304,0.3308386159606744,22.034623554343273
9MPPZdAWF4U,train,Dataset_Shard_0000000_0099999,5,50,2.9772835147380827,2.397730827331543,5.590485525131226,0.43398357780612246,-0.03301229566801339,0.2179142939299345,10.731920366746467
9MPPZdAWF4U,train,Dataset_Shard_0000000_0099999,10,50,3.5708065009117127,3.382990002632141,6.003555822372436,0.49959502551020407,0.04223343554884195,0.0643110005185008,5.512488474713354
9Tq2xbgsGkM,train,Dataset_Shard_0000000_0099999,1,50,4.685717219412327,4.120874881744385,8.582536029815675,0.5943215880102041,0.09021432985551656,0.16882283594459296,-2.5035840715302022
9Tq2xbgsGkM,train,Dataset_Shard_0000000_0099999,2,50,6.529870763421059,7.011865854263306,10.467430686950685,0.7206867825255102,0.3967707684007473,0.545513856858015,13.53942123158308
9Tq2xbgsGkM,train,Dataset_Shard_0000000_0099999,5,50,7.329496235847473,7.703733921051025,9.599661159515382,0.8314983258928571,-0.11524078536778688,-0.1172411946952343,-2.2917192939590616
9Tq2xbgsGkM,train,Dataset_Shard_0000000_0099999,10,50,8.258811585903167,8.246637344360352,10.291592121124268,0.8717562181122449,0.3199346122890711,0.5101230400800705,-6.8360275283389065
9azhMaMU4Eo,test,Dataset_Shard_0000000_0099999,1,50,2.210949295759201,2.112345516681671,3.782234048843385,0.3337539859693877,0.06578224175609648,0.2761856861412525,6.7646254936642665
9azhMaMU4Eo,test,Dataset_Shard_0000000_0099999,2,50,2.4982168459892273,2.3450649976730347,4.7892408847808845,0.3621779336734694,-0.0345850002230145,0.02380570092238486,-2.6861122005662788
9azhMaMU4Eo,test,Dataset_Shard_0000000_0099999,5,50,2.8096408534049986,2.4133055210113525,4.845406103134155,0.39064492984693877,0.0725193153321743,-0.19493086907546966,5.886296668264924
9azhMaMU4Eo,test,Dataset_Shard_0000000_0099999,10,50,3.3004369032382965,2.689302086830139,7.023045444488526,0.43570870535714284,-0.08388657588511705,-0.31028396347537635,9.83795529949873
9lVD-SGOSjg,train,Dataset_Shard_0000000_0099999,1,50,10.991966948509216,10.285532474517822,15.421922969818116,0.9389297672193878,-0.11625672567635775,-0.3081368926167488,13.985894661832265
9lVD-SGOSjg,train,Dataset_Shard_0000000_0099999,2,50,12.38402801513672,11.168270587921143,19.844247817993168,0.9276570471938775,0.16502644658088683,2.227936344742775,-6.107734971199732
9lVD-SGOSjg,train,Dataset_Shard_0000000_0099999,5,50,15.393138122558593,12.453342914581299,20.818187141418463,0.9683589764030613,0.468117557913065,-0.9011506476998329,-4.034760505916198
9lVD-SGOSjg,train,Dataset_Shard_0000000_0099999,10,50,13.09348973274231,11.00397253036499,18.520021057128908,0.9633924585459184,-0.08293624192476273,-0.8897945880889893,-11.316937827488035
9oBVaGfsKf4,train,Dataset_Shard_0000000_0099999,1,50,2.3469825246930123,2.2416577339172363,3.9113689899444584,0.5090202487244898,-0.014993936084210872,0.12807954013347625,0.029784256726559308
9oBVaGfsKf4,train,Dataset_Shard_0000000_0099999,2,50,3.7824363451451064,2.9294800758361816,9.068529605865479,0.559655612244898,-0.08077939979848452,0.14166375906264875,3.1302046165073274
9oBVaGfsKf4,train,Dataset_Shard_0000000_0099999,5,50,3.951571567058563,3.70919406414032,6.263485479354861,0.6203065210459183,0.10442069634795188,-0.2052186055947095,8.171413647387753
9oBVaGfsKf4,train,Dataset_Shard_0000000_0099999,10,50,4.741969434022903,4.53873348236084,7.840289783477783,0.6765098852040816,0.19730779327452183,-0.20160560822114348,-13.094197479925162
9vQKn6w95ow,train,Dataset_Shard_0000000_0099999,1,50,7.943712320327759,7.837295293807983,11.188056087493896,0.8447520727040816,0.3695368993282318,0.28751177169382575,14.19822053413021
9vQKn6w95ow,train,Dataset_Shard_0000000_0099999,2,50,8.520138821601869,8.115747451782227,12.305904865264893,0.8866984215561224,-0.05699133187532425,-1.348876982368529,-34.856508878850335
9vQKn6w95ow,train,Dataset_Shard_0000000_0099999,5,50,8.981883196830749,8.473168849945068,13.153202629089357,0.9034773596938775,0.7562546749413014,0.09246762871742248,-9.230453755910226
9vQKn6w95ow,train,Dataset_Shard_0000000_0099999,10,50,8.422754220962524,8.355787754058838,11.951757621765138,0.9017410714285714,0.6820951989293098,-0.7525794169306755,-11.91611950335115
9yQHxxtlxt4,train,Dataset_Shard_0000000_0099999,1,50,2.656085416674614,1.7018030881881714,3.326912117004395,0.40168088329081636,0.07590233196504415,-0.11469590554013848,10.28032555506185
9yQHxxtlxt4,train,Dataset_Shard_0000000_0099999,2,50,2.597814427614212,1.9814404249191284,4.401016283035278,0.4149154974489796,-0.03364974781870842,0.03310507878661156,6.482697866856743
9yQHxxtlxt4,train,Dataset_Shard_0000000_0099999,5,50,3.478219828605652,2.661577343940735,5.982339954376221,0.4660483099489796,-0.20134935850277544,0.20543794929981232,-13.936210880313151
9yQHxxtlxt4,train,Dataset_Shard_0000000_0099999,10,50,3.077432336807251,2.8493235111236572,5.1287586212158205,0.46029456313775513,-0.1592983345501125,-0.0688573451153934,-16.278808538555694
A2dimG5cbgc,train,Dataset_Shard_0000000_0099999,1,50,2.552594421505928,2.2208077907562256,4.969435834884644,0.3283266900510204,0.14313371811062098,0.06598941238597035,6.984767674429569
A2dimG5cbgc,train,Dataset_Shard_0000000_0099999,2,50,3.015576272010803,2.3293837308883667,5.660059309005738,0.35171157525510205,0.3652145992964506,0.18434873819351197,20.8466226948029
A2dimG5cbgc,train,Dataset_Shard_0000000_0099999,5,50,4.258433818817139,3.3471224308013916,8.76313829421997,0.4279834980867347,0.03948155000805855,-0.28508399609476326,-20.029851605944014
A2dimG5cbgc,train,Dataset_Shard_0000000_0099999,10,50,4.109655952453613,3.7290401458740234,7.231889390945436,0.47487882653061225,0.1145799308270216,-0.10742053925991059,-5.171143265997808
AE1Dd0KPmlw,train,Dataset_Shard_0000000_0099999,1,50,2.956738420203328,1.0641558766365051,9.018471336364748,0.42681281887755107,-0.2230900295358151,0.5881748024001717,18.339383960778274
AE1Dd0KPmlw,train,Dataset_Shard_0000000_0099999,2,50,5.3666651618480685,4.7622716426849365,10.768797397613525,0.6102331792091836,0.2860589638724923,0.061159123685210946,-3.4291943624275705
AE1Dd0KPmlw,train,Dataset_Shard_0000000_0099999,5,50,4.658324356079102,4.262796401977539,10.589460849761963,0.5668622448979592,0.3572771054483019,0.1751862379722297,11.19993550632312
AE1Dd0KPmlw,train,Dataset_Shard_0000000_0099999,10,50,5.006104090213776,4.829995393753052,10.061166954040527,0.6080859375,0.03890987468883395,0.3157804742269218,11.391574203040753
AG0EifkPvGY,train,Dataset_Shard_0000000_0099999,1,50,4.736912276744842,4.795669317245483,8.115003204345703,0.7212157206632653,0.24449339071288706,-0.09278525814414024,-24.15109717091751
AG0EifkPvGY,train,Dataset_Shard_0000000_0099999,2,50,6.192047227025032,6.5629425048828125,8.527143955230713,0.8113372927295919,-0.2003010266693309,-0.22722138332203032,-3.039192934550136
AG0EifkPvGY,train,Dataset_Shard_0000000_0099999,5,50,7.143475008010864,6.969537973403931,9.227414989471436,0.9110574776785714,-0.07964739874005318,0.18965397514402865,2.3101548892031776
AG0EifkPvGY,train,Dataset_Shard_0000000_0099999,10,50,7.2935696840286255,7.510167837142944,8.795069980621339,0.893451849489796,0.07928912982344627,0.030635479986667633,-7.056359552453281
AKC7bYyldHo,train,Dataset_Shard_0000000_0099999,1,50,1.0255581322312355,0.6732586920261383,2.104077768325806,0.21409917091836736,-0.06820226877229288,0.14263829246163368,27.163212067822244
AKC7bYyldHo,train,Dataset_Shard_0000000_0099999,2,50,1.9434939405322076,0.8186583817005157,5.731094646453857,0.3007342155612245,-0.15630392596125603,0.09693917453289032,24.763801224117575
AKC7bYyldHo,train,Dataset_Shard_0000000_0099999,5,50,1.535816728770733,1.2239435911178589,2.7354605913162233,0.24165617028061223,-0.07793835903517903,0.1594795399531722,15.194883455224964
AKC7bYyldHo,train,Dataset_Shard_0000000_0099999,10,50,1.5776701015233994,1.1612937450408936,2.495383977890015,0.25839963329081633,0.00045327650383114815,0.005809619314968586,33.466310791719394
AOHQ0aYQ4QI,train,Dataset_Shard_0000000_0099999,1,50,1.4663689506053925,1.1130639016628265,2.9593396186828618,0.33900470344387756,-0.0598633687896654,0.05663285255432129,16.54037949408885
AOHQ0aYQ4QI,train,Dataset_Shard_0000000_0099999,2,50,1.8363798618316651,1.318383276462555,3.211198616027832,0.4097437021683673,0.03004218276590109,0.03810977314482443,-14.077381340601418
AOHQ0aYQ4QI,train,Dataset_Shard_0000000_0099999,5,50,3.0226638782024384,2.156242847442627,7.098319482803345,0.5077885841836735,0.04671154655748978,0.3625747021660209,3.5339109780785067
AOHQ0aYQ4QI,train,Dataset_Shard_0000000_0099999,10,50,3.4583433014154434,2.59979784488678,7.251244878768921,0.5816912468112245,-0.11584362979978323,-0.07919280931353569,-14.940851472366717
AQ_qy4s9-58,train,Dataset_Shard_0000000_0099999,1,50,4.274285445213318,3.4531294107437134,7.815348958969117,0.5965469547193877,-0.11951998703181743,0.05122113782446831,16.124901094775804
AQ_qy4s9-58,train,Dataset_Shard_0000000_0099999,2,50,5.181467368602752,4.461870193481445,9.4766282081604,0.6180974968112245,0.2836745213717222,-0.08039784979075193,6.798628880352828
AQ_qy4s9-58,train,Dataset_Shard_0000000_0099999,5,50,6.467113928794861,6.114667892456055,10.05422830581665,0.6824107142857143,-0.1416999575588852,-0.2943483182042837,13.953879137225668
AQ_qy4s9-58,train,Dataset_Shard_0000000_0099999,10,50,6.776079294681549,7.213028430938721,10.666725063323975,0.6821010044642857,0.1409358911216259,-0.6084939369559288,-33.92786292616286
AXEbpZ0lhEM,train,Dataset_Shard_0000000_0099999,1,50,3.5144809746742247,3.1534026861190796,5.594611167907716,0.6677020886479592,-0.08798396962170955,-0.24026789277791977,-35.082555184233215
AXEbpZ0lhEM,train,Dataset_Shard_0000000_0099999,2,50,4.403651920557022,4.0683677196502686,7.060836839675904,0.6949864477040816,-0.0027764275297522544,0.1214831542596221,3.270862046719833
AXEbpZ0lhEM,train,Dataset_Shard_0000000_0099999,5,50,5.314536874294281,4.927072286605835,7.8738014698028564,0.7576654177295918,0.11345735847949982,-0.20820188403129578,-30.750308596347008
AXEbpZ0lhEM,train,Dataset_Shard_0000000_0099999,10,50,6.608412265777588,6.181628465652466,9.631586647033693,0.7934494579081632,-0.3456748254597187,0.04269828200340271,1.5579701299186144
Al4Q6ORp6CQ,val,Dataset_Shard_0000000_0099999,1,50,2.6034990042448043,2.2973016500473022,4.409996604919434,0.4682095025510204,0.031030561439692975,-0.27800954894162716,-25.204049955308818
Al4Q6ORp6CQ,val,Dataset_Shard_0000000_0099999,2,50,4.090176081061363,3.1715118885040283,9.556800270080567,0.5376977040816326,0.3186647158116102,-0.3080756033584475,-11.700043230960976
Al4Q6ORp6CQ,val,Dataset_Shard_0000000_0099999,5,50,5.308135005235672,4.05949854850769,9.929515933990478,0.6529759247448979,-0.06389374919235706,0.23575441010296344,-4.156171251462154
Al4Q6ORp6CQ,val,Dataset_Shard_0000000_0099999,10,50,5.337194998264312,4.221750497817993,10.429546356201172,0.6414477040816327,0.49147518128156664,0.26438270557671784,0.08281364933474179
Aw4Vaqqq_Eg,train,Dataset_Shard_0000000_0099999,1,50,1.8021144561469555,0.5985836684703827,4.729557180404665,0.2942948820153061,0.16257253106465214,-0.04582606441457756,7.352399889560116
Aw4Vaqqq_Eg,train,Dataset_Shard_0000000_0099999,2,50,2.4675830310583113,1.1532167196273804,7.180631542205814,0.3693634406887755,0.19985345299413892,0.1384317226940766,-7.969808043092104
Aw4Vaqqq_Eg,train,Dataset_Shard_0000000_0099999,5,50,3.395327495932579,1.799461305141449,10.022049617767335,0.4418765943877551,0.01579951424151659,0.1386158215254545,0.6282144112135254
Aw4Vaqqq_Eg,train,Dataset_Shard_0000000_0099999,10,50,4.624212980270386,2.562172293663025,9.850967407226562,0.556862643494898,-0.0050622493401169776,0.6215234138071537,-9.30974714613497
Aymbap8XcG8,train,Dataset_Shard_0000000_0099999,1,50,3.23050421833992,2.8435803651809692,6.154575300216677,0.49575494260204084,-0.281622752584517,0.14395296767354013,9.838284434091795
Aymbap8XcG8,train,Dataset_Shard_0000000_0099999,2,50,3.4182592391967774,3.142134666442871,6.4832030773162845,0.524011080994898,-0.06787510272115468,0.01347109578549862,2.3244855741524773
Aymbap8XcG8,train,Dataset_Shard_0000000_0099999,5,50,3.730324561595917,3.180381178855896,7.231729984283447,0.5552220184948979,0.20626585073769094,0.09860583148896694,10.661353543337489
Aymbap8XcG8,train,Dataset_Shard_0000000_0099999,10,50,4.197839344739914,3.7646965980529785,7.298998785018921,0.5956744260204081,-0.4780050317570567,0.3479199028015137,-6.141990330579301
AzqgcU5_3mo,train,Dataset_Shard_0000000_0099999,1,50,1.3359625363349914,0.9407143592834473,2.7563113451004035,0.26700733418367345,0.04929873948916793,0.06332657169550657,22.268876723469237
AzqgcU5_3mo,train,Dataset_Shard_0000000_0099999,2,50,2.0459073251485824,1.4268428683280945,4.440290498733521,0.34361248405612244,0.035254967268556356,-0.0857682053744793,-3.3685369064999757
AzqgcU5_3mo,train,Dataset_Shard_0000000_0099999,5,50,2.2029178100824356,1.8964048027992249,3.929556703567506,0.36531847895408165,0.062333826720714566,-0.0538767745019868,0.8800810105079097
AzqgcU5_3mo,train,Dataset_Shard_0000000_0099999,10,50,2.163505800962448,1.614578664302826,3.993827748298646,0.37794403698979595,-0.15686674742028117,0.06101424551568926,3.1259207613533477
B3np71w5K1c,train,Dataset_Shard_0000000_0099999,1,24,2.725616888453563,1.2475923895835876,7.238249254226684,0.4769660794005102,0.3524292294556896,-0.01579665148165077,33.27642737008476
B3np71w5K1c,train,Dataset_Shard_0000000_0099999,2,27,1.9968933209224984,1.306613564491272,5.294838428497316,0.3726851851851852,-0.07200799026974926,0.048340703153775796,25.274161351504592
B3np71w5K1c,train,Dataset_Shard_0000000_0099999,5,28,3.5870504826307297,2.346076011657715,8.668458080291748,0.553329423287172,0.19380877978567565,-0.5008541562461427,-16.391500954120875
B3np71w5K1c,train,Dataset_Shard_0000000_0099999,10,20,4.715874171257019,3.1803126335144043,9.971374225616456,0.6101951132015306,-1.004417594894767,0.17187270959839224,-22.928625893307093
B3np71w5K1c,train,Dataset_Shard_0100000_0199999,1,26,2.309894898010848,0.9221341609954834,4.785688877105713,0.4349957380788854,0.2149679354879831,0.2967341776507405,-9.573754036241878
B3np71w5K1c,train,Dataset_Shard_0100000_0199999,2,23,3.8710633519551028,2.246922492980957,9.383505249023438,0.5187279905168589,-0.3754346617773516,0.44496054995966994,13.058884268143231
B3np71w5K1c,train,Dataset_Shard_0100000_0199999,5,22,3.958196523556994,1.732494831085205,8.851751327514648,0.5293974301368274,-0.21964810860626213,-0.49358619592914527,-65.11269685566366
B3np71w5K1c,train,Dataset_Shard_0100000_0199999,10,30,3.555870122710864,1.7782541513442993,8.78702745437622,0.5115041719812925,-0.04796585423367408,-1.035791879457732,-29.314381683011657
B5IAda_ZR3Q,train,Dataset_Shard_0100000_0199999,1,50,3.556325330287218,1.758579671382904,8.27890853881836,0.576065449617347,0.21771455339621754,-0.3020250569470227,3.581976172202273
B5IAda_ZR3Q,train,Dataset_Shard_0100000_0199999,2,50,5.237156832143665,4.714116811752319,8.795854473114014,0.7233609693877551,-0.018411257127299904,-0.5050088238687022,-31.40412575005801
B5IAda_ZR3Q,train,Dataset_Shard_0100000_0199999,5,50,5.65053459584713,6.848262786865234,9.703668689727783,0.7463950892857143,-0.269435904007405,-0.02677985653281212,-6.305091985415197
B5IAda_ZR3Q,train,Dataset_Shard_0100000_0199999,10,50,6.547814058661461,7.165844440460205,11.444452857971193,0.808696986607143,0.4367524986900389,-0.06489129729568958,8.552540394512665
BDFwFmaztC0,train,Dataset_Shard_0100000_0199999,1,50,2.677044377326965,2.0660992860794067,5.489742136001588,0.44961216517857144,-0.2155287866294384,0.2457152099814266,10.164661894961982
BDFwFmaztC0,train,Dataset_Shard_0100000_0199999,2,50,2.717562618255615,1.493503987789154,5.75470895767212,0.4401837531887755,-0.22539081647526474,-0.3851797220483422,-13.657384538672986
BDFwFmaztC0,train,Dataset_Shard_0100000_0199999,5,50,3.168359853029251,2.328349232673645,6.276467323303223,0.45749760841836734,-0.008102651215158402,0.06194549956358969,16.552950584608908
BDFwFmaztC0,train,Dataset_Shard_0100000_0199999,10,50,3.275342891216278,2.0351134538650513,7.031099796295167,0.4625849011479592,-0.26702278402633967,-0.09717152776196598,14.894721801701547
BI2jJ2nsUaw,train,Dataset_Shard_0100000_0199999,1,50,1.3067080694437028,0.8980953395366669,2.811661219596863,0.25333506058673466,0.03343286911491305,0.02849538441747427,-12.581925474308411
BI2jJ2nsUaw,train,Dataset_Shard_0100000_0199999,2,50,1.66658442735672,1.3752936720848083,2.970893979072571,0.31068957270408165,-0.001147063411772251,0.08577158536645584,19.77599869490169
BI2jJ2nsUaw,train,Dataset_Shard_0100000_0199999,5,50,2.0496035522222518,1.9715616703033447,3.2270896911621096,0.3470503826530612,0.0756090209633112,0.04122354574501515,32.2784574670355
BI2jJ2nsUaw,train,Dataset_Shard_0100000_0199999,10,50,1.9443217849731445,1.7278847694396973,3.315045237541199,0.33876235650510206,0.08895016111433506,-0.16895419642329215,0.1262237129546236
BaGpiUru22U,train,Dataset_Shard_0100000_0199999,1,50,2.7830772849917413,2.4193012714385986,4.8656240940094,0.4276275510204081,0.03361186929047108,0.037052815580973404,15.444611571800841
BaGpiUru22U,train,Dataset_Shard_0100000_0199999,2,50,2.587709175348282,2.2380203008651733,4.586822175979615,0.43065011160714284,0.09480114095844329,0.12914762802422047,21.147291718482393
BaGpiUru22U,train,Dataset_Shard_0100000_0199999,5,50,3.2147710520029067,3.0746748447418213,4.771699476242066,0.47034119897959187,0.14922508891671896,-0.21993189975619315,-21.77718239503136
BaGpiUru22U,train,Dataset_Shard_0100000_0199999,10,50,3.845407190322876,3.562338709831238,5.759502172470093,0.4965477519132653,-0.11593052197247744,-0.005439710132777691,5.215666230103042
Bdy36xv68Fs,train,Dataset_Shard_0100000_0199999,1,50,2.8400611156225204,2.138482451438904,5.0961704730987565,0.4782872289540816,-0.14072989077307285,0.39576228376477957,-13.378378605143999
Bdy36xv68Fs,train,Dataset_Shard_0100000_0199999,2,50,3.566924079656601,2.7755671739578247,6.269678020477295,0.5534115911989796,-0.16510384604334832,0.39446827706880866,11.49077017230004
Bdy36xv68Fs,train,Dataset_Shard_0100000_0199999,5,50,4.01782922744751,3.660170078277588,6.533911466598511,0.6104021843112245,0.13638986639678477,0.40728746220469475,21.723808389416376
Bdy36xv68Fs,train,Dataset_Shard_0100000_0199999,10,50,4.360843214988709,3.643259286880493,7.153465652465822,0.6359610172193877,0.20166592741385103,-0.05100742561742663,-11.09140411678111
BevoiaUK5ao,train,Dataset_Shard_0100000_0199999,1,50,1.1907410362362862,0.5616196691989899,1.8797762632370005,0.232659837372449,-0.03864068828057498,-0.057224099971354005,16.23499123875135
BevoiaUK5ao,train,Dataset_Shard_0100000_0199999,2,50,1.8573035824298858,0.8727084398269653,3.1975628614425715,0.28931640625,0.0353327957727015,-0.060675467783585194,22.103010713450978
BevoiaUK5ao,train,Dataset_Shard_0100000_0199999,5,50,2.9427613312006,1.5025240182876587,9.327580070495605,0.35265505420918364,-0.25494253855198623,-0.21804053029045461,-11.871723979320734
BevoiaUK5ao,train,Dataset_Shard_0100000_0199999,10,50,3.948794736266136,2.062505841255188,9.639105224609375,0.46000597895408163,0.0388630910217762,-0.14888250030577183,-14.284856490757443
C09ZpevuOVk,train,Dataset_Shard_0100000_0199999,1,50,3.529306411743164,2.721216559410095,6.477816152572632,0.5594244260204081,-0.24980312511324881,0.01817540669813752,-10.120168463407353
C09ZpevuOVk,train,Dataset_Shard_0100000_0199999,2,50,3.8321153128147127,3.394536256790161,6.769242906570435,0.5704508131377551,-0.13821738036349415,0.0752640263363719,3.1183803024629917
C09ZpevuOVk,train,Dataset_Shard_0100000_0199999,5,50,4.461310667991638,4.294868230819702,8.065470314025879,0.5976837531887755,-0.22921915993094444,0.05223565191030502,-6.031572673547868
C09ZpevuOVk,train,Dataset_Shard_0100000_0199999,10,50,5.410340692996979,5.845183610916138,8.509913730621339,0.6676155931122448,-0.11073586225509643,0.28983752384781836,13.23392035035086
C5tgj76oc7E,train,Dataset_Shard_0100000_0199999,1,50,3.8518064546585085,2.835040330886841,8.017519521713258,0.4881034757653061,0.5287725180806592,0.22573177284095436,3.787279097408196
C5tgj76oc7E,train,Dataset_Shard_0100000_0199999,2,50,4.580805735588074,4.1430182456970215,8.143579578399658,0.555234375,0.02932574599981308,0.7012019344419241,21.255313584001456
C5tgj76oc7E,train,Dataset_Shard_0100000_0199999,5,50,4.807259436845779,4.384040594100952,8.624582386016845,0.5708063616071428,-0.2911782999825664,0.8288524057436735,33.18068016025538
C5tgj76oc7E,train,Dataset_Shard_0100000_0199999,10,50,6.164964777231217,6.681954860687256,9.192770671844483,0.6522947225765305,0.3721308710239828,0.6033227493893355,9.839800432268307
CF81s4pzmew,val,Dataset_Shard_0100000_0199999,1,50,5.473334188461304,4.345925331115723,11.521502876281739,0.6078033322704082,0.43870259284973145,-0.3547797654941678,-14.912728903617952
CF81s4pzmew,val,Dataset_Shard_0100000_0199999,2,50,7.27376629114151,6.368226051330566,12.772264575958252,0.6898397640306122,0.08191196277737617,-0.1283414982119575,-2.555421183912016
CF81s4pzmew,val,Dataset_Shard_0100000_0199999,5,47,9.626270740590197,10.368600845336914,15.540000343322752,0.7768497442194963,-0.1635476365051371,-0.8045616431280653,-15.941630150361597
CF81s4pzmew,val,Dataset_Shard_0100000_0199999,10,42,11.482538711457025,10.397324562072754,16.594875144958497,0.8440456260629251,0.22900901141665167,-0.37651453335725127,3.4420088303535836
CIc39aXlHRY,train,Dataset_Shard_0100000_0199999,1,50,2.1201897048950196,1.9027652144432068,3.3758024930953985,0.47390904017857144,0.10507253157906234,0.19363352965563535,9.588930120211073
CIc39aXlHRY,train,Dataset_Shard_0100000_0199999,2,50,2.564574321508408,2.4392387866973877,3.692406058311463,0.5023361766581632,-0.1535693756490946,-0.23024606813327408,-10.251006772105043
CIc39aXlHRY,train,Dataset_Shard_0100000_0199999,5,50,3.36123474240303,3.0418165922164917,5.249317407608035,0.572105787627551,-0.19494768854230643,0.30153602924197914,14.957897866656277
CIc39aXlHRY,train,Dataset_Shard_0100000_0199999,10,50,3.848348689079285,2.9177932739257812,8.081034851074218,0.6281273915816327,-0.11933773770928383,-0.07092527938075363,20.74585328529557
CIkvuF5f6ak,val,Dataset_Shard_0100000_0199999,1,50,3.4371938845573458,1.9461191296577454,9.36331729888916,0.4504779177295919,0.3007519370211958,0.019133584355186032,-9.223720154054122
CIkvuF5f6ak,val,Dataset_Shard_0100000_0199999,2,50,3.5586346942186355,2.868504762649536,9.117506980895996,0.4754452327806123,-0.10548986867070198,0.032232298105955126,9.058203690197791
CIkvuF5f6ak,val,Dataset_Shard_0100000_0199999,5,50,5.366911878585816,3.968639850616455,10.524759864807129,0.614850924744898,-0.1205936922132969,-0.22832629054784775,-0.49357621240373023
CIkvuF5f6ak,val,Dataset_Shard_0100000_0199999,10,50,5.221282993555069,3.533039093017578,10.312532329559327,0.6099011479591837,-0.4333301397413015,-0.07158756162971258,22.857109176599007
CNbMProDX_I,train,Dataset_Shard_0100000_0199999,1,50,0.5791242960095405,0.4457170069217682,1.2159204721450807,0.16827208227040816,-0.03347471527347807,0.08159528836142271,56.85447667067983
CNbMProDX_I,train,Dataset_Shard_0100000_0199999,2,50,0.8860387295484543,0.4791171997785568,2.026079320907593,0.20373525191326533,-0.15414816945645726,0.018893102859146894,24.08439723629254
CNbMProDX_I,train,Dataset_Shard_0100000_0199999,5,50,1.1680731624364853,1.188873052597046,1.881540167331696,0.22946189413265305,0.030708656050264835,-0.005288234022445977,6.285869145857287
CNbMProDX_I,train,Dataset_Shard_0100000_0199999,10,50,1.305957824587822,1.360255479812622,2.0415619611740112,0.24442681760204082,0.044809329137206075,0.09479565585963429,22.07150120681116
CRYDNSvrbis,train,Dataset_Shard_0100000_0199999,1,50,1.3732214872539044,0.6127210855484009,3.796368360519409,0.2524673150510204,-0.05267398511990905,0.0472404065541923,3.549875014279669
CRYDNSvrbis,train,Dataset_Shard_0100000_0199999,2,50,1.8014728368073702,1.354056179523468,4.3180211067199705,0.31190011160714287,-0.11019582082983106,-0.04915916428435594,6.5320771237830035
CRYDNSvrbis,train,Dataset_Shard_0100000_0199999,5,50,2.4107191649079325,2.047193229198456,4.284186124801636,0.4072114158163265,-0.18616865340620278,-0.17010769275948406,-19.048036063010883
CRYDNSvrbis,train,Dataset_Shard_0100000_0199999,10,50,2.4338600891828537,2.1628338098526,4.757152128219605,0.4098979591836735,0.05069252487272024,0.053377307374030354,9.486084292639257
Ccs73enFclU,train,Dataset_Shard_0100000_0199999,1,50,4.173591580833309,3.7031443119049072,7.9917380809783936,0.538345025510204,-0.13848416593449656,0.12579994592168078,3.8368036297484354
Ccs73enFclU,train,Dataset_Shard_0100000_0199999,2,50,5.220078811645508,5.246073246002197,7.404849863052368,0.5989500956632653,-0.11896009359508752,0.3084168894402683,10.360177622409125
Ccs73enFclU,train,Dataset_Shard_0100000_0199999,5,50,5.4250260663032535,5.650757551193237,7.5165827751159675,0.6095444036989796,-0.5127855759859085,-0.714652377218008,-6.764610859053386
Ccs73enFclU,train,Dataset_Shard_0100000_0199999,10,50,5.943045306205749,5.837827205657959,8.444360065460206,0.6458641581632654,0.19815321892499924,0.0815333166718483,1.411148288865748
CiYlq0pHhnM,train,Dataset_Shard_0100000_0199999,1,50,4.036091485023499,3.6327041387557983,7.886269664764405,0.5046416613520408,-0.2046944384649396,0.08014670588076114,-0.8498118989842794
CiYlq0pHhnM,train,Dataset_Shard_0100000_0199999,2,50,4.238823373317718,4.066924691200256,6.938667249679566,0.5241872608418368,0.052731713205575945,0.14461844496428966,1.2742310074408894
CiYlq0pHhnM,train,Dataset_Shard_0100000_0199999,5,50,4.865928707122802,4.437883615493774,7.998192024230957,0.5511112882653061,0.037941786125302315,0.29230321928858755,17.567705283971303
CiYlq0pHhnM,train,Dataset_Shard_0100000_0199999,10,50,5.343186230659485,4.750604152679443,9.332234191894532,0.5722795758928572,-0.15240094520151615,0.016759209260344507,8.644354515840853
Cl1w60d8Tqc,train,Dataset_Shard_0100000_0199999,1,50,2.366691781878471,1.789622962474823,3.9565009355545047,0.3713412786989796,-0.18547333675203845,-0.03131086435168982,-10.61572436821652
Cl1w60d8Tqc,train,Dataset_Shard_0100000_0199999,2,50,3.6613425576686858,3.083121657371521,6.763186073303223,0.44089564732142855,-0.006461577862501145,0.6407223398238421,24.885912757777305
Cl1w60d8Tqc,train,Dataset_Shard_0100000_0199999,5,50,4.164674414396286,2.9059685468673706,8.445971488952637,0.476315768494898,-0.17011236123740672,0.19280546866357326,24.957196355898287
Cl1w60d8Tqc,train,Dataset_Shard_0100000_0199999,10,50,4.920922433137894,3.441816806793213,8.681069087982179,0.5148405612244898,-0.07918461873196066,-0.5692318113148213,7.240456165554512
Ctp1DySPKS0,train,Dataset_Shard_0100000_0199999,1,50,1.4835794627666474,1.1826415061950684,2.835479068756104,0.3307310267857143,-0.021256723394617438,0.11560213536024094,43.32361752264669
Ctp1DySPKS0,train,Dataset_Shard_0100000_0199999,2,50,1.8913283091783524,1.670656681060791,3.256616091728211,0.3627810108418367,0.06780213894322515,-0.01900908656651154,10.343156595139916
Ctp1DySPKS0,train,Dataset_Shard_0100000_0199999,5,50,2.347320494055748,2.146496057510376,3.977581262588501,0.40768215880102043,-0.04144351945258677,-0.14637540951371192,11.920863539823149
Ctp1DySPKS0,train,Dataset_Shard_0100000_0199999,10,50,2.501190242767334,2.0816686153411865,4.578154516220093,0.4385463169642857,-0.057530767656862734,-0.16036589790135622,-15.608480770623038
CzkK0xSXUMs,test,Dataset_Shard_0100000_0199999,1,50,1.1732630795240402,0.6591312289237976,2.4956702947616582,0.23607979910714286,0.06620372213423252,-0.037801824957132336,13.17255443850113
CzkK0xSXUMs,test,Dataset_Shard_0100000_0199999,2,50,2.0107833421230317,1.2902151346206665,4.605976438522339,0.3185499043367347,0.21474327914533206,0.03901416575536132,12.872043260648965
CzkK0xSXUMs,test,Dataset_Shard_0100000_0199999,5,50,2.6887228217720986,2.4831769466400146,4.727022266387939,0.35269929846938775,0.16453537285327913,-0.18610115930438043,-16.590001399442563
CzkK0xSXUMs,test,Dataset_Shard_0100000_0199999,10,50,3.0032783368229867,2.322780132293701,5.930051612854004,0.40800223214285714,0.08795916095376015,-0.38376998774707316,-12.354041818503894
D2q4s2rE0s_,train,Dataset_Shard_0100000_0199999,1,50,3.050594700574875,2.709595203399658,5.692627573013306,0.4605604272959184,-0.04579818490892649,0.1306168475933373,-3.8028307584573473
D2q4s2rE0s_,train,Dataset_Shard_0100000_0199999,2,50,3.5040301096439364,2.6104042530059814,6.249006748199464,0.49496611926020406,0.03326208651065826,0.02468151047825813,-20.531725752303338
D2q4s2rE0s_,train,Dataset_Shard_0100000_0199999,5,50,3.9095914804935457,4.073490142822266,5.979632425308227,0.5068455038265306,-0.09438254311680794,-0.16308176097460092,-25.310775715809168
D2q4s2rE0s_,train,Dataset_Shard_0100000_0199999,10,50,4.619345479011535,4.086577653884888,6.6136104583740245,0.5501387117346939,0.5240597771666944,-0.3761478954553604,-4.491911895807073
DN3a8fF6FtU,train,Dataset_Shard_0100000_0199999,1,50,0.924338354319334,0.429231196641922,2.022439801692963,0.2586587213010204,0.06216573645360768,0.0469539834279567,21.532636025056473
DN3a8fF6FtU,train,Dataset_Shard_0100000_0199999,2,50,1.199580814242363,0.5767626464366913,2.1003378391265874,0.2890628985969388,-0.02375892715062946,0.18420131049468183,33.196064588027504
DN3a8fF6FtU,train,Dataset_Shard_0100000_0199999,5,50,1.6981698924303055,0.6741037964820862,3.8198742389678957,0.3170089285714286,-0.046429194174706936,0.04004591942299157,-7.796043164135805
DN3a8fF6FtU,train,Dataset_Shard_0100000_0199999,10,50,2.562048708498478,0.848339706659317,5.091523981094366,0.3613863201530612,0.321850396762602,0.30431650204584004,-14.029177208728479
DOjCrrrGa5s,train,Dataset_Shard_0100000_0199999,1,50,3.113840704754475,2.214097499847412,8.024134397506716,0.3790198501275511,0.07744803487850732,0.02286467511061346,12.043245285250356
DOjCrrrGa5s,train,Dataset_Shard_0100000_0199999,2,50,4.852993039488792,3.354921817779541,10.456440925598145,0.5590864158163265,0.038148941053077576,-0.13064253743737936,-10.927927698530224
DOjCrrrGa5s,train,Dataset_Shard_0100000_0199999,5,50,6.959398137331009,6.486382961273193,10.955002021789552,0.6630285395408163,0.6389014494419097,-0.22625434577465056,3.1035010680334425
DOjCrrrGa5s,train,Dataset_Shard_0100000_0199999,10,50,7.5220005989074705,7.755648612976074,13.31531219482422,0.7069893973214286,0.8665579462330788,-0.18912399315275252,-6.477849888379321
DXcoe1mtinI,train,Dataset_Shard_0100000_0199999,1,50,3.9934353375434877,2.923922896385193,6.451410388946534,0.5228643176020408,0.12848015563562512,0.3354839271842502,29.967464367234196
DXcoe1mtinI,train,Dataset_Shard_0100000_0199999,2,50,4.3099037408828735,4.276727676391602,6.500976848602298,0.5526845503826531,-0.07434345066547393,-0.19814681402407586,-10.740512290497318
DXcoe1mtinI,train,Dataset_Shard_0100000_0199999,5,50,4.75878872871399,4.676098108291626,6.735207986831665,0.5842139668367348,-0.08032152496278286,0.2184217704832554,6.557102574270225
DXcoe1mtinI,train,Dataset_Shard_0100000_0199999,10,50,5.148240163326263,5.197322130203247,7.192947053909302,0.6146069834183673,0.16401888579130172,-0.13039357870817184,-1.002628628425521
DZHdNtwKBMo,train,Dataset_Shard_0100000_0199999,1,50,0.9562879759073257,0.5173654556274414,2.177777409553528,0.1991928411989796,-0.09203756168950349,-0.03057550362776965,1.38848099460081
DZHdNtwKBMo,train,Dataset_Shard_0100000_0199999,2,50,1.1054941961169242,0.8363775312900543,1.8332306146621706,0.2138671875,0.1378408046241384,0.15667659994214772,22.117455992481883
DZHdNtwKBMo,train,Dataset_Shard_0100000_0199999,5,50,1.9729210272431374,1.306291103363037,3.1703265190124514,0.2896970663265306,0.07081798213534057,-0.3250185435637832,2.8771557519051156
DZHdNtwKBMo,train,Dataset_Shard_0100000_0199999,10,50,2.6411561757326125,1.3870928287506104,7.248943185806275,0.35153778698979593,-0.13406196853145957,0.04500749438535422,-16.696190565406585
De9wq1vFUVo,train,Dataset_Shard_0100000_0199999,1,50,2.819399751871824,0.7930856943130493,8.025231075286866,0.43563257334183675,0.1517938494856935,-0.10168568237684666,27.435181477716387
De9wq1vFUVo,train,Dataset_Shard_0100000_0199999,2,50,3.4855884401500226,0.870815634727478,8.108542346954346,0.5080070153061225,0.01877735210582614,-0.056714261334273035,-22.12560439264532
De9wq1vFUVo,train,Dataset_Shard_0100000_0199999,5,50,5.096283915042878,7.272507667541504,9.187221145629884,0.6475852997448979,-0.19136392414569856,-0.4617032002145425,-18.033733902023254
De9wq1vFUVo,train,Dataset_Shard_0100000_0199999,10,50,4.938090613186359,6.790532827377319,8.439050388336183,0.6746281090561225,-0.13433914951980114,0.11803699274081737,-1.3792182305702585
DhitzRyJg4k,train,Dataset_Shard_0100000_0199999,1,50,4.594784264564514,4.084526538848877,7.5788201808929445,0.582894212372449,-0.37811703473329544,-0.5745298101007938,-10.326993125073786
DhitzRyJg4k,train,Dataset_Shard_0100000_0199999,2,50,5.285727725028992,5.116262435913086,8.484004878997803,0.6164142219387755,-0.08597242094576359,0.0017501328140497208,-2.270305603634446
DhitzRyJg4k,train,Dataset_Shard_0100000_0199999,5,50,6.020788128376007,5.356725215911865,8.9380597114563,0.6203854432397959,0.3269919792562723,-0.9327060357481242,0.6644505507353557
DhitzRyJg4k,train,Dataset_Shard_0100000_0199999,10,50,7.443769661188125,7.294797420501709,10.412096118927003,0.7104380580357144,0.15505884766578673,-0.8241086160950363,-12.150559921190442
DlBR2IuS-_Q,train,Dataset_Shard_0100000_0199999,1,50,4.864874869585037,3.9835410118103027,8.87433710098267,0.6050478316326531,0.5235708628408611,0.9835633952915669,29.49274869528001
DlBR2IuS-_Q,train,Dataset_Shard_0100000_0199999,2,50,5.469557464122772,5.106795310974121,9.82581844329834,0.6521113679846938,0.2892206502985209,-0.08119123905897141,-26.197554277133644
DlBR2IuS-_Q,train,Dataset_Shard_0100000_0199999,5,50,6.376664352416992,4.73994779586792,9.917867660522463,0.6889548788265306,0.06968537379987538,1.1360924436151982,7.502375081189621
DlBR2IuS-_Q,train,Dataset_Shard_0100000_0199999,10,50,6.360002646446228,6.560194730758667,9.8651029586792,0.74244140625,-0.43961172848939895,0.0611143209785223,2.754527081288304
DpcTinoxOZQ,train,Dataset_Shard_0100000_0199999,1,50,2.306250967979431,1.8488250374794006,4.669967985153198,0.40583585778061226,-0.050335982609540225,-0.14785630483180284,16.695301461526128
DpcTinoxOZQ,train,Dataset_Shard_0100000_0199999,2,50,3.6038439857959745,2.387088179588318,8.610233306884766,0.49935068558673473,-0.1888730399706401,-0.1368688593991101,-5.968369738817035
DpcTinoxOZQ,train,Dataset_Shard_0100000_0199999,5,50,5.935494198799133,4.255067586898804,11.14277286529541,0.6374609375,0.5532280430197716,0.33212978303432467,5.423168826666196
DpcTinoxOZQ,train,Dataset_Shard_0100000_0199999,10,50,5.978344328403473,4.905903577804565,10.75450611114502,0.6637755102040817,0.4267213867604733,0.29963791839778425,-8.196376881912762
DwsiVdwkl_M,train,Dataset_Shard_0100000_0199999,1,50,1.6501681745052337,1.336008906364441,3.2383048057556154,0.28054089604591836,0.06699909240007401,0.018877219371497632,5.611242011352606
DwsiVdwkl_M,train,Dataset_Shard_0100000_0199999,2,50,1.9170390647649764,1.641355812549591,3.3617911815643313,0.28508330676020405,-0.0675893173366785,-0.3230904865637422,1.1549939312702264
DwsiVdwkl_M,train,Dataset_Shard_0100000_0199999,5,50,2.167773381471634,2.0187454223632812,3.31345055103302,0.2873620854591837,0.07167477385140955,-0.40677890478633344,-38.63113413075946
DwsiVdwkl_M,train,Dataset_Shard_0100000_0199999,10,50,2.4526454079151154,2.4198490381240845,3.612569260597229,0.2961926020408163,0.057806533053517344,-0.07384684005985037,3.5284752483668775
DzJPrFInDgI,val,Dataset_Shard_0100000_0199999,1,50,1.3725989174842834,1.0676920413970947,2.6414270877838137,0.28507413903061224,0.09234778564423322,0.041321557266637686,17.67205773715783
DzJPrFInDgI,val,Dataset_Shard_0100000_0199999,2,50,1.8662134569883346,1.4831637740135193,3.3335134983062744,0.32095982142857143,-0.12877207066863774,-0.248029079195112,-16.682585224551346
DzJPrFInDgI,val,Dataset_Shard_0100000_0199999,5,50,1.8233931517601014,1.5986703634262085,2.92715699672699,0.3228467793367347,-0.06465080186724663,-0.0036741446144878866,4.187788212730586
DzJPrFInDgI,val,Dataset_Shard_0100000_0199999,10,50,2.3281731510162356,2.2150799036026,4.164153957366944,0.3610786033163265,-0.3466205518506467,-0.06170262381434441,-13.497673960862798
E0OylseYSt8,train,Dataset_Shard_0100000_0199999,1,50,2.60275270819664,1.7398326396942139,5.707493305206299,0.4067386798469388,0.08072505861520768,0.32877272099256516,20.51141328607564
E0OylseYSt8,train,Dataset_Shard_0100000_0199999,2,50,3.5303055250644686,3.278089165687561,7.139754867553711,0.4398628826530612,0.07955012337304651,0.716574471667409,16.91756590966341
E0OylseYSt8,train,Dataset_Shard_0100000_0199999,5,50,4.541782958507538,4.295098304748535,7.984275436401367,0.46342514349489794,-0.13325623731128872,1.2151530222129077,41.19025820427942
E0OylseYSt8,train,Dataset_Shard_0100000_0199999,10,50,5.354324322938919,5.001567602157593,8.38054838180542,0.5032967952806122,-0.36585954017937183,1.254592041503638,17.55926164147977
E5eP26MKE98,train,Dataset_Shard_0100000_0199999,1,50,0.9469759115576744,0.5398264229297638,2.378724956512451,0.2243064413265306,-0.11905761386733502,0.005119041139259935,5.511091868401443
E5eP26MKE98,train,Dataset_Shard_0100000_0199999,2,50,1.3448472648859024,1.3813475370407104,2.3229048252105713,0.27079280931122446,0.10027700104750693,0.03811734129674733,-5.360976951430238
E5eP26MKE98,train,Dataset_Shard_0100000_0199999,5,50,1.2131644085049629,1.052461326122284,2.240796184539795,0.2527427455357143,-0.08963757348246873,-0.04784901285544038,-4.452221665084054
E5eP26MKE98,train,Dataset_Shard_0100000_0199999,10,50,2.0985844868421553,1.534226655960083,5.13225736618042,0.3547345344387755,-0.21658809394575657,-0.08879336461424828,-11.295416020840193
EJiNfGhoa3Y,train,Dataset_Shard_0100000_0199999,1,50,2.7576721143722533,2.1877520084381104,5.45429949760437,0.42819276147959184,-0.06947972014546394,-0.10919828854501247,16.79124934781441
EJiNfGhoa3Y,train,Dataset_Shard_0100000_0199999,2,50,2.7488471341133116,2.4432002305984497,4.744605875015258,0.42255859375,0.33755916097201405,0.042330885389819745,5.41104167363924
EJiNfGhoa3Y,train,Dataset_Shard_0100000_0199999,5,50,4.089679708480835,4.144062042236328,7.232597351074219,0.4829922672193877,-0.03185023788362742,0.7376573648955673,31.227519831427866
EJiNfGhoa3Y,train,Dataset_Shard_0100000_0199999,10,50,4.297053074836731,3.822985529899597,7.6452510356903085,0.4836993781887755,-0.17040354762692003,0.18722653061151504,14.757287753571324
EQhbPGMfvZU,train,Dataset_Shard_0100000_0199999,1,50,1.5312814724445343,1.0942717790603638,3.5121311902999883,0.26942123724489797,0.03951835882617161,0.1892347402125597,38.72262595670682
EQhbPGMfvZU,train,Dataset_Shard_0100000_0199999,2,50,1.928053610920906,1.7268266677856445,3.509685826301575,0.29099250637755103,0.1379560260719154,0.13146356139332055,29.934826116280593
EQhbPGMfvZU,train,Dataset_Shard_0100000_0199999,5,50,2.572092893719673,2.9325627088546753,3.8864061832427983,0.30779536033163263,0.09498613089323044,0.00592480156570673,-13.102009136477232
EQhbPGMfvZU,train,Dataset_Shard_0100000_0199999,10,50,2.4866980791091917,2.7385029792785645,3.51068983078003,0.28403101084183674,0.3274749559350312,0.08565273832529784,-4.697043469438874
F1UNeBWv6Ww,train,Dataset_Shard_0100000_0199999,1,50,1.4951709392666817,0.9402739405632019,4.080360221862793,0.2682533482142857,-0.04745455500204116,-0.08278092842898331,0.6757229454938479
F1UNeBWv6Ww,train,Dataset_Shard_0100000_0199999,2,50,1.5975234213471412,1.0702208876609802,3.3829515457153323,0.27480668048469387,-0.16586989055387677,-0.022156780418008566,9.056897348051253
F1UNeBWv6Ww,train,Dataset_Shard_0100000_0199999,5,50,2.282243566215038,1.5692811012268066,4.240338420867922,0.32542809311224485,-0.04985362116247415,-0.16791291650384665,-12.547078359022764
F1UNeBWv6Ww,train,Dataset_Shard_0100000_0199999,10,50,2.1345713353157043,1.733860969543457,4.2998090267181395,0.3037627551020408,-0.08399138984270393,0.05104785148054361,-0.2716469473904971
F1mXo8STM24,train,Dataset_Shard_0100000_0199999,1,50,3.881275553703308,3.2917603254318237,6.649361085891726,0.5405440848214286,-0.22438817109912634,0.22970336366444827,37.75182539461403
F1mXo8STM24,train,Dataset_Shard_0100000_0199999,2,50,4.674726200699806,4.3252787590026855,7.8277060985565186,0.5722907366071428,0.07859352745115757,0.48411598581820725,15.732372360699923
F1mXo8STM24,train,Dataset_Shard_0100000_0199999,5,50,6.008429839611053,5.711333513259888,8.684108543395997,0.7151514668367347,-0.019561443850398062,0.2140359028428793,3.219424903123671
F1mXo8STM24,train,Dataset_Shard_0100000_0199999,10,50,6.583818678855896,6.057612895965576,10.890654373168946,0.7630157844387755,0.09234109975397586,0.8795779222249984,22.191870852609455
F3BeAm1eM6Y,test,Dataset_Shard_0100000_0199999,1,50,1.9123519974946976,2.036617636680603,3.273874473571778,0.44669164540816325,0.05015586218796671,-0.09336570689920336,-16.03959024816134
F3BeAm1eM6Y,test,Dataset_Shard_0100000_0199999,2,50,2.843054454922676,2.5964534282684326,5.1227381229400635,0.5239783960459183,-0.07262759111821651,-0.10835888131288812,8.77221112246008
F3BeAm1eM6Y,test,Dataset_Shard_0100000_0199999,5,50,3.5657990795373915,2.740076422691345,6.745472621917726,0.5762153220663265,-0.1677617606613785,0.26936624916270374,13.316434690071185
F3BeAm1eM6Y,test,Dataset_Shard_0100000_0199999,10,50,4.144893471002579,3.9416463375091553,7.718500947952271,0.5984905133928572,0.11737142071127891,-0.011620610896497964,13.52285237955884
F89GbwV1duU,train,Dataset_Shard_0100000_0199999,1,50,4.348271815776825,3.4217909574508667,8.084045505523681,0.6672943239795919,0.008271900452673436,-0.13853823078796268,-27.5127430911818
F89GbwV1duU,train,Dataset_Shard_0100000_0199999,2,50,5.787677063941955,4.9442360401153564,10.004331779479982,0.7434765625,0.24584125790803227,-0.1898206924786791,3.3537479991038146
F89GbwV1duU,train,Dataset_Shard_0100000_0199999,5,50,6.459989910125732,6.236712455749512,9.57998151779175,0.7952913743622448,0.18106197848916053,0.27540534511208536,17.506365272575906
F89GbwV1duU,train,Dataset_Shard_0100000_0199999,10,50,6.792665390968323,6.375222206115723,10.23904390335083,0.8161722735969389,0.31424040138721465,-0.10220190852880479,-11.197262065147907
FF6KGtNtiwQ,train,Dataset_Shard_0100000_0199999,1,50,5.210363895967602,4.968353033065796,8.481017208099367,0.5931030771683673,0.17171322606969625,0.571124713551253,11.218678017930985
FF6KGtNtiwQ,train,Dataset_Shard_0100000_0199999,2,50,5.07657536379993,4.798155069351196,8.643492794036865,0.5396544164540816,0.03551186124794185,0.44405565936118363,18.032874095499213
FF6KGtNtiwQ,train,Dataset_Shard_0100000_0199999,5,50,5.430442045629024,5.3595051765441895,8.46451930999756,0.6113671875,-0.17271688945125788,-0.4553081814199686,-12.125335655414993
FF6KGtNtiwQ,train,Dataset_Shard_0100000_0199999,10,50,5.653196969032288,5.126989126205444,8.2194974899292,0.6180464764030612,0.14639553671702743,0.03542719379067421,17.240581099580208
FFcXOiRGMaU,train,Dataset_Shard_0100000_0199999,1,50,5.154509298801422,4.24689507484436,10.095751094818118,0.6699936224489796,-0.10152184672653675,0.7716132513806224,25.898486070357976
FFcXOiRGMaU,train,Dataset_Shard_0100000_0199999,2,50,5.928935203552246,5.309645414352417,10.847753143310547,0.7463703762755103,0.41203469939529896,0.21317106614820658,25.581880746922117
FFcXOiRGMaU,train,Dataset_Shard_0100000_0199999,5,50,7.233654932975769,6.891008377075195,10.511650276184083,0.8530233577806122,-0.11822164952754974,-0.17047907739877702,-1.1421363825276523
FFcXOiRGMaU,train,Dataset_Shard_0100000_0199999,10,50,8.600514039993286,8.393844604492188,12.598498821258547,0.9241629464285714,-0.08948256760835648,0.42263001382350923,-15.06145384929206
FGjqL-YO8E8,train,Dataset_Shard_0100000_0199999,1,50,2.4466121610999108,1.8105382323265076,5.54731388092041,0.38322106186224486,0.10620846337638795,-0.005460526142269373,-3.3691947369484994
FGjqL-YO8E8,train,Dataset_Shard_0100000_0199999,2,50,2.4935465025901795,1.767437756061554,6.2929678440094,0.3853766741071428,-0.009360584169626237,0.16650233134627343,-11.110736157727764
FGjqL-YO8E8,train,Dataset_Shard_0100000_0199999,5,50,4.101884045004844,2.6829644441604614,9.173466205596926,0.5280373086734693,-0.225343996565789,0.13502592709846795,-6.085504774567593
FGjqL-YO8E8,train,Dataset_Shard_0100000_0199999,10,50,3.906817796230316,2.287089228630066,9.644989490509033,0.4895093271683673,-0.033863449580967424,0.4363873563916422,9.939896271466111
FHQdsG4y6sA,val,Dataset_Shard_0100000_0199999,1,50,3.2653448432683945,1.751758635044098,7.691101169586182,0.4682529496173469,0.22812447229400276,0.19581087452359497,25.127400086610898
FHQdsG4y6sA,val,Dataset_Shard_0100000_0199999,2,50,5.380158221125603,5.00537371635437,10.178378772735597,0.5970268654336734,0.7960151794552803,-0.027289884984493255,2.3776102894249247
FHQdsG4y6sA,val,Dataset_Shard_0100000_0199999,5,50,7.464779623746872,8.239574909210205,10.69115333557129,0.7627650669642857,0.013079389929771423,0.42447379177436234,3.042819962189302
FHQdsG4y6sA,val,Dataset_Shard_0100000_0199999,10,50,7.896431729793549,8.287639141082764,11.117798233032227,0.8143124202806122,0.3803407019376755,-0.4553563790768385,-5.003427511365086
FNFe75hIKd4,train,Dataset_Shard_0100000_0199999,1,50,2.372387796640396,2.2150111198425293,3.715637302398682,0.3477124521683673,0.011238295145303709,-0.05496283572167158,-9.23740252536969
FNFe75hIKd4,train,Dataset_Shard_0100000_0199999,2,50,1.9973258236050606,1.9376720190048218,3.3519139766693113,0.3276650191326531,-0.1283994283527136,-0.021394513957202436,-17.1218038291792
FNFe75hIKd4,train,Dataset_Shard_0100000_0199999,5,50,2.8984653335809707,2.437794804573059,5.536156415939331,0.4066218909438776,-0.025235584527254103,-0.014702535383403301,20.154890828893446
FNFe75hIKd4,train,Dataset_Shard_0100000_0199999,10,50,2.9838211226463316,2.593996286392212,4.2976019382476816,0.42289022640306123,-0.0885447018733248,-0.06947186008095742,-15.436967385528819
FUGgFV3WFig,train,Dataset_Shard_0100000_0199999,1,50,2.2550632160902024,1.8642895817756653,3.9404058694839477,0.4252451371173469,0.12174742013216018,-0.2503328379057348,-31.3152690580094
FUGgFV3WFig,train,Dataset_Shard_0100000_0199999,2,50,3.097474144101143,2.1999266147613525,5.743045616149902,0.48785036670918364,0.15132641077041625,0.08742409721016883,4.856336209331135
FUGgFV3WFig,train,Dataset_Shard_0100000_0199999,5,50,3.6272222232818603,3.0745080709457397,6.1176821231842045,0.5594897959183673,0.14351378861814737,-0.05847630993463099,-8.781718630525981
FUGgFV3WFig,train,Dataset_Shard_0100000_0199999,10,50,4.789811784029007,4.140475273132324,7.635468816757202,0.6406182238520408,-0.16688855424523352,0.3896612054668367,29.116103420441494
FhpkDxLChRA,train,Dataset_Shard_0100000_0199999,1,50,2.5860283744335173,1.8895962238311768,5.5456135272979745,0.4442833227040816,-0.19639127416536212,0.06002972612157464,31.212954028765154
FhpkDxLChRA,train,Dataset_Shard_0100000_0199999,2,50,3.4281298553943635,2.840620517730713,6.881906318664551,0.5015557238520408,0.07489796001464129,-0.04384767321869731,27.71627383832003
FhpkDxLChRA,train,Dataset_Shard_0100000_0199999,5,50,4.082780250310898,3.9782055616378784,7.187108993530273,0.564234693877551,-0.407828037571162,0.1798950389586389,37.883795730770906
FhpkDxLChRA,train,Dataset_Shard_0100000_0199999,10,50,4.433862903118134,4.267233371734619,6.658332920074464,0.5953081154336735,0.1431743198633194,-0.31808089678699614,7.537723457404698
Fi_z7GBejhs,train,Dataset_Shard_0100000_0199999,1,50,4.322218042612076,2.527838349342346,10.708504390716554,0.6595073341836735,-0.06725139478221535,0.7464817731082439,20.37155341151374
Fi_z7GBejhs,train,Dataset_Shard_0100000_0199999,2,50,6.17668761909008,6.116126298904419,10.188089275360108,0.7955624202806122,0.3539834150217939,-0.4896906373091042,-9.964982287227336
Fi_z7GBejhs,train,Dataset_Shard_0100000_0199999,5,50,9.367603509426116,9.515828609466553,12.817193126678466,0.930792012117347,-0.03228545635938644,-0.5144384240359068,-14.870321230910907
Fi_z7GBejhs,train,Dataset_Shard_0100000_0199999,10,50,8.680964694023132,8.953785419464111,11.072878456115724,0.9439496970663265,-0.3370514700561762,-1.0489491645246745,-19.464796631666132
FzpQ92s8Idw,train,Dataset_Shard_0100000_0199999,1,50,3.2776274669170378,2.8096729516983032,6.1960780143737795,0.4759375,-0.2945968975126743,0.06505781137500889,21.896829212624674
FzpQ92s8Idw,train,Dataset_Shard_0100000_0199999,2,50,3.5630875778198243,3.0890696048736572,6.601241397857668,0.535541693239796,-0.1192080415179953,0.18545130521059036,-3.9990349522560815
FzpQ92s8Idw,train,Dataset_Shard_0100000_0199999,5,50,4.727005295753479,4.197436094284058,6.96784782409668,0.6476793686224489,-0.005815586671233177,-0.3450467403233051,-18.026371237250174
FzpQ92s8Idw,train,Dataset_Shard_0100000_0199999,10,50,3.842852544784546,3.4925765991210938,5.709914922714233,0.5725629783163265,-0.06875216364860534,-0.18686374463140965,-14.779978355799885
G5iYNFJuHkc,train,Dataset_Shard_0100000_0199999,1,50,1.5731936943531037,1.205929696559906,2.8184027194976817,0.3765250318877551,0.021081504686735572,0.2264469014853239,24.643979541062365
G5iYNFJuHkc,train,Dataset_Shard_0100000_0199999,2,50,2.2596528512239455,1.8489540815353394,5.2036628246307375,0.4370962213010204,0.08345594510901719,0.08878380969166756,-1.355224554843743
G5iYNFJuHkc,train,Dataset_Shard_0100000_0199999,5,50,2.5254474687576294,2.029104232788086,5.252093935012818,0.4527471301020408,-0.2704419919848442,0.22707563761621713,10.193777915219153
G5iYNFJuHkc,train,Dataset_Shard_0100000_0199999,10,50,4.4810386455059055,3.642587423324585,8.97433204650879,0.5904300860969388,-0.387505816668272,-0.030794174522161485,-6.969470458823007
G6vEW8-Tk5w,train,Dataset_Shard_0100000_0199999,1,50,2.7335773599147797,1.7393029928207397,6.179989814758301,0.48601323341836733,0.1292574480548501,0.4884594723582268,18.44694718377311
G6vEW8-Tk5w,train,Dataset_Shard_0100000_0199999,2,50,3.511908005475998,2.8671196699142456,6.498738384246828,0.5004532047193877,0.20829856216907502,0.14443605355918407,28.94545748080568
G6vEW8-Tk5w,train,Dataset_Shard_0100000_0199999,5,50,4.4768494343757625,3.9117870330810547,8.660036373138428,0.5708382493622449,-0.0007935625314712525,0.26016144556924703,12.943744392348997
G6vEW8-Tk5w,train,Dataset_Shard_0100000_0199999,10,50,6.722788913249969,7.037760257720947,10.477429962158203,0.6959351084183674,-0.6636250814795495,-0.011538493856787681,-29.966593276535196
G8vA3NnBdms,val,Dataset_Shard_0100000_0199999,1,50,3.127824751138687,2.762379288673401,5.7708877563476575,0.47770049426020406,0.15237492749467493,-0.0074369898065924644,-0.2567432075214802
G8vA3NnBdms,val,Dataset_Shard_0100000_0199999,2,50,3.746036583185196,3.242456555366516,6.169764041900636,0.49203204719387755,0.23775250874459744,0.48284246135503056,18.123617721229287
G8vA3NnBdms,val,Dataset_Shard_0100000_0199999,5,50,4.634252753257751,4.295544862747192,7.2873695373535154,0.5766007653061225,0.2614592659473419,-0.3601281809806824,0.8219737768373093
G8vA3NnBdms,val,Dataset_Shard_0100000_0199999,10,50,5.18245834350586,5.211709499359131,7.49796257019043,0.6337252869897959,0.1838791421521455,0.13775620840489863,7.319287450360708
GVoppuU8cFo,train,Dataset_Shard_0100000_0199999,1,50,4.469911860227585,4.228076219558716,6.918440532684326,0.6013002232142857,0.2578436008561403,0.08456719972193241,-12.355956458379818
GVoppuU8cFo,train,Dataset_Shard_0100000_0199999,2,50,5.165554807186127,5.235511541366577,7.842668962478638,0.6743897480867347,-0.3729690148681402,0.1028573239594698,-1.1943135258669855
GVoppuU8cFo,train,Dataset_Shard_0100000_0199999,5,50,5.506773676872253,5.429151773452759,8.083153820037841,0.7136499521683674,-0.11304846158251167,-0.009274922255426645,-9.296404564950327
GVoppuU8cFo,train,Dataset_Shard_0100000_0199999,10,50,6.57165069103241,6.903913497924805,8.485892868041992,0.7912914540816327,-0.02328478716313839,-0.13781659009051508,8.093715017250124
Gi3eUcsqhks,train,Dataset_Shard_0100000_0199999,1,50,6.060603114366532,5.626962423324585,11.700393104553223,0.8112236926020409,-0.035326404608786104,-0.15289937547408045,15.211307885396383
Gi3eUcsqhks,train,Dataset_Shard_0100000_0199999,2,50,7.612418148517609,8.025979042053223,11.231351470947265,0.8542853156887754,0.525824728347361,0.45578226149082185,24.276180829385112
Gi3eUcsqhks,train,Dataset_Shard_0100000_0199999,5,50,8.183330612182617,8.100716590881348,11.283321857452393,0.8778511639030613,0.11436393305659294,0.8412284511327743,9.124101296048252
Gi3eUcsqhks,train,Dataset_Shard_0100000_0199999,10,50,8.930455656051636,8.691794872283936,11.241820621490481,0.9295894451530613,0.03146577317267656,-0.19960645768791438,2.0649607241991883
GrND9qai5pY,train,Dataset_Shard_0100000_0199999,1,50,4.263120183199644,4.207844018936157,6.884625339508057,0.5258494100765306,0.048566480276640504,0.840575109034662,23.515547126993688
GrND9qai5pY,train,Dataset_Shard_0100000_0199999,2,50,5.004358422756195,4.854777574539185,7.851226663589477,0.5658203125,-0.1908928731828928,-0.04014811873435974,5.586955050640738
GrND9qai5pY,train,Dataset_Shard_0100000_0199999,5,50,5.277611184120178,5.146045684814453,7.339325761795044,0.6130799585459183,0.05700226545333862,-0.11785993576049805,-5.189305050003151
GrND9qai5pY,train,Dataset_Shard_0100000_0199999,10,50,5.52135715007782,5.202853441238403,7.718278217315674,0.6425187340561225,0.06630761869251728,-0.4222122374549508,-9.725137689576131
HDs_owlm-kM,test,Dataset_Shard_0100000_0199999,1,50,4.297947566509247,4.133651256561279,6.224925947189331,0.7114775988520408,0.15510364614427088,0.09407231245189905,7.021461806389953
HDs_owlm-kM,test,Dataset_Shard_0100000_0199999,2,50,5.145186610221863,5.061646223068237,8.407937049865723,0.7518698182397959,-0.2122983934171498,0.041836144626140596,-10.32894311949352
HDs_owlm-kM,test,Dataset_Shard_0100000_0199999,5,50,5.895950026512146,5.795612812042236,7.9191316127777105,0.7730102040816327,0.13875433802604675,0.17411467470228673,15.707984688302597
HDs_owlm-kM,test,Dataset_Shard_0100000_0199999,10,50,6.5909514999389645,6.611804723739624,9.087147998809815,0.8259115911989795,-0.1893193582445383,0.04286231525242329,-0.5008805470032217
HRJ4OhgNX08,train,Dataset_Shard_0100000_0199999,1,50,2.507605364918709,1.9950779676437378,4.21615538597107,0.5268761957908163,-0.14049971688655205,-0.1935970012890175,1.959963245974345
HRJ4OhgNX08,train,Dataset_Shard_0100000_0199999,2,50,3.2665019536018374,3.1545910835266113,5.460093021392822,0.6094650829081633,-0.36287211306393147,-0.15513699548318982,7.798054886309038
HRJ4OhgNX08,train,Dataset_Shard_0100000_0199999,5,50,3.975584107637405,3.734529972076416,6.6459071159362795,0.6046308992346939,-0.4731874317675829,-0.33110526509582994,-5.807673731808617
HRJ4OhgNX08,train,Dataset_Shard_0100000_0199999,10,50,5.123606116771698,5.130042791366577,7.490754508972168,0.7206110491071429,-0.36780759364366533,0.23675530036911369,18.69245882830786
HWcwP-2-gBU,train,Dataset_Shard_0100000_0199999,1,50,2.9330431413650513,2.564292073249817,5.689515209197999,0.4955165816326531,-0.02470904141664505,0.12333298885729164,-3.7301684688219847
HWcwP-2-gBU,train,Dataset_Shard_0100000_0199999,2,50,3.250356649160385,3.2106516361236572,5.625903081893921,0.5306281887755102,0.38984672255814073,0.2946185996755958,31.185017366742706
HWcwP-2-gBU,train,Dataset_Shard_0100000_0199999,5,50,3.6899568593502043,3.2486058473587036,7.000109863281252,0.566042330994898,-0.350501247830689,-0.44583002611994743,-20.078585117888377
HWcwP-2-gBU,train,Dataset_Shard_0100000_0199999,10,50,3.7265350818634033,2.9262717962265015,7.054618930816651,0.5973026945153062,-0.029695867067202925,0.030831520333886146,-8.061804861959038
HrG_CiyMH7A,train,Dataset_Shard_0100000_0199999,1,50,2.4306672477722167,1.6618468761444092,4.162754154205324,0.4254017857142857,-0.11160921638831496,-0.1048440995067358,5.642624378066305
HrG_CiyMH7A,train,Dataset_Shard_0100000_0199999,2,50,2.4316099095344543,2.066403031349182,3.4540075540542605,0.4385044642857143,-0.042122183069586754,0.13140634648501873,19.35970279583043
HrG_CiyMH7A,train,Dataset_Shard_0100000_0199999,5,50,3.5980162233114243,2.6253169775009155,9.522601222991945,0.5024055325255102,-0.05369530392810702,0.2497947173938155,39.6973333254955
HrG_CiyMH7A,train,Dataset_Shard_0100000_0199999,10,50,3.029202539920807,2.3486595153808594,4.1365061759948745,0.48874242665816325,0.14464685950428247,0.03324018470942974,19.277776803826214
Hvip1xhAJEk,train,Dataset_Shard_0100000_0199999,1,50,4.426109304428101,3.2786186933517456,8.236370086669924,0.4714903539540816,0.031332884887233375,0.6181459380313754,12.167365237543201
Hvip1xhAJEk,train,Dataset_Shard_0100000_0199999,2,50,4.570004172325135,3.273906111717224,11.418349552154542,0.47033482142857147,0.24636930477805435,-0.05367080762982369,-1.2756147279611094
Hvip1xhAJEk,train,Dataset_Shard_0100000_0199999,5,50,5.028773009777069,4.544243335723877,8.311677551269533,0.5464676339285715,-0.18584104835987092,0.36362782746553424,3.0148692100986914
Hvip1xhAJEk,train,Dataset_Shard_0100000_0199999,10,50,5.699640383720398,5.116186857223511,8.974583816528321,0.6154504145408164,-0.027427002042531966,-0.13739505797624588,-22.612387697097017
HvxUw40lGmU,val,Dataset_Shard_0100000_0199999,1,50,2.2379315304756164,1.9705895781517029,3.8062319040298465,0.3513460618622449,-0.0652082962077111,0.2537596535868943,35.02694967632318
HvxUw40lGmU,val,Dataset_Shard_0100000_0199999,2,50,2.834577921628952,2.5510748624801636,5.115223217010499,0.41020248724489794,0.20558257443830372,-0.1179072068631649,-2.406718544029643
HvxUw40lGmU,val,Dataset_Shard_0100000_0199999,5,50,3.708363230228424,3.6239218711853027,5.401584243774415,0.4591729113520408,0.14960218403022738,-0.27542693223338577,-0.4518783594317165
HvxUw40lGmU,val,Dataset_Shard_0100000_0199999,10,50,4.55573606967926,4.320912599563599,6.651919746398926,0.4947090242346939,0.035056060776114464,-0.5423419459909201,-26.246099109236788
I3ynWCdH9-Q,test,Dataset_Shard_0100000_0199999,1,50,3.7925798523426058,3.237808108329773,6.884072160720826,0.5456501116071428,-0.11329666672740131,0.16557458560913801,5.047791750931475
I3ynWCdH9-Q,test,Dataset_Shard_0100000_0199999,2,50,5.643599399328232,5.197805166244507,10.106342220306397,0.6471018016581632,-0.15038886946626007,-0.17110697001218797,-9.131635929115149
I3ynWCdH9-Q,test,Dataset_Shard_0100000_0199999,5,50,6.0310466504096985,6.087719678878784,9.444324588775636,0.6739740114795919,-0.3329825739189982,-0.44559884488582613,-17.72860734975797
I3ynWCdH9-Q,test,Dataset_Shard_0100000_0199999,10,50,6.523944393396378,6.2825517654418945,9.4003568649292,0.6811555325255102,-0.13093128845095633,-1.10248443081975,-33.89992646435513
I4YrJCXtmDQ,train,Dataset_Shard_0100000_0199999,1,50,1.131694623529911,0.9874816238880157,1.8796467304229738,0.35420798788265306,0.061288280650042,0.14334045886993407,25.567144265134097
I4YrJCXtmDQ,train,Dataset_Shard_0100000_0199999,2,50,1.7083077996969223,1.6617301106452942,2.9170500278472904,0.4153411989795919,0.1356197660509497,0.04211681451648474,-0.10463644707021494
I4YrJCXtmDQ,train,Dataset_Shard_0100000_0199999,5,50,2.217301616370678,2.0845879316329956,3.678740692138672,0.46236208545918367,0.3074386867880821,0.1498533048853278,-2.3093246838170725
I4YrJCXtmDQ,train,Dataset_Shard_0100000_0199999,10,50,2.2369906949996947,2.3542392253875732,3.577753281593323,0.48084741709183676,0.3475583443976939,0.08240347766317427,-0.0549115523622612
IJ6v8unnzlw,train,Dataset_Shard_0100000_0199999,1,50,3.039611446857452,1.683405578136444,6.117439317703248,0.5573106664540817,-0.12466790087521076,-0.30996077915420756,-15.266351004574796
IJ6v8unnzlw,train,Dataset_Shard_0100000_0199999,2,50,3.5311901533603667,1.847154438495636,7.29254150390625,0.6000960618622448,0.04167170921340585,0.17831147839315237,35.36027587184556
IJ6v8unnzlw,train,Dataset_Shard_0100000_0199999,5,50,3.952130299806595,1.781137228012085,8.434898185729981,0.6002399553571428,-0.26591228909790515,-0.4628528900630772,-6.518324787830417
IJ6v8unnzlw,train,Dataset_Shard_0100000_0199999,10,50,4.187442302703857,2.1045159101486206,9.094741439819336,0.6508402423469387,-0.1345452724210918,-0.3233526886999607,-24.008131504732646
IMYS4tzoiWw,train,Dataset_Shard_0100000_0199999,1,50,5.073668329715729,5.053914308547974,8.47962999343872,0.5910730229591836,-0.025687129227444528,0.35109030358493326,25.199045113241
IMYS4tzoiWw,train,Dataset_Shard_0100000_0199999,2,50,5.807077501416206,5.845548868179321,9.941791152954103,0.6310666454081633,0.21839747169055046,0.17637201689183712,1.8747643255383506
IMYS4tzoiWw,train,Dataset_Shard_0100000_0199999,5,50,7.359686865806579,7.822683572769165,9.87710590362549,0.7609669961734694,0.6797380174696446,0.14417845260351897,4.209945043150015
IMYS4tzoiWw,train,Dataset_Shard_0100000_0199999,10,50,7.936170010566712,8.265087604522705,9.80339698791504,0.8353679049744898,-0.12083920842036605,-0.0017582987993955612,-10.169854966224557
IWAeIhWK8k0,train,Dataset_Shard_0100000_0199999,1,50,2.369020501971245,1.4345257878303528,4.7173111915588395,0.39042012117346936,-0.023399832993745803,0.10135202450677752,19.36891353450421
IWAeIhWK8k0,train,Dataset_Shard_0100000_0199999,2,50,2.8346118944883347,1.6703497767448425,7.0922114849090585,0.45699976084183674,-0.25324683148181065,0.17343921013176442,3.2539248314632094
IWAeIhWK8k0,train,Dataset_Shard_0100000_0199999,5,50,3.8707906913757326,2.35356605052948,8.897575187683106,0.5126458864795919,0.28203064657747745,-0.10745726533234119,9.60603406980602
IWAeIhWK8k0,train,Dataset_Shard_0100000_0199999,10,50,3.7323238003253936,3.1337661743164062,7.121933364868164,0.5122684151785714,0.00475861519575119,-0.2228359431028366,-16.755255859514406
IgXDqL9n1yc,train,Dataset_Shard_0100000_0199999,1,50,5.864749405384064,5.226621866226196,10.032771587371826,0.7960184151785714,0.6708147312141954,0.31884111136198046,4.4529257519562835
IgXDqL9n1yc,train,Dataset_Shard_0100000_0199999,2,50,8.302831399440766,8.532040119171143,12.109586334228515,0.8371496332908163,-0.04435125064104795,-0.27401562452316286,-12.497166938124566
IgXDqL9n1yc,train,Dataset_Shard_0100000_0199999,5,50,8.10548981666565,8.464569568634033,10.727126884460452,0.864985650510204,0.7008631475642324,0.8622729558311403,12.952147461778996
IgXDqL9n1yc,train,Dataset_Shard_0100000_0199999,10,50,9.729660243988038,9.89993667602539,12.997704124450683,0.9325191326530613,0.23105774381197988,0.06361746122129261,14.822909633220059
IknWlKwrkqM,train,Dataset_Shard_0100000_0199999,1,50,3.8494509606063367,3.101511001586914,6.35063786506653,0.6225829081632653,-0.17013807111419738,0.25692379219457506,-3.9491008713916056
IknWlKwrkqM,train,Dataset_Shard_0100000_0199999,2,50,5.429760670661926,5.0882720947265625,9.569680213928223,0.7089106345663265,-0.14816817834973336,0.060285636987537146,-0.13704731859690183
IknWlKwrkqM,train,Dataset_Shard_0100000_0199999,5,50,7.148013143539429,7.093969345092773,10.297884273529053,0.8115254304846938,-0.19367249621078372,-0.4053758387081325,-26.86685259763088
IknWlKwrkqM,train,Dataset_Shard_0100000_0199999,10,50,8.282042217254638,8.662745475769043,11.17427501678467,0.8618219866071429,-0.17625128887593747,-0.4362699930369854,-20.803115011292704
IpeCPBTMsp8,train,Dataset_Shard_0100000_0199999,1,50,0.8383653950691223,0.43152882158756256,1.3006674051284808,0.17679408482142858,0.084743948802643,0.2374093000096036,10.700476520696588
IpeCPBTMsp8,train,Dataset_Shard_0100000_0199999,2,50,2.1646000391244886,0.689843088388443,9.286099815368653,0.2787663424744898,-0.27435436120256784,0.46659680584445595,24.275907776808754
IpeCPBTMsp8,train,Dataset_Shard_0100000_0199999,5,50,2.220070212483406,1.0253691971302032,8.224071311950684,0.28297433035714287,0.0005928396433591842,-0.14791977107524873,-1.1763677468182465
IpeCPBTMsp8,train,Dataset_Shard_0100000_0199999,10,50,2.109790951013565,1.0235822796821594,4.274081277847296,0.28968510841836737,0.14437534547410905,-0.026709407535381615,18.435672972340356
IwlK3JWqWhA,train,Dataset_Shard_0100000_0199999,1,50,2.224679419994354,1.9623044729232788,3.577798461914063,0.40799346301020406,-0.012451136708259583,-0.16809191935695708,-16.181052293085216
IwlK3JWqWhA,train,Dataset_Shard_0100000_0199999,2,50,2.8444697868824007,2.3690385818481445,6.182944679260254,0.4714867665816327,0.16545608200132847,0.017828415632247924,15.020176841247894
IwlK3JWqWhA,train,Dataset_Shard_0100000_0199999,5,50,4.529581762552262,3.608197569847107,8.432495021820069,0.608860012755102,0.12034410864114761,0.07631730092689396,11.294242942455872
IwlK3JWqWhA,train,Dataset_Shard_0100000_0199999,10,50,5.111249022483825,4.237094879150391,9.1925705909729,0.6773198341836735,0.20185439090244472,0.029275875613093374,7.1831676841895185
J2BXGfLbEQk,test,Dataset_Shard_0100000_0199999,1,50,1.66598781645298,1.2229954600334167,2.6089166164398194,0.31228914221938775,-0.17771984271705152,0.008847566787153482,-12.183452751315837
J2BXGfLbEQk,test,Dataset_Shard_0100000_0199999,2,50,1.9887166476249696,1.4339159727096558,3.6357054710388184,0.33107661033163266,0.033826096691191194,0.037176314629614356,4.512465063244583
J2BXGfLbEQk,test,Dataset_Shard_0100000_0199999,5,50,2.708029955625534,2.5464160442352295,4.88109736442566,0.42518335459183676,-0.0269043280929327,0.11208109640516341,5.812940116135674
J2BXGfLbEQk,test,Dataset_Shard_0100000_0199999,10,50,2.6825687634944915,2.4512075185775757,4.083893156051636,0.40357063137755106,0.16794394958764314,0.16820139102637768,4.135618836693037
J2x0zNcfLzg,test,Dataset_Shard_0100000_0199999,1,50,4.605821487903595,4.759364604949951,7.09791841506958,0.5706911670918368,-0.14842259529978036,0.37082076743245124,7.905561517862493
J2x0zNcfLzg,test,Dataset_Shard_0100000_0199999,2,50,5.032462427616119,4.765185594558716,7.481206607818604,0.6096301020408164,0.15188107825815678,0.26683842539787295,9.180781386161541
J2x0zNcfLzg,test,Dataset_Shard_0100000_0199999,5,50,4.809387620687485,4.336275339126587,7.911027097702027,0.5670563616071429,-0.2594080314040184,-0.10740174978971481,-3.3751582643348654
J2x0zNcfLzg,test,Dataset_Shard_0100000_0199999,10,50,5.677331080436707,5.810456037521362,8.29160442352295,0.6390541294642857,0.24516860976815225,0.5775191497802734,25.990570580343775
J72oRFQXj5o,test,Dataset_Shard_0100000_0199999,1,50,2.4755329585075376,2.0062350034713745,6.13034920692444,0.4358115433673469,0.2543237697519362,0.05153206612449139,0.6458569097939421
J72oRFQXj5o,test,Dataset_Shard_0100000_0199999,2,50,3.9539803612232207,2.9112929105758667,9.41501817703247,0.5316003667091836,0.12729693517088891,0.6758564872667193,29.76995454007817
J72oRFQXj5o,test,Dataset_Shard_0100000_0199999,5,50,5.691441265344619,5.226869821548462,10.726176071166993,0.6320320471938775,0.07925796813331544,-0.08102277960628271,14.299665029237522
J72oRFQXj5o,test,Dataset_Shard_0100000_0199999,10,50,5.653880825042725,4.98291277885437,9.950925922393798,0.6478125,0.13751231893897056,0.009408303573727607,-0.15705400891899046
J8RgC4W1HeU,test,Dataset_Shard_0100000_0199999,1,50,1.2814288191497325,0.8537286221981049,2.302413892745972,0.23086774553571426,-0.010512607845594175,0.061718825097195805,4.482249537449995
J8RgC4W1HeU,test,Dataset_Shard_0100000_0199999,2,50,2.119077880382538,1.3381070494651794,3.8523898839950563,0.3000358737244898,-0.056300537480274214,0.17208662074990572,21.330721029417376
J8RgC4W1HeU,test,Dataset_Shard_0100000_0199999,5,50,2.3517052149772644,2.0691505670547485,4.047312021255493,0.35427455357142856,0.16499287651851774,0.2513459779694676,23.89110273684217
J8RgC4W1HeU,test,Dataset_Shard_0100000_0199999,10,50,2.2897656524181365,2.0737634897232056,3.312163639068604,0.34243463010204084,-0.08185160458087921,0.25210635861381886,32.27645796299996
JF1WHXagVBg,train,Dataset_Shard_0100000_0199999,1,50,1.761606185734272,1.8383690118789673,2.9979261159896855,0.33937380420918367,-0.3798821530491114,0.12381405802618246,18.625224310657064
JF1WHXagVBg,train,Dataset_Shard_0100000_0199999,2,50,2.359090585708618,1.852468192577362,3.2355077981948854,0.3889122289540816,0.027107581458985806,0.2046203976869583,-18.94335796254213
JF1WHXagVBg,train,Dataset_Shard_0100000_0199999,5,50,2.9246975135803224,2.483519673347473,5.3468054294586205,0.46254464285714286,-0.49134150803089144,-0.060322712296620014,-9.91528384169651
JF1WHXagVBg,train,Dataset_Shard_0100000_0199999,10,50,4.235337817668915,2.9424121379852295,9.181952476501465,0.6125749362244898,-0.11756174898240715,0.575310744419694,2.682897162396846
JGxn16KUavc,val,Dataset_Shard_0100000_0199999,1,50,3.663400266170502,3.1192805767059326,6.478635692596436,0.5372560586734694,-0.26302782122045754,0.20711148051545025,15.398710934407324
JGxn16KUavc,val,Dataset_Shard_0100000_0199999,2,50,4.6338234770298,4.065109014511108,7.602121496200562,0.5950179368622449,-0.3276982522197068,-0.2461913238465786,0.3403514946474859
JGxn16KUavc,val,Dataset_Shard_0100000_0199999,5,50,4.922106528282166,4.834083080291748,7.667026615142824,0.6167199457908163,0.378296485254541,-0.04571717333979905,15.258145962586202
JGxn16KUavc,val,Dataset_Shard_0100000_0199999,10,50,6.181188926696778,6.110697507858276,9.526634311676027,0.7017558195153062,-0.5292475751042366,-0.06997812002897262,-16.06608982990672
J_Q3FptXl4E,train,Dataset_Shard_0100000_0199999,1,50,2.885733803510666,2.5327244997024536,5.231855821609497,0.45000318877551027,-0.20762950219213963,0.34683579604607073,46.72270603521741
J_Q3FptXl4E,train,Dataset_Shard_0100000_0199999,2,50,4.605536475181579,4.356120824813843,7.626113843917847,0.5697508769132653,0.10919024531787727,-0.08834963941480964,9.031633458749761
J_Q3FptXl4E,train,Dataset_Shard_0100000_0199999,5,50,4.849854943752288,4.617072582244873,7.91236138343811,0.5911539381377551,0.4751633058488369,-0.08590405859984457,-14.883527189824793
J_Q3FptXl4E,train,Dataset_Shard_0100000_0199999,10,50,5.678869490623474,5.198241710662842,8.416556072235108,0.6793586575255103,0.13421524181962013,-0.13659738339483737,10.471929405179244
JiFbkH4lkEA,train,Dataset_Shard_0100000_0199999,1,50,3.5970926088094712,3.7442694902420044,6.380834865570068,0.5324465880102041,-0.56902861722745,0.21850972402025945,39.39313175958584
JiFbkH4lkEA,train,Dataset_Shard_0100000_0199999,2,50,4.8225255918502805,4.176910877227783,8.925579547882082,0.5977913743622448,-0.01278921015560627,-0.0033654889836907385,-1.199995163544873
JiFbkH4lkEA,train,Dataset_Shard_0100000_0199999,5,50,4.890853424072265,4.367725849151611,9.20033884048462,0.638213887117347,0.13291893236339092,0.1977402481948957,20.987009085456517
JiFbkH4lkEA,train,Dataset_Shard_0100000_0199999,10,50,6.311150555610657,5.267099380493164,10.267480087280275,0.7415704719387755,0.40611461326479914,-0.12096103601157665,11.80277064200661
JricrURk4aQ,train,Dataset_Shard_0100000_0199999,1,50,2.195055376291275,1.6165916323661804,4.4091369152069095,0.39838847257653065,-0.08432986080646515,-0.07746464811265469,-19.527153740123737
JricrURk4aQ,train,Dataset_Shard_0100000_0199999,2,50,3.3712730133533477,2.7659502029418945,6.612329149246218,0.4739457110969388,-0.17540697663323954,0.0891710165143013,-22.4673413335114
JricrURk4aQ,train,Dataset_Shard_0100000_0199999,5,50,3.9750206422805787,3.205835461616516,8.664853382110596,0.5323022959183673,0.176796721406281,-0.15974040780216456,8.949726518468776
JricrURk4aQ,train,Dataset_Shard_0100000_0199999,10,50,4.520356608629227,4.337063789367676,7.271914911270142,0.5930612244897959,0.0639080249145627,-0.2617119062691927,6.450710671898928
K1-1564mVaE,train,Dataset_Shard_0100000_0199999,1,50,1.513925858438015,0.5344615578651428,5.466774129867555,0.23546715561224488,-0.25571557878050954,0.01831274841912091,-7.065335224240507
K1-1564mVaE,train,Dataset_Shard_0100000_0199999,2,50,2.945543043464422,1.304764986038208,8.048316907882691,0.3429145408163265,0.032873500995337965,0.11470393092487939,-0.7847711226062128
K1-1564mVaE,train,Dataset_Shard_0100000_0199999,5,50,3.809926999956369,1.572114884853363,9.414968967437744,0.41739038584183674,0.4017048631235957,0.44122952457517384,5.967911178288646
K1-1564mVaE,train,Dataset_Shard_0100000_0199999,10,50,4.339737388789654,1.821823000907898,10.30426139831543,0.45612244897959187,0.3445696675218642,-0.39067446820437907,-1.2786029245501087
KGDAv4gY0CU,train,Dataset_Shard_0100000_0199999,1,50,3.345141944885254,2.5148738622665405,6.844230365753175,0.506555325255102,0.1218468963354826,-0.06514271782711148,13.292399670238922
KGDAv4gY0CU,train,Dataset_Shard_0100000_0199999,2,50,3.483304064273834,2.9270588159561157,5.493780994415287,0.5151941167091837,0.2414633184671402,-0.22374894965440034,0.09946706578072466
KGDAv4gY0CU,train,Dataset_Shard_0100000_0199999,5,50,4.367221164703369,3.536595106124878,8.833480739593506,0.5887615593112244,-0.00043733246624469755,-0.2931994917988777,5.270149644144469
KGDAv4gY0CU,train,Dataset_Shard_0100000_0199999,10,50,4.73120845079422,3.3310840129852295,9.546782970428467,0.6265756536989796,-0.433040764182806,-0.4578829301893711,-6.333651442988575
KWLQZy3Trfc,train,Dataset_Shard_0100000_0199999,1,50,0.9644235765188932,0.44415760040283203,2.2255835533142094,0.16372927295918366,-0.12274365937686525,-0.10565420192608144,-32.18042509622011
KWLQZy3Trfc,train,Dataset_Shard_0100000_0199999,2,50,1.3641201505064964,0.7747225761413574,3.7220979690551768,0.21013233418367347,-0.1494310867972672,-0.08525054989382624,-20.439528740266347
KWLQZy3Trfc,train,Dataset_Shard_0100000_0199999,5,50,1.1034490117430686,0.8658035397529602,1.904979515075684,0.20387635522959183,0.025403207126073538,-0.033986052647233006,-14.764250530697025
KWLQZy3Trfc,train,Dataset_Shard_0100000_0199999,10,50,1.8508887469768525,1.403040885925293,4.308276987075805,0.25875677614795917,0.07051469722064212,0.009406134821474552,-27.694353698915652
K_9S0CZoNLw,train,Dataset_Shard_0100000_0199999,1,50,7.931362037658691,8.273332118988037,11.126234436035157,0.8844459502551021,-1.0670370987430216,0.6351733064930886,31.309611511675474
K_9S0CZoNLw,train,Dataset_Shard_0100000_0199999,2,50,8.472088012695313,8.57993459701538,10.603253650665284,0.9120874521683673,-0.19690149649977684,0.9494757334887981,35.020268500269786
K_9S0CZoNLw,train,Dataset_Shard_0100000_0199999,5,50,8.279812922477722,8.118980884552002,10.98989305496216,0.9343319515306122,0.4438223573565483,-0.5365103584900498,0.6492034625159817
K_9S0CZoNLw,train,Dataset_Shard_0100000_0199999,10,50,8.927412548065185,8.99018669128418,11.249957942962647,0.9390812340561224,-0.04525181412696838,0.15468737304210664,-1.3865158898776477
KcYwOQfhWUk,test,Dataset_Shard_0100000_0199999,1,50,1.1035890573263167,0.4943690150976181,3.181637620925904,0.2148014987244898,-0.04706220127642155,0.005964600797742605,3.7317734087636882
KcYwOQfhWUk,test,Dataset_Shard_0100000_0199999,2,50,1.3111894671618938,0.7355071902275085,3.3523451089859027,0.2254460299744898,0.2751003271341324,-0.032121872530551626,-6.735413566365654
KcYwOQfhWUk,test,Dataset_Shard_0100000_0199999,5,50,1.8013320043683052,1.537806510925293,3.7025151491165165,0.27137117346938777,-0.003960329592227935,0.08615589743014425,26.120075248648583
KcYwOQfhWUk,test,Dataset_Shard_0100000_0199999,10,50,2.4852482315897944,2.1988459825515747,5.310362434387208,0.34638313137755106,-0.383884854465723,0.1895902713946998,46.702430770654075
KiIkP5rt664,train,Dataset_Shard_0100000_0199999,1,50,4.029474707841874,3.221185326576233,6.911914300918579,0.6042948820153061,0.5903625894337893,0.43865148961544037,14.953328392462556
KiIkP5rt664,train,Dataset_Shard_0100000_0199999,2,50,4.223583414554596,3.893237829208374,7.243047761917114,0.5942861128826531,0.15901602894999087,0.4810824707522988,14.681301541147848
KiIkP5rt664,train,Dataset_Shard_0100000_0199999,5,50,6.154846246242523,5.879617214202881,9.798730373382568,0.7505624202806122,-0.20052086427807808,-0.3735644160211086,-12.337658994376046
KiIkP5rt664,train,Dataset_Shard_0100000_0199999,10,50,6.047680869102478,5.906476736068726,9.986304187774659,0.7570069355867346,0.24069745138287543,0.46344621658325197,-1.297158892200039
LABUp-9fzpo,train,Dataset_Shard_0100000_0199999,1,50,1.9775562939047813,1.4015125632286072,4.539731550216675,0.3682932079081633,0.19307507865625667,-0.0055737410858273505,-1.4473371667360362
LABUp-9fzpo,train,Dataset_Shard_0100000_0199999,2,50,2.22847707092762,1.8746094703674316,4.389535188674928,0.37274194834183677,-0.16481766763783526,0.24254372622817755,7.218440198437964
LABUp-9fzpo,train,Dataset_Shard_0100000_0199999,5,50,2.516358316540718,1.8435266613960266,5.17951397895813,0.4247381218112245,0.20488837542012334,0.12304800564961624,-13.86949527801155
LABUp-9fzpo,train,Dataset_Shard_0100000_0199999,10,50,3.335855799913406,3.1539430618286133,6.264101028442383,0.5105038265306123,0.055784031264483926,0.12927014619112015,9.047577969774467
LCu1WeLTHHs,train,Dataset_Shard_0100000_0199999,1,50,4.103438084125519,3.755251407623291,7.406472110748291,0.5715848214285715,-0.08102390242740512,0.11591232422739267,5.952912029290527
LCu1WeLTHHs,train,Dataset_Shard_0100000_0199999,2,50,4.423415344953537,3.8587969541549683,7.643174409866335,0.5718347417091837,-0.0976982568204403,0.22239561036229133,1.7063186681474563
LCu1WeLTHHs,train,Dataset_Shard_0100000_0199999,5,50,5.801178858280182,5.945034980773926,9.415953254699707,0.6917311065051021,0.40629652111092585,0.1581565360724926,-5.332202232527115
LCu1WeLTHHs,train,Dataset_Shard_0100000_0199999,10,50,5.556091647148133,5.496431589126587,8.694996452331543,0.6982676977040816,0.5381699112430215,-0.1595298658311367,-6.578899576974875
LNm-RsObqrI,train,Dataset_Shard_0100000_0199999,1,50,5.792899858951569,5.79202675819397,9.306633472442629,0.7979799107142856,0.3463492648303509,0.1606883903592825,-12.101150798371204
LNm-RsObqrI,train,Dataset_Shard_0100000_0199999,2,50,6.248347988128662,6.264847755432129,9.21278076171875,0.8172317442602041,-0.7696007407084108,-0.16960169024765492,-11.350410424166292
LNm-RsObqrI,train,Dataset_Shard_0100000_0199999,5,50,6.58591459274292,6.362438440322876,8.016259288787843,0.8370723054846938,0.6484086394309998,-0.41660700134932993,-16.85373091859597
LNm-RsObqrI,train,Dataset_Shard_0100000_0199999,10,50,6.432926473617553,6.3004984855651855,8.062705707550048,0.8449398118622449,-0.11005189072340726,-0.6390447492897511,-27.86859267382407
LY8eSMG5Zg_,train,Dataset_Shard_0100000_0199999,1,50,9.58437994480133,9.225866317749023,12.757065391540529,0.8246356823979591,0.26353132650256156,0.05066807597875595,9.44001654265452
LY8eSMG5Zg_,train,Dataset_Shard_0100000_0199999,2,50,10.524523425102235,9.675801753997803,18.153752899169923,0.8347775829081633,0.07958610609173775,-1.2790320989489556,-17.948515203358408
LY8eSMG5Zg_,train,Dataset_Shard_0100000_0199999,5,50,12.131198205947875,11.154562950134277,18.365910911560057,0.8696663743622449,-1.19697336088866,0.19104887545108795,10.766242999128059
LY8eSMG5Zg_,train,Dataset_Shard_0100000_0199999,10,50,12.029676818847657,10.952032566070557,19.175444412231446,0.8733358577806122,0.13493247143924236,-0.1683102859556675,-5.3499406383823995
L_MDy-YN-qU,val,Dataset_Shard_0100000_0199999,1,50,2.245508370399475,1.7266595363616943,4.572707557678223,0.3403958067602041,-0.16276636035414413,-0.08386787332594395,12.297123800377399
L_MDy-YN-qU,val,Dataset_Shard_0100000_0199999,2,50,2.8054081284999848,2.3804445266723633,5.5244842052459715,0.38416015625,0.1444362698867917,0.2309095837548375,7.014283851043839
L_MDy-YN-qU,val,Dataset_Shard_0100000_0199999,5,50,3.6780077612400053,3.7212034463882446,6.2136579036712645,0.45295041454081636,-0.23466869704425336,0.18180576990009287,28.557507251418222
L_MDy-YN-qU,val,Dataset_Shard_0100000_0199999,10,50,3.200673563480377,2.9047034978866577,5.147302198410035,0.42406130420918364,-0.10626782536506653,0.17353005512151867,19.396774827425226
LqVVbjKegLM,train,Dataset_Shard_0100000_0199999,1,50,3.0428937113285066,2.0982935428619385,6.523622941970825,0.42056401466836735,-0.11459773644804955,-0.19874687561765314,-8.055701398625029
LqVVbjKegLM,train,Dataset_Shard_0100000_0199999,2,50,3.5129293847084044,3.225250720977783,6.3455139160156255,0.4426905293367347,-0.12664414957165718,-0.04564689435064793,-19.967238045321018
LqVVbjKegLM,train,Dataset_Shard_0100000_0199999,5,50,4.708570826053619,3.9387576580047607,8.514689445495605,0.5508091517857143,-0.20053519055247307,-0.1350373049080372,-10.447705398508624
LqVVbjKegLM,train,Dataset_Shard_0100000_0199999,10,50,5.695689752101898,6.047319173812866,8.603402709960937,0.6221655771683673,-0.09858101781457662,-0.25852124363183976,-5.50633096312103
LsLsb6ON3HA,train,Dataset_Shard_0100000_0199999,1,50,2.5019567549228667,1.756752610206604,4.6863508224487305,0.4645723054846939,-0.005936691206879913,0.25752921238541604,0.3322426580765534
LsLsb6ON3HA,train,Dataset_Shard_0100000_0199999,2,50,3.203279948234558,2.576966404914856,6.639309501647951,0.49037946428571433,0.2547094499412924,0.36487059243023395,1.7462471598282707
LsLsb6ON3HA,train,Dataset_Shard_0100000_0199999,5,50,5.182975432872772,3.7863943576812744,9.938737678527833,0.645379862882653,0.48524553824216127,0.6340670871548355,21.706526668535407
LsLsb6ON3HA,train,Dataset_Shard_0100000_0199999,10,50,4.8518763256073,4.168558120727539,8.847313785552979,0.603600924744898,-0.4442167494958267,-0.2913011500646826,-16.74768521409765
LxB4fZIr6QM,train,Dataset_Shard_0100000_0199999,1,50,2.228636370897293,1.688564956188202,3.5356067895889307,0.43569116709183675,0.030483731031417848,-0.20616254365537315,-19.843448062888896
LxB4fZIr6QM,train,Dataset_Shard_0100000_0199999,2,50,3.9209689682722093,3.323343873023987,7.616123104095459,0.5679125478316327,0.2252681413292885,0.14422738060355186,22.455199523234356
LxB4fZIr6QM,train,Dataset_Shard_0100000_0199999,5,50,3.670892748832703,3.1594947576522827,6.532705068588258,0.5742996651785715,0.32002148922532797,0.08166991848498582,21.024772178133148
LxB4fZIr6QM,train,Dataset_Shard_0100000_0199999,10,50,4.25871563911438,3.473004698753357,8.274595737457277,0.670268255739796,0.2236420714110136,-0.37518733568489554,-27.4746714631551
M0U21_jIkjs,train,Dataset_Shard_0100000_0199999,1,50,2.8661295342445374,2.6115092039108276,5.155393695831299,0.390749362244898,-0.09117407463490963,-0.20863746874034406,-2.984786613732207
M0U21_jIkjs,train,Dataset_Shard_0100000_0199999,2,50,3.6770655155181884,3.7338515520095825,6.337448215484619,0.4510004783163265,0.2861591331847012,-0.06548380441963672,-3.532427130785462
M0U21_jIkjs,train,Dataset_Shard_0100000_0199999,5,50,4.68431516289711,4.636049270629883,7.498703384399415,0.5323258131377551,0.02988048780709505,0.11320741480216384,6.027523331055844
M0U21_jIkjs,train,Dataset_Shard_0100000_0199999,10,50,4.878938636779785,4.280368089675903,8.515474605560303,0.5367566167091836,0.1351284123957157,0.2394093732535839,13.235223633847996
MI9SBkWfYeE,train,Dataset_Shard_0100000_0199999,1,50,1.8731357247568667,1.0447891354560852,4.221589088439941,0.32073301977040813,0.033680854230042315,-0.07342633021671645,15.092245341685715
MI9SBkWfYeE,train,Dataset_Shard_0100000_0199999,2,50,2.0322736781835555,1.1437369585037231,4.580668544769289,0.3346966677295919,0.0059958831965923306,-0.0055536537244915965,6.157903438856125
MI9SBkWfYeE,train,Dataset_Shard_0100000_0199999,5,50,2.5850513190031053,1.8776087164878845,5.625946331024171,0.38884646045918364,-0.3175623811781406,0.14304706640541553,-4.6472362156429305
MI9SBkWfYeE,train,Dataset_Shard_0100000_0199999,10,50,2.8700039333105085,2.703499913215637,4.831407690048219,0.44521165497448983,-0.004291377514600753,-0.10133359473198653,-10.30619936275334
MKXS5-a6wB4,train,Dataset_Shard_0100000_0199999,1,50,3.0885624897480013,2.3706676959991455,6.981498098373415,0.46261639030612245,-0.098413194604218,0.051280769165605304,12.411612488061149
MKXS5-a6wB4,train,Dataset_Shard_0100000_0199999,2,50,3.9325300574302675,3.30575954914093,8.327353382110596,0.532963568239796,0.2531326914113015,0.44072963858023284,7.259246745272881
MKXS5-a6wB4,train,Dataset_Shard_0100000_0199999,5,50,4.605892493724823,4.464191675186157,7.518064403533936,0.592427056760204,0.06292658053338528,0.14541146723553539,-9.325938025923849
MKXS5-a6wB4,train,Dataset_Shard_0100000_0199999,10,50,5.460141783952713,4.682891130447388,8.78896360397339,0.6278140943877552,-0.13213959351181984,0.2716770851612091,23.11290115052876
MO0BNkMVRUM,train,Dataset_Shard_0100000_0199999,1,50,7.633290499448776,7.442362308502197,13.579823780059815,0.8780887276785714,-0.2177781978994608,-0.2051889292150736,12.430203437269379
MO0BNkMVRUM,train,Dataset_Shard_0100000_0199999,2,50,9.03587837934494,9.125537872314453,13.209699821472169,0.9203483737244897,-0.9326551254838705,-0.3614516890794039,-16.387809760135468
MO0BNkMVRUM,train,Dataset_Shard_0100000_0199999,5,50,9.932359390258789,9.971028804779053,13.279201793670655,0.9473018973214287,-0.10703783340752125,0.10752893209457398,10.0096432026833
MO0BNkMVRUM,train,Dataset_Shard_0100000_0199999,10,50,9.299891924858093,9.064730167388916,11.5188814163208,0.9595990114795918,-0.046403833553195,0.05073097504675388,4.236020279134637
MQ0rcxyT_18,train,Dataset_Shard_0100000_0199999,1,50,2.8463371700048445,2.4978840351104736,5.583227968215943,0.4705325255102041,-0.09531813491135836,0.275494161657989,4.6629365917154875
MQ0rcxyT_18,train,Dataset_Shard_0100000_0199999,2,50,3.9657196629047395,3.4065123796463013,6.808626222610475,0.5702052774234694,-0.16356427496299147,0.46900144416838885,24.164866564041105
MQ0rcxyT_18,train,Dataset_Shard_0100000_0199999,5,50,4.638458495140076,3.954890251159668,7.814156627655031,0.5884187659438775,-0.31940270826919004,-0.09225506469607353,-15.800832759853368
MQ0rcxyT_18,train,Dataset_Shard_0100000_0199999,10,50,5.532415075302124,4.652328014373779,9.763630676269532,0.6760514987244898,-0.15919509664177894,0.054061915017664434,15.031837883647484
MWvT1QbVPW4,val,Dataset_Shard_0100000_0199999,1,50,4.217542070746422,3.0868449211120605,9.368050670623779,0.5776702008928571,-0.23641963616013528,-0.3630854454357177,11.689607521146472
MWvT1QbVPW4,val,Dataset_Shard_0100000_0199999,2,50,5.96025382399559,6.294317960739136,9.167326068878175,0.6967199457908163,-0.1112174878641963,-0.08570758722722531,8.071542037508095
MWvT1QbVPW4,val,Dataset_Shard_0100000_0199999,5,50,5.428812356591225,5.315802812576294,8.561721897125244,0.7061926020408162,-0.030840231962502004,-0.2771496149525046,5.4857009158740775
MWvT1QbVPW4,val,Dataset_Shard_0100000_0199999,10,50,6.452311136722565,6.644021511077881,9.935937976837158,0.7694447544642857,-0.08517011946998537,-0.441819488145411,-4.603119530826444
Mb1sAgqD2zk,train,Dataset_Shard_0100000_0199999,1,50,1.5327999317646026,0.7659094035625458,3.788972449302674,0.3559877232142857,-0.017322531444951893,-0.0614749195684999,14.462476489368152
Mb1sAgqD2zk,train,Dataset_Shard_0100000_0199999,2,50,3.219834188222885,2.4517000913619995,7.798675394058227,0.4766326530612245,-0.3174437761027366,0.13927140255458653,-1.5496537091149554
Mb1sAgqD2zk,train,Dataset_Shard_0100000_0199999,5,50,6.334661705493927,5.816825866699219,10.198563194274904,0.6873254145408163,0.008209996782243252,-0.31348699171096084,-7.435520657593463
Mb1sAgqD2zk,train,Dataset_Shard_0100000_0199999,10,50,6.115934298038483,6.373786449432373,10.24638614654541,0.6508191167091837,-0.1028605106472969,-0.05211219636723399,-1.9287263768961924
MoldpStWdSM,train,Dataset_Shard_0100000_0199999,1,50,1.707196456491947,1.0537641048431396,4.521226072311402,0.3330337213010204,-0.1274861536361277,-0.2051930627692491,10.598106439927246
MoldpStWdSM,train,Dataset_Shard_0100000_0199999,2,50,2.408253244161606,1.8483597040176392,5.144545125961305,0.39370495854591836,0.14912763483822344,0.004755720011889935,7.440861855519074
MoldpStWdSM,train,Dataset_Shard_0100000_0199999,5,50,2.574374408721924,2.385673999786377,4.455928230285645,0.4370180963010204,0.19517389819025993,-0.08056507227011026,-16.124073858180353
MoldpStWdSM,train,Dataset_Shard_0100000_0199999,10,50,3.2327393531799316,3.00710928440094,5.731199932098389,0.5121133609693878,0.15994187008589505,0.07867301747202873,16.546171959480493
MwffJW2HSBw,train,Dataset_Shard_0100000_0199999,1,50,2.3243457537889483,1.7648478150367737,5.401121997833252,0.3495292570153061,0.08266533605754375,-0.10507222649641335,18.32642322751155
MwffJW2HSBw,train,Dataset_Shard_0100000_0199999,2,50,2.925105096101761,2.4956878423690796,5.98333649635315,0.4102714445153061,0.02930070268921554,-0.3379924039635807,-21.65609850622483
MwffJW2HSBw,train,Dataset_Shard_0100000_0199999,5,50,3.7678722012043,3.4966009855270386,6.670911550521851,0.4412587691326531,0.07976513996720314,0.0992229932360351,11.428391407748919
MwffJW2HSBw,train,Dataset_Shard_0100000_0199999,10,50,3.9477372050285338,3.2485573291778564,7.0185485839843755,0.460012356505102,-0.19588471800088883,-0.1683440175652504,-4.819012679171467
Mwqts-3PkoQ,train,Dataset_Shard_0100000_0199999,1,50,3.66430451631546,3.487837553024292,5.477128410339356,0.5744084821428571,-0.06218545854091644,0.11943419441580773,9.961456050862882
Mwqts-3PkoQ,train,Dataset_Shard_0100000_0199999,2,50,4.258878648281097,3.786144495010376,6.412511014938355,0.6142163584183673,-0.14317735478281976,-0.010908564031124115,4.9476250983908105
Mwqts-3PkoQ,train,Dataset_Shard_0100000_0199999,5,50,4.711059691905976,4.474764108657837,6.793616390228272,0.6415557238520408,0.04718042328953743,-0.14862584240734578,-14.534349366377372
Mwqts-3PkoQ,train,Dataset_Shard_0100000_0199999,10,50,5.506885204315186,5.312147617340088,7.615040159225464,0.6811033163265305,0.22633165542269126,0.24022436261177063,2.51154897580855
Mz477FcOK1I,train,Dataset_Shard_0100000_0199999,1,50,3.4283926236629485,3.1100977659225464,6.0121753215789795,0.6249386160714285,-0.047475770846940574,-0.007772668227553368,0.6883931079182823
Mz477FcOK1I,train,Dataset_Shard_0100000_0199999,2,50,3.617408082485199,3.0430296659469604,6.561063909530642,0.6106277901785715,0.12079726116731763,0.027530965097248554,2.8735147430756576
Mz477FcOK1I,train,Dataset_Shard_0100000_0199999,5,50,4.324752223491669,4.227869033813477,6.724364805221559,0.681175462372449,-0.16906197723001243,0.11196369042620063,-7.660900871123803
Mz477FcOK1I,train,Dataset_Shard_0100000_0199999,10,50,4.462925097942352,4.307621002197266,7.240598821640015,0.6714620535714286,0.1607256886921823,0.20831232178956272,8.387513645013515
NBZN1K9PE38,train,Dataset_Shard_0100000_0199999,1,50,2.5318320286273956,2.3227416276931763,4.06868863105774,0.4112025669642857,0.07857656382024288,0.40887665493413805,-2.968481742279694
NBZN1K9PE38,train,Dataset_Shard_0100000_0199999,2,50,3.0218582409620285,2.122875452041626,6.140131330490114,0.4475876913265306,0.19980386273702608,0.240966066615656,17.612309181789787
NBZN1K9PE38,train,Dataset_Shard_0100000_0199999,5,50,2.996081818938255,2.3268628120422363,5.266385173797609,0.46810706313775513,0.15941111952066422,-0.4433023774623871,-32.622755699369606
NBZN1K9PE38,train,Dataset_Shard_0100000_0199999,10,50,4.890575335025788,3.806424617767334,10.015776920318604,0.5898764349489796,0.4499603936076164,-0.03718352451920509,8.822013204818475
NDEQ8jZEeMg,train,Dataset_Shard_0100000_0199999,1,50,2.301643878817558,1.887376308441162,4.550785779953004,0.32106265943877554,-0.002335237329825759,0.06661980322562158,12.199006283077058
NDEQ8jZEeMg,train,Dataset_Shard_0100000_0199999,2,50,2.7858467584848405,2.1071473360061646,5.740173721313477,0.37562141262755105,-0.008516617193818092,-0.184438913539052,1.6730400147265738
NDEQ8jZEeMg,train,Dataset_Shard_0100000_0199999,5,50,3.6052727842330934,3.4869678020477295,5.646020030975342,0.4188695790816327,-0.074021365493536,-0.05670891582965851,-1.1354449915564753
NDEQ8jZEeMg,train,Dataset_Shard_0100000_0199999,10,50,4.339728428125381,4.523128986358643,6.151988983154297,0.4810825892857143,0.2054377444088459,0.10972446627914906,-6.525999059834058
NMv_tUPIx3M,val,Dataset_Shard_0100000_0199999,1,50,1.9999753576517105,1.8924344182014465,3.0191431999206544,0.33531130420918365,-0.05659173680469394,-0.03178250926546752,-12.614194483410243
NMv_tUPIx3M,val,Dataset_Shard_0100000_0199999,2,50,1.9569263368844987,2.111333131790161,2.986920523643494,0.3325059789540816,-0.0212695973739028,-0.1601372218877077,-24.04831952141085
NMv_tUPIx3M,val,Dataset_Shard_0100000_0199999,5,50,2.2892740386724473,2.2392953634262085,4.19239993095398,0.37066685267857147,-0.008731977343559265,0.016534301787614822,-17.14397615583825
NMv_tUPIx3M,val,Dataset_Shard_0100000_0199999,10,50,2.4740302085876467,2.285474181175232,3.549630570411683,0.3878236607142857,-0.4182974826171994,0.04089228332042694,-2.0779059452443116
NNaNjLEnyCc,train,Dataset_Shard_0100000_0199999,1,50,2.1711912022531035,1.7363784313201904,4.112776517868043,0.3251323341836735,-0.00010265909135341644,0.16887721161358057,28.8391571968919
NNaNjLEnyCc,train,Dataset_Shard_0100000_0199999,2,50,1.7442021667957306,1.1739373803138733,3.662711954116822,0.2904009885204082,0.05993782336183358,0.15150311870500446,16.343451800318192
NNaNjLEnyCc,train,Dataset_Shard_0100000_0199999,5,50,2.2841504287719725,1.887645959854126,4.649755430221558,0.3328057238520408,0.025673884022980927,0.026193694211542606,-33.7765461326039
NNaNjLEnyCc,train,Dataset_Shard_0100000_0199999,10,50,2.393879053592682,2.135798454284668,4.216986131668091,0.3730580357142857,0.3485237352922559,0.058451095521450044,20.588613840516032
NSBXNBFcSM_,train,Dataset_Shard_0100000_0199999,1,50,2.820551235415114,2.681995153427124,5.297083520889283,0.4411057079081633,-0.01767540115146403,0.17469061753686674,-13.584934550592484
NSBXNBFcSM_,train,Dataset_Shard_0100000_0199999,2,50,3.6623492141197858,3.403294563293457,6.615715837478638,0.5040756536989796,0.29733158156461287,0.04853230774302801,1.139873851275583
NSBXNBFcSM_,train,Dataset_Shard_0100000_0199999,5,50,4.758249140970838,4.189731597900391,9.158737373352052,0.5910383450255101,0.40191136240107883,-0.3234643436915485,3.113768019427905
NSBXNBFcSM_,train,Dataset_Shard_0100000_0199999,10,50,5.194767133295536,4.2993810176849365,9.836998748779298,0.636223294005102,0.0959762606304139,-0.050841959062963724,-2.6076207214924834
NTTKigtDFOM,val,Dataset_Shard_0100000_0199999,1,5,1.6392970204353332,1.5895187854766846,2.8344494819641115,0.3886080994897959,0.07315519899129867,-0.35487989904358985,-66.02196184960624
NTTKigtDFOM,val,Dataset_Shard_0100000_0199999,2,5,2.1393076896667482,1.622322678565979,3.6257662773132324,0.3810267857142857,-0.2484333872795105,-0.6980735719203949,-113.64780865134503
NTTKigtDFOM,val,Dataset_Shard_0100000_0199999,5,4,2.059287041425705,2.063564717769623,2.6773611307144165,0.3949398118622449,0.22822807729244232,-0.026973126456141472,16.023561007698767
NTTKigtDFOM,val,Dataset_Shard_0100000_0199999,10,6,2.9203524390856423,3.181105613708496,4.539818048477173,0.48729140093537415,-0.5522306710481644,0.5440174167354902,64.45002129501158
NTTKigtDFOM,val,Dataset_Shard_0200000_0299999,1,45,1.9604769107368258,1.644296407699585,3.5200042724609375,0.3432225233843538,-0.0947053169624673,-0.13476975013812384,-18.659901681707723
NTTKigtDFOM,val,Dataset_Shard_0200000_0299999,2,45,2.4127610673507056,2.186427116394043,3.5720537662506104,0.3896479946145125,0.09463646356016397,0.2352694254161583,19.555263650944962
NTTKigtDFOM,val,Dataset_Shard_0200000_0299999,5,46,2.7935999022877733,2.4283103942871094,4.854291200637817,0.41785653629658387,-0.005841304912515308,-0.2669848726819391,-0.41306804585939644
NTTKigtDFOM,val,Dataset_Shard_0200000_0299999,10,44,3.849828804758462,3.6958965063095093,6.3102053165435805,0.4994011986897032,-0.1790578337690518,0.18191073217531084,2.2832306498691115
NTl51OfTzPY,train,Dataset_Shard_0200000_0299999,1,50,4.285089615136385,2.295320749282837,11.21799840927124,0.5345727040816327,-0.299846197135048,0.1644076355919242,-6.985200292637437
NTl51OfTzPY,train,Dataset_Shard_0200000_0299999,2,50,6.5420332721620795,7.6246068477630615,11.264104080200195,0.7298557079081632,-0.1586452894145623,0.07058699522400275,18.35118917471382
NTl51OfTzPY,train,Dataset_Shard_0200000_0299999,5,50,6.918110088706016,7.899761438369751,10.799797439575196,0.7864991230867346,-0.5086193198291585,0.09895305704325437,-5.865345824023607
NTl51OfTzPY,train,Dataset_Shard_0200000_0299999,10,50,7.111098111867904,7.551244735717773,10.835267925262452,0.7910479113520408,0.08447805471718312,0.6190754856355488,13.24719431489398
Nd5eAZn0k8Q,train,Dataset_Shard_0200000_0299999,1,50,2.651222344636917,2.264679789543152,4.539125061035157,0.45210459183673474,-0.0956116047501564,-0.032950326427817346,4.59070560743146
Nd5eAZn0k8Q,train,Dataset_Shard_0200000_0299999,2,50,3.0030142033100127,3.1610560417175293,5.49124402999878,0.4531154336734694,0.035723661095107676,0.10684698328375816,22.97797988461322
Nd5eAZn0k8Q,train,Dataset_Shard_0200000_0299999,5,50,4.154213064908982,3.547425150871277,6.689368724822998,0.5144507334183673,0.05903930276632309,0.2595767266303301,14.581652035483408
Nd5eAZn0k8Q,train,Dataset_Shard_0200000_0299999,10,50,4.134813220500946,3.9391417503356934,6.300312089920044,0.5340381855867347,-0.19277075804769994,0.3771425473690033,4.861319406467575
Nenwue8ACQE,train,Dataset_Shard_0200000_0299999,1,50,3.2883996313810346,3.0121978521347046,6.424514102935791,0.49295639349489795,-0.10283999580889941,0.23212189137935638,10.506692677654964
Nenwue8ACQE,train,Dataset_Shard_0200000_0299999,2,50,3.9800819313526152,4.303482532501221,6.591363954544067,0.5741776945153061,-0.4620469464361668,-0.1827163252281025,-0.5248100146660581
Nenwue8ACQE,train,Dataset_Shard_0200000_0299999,5,50,4.9233519494533535,5.156355381011963,8.451139545440673,0.6671615911989797,-0.46866830307990315,0.07631940093822777,12.81268245605761
Nenwue8ACQE,train,Dataset_Shard_0200000_0299999,10,50,5.349895318746567,5.561816692352295,8.698705101013184,0.7200725446428571,-0.3466635142453015,0.13652759537100792,21.07081388194518
NjNROlXjW5I,train,Dataset_Shard_0200000_0299999,1,50,2.2970728200674055,1.6464195847511292,4.1396783828735355,0.35945232780612246,0.058871672062668946,-0.09558109413832426,7.622853085919587
NjNROlXjW5I,train,Dataset_Shard_0200000_0299999,2,50,1.9508486926555633,1.7355927228927612,3.458310770988464,0.34881218112244894,0.06924354925751686,0.004071688950061798,6.18880921447472
NjNROlXjW5I,train,Dataset_Shard_0200000_0299999,5,50,2.6729033505916595,2.1271049976348877,5.482667875289918,0.4060722257653061,-0.013757615610957145,0.1294708353281021,21.95121264280448
NjNROlXjW5I,train,Dataset_Shard_0200000_0299999,10,50,2.54146620452404,2.1323015689849854,4.530771017074585,0.39926937181122446,0.01009559690952301,-0.016786601617932318,-8.592877618784208
NnlJ2WtQxhw,train,Dataset_Shard_0200000_0299999,1,50,2.1278280329704287,1.4119666814804077,4.397079992294312,0.3774836575255102,0.0637640587426722,-0.03074849725700915,-14.673121634138488
NnlJ2WtQxhw,train,Dataset_Shard_0200000_0299999,2,50,1.8855303290486336,1.3886871337890625,4.07788577079773,0.36019491390306124,-0.0936682291701436,0.07719717469532043,-5.211779488378927
NnlJ2WtQxhw,train,Dataset_Shard_0200000_0299999,5,50,1.913772719502449,1.5692458748817444,3.880837392807007,0.36648756377551023,0.1174477490922436,-0.2022798922820948,-7.056220230170372
NnlJ2WtQxhw,train,Dataset_Shard_0200000_0299999,10,50,3.05051103413105,2.963207721710205,5.182107830047609,0.5129153380102041,-0.04837008226662874,0.1152772244066,4.024459746078697
NsLZGmOq9MM,train,Dataset_Shard_0200000_0299999,1,50,1.3188806168735028,0.8648344576358795,2.8845758199691787,0.2106349649234694,0.020876731239259243,0.07263902020640671,4.477949000569586
NsLZGmOq9MM,train,Dataset_Shard_0200000_0299999,2,50,1.5730940824747086,1.2597110867500305,3.151374340057373,0.23372448979591837,0.0021876778081059457,0.10974930735304951,7.494472970693721
NsLZGmOq9MM,train,Dataset_Shard_0200000_0299999,5,50,1.6658970260620116,1.2380816340446472,3.1157388687133794,0.27248844068877554,-0.05491617857478559,0.11591112814843654,-5.38708057040156
NsLZGmOq9MM,train,Dataset_Shard_0200000_0299999,10,50,1.7669452661275864,1.2848464250564575,3.172710776329041,0.2828567442602041,-0.25656542405486105,0.08571450753137469,-1.9342901092158358
Nt95VxNw1JA,train,Dataset_Shard_0200000_0299999,1,50,1.9574520128965378,1.6327369213104248,4.398731327056884,0.5060287786989796,0.0016514391265809536,0.10881996720388998,11.628429130597047
Nt95VxNw1JA,train,Dataset_Shard_0200000_0299999,2,50,2.6327184909582138,2.345512628555298,4.7406552791595455,0.5734390943877551,-0.15082542695105075,0.1289291046001017,-0.15520404588542702
Nt95VxNw1JA,train,Dataset_Shard_0200000_0299999,5,50,3.469269914627075,3.1205332279205322,5.965398931503296,0.6107310267857143,-0.09981967695057392,0.5936153037846088,40.11791049545282
Nt95VxNw1JA,train,Dataset_Shard_0200000_0299999,10,50,3.2841432428359987,3.1105527877807617,5.164862632751465,0.5975171396683673,0.24989070057868956,0.047176972478628156,7.607338463425788
NumylOGDIqs,train,Dataset_Shard_0200000_0299999,1,50,4.25271765511483,3.073487639427185,11.534709453582764,0.5165469547193877,0.3176727161044255,0.18781775667099282,-6.127615679236995
NumylOGDIqs,train,Dataset_Shard_0200000_0299999,2,50,4.7593630504608155,3.682826042175293,11.124473094940186,0.633758769132653,0.06556538237258792,0.31480609392747283,22.702380522345315
NumylOGDIqs,train,Dataset_Shard_0200000_0299999,5,50,6.843444276340306,7.663158178329468,11.667523574829103,0.7337719228316327,-0.018703963705338538,-0.13723038193769754,-7.455757626772596
NumylOGDIqs,train,Dataset_Shard_0200000_0299999,10,50,7.663770389556885,8.974308967590332,11.418242168426515,0.8222034438775511,-0.6554892296902836,0.508018202856183,3.7035383229036376
NxPc-RxaurE,val,Dataset_Shard_0200000_0299999,1,50,2.9186698412895202,2.5763105154037476,6.197738313674927,0.5143574617346939,-0.08655109360814095,0.18118808411061763,3.742964630669974
NxPc-RxaurE,val,Dataset_Shard_0200000_0299999,2,50,3.5801043558120726,3.318380355834961,7.247729253768921,0.5257338169642857,-0.23492264173924923,0.42522729590535163,24.083784338785982
NxPc-RxaurE,val,Dataset_Shard_0200000_0299999,5,50,4.407293114066124,4.576852798461914,7.406396007537842,0.617665019132653,0.08427771745249629,0.013086785450577737,0.6602047730549917
NxPc-RxaurE,val,Dataset_Shard_0200000_0299999,10,50,3.890457670688629,3.1238222122192383,7.575192308425904,0.5575095663265306,-0.4559155958145857,-0.5899035559594631,-30.9399051868381
O6svjbPlqR0,train,Dataset_Shard_0200000_0299999,1,50,1.444382978975773,0.9216904044151306,3.4819997787475585,0.26796157525510206,0.21129370346781798,0.1135462893359363,3.447601943283057
O6svjbPlqR0,train,Dataset_Shard_0200000_0299999,2,50,1.8161261689662933,1.2954343557357788,3.6191176176071167,0.3445479910714285,-0.0727868610015139,-0.017800729740411043,8.525611067393202
O6svjbPlqR0,train,Dataset_Shard_0200000_0299999,5,50,2.325966300368309,2.130797505378723,3.728049397468567,0.42881337691326527,-0.07607710421085358,0.17746426111087202,27.061733761915715
O6svjbPlqR0,train,Dataset_Shard_0200000_0299999,10,50,2.588160134553909,2.0504892468452454,4.848765325546265,0.4925127551020408,0.06855545677244664,0.10289242066442966,6.698933843344101
OK0NO9Pofgk,val,Dataset_Shard_0200000_0299999,1,50,3.476022769212723,2.7888948917388916,7.56106462478638,0.39949816645408165,0.2012999562872574,-0.07962731651961803,-3.3382925527201475
OK0NO9Pofgk,val,Dataset_Shard_0200000_0299999,2,50,4.160150680541992,3.972561240196228,7.837010717391967,0.42813695790816325,0.23801257014274596,0.30374375081155447,17.434505628067804
OK0NO9Pofgk,val,Dataset_Shard_0200000_0299999,5,50,6.189828839302063,5.464404344558716,12.28393840789795,0.5455695950255103,-0.06826767180114984,-0.0983176601678133,-17.755601411313826
OK0NO9Pofgk,val,Dataset_Shard_0200000_0299999,10,50,6.184416239261627,6.163689374923706,10.075574111938478,0.5329540019132653,0.18788344725966455,-0.0034268055111169814,0.46549889521119125
OLLAoZsGd0Q,test,Dataset_Shard_0200000_0299999,1,50,2.682840771973133,1.3113145232200623,6.619885778427125,0.3599860491071428,-0.08454699623282068,-0.2999844342190772,-5.316479264280904
OLLAoZsGd0Q,test,Dataset_Shard_0200000_0299999,2,50,2.3410655421018602,1.6738523244857788,5.531118535995484,0.312796556122449,-0.1546944558992982,0.30094210341572764,10.744047042124686
OLLAoZsGd0Q,test,Dataset_Shard_0200000_0299999,5,50,3.9855983060598374,2.8915700912475586,9.311150741577151,0.41355189732142855,0.08642152773914859,-0.31840802199207247,2.089979226117176
OLLAoZsGd0Q,test,Dataset_Shard_0200000_0299999,10,50,4.111172723770141,3.4604209661483765,9.154276180267335,0.408020169005102,0.1298247829731554,0.31252872545272115,11.167703906595422
OOXpm9RUBr4,train,Dataset_Shard_0200000_0299999,1,50,2.6033053898811342,1.8329381942749023,4.941964769363405,0.48885722257653064,0.2941114186868072,0.008196353912353516,16.19092554443287
OOXpm9RUBr4,train,Dataset_Shard_0200000_0299999,2,50,4.419578035771846,3.8805443048477173,8.856083488464357,0.6290214445153061,0.06643549822270871,0.18902512103668415,6.934941055423869
OOXpm9RUBr4,train,Dataset_Shard_0200000_0299999,5,50,4.913866038322449,4.069438934326172,8.727005004882812,0.6524346301020408,-0.2719170410558581,-0.1501323552802205,-8.574770917322786
OOXpm9RUBr4,train,Dataset_Shard_0200000_0299999,10,50,6.867435817718506,6.408816576004028,10.326593399047852,0.7757601243622448,-0.01372195541858673,-0.26870720982551577,-5.765462454854613
Oh6s2ckLVCc,train,Dataset_Shard_0200000_0299999,1,50,2.3371330201625824,1.8856266736984253,4.450317192077637,0.36740314094387755,0.08635159995406866,0.03444969391450286,10.178614734252166
Oh6s2ckLVCc,train,Dataset_Shard_0200000_0299999,2,50,2.659380555152893,2.49334180355072,4.551504802703858,0.38904615752551025,-0.06668035809881985,0.10828477561473847,9.589424469427405
Oh6s2ckLVCc,train,Dataset_Shard_0200000_0299999,5,50,3.2009431850910186,2.833261728286743,5.442598485946656,0.4216346460459184,-0.057513485327363015,-0.040023566856980324,-12.06018289341114
Oh6s2ckLVCc,train,Dataset_Shard_0200000_0299999,10,50,3.6130401158332823,3.3431650400161743,5.618253898620606,0.4576610331632653,0.1144758093811106,0.25304718853905794,-10.467801380848682
Oxh1el_9L68,val,Dataset_Shard_0200000_0299999,1,50,5.824631118774414,5.510598659515381,8.937200736999513,0.7468335459183674,-0.27961611427366734,-0.05528251558542251,2.009347794320329
Oxh1el_9L68,val,Dataset_Shard_0200000_0299999,2,50,7.832632083892822,8.144320964813232,10.688301849365235,0.7580528539540816,-0.12142563849687577,-0.07873694192618132,-4.653809842828967
Oxh1el_9L68,val,Dataset_Shard_0200000_0299999,5,50,8.13799042224884,8.158726692199707,10.97163429260254,0.7775609853316326,0.042986935526132586,-0.003570895791053772,0.12054248750229454
Oxh1el_9L68,val,Dataset_Shard_0200000_0299999,10,50,9.242543725967407,9.491702556610107,11.920758724212646,0.8064122289540816,-0.6915729215741158,0.6095227957889437,14.039929840144355
P42sNbDRQVI,train,Dataset_Shard_0200000_0299999,1,50,3.241427123872563,2.251576066017151,7.493769598007202,0.45836495535714283,0.03167178044910543,-0.5707762318348978,18.242478920950276
P42sNbDRQVI,train,Dataset_Shard_0200000_0299999,2,50,4.8193911206722255,4.892416477203369,8.955712413787841,0.5968431122448979,0.11243285239674151,-0.24482343092560768,9.818165871535715
P42sNbDRQVI,train,Dataset_Shard_0200000_0299999,5,50,6.245631481409073,6.439297199249268,9.203493022918702,0.7406409438775511,-0.00027228305116295816,-0.25919595543295143,11.780913283693785
P42sNbDRQVI,train,Dataset_Shard_0200000_0299999,10,50,6.244654111862182,6.579187870025635,9.606979942321777,0.7430819515306122,0.4012750295177102,-0.06809417843818664,-6.281428224358491
PAp-oCbJbao,train,Dataset_Shard_0200000_0299999,1,50,1.5788594156503677,1.210929274559021,3.5358455657958987,0.3071440529336735,-0.14814732945756987,-0.030820797318592667,-0.0008705256399596805
PAp-oCbJbao,train,Dataset_Shard_0200000_0299999,2,50,2.104977252483368,1.952847957611084,4.289822435379028,0.3608207110969388,-0.014870120226405562,0.10187765650451183,9.51136441789755
PAp-oCbJbao,train,Dataset_Shard_0200000_0299999,5,50,2.219177658557892,1.3870805501937866,4.5201061248779295,0.36063695790816325,-0.25656107507646086,0.01273693117313087,-10.885569058933301
PAp-oCbJbao,train,Dataset_Shard_0200000_0299999,10,50,2.9844419515132903,2.145210027694702,5.918786668777466,0.46017976721938775,-0.496543790102005,0.14289656326174735,-13.414908637401236
PBh8_Cc90uw,train,Dataset_Shard_0200000_0299999,1,50,4.165024008750915,4.004713296890259,7.098309183120728,0.6506831951530613,-0.0629264333518222,0.05978820078074932,6.540048306816043
PBh8_Cc90uw,train,Dataset_Shard_0200000_0299999,2,50,5.594061627388,4.923814296722412,7.537968301773072,0.7727363679846938,0.11930763011798262,0.19551660165190696,14.516131749888089
PBh8_Cc90uw,train,Dataset_Shard_0200000_0299999,5,50,6.627121839523316,5.503901243209839,10.760075473785403,0.764367825255102,0.3276223593391478,0.5244258125126362,16.165782951130335
PBh8_Cc90uw,train,Dataset_Shard_0200000_0299999,10,50,6.3308924865722656,5.8797619342803955,10.920545959472657,0.8033924585459183,0.009713797681033611,0.6282159626856446,22.113816283082084
PCuj0aU8-4E,train,Dataset_Shard_0200000_0299999,1,50,2.357404110431671,1.9724078178405762,4.400682353973389,0.4573453443877551,0.06556201383471488,0.261733694113791,18.141669213255305
PCuj0aU8-4E,train,Dataset_Shard_0200000_0299999,2,50,3.0526673781871794,2.788469433784485,5.083307409286499,0.5067446588010204,-0.01915292367339134,0.1930161100625992,4.675900994591647
PCuj0aU8-4E,train,Dataset_Shard_0200000_0299999,5,50,3.4616845047473905,3.4033504724502563,5.414310455322266,0.5645647321428572,0.047981968261301515,-0.019701909141149374,33.41940947520396
PCuj0aU8-4E,train,Dataset_Shard_0200000_0299999,10,50,3.507660140991211,3.322206735610962,5.858873891830444,0.5529392538265306,-0.03984882222488523,0.11173070970922709,14.284361654030873
PF0ym46Ji90,train,Dataset_Shard_0200000_0299999,1,50,3.3466583883762357,2.810259699821472,5.68798761367798,0.5316270727040816,0.41763763159513473,0.2121213376801461,16.603139406637446
PF0ym46Ji90,train,Dataset_Shard_0200000_0299999,2,50,5.022469354867935,3.932063341140747,7.503654670715333,0.5927961575255103,-0.1470080666616559,-0.13561888545751571,10.004293206787954
PF0ym46Ji90,train,Dataset_Shard_0200000_0299999,5,50,5.322506731748581,5.11057448387146,8.189354801177979,0.6697508769132654,-0.1717785668373108,0.13035435415804386,8.906351818797956
PF0ym46Ji90,train,Dataset_Shard_0200000_0299999,10,50,5.756778817176819,5.659388542175293,8.718435096740723,0.7263197544642856,-0.009806953221559524,0.1438361540203914,18.51306167513328
PGb6eporHd4,train,Dataset_Shard_0200000_0299999,1,50,4.231893526315689,2.979424476623535,10.129301357269288,0.5593020567602041,0.11495390065014362,0.22752458825707436,20.620905028715935
PGb6eporHd4,train,Dataset_Shard_0200000_0299999,2,50,4.517809902429581,3.534348726272583,10.199153518676757,0.571086575255102,-0.49531896151602267,0.34389944389462473,8.961356626360272
PGb6eporHd4,train,Dataset_Shard_0200000_0299999,5,50,5.209148954153061,3.9829431772232056,11.44761905670166,0.5966290656887755,0.035796081200242046,0.20185548827052116,19.76996168118859
PGb6eporHd4,train,Dataset_Shard_0200000_0299999,10,50,6.901758942604065,6.523859739303589,11.399785423278809,0.6900450414540816,-0.2942112582921982,0.4753542655706406,3.239329621853248
PON6UARN2Ho,val,Dataset_Shard_0200000_0299999,1,50,4.284232540130615,4.179680347442627,6.355207109451294,0.6100725446428572,0.10567715421319007,0.14961449017748238,30.59079961601867
PON6UARN2Ho,val,Dataset_Shard_0200000_0299999,2,50,4.9116178584098815,4.566187143325806,6.901341581344605,0.6459590242346939,0.08074460625648498,-0.17562179692089558,-20.383712494784803
PON6UARN2Ho,val,Dataset_Shard_0200000_0299999,5,50,5.187377982139587,5.055287837982178,7.0498744487762455,0.6681301817602041,0.3746978788264096,0.06904343000147492,-10.265252304090822
PON6UARN2Ho,val,Dataset_Shard_0200000_0299999,10,50,5.247843260765076,5.150945663452148,7.198948955535888,0.6883334661989795,-0.036305521726608274,0.4028855336457491,16.33494640537624
PQO_bd79mec,val,Dataset_Shard_0200000_0299999,1,50,7.172296440005303,7.774413347244263,10.663270568847656,0.8540306122448978,-0.012723839422687889,0.23932408951222897,28.264768632416377
PQO_bd79mec,val,Dataset_Shard_0200000_0299999,2,50,8.284881978034973,8.767131328582764,11.46847906112671,0.9078838488520408,0.3170602733269334,-0.15198535569012164,4.926911951007447
PQO_bd79mec,val,Dataset_Shard_0200000_0299999,5,50,8.780601091384888,8.60389518737793,10.951134490966798,0.9502806122448979,0.1606186044216156,-0.47194811165332795,-22.21046386293124
PQO_bd79mec,val,Dataset_Shard_0200000_0299999,10,50,9.486134223937988,9.430487632751465,11.787876415252686,0.9597628348214287,-0.2811341074109077,0.29384918630123136,22.585013574685217
PVyHZ65Fny0,train,Dataset_Shard_0200000_0299999,1,50,5.949559199810028,5.985399484634399,11.324083995819091,0.7364803890306122,-0.391898782774806,0.23561425395309926,25.039963860546756
PVyHZ65Fny0,train,Dataset_Shard_0200000_0299999,2,50,6.986287434101104,7.320713043212891,11.034144306182862,0.7990055006377551,-0.06568108633160591,0.4932937355339527,24.354692786284204
PVyHZ65Fny0,train,Dataset_Shard_0200000_0299999,5,50,8.366340823173523,7.937723159790039,11.90731830596924,0.8629667570153061,-0.08473511479794979,0.046628507524728774,9.620058392959548
PVyHZ65Fny0,train,Dataset_Shard_0200000_0299999,10,50,8.08286234855652,8.16931438446045,10.663872718811035,0.8920834661989795,0.34509049344807863,0.27114316063933075,22.768752284189762
PfsdriLJNvI,test,Dataset_Shard_0200000_0299999,1,50,4.038707704544067,3.5238107442855835,8.30128402709961,0.46878786670918365,0.2718354136496782,-0.018736500442028046,11.368097199059259
PfsdriLJNvI,test,Dataset_Shard_0200000_0299999,2,50,4.563454178571701,4.021349787712097,7.612941741943359,0.4880321269132653,-0.04564425274729729,-0.03007839173078537,16.90754111664791
PfsdriLJNvI,test,Dataset_Shard_0200000_0299999,5,50,5.151452767848968,4.125964164733887,9.716340255737306,0.5466709183673469,-0.2155592281743884,0.07830343887209892,5.455689966167346
PfsdriLJNvI,test,Dataset_Shard_0200000_0299999,10,50,5.571960042715073,4.736898422241211,10.294969081878662,0.5975151466836734,-0.2473728938214481,0.15010250184684992,-14.297181090345882
Pft9pKcpJfQ,train,Dataset_Shard_0200000_0299999,1,50,1.295102286711335,0.4501704126596451,2.5745559215545666,0.23284279336734695,-0.11498140727169812,-0.09798981940373779,16.41159496439801
Pft9pKcpJfQ,train,Dataset_Shard_0200000_0299999,2,50,1.5178776240348817,0.5558550655841827,3.769694209098816,0.2771743463010204,0.18406152640469373,-0.01920232392847538,-29.553626688941605
Pft9pKcpJfQ,train,Dataset_Shard_0200000_0299999,5,50,3.155330725610256,1.0582354068756104,9.748868846893311,0.43733657525510206,0.2010717035084963,-0.06586635860614479,-12.7808873531376
Pft9pKcpJfQ,train,Dataset_Shard_0200000_0299999,10,50,3.7222841531038284,1.7722820043563843,9.17356824874878,0.5366928411989796,-0.07387554049142636,0.1318868781812489,-4.128532711552537
Pxfgv-VzJb8,train,Dataset_Shard_0200000_0299999,1,50,1.9560188236832619,1.2367299795150757,4.898810625076294,0.30833904655612243,-0.16769260217319243,0.4404771482909564,30.838735008101217
Pxfgv-VzJb8,train,Dataset_Shard_0200000_0299999,2,50,2.146123342812061,1.5691487193107605,4.879769706726075,0.33385283801020404,0.016925420202314852,-0.12555202335119248,-2.451612513797105
Pxfgv-VzJb8,train,Dataset_Shard_0200000_0299999,5,50,3.4989032542705534,3.166953206062317,6.902244997024536,0.43203722895408164,-0.011013942435383797,0.06896287426352501,9.980144200697858
Pxfgv-VzJb8,train,Dataset_Shard_0200000_0299999,10,50,4.58112587928772,4.173205137252808,8.378162384033203,0.500735012755102,0.048946282118558886,-0.18867138911038636,19.24038621404621
Q3-hgENLscU,train,Dataset_Shard_0200000_0299999,1,50,3.5725609964132308,2.8855217695236206,7.378285217285157,0.560894850127551,-0.055544386208057406,0.11215355077758432,13.95236977389468
Q3-hgENLscU,train,Dataset_Shard_0200000_0299999,2,50,4.733622992038727,4.882633924484253,8.117239856719971,0.6284008290816326,0.16838973807170987,0.226684944415465,37.7342700284897
Q3-hgENLscU,train,Dataset_Shard_0200000_0299999,5,50,5.570259923934937,6.582137107849121,8.210029315948486,0.7482465720663265,0.18486940689384937,-0.31918304350227117,-28.11979455465965
Q3-hgENLscU,train,Dataset_Shard_0200000_0299999,10,50,6.601227402687073,6.752987384796143,8.633507919311523,0.8484478635204081,0.6655018340051174,-0.35673355281353,-15.122998420906146
QGuO3Ikm9L0,train,Dataset_Shard_0200000_0299999,1,50,3.3619700134545565,0.9547248780727386,9.47101516723633,0.3323353794642857,0.3813891339028487,-0.8263330685254187,8.066031806009203
QGuO3Ikm9L0,train,Dataset_Shard_0200000_0299999,2,50,4.6526645176112655,1.969066858291626,12.060273551940918,0.4069862085459184,0.4302193954214454,-0.6369306358322501,4.3498643959235705
QGuO3Ikm9L0,train,Dataset_Shard_0200000_0299999,5,50,5.613504068851471,4.235310077667236,11.918614768981936,0.4507318239795919,0.03469174303114414,-1.6137421533092857,-24.736797008439147
QGuO3Ikm9L0,train,Dataset_Shard_0200000_0299999,10,50,7.025092124342918,7.199886798858643,12.50296392440796,0.5739158163265305,0.4224157076951815,-0.22467536009848119,-3.3264973188044933
QJ-yAwmzwSs,test,Dataset_Shard_0200000_0299999,1,50,3.002852325439453,2.528903603553772,5.7868115425109865,0.4708139349489796,-0.23250513676553963,0.1506610158830881,-2.331763366043458
QJ-yAwmzwSs,test,Dataset_Shard_0200000_0299999,2,50,3.2733267974853515,2.759795308113098,5.3120478153228765,0.5005508609693877,0.09099568527191877,-0.16429137788712977,-9.993549553688263
QJ-yAwmzwSs,test,Dataset_Shard_0200000_0299999,5,50,4.3227967309951785,3.9111905097961426,7.065438175201416,0.5594734534438776,-0.07957734644412995,-0.24603259136900305,-4.850126087490094
QJ-yAwmzwSs,test,Dataset_Shard_0200000_0299999,10,50,5.073988270759583,4.4620397090911865,9.356046581268311,0.6011706792091837,-0.38666046236641705,-0.06673445284366608,1.7503652364963034
QLqrGlVdPCw,test,Dataset_Shard_0200000_0299999,1,50,2.525478366643656,1.5040587186813354,7.209017992019654,0.37076092155612245,-0.1023466947828274,0.18498548209612636,9.912474383818
QLqrGlVdPCw,test,Dataset_Shard_0200000_0299999,2,50,4.99597814552486,4.8446760177612305,10.468165016174316,0.5668606505102041,0.11908196951728314,0.08489813496096758,12.38399723487877
QLqrGlVdPCw,test,Dataset_Shard_0200000_0299999,5,50,6.245480104684829,6.449707508087158,10.545590496063232,0.70201171875,0.06825913950800895,0.3541541087348014,16.661392171753413
QLqrGlVdPCw,test,Dataset_Shard_0200000_0299999,10,50,5.872675904035568,5.737582206726074,10.337177276611328,0.6903714923469387,0.07478255476802588,-0.17508119754493237,4.412561424922459
QPaAUPP0L2s,train,Dataset_Shard_0200000_0299999,1,50,8.977144050598145,9.062392711639404,14.178860664367676,0.9109506536989795,-0.2803106343746185,-1.1240742976218463,-2.566981892035957
QPaAUPP0L2s,train,Dataset_Shard_0200000_0299999,2,50,10.016795473098755,9.778574466705322,14.47295551300049,0.9077331792091837,0.6541500061750412,-0.9080303941667079,1.9409393841399907
QPaAUPP0L2s,train,Dataset_Shard_0200000_0299999,5,50,10.917476289272308,9.908763885498047,16.154281997680666,0.952299107142857,-0.09487717047333717,-1.421180521249771,-14.19297487053025
QPaAUPP0L2s,train,Dataset_Shard_0200000_0299999,10,50,9.802324314117431,9.434546947479248,15.238215065002441,0.9193387276785714,0.02389233559370041,0.42625285640358923,15.29894618530486
QRGS3EjB5I4,train,Dataset_Shard_0200000_0299999,1,50,4.105929406881333,2.392561435699463,9.156505393981934,0.7088364955357143,0.4479005193710327,0.5673871260508895,27.619176774170946
QRGS3EjB5I4,train,Dataset_Shard_0200000_0299999,2,50,4.67640857219696,3.6913446187973022,8.88502540588379,0.7805365114795919,-0.1975047638826072,0.18707229744642973,-2.636658885553477
QRGS3EjB5I4,train,Dataset_Shard_0200000_0299999,5,50,6.442769734859467,7.026850700378418,9.38447093963623,0.8570782844387754,-0.026554684601724148,0.22269651025533677,-0.3589485574895218
QRGS3EjB5I4,train,Dataset_Shard_0200000_0299999,10,50,7.486314754486084,8.276062965393066,10.350864601135255,0.8884506536989797,0.457110131084919,0.5127467604295817,5.674039001510758
QULIHG8qXNw,test,Dataset_Shard_0200000_0299999,1,50,4.930787885123864,4.818940877914429,9.245616626739503,0.6504201211734695,0.07094926309655421,-0.4164967476244783,1.317766116041016
QULIHG8qXNw,test,Dataset_Shard_0200000_0299999,2,50,5.001684881448746,4.232487201690674,9.609711647033691,0.6720013552295918,0.2141001870110631,0.09475892485119403,17.361472518395345
QULIHG8qXNw,test,Dataset_Shard_0200000_0299999,5,50,6.594751160144806,6.684192419052124,10.956213855743409,0.7662129304846939,-0.0619189981976524,0.1761333655565977,8.537826329138733
QULIHG8qXNw,test,Dataset_Shard_0200000_0299999,10,50,6.242678551673889,6.46172022819519,9.360366439819337,0.7777515146683673,-0.05389798919437453,-0.3169180902093649,11.221836364773
QZqfMruo1-w,train,Dataset_Shard_0200000_0299999,1,50,5.597007222175598,4.800251245498657,9.574958705902102,0.5927909757653061,-1.2518890122696757,0.08703283280134201,8.94935278384039
QZqfMruo1-w,train,Dataset_Shard_0200000_0299999,2,50,6.589756718873978,5.7222912311553955,10.931884956359864,0.6471823182397959,-0.593774222061038,-0.07607201866805553,-16.091443918097642
QZqfMruo1-w,train,Dataset_Shard_0200000_0299999,5,50,6.940904314517975,6.295356512069702,11.287901592254638,0.6390939891581633,-0.3915102634951472,0.28575398214161396,1.7195893509851938
QZqfMruo1-w,train,Dataset_Shard_0200000_0299999,10,50,6.877684111595154,6.552452564239502,10.1260763168335,0.6547979113520408,-0.02700281098484993,0.6191338915005327,17.111808331819013
R2AgAYViA-Q,train,Dataset_Shard_0200000_0299999,1,50,3.691208927631378,3.7337183952331543,6.238734340667724,0.5445013552295919,0.08783620885573327,0.25717726588249207,12.830955577189798
R2AgAYViA-Q,train,Dataset_Shard_0200000_0299999,2,50,4.453953123092651,4.361166000366211,6.444264650344849,0.5726897321428571,-0.023917942568659784,0.04256092488765716,13.477549893501664
R2AgAYViA-Q,train,Dataset_Shard_0200000_0299999,5,50,6.084850766658783,6.256468296051025,8.805004119873047,0.6671029974489795,0.01626814104616642,0.6333891160227358,9.642355663432493
R2AgAYViA-Q,train,Dataset_Shard_0200000_0299999,10,50,5.92867901802063,6.046590805053711,8.104400730133056,0.6782310267857143,-0.1453085643751547,0.101414680108428,20.544315624060832
R8C5qDxBYj0,train,Dataset_Shard_0200000_0299999,1,50,2.972090376019478,2.3535726070404053,5.881740999221802,0.46990991709183677,-0.0826083498261869,0.26975359858945014,12.191429124446271
R8C5qDxBYj0,train,Dataset_Shard_0200000_0299999,2,50,2.7895660626888277,2.3069560527801514,5.34241247177124,0.4620555644132653,0.14007274215342477,-0.2150966378673911,-10.137723993472752
R8C5qDxBYj0,train,Dataset_Shard_0200000_0299999,5,50,3.9752846145629883,4.1757893562316895,6.873479986190796,0.5519834183673469,-0.19104449171572924,-0.19600722037255763,-10.721540629632688
R8C5qDxBYj0,train,Dataset_Shard_0200000_0299999,10,50,3.4703891599178314,2.918701648712158,6.987507009506226,0.49607063137755103,-0.06974009700119495,-0.3337153851054609,-29.81784665735444
ROt4Y-lkzD8,train,Dataset_Shard_0200000_0299999,1,50,1.0861326831579208,0.7476251721382141,2.4639782428741457,0.25405970982142856,0.07234255993738771,-0.07561650389805435,-8.04965673288405
ROt4Y-lkzD8,train,Dataset_Shard_0200000_0299999,2,50,1.751981575191021,1.1908485889434814,3.8942236185073855,0.3009586256377551,0.26997028606710954,0.23774559125304223,20.463556338465775
ROt4Y-lkzD8,train,Dataset_Shard_0200000_0299999,5,50,2.717475944161415,1.911060392856598,6.362122678756715,0.3739194036989796,-0.172310093306005,0.47105402041226624,15.60492226595188
ROt4Y-lkzD8,train,Dataset_Shard_0200000_0299999,10,50,3.0836322832107546,2.0342926383018494,8.098090314865114,0.4388305165816327,-0.05656561989337206,-0.49238282432314007,-2.7219788649241003
RUu5-e13gZw,train,Dataset_Shard_0200000_0299999,1,50,3.3676612985134127,2.032240629196167,6.703525829315187,0.4808219068877551,-0.22303049482405185,0.2851001634239219,-15.361194007030173
RUu5-e13gZw,train,Dataset_Shard_0200000_0299999,2,50,4.983097467049956,2.9119173288345337,12.18180389404297,0.5793893494897959,0.16705693743631855,0.5719416818791069,10.028093922748118
RUu5-e13gZw,train,Dataset_Shard_0200000_0299999,5,50,8.97523991651833,9.140264987945557,16.270145416259766,0.7329169323979592,-0.22216490229591726,1.7391331492108293,32.23687221412721
RUu5-e13gZw,train,Dataset_Shard_0200000_0299999,10,50,8.22696137085557,7.828003883361816,15.203368949890137,0.7728826530612245,-0.35592928995843975,0.8584388945996761,31.20614694409195
RWeESNvnYQs,train,Dataset_Shard_0200000_0299999,1,50,2.136375893354416,1.061469554901123,5.168757390975952,0.36928651147959185,-0.05253218556754291,-0.20310447707772256,-3.581777908703724
RWeESNvnYQs,train,Dataset_Shard_0200000_0299999,2,50,2.8226108992099763,1.8987311720848083,6.049777030944824,0.3997755899234694,-0.03615466363728046,0.4717177996505052,11.521421629711112
RWeESNvnYQs,train,Dataset_Shard_0200000_0299999,5,50,3.143782768249512,2.4333043098449707,6.764701890945434,0.4228822544642857,-0.16818163490155713,0.11235144466161728,18.939704745786084
RWeESNvnYQs,train,Dataset_Shard_0200000_0299999,10,50,4.114963495731354,3.017549514770508,7.355284357070923,0.5158450255102041,-0.03365940691903233,0.3373142594099045,9.200247472560498
RXnWs2i_f2w,train,Dataset_Shard_0200000_0299999,1,50,3.077668970823288,2.82231068611145,5.613263177871705,0.4337213010204081,-0.031991523429751395,0.13201708607375623,5.574382230535304
RXnWs2i_f2w,train,Dataset_Shard_0200000_0299999,2,50,3.709728183746338,3.0880305767059326,6.835728740692139,0.4597381218112245,-0.08065083395456896,0.4175949726998806,20.752963712743494
RXnWs2i_f2w,train,Dataset_Shard_0200000_0299999,5,50,4.536810998916626,4.462462663650513,6.897778415679932,0.5615628985969388,0.017091410867869854,0.4665224452316761,18.053225501626148
RXnWs2i_f2w,train,Dataset_Shard_0200000_0299999,10,50,4.5971874785423275,4.172827243804932,7.846450138092041,0.5516238839285714,-0.13262003686279059,0.14635263450443745,12.610351703130414
RjAhTdGaZpw,train,Dataset_Shard_0200000_0299999,1,50,2.1754972088336944,1.7362314462661743,4.746930551528931,0.3645248724489796,0.12443255346268416,-0.14698910780251026,-22.41728411035573
RjAhTdGaZpw,train,Dataset_Shard_0200000_0299999,2,50,2.3760384809970856,1.6489095091819763,4.675914144515992,0.3823883928571428,0.0050352392345666885,-0.17140150253195316,-0.3037413160612064
RjAhTdGaZpw,train,Dataset_Shard_0200000_0299999,5,50,2.6283299404382707,2.4414790868759155,4.518937873840333,0.43335618622448985,0.007616702280938625,-0.06172812823206186,-13.944508740376007
RjAhTdGaZpw,train,Dataset_Shard_0200000_0299999,10,50,3.0992587065696715,2.1924134492874146,6.298947572708131,0.4658793048469388,-0.13890892973169686,0.04730649154633284,15.808969076997327
RrCuR6tPFxI,train,Dataset_Shard_0200000_0299999,1,50,2.051486811041832,1.8510430455207825,3.144777846336366,0.4013392857142857,-0.1535104981996119,0.1000588871538639,27.52284646931763
RrCuR6tPFxI,train,Dataset_Shard_0200000_0299999,2,50,2.117468671798706,2.07076895236969,3.4208197593688965,0.4056337691326531,0.08575195074081421,0.07800330772064626,3.792357962262017
RrCuR6tPFxI,train,Dataset_Shard_0200000_0299999,5,50,3.1491956120729445,2.8878570795059204,5.975363063812256,0.46596898915816326,0.1489636096358299,-0.12987786550074815,-5.342093190757163
RrCuR6tPFxI,train,Dataset_Shard_0200000_0299999,10,50,3.576645928621292,2.8388783931732178,6.115527486801148,0.48740274234693876,-0.3368316790089011,0.14090017838403582,17.83116753889961
S-x-08mtMhM,test,Dataset_Shard_0200000_0299999,1,50,1.9514502659118442,1.808410406112671,3.205341053009034,0.37630341198979594,-0.09039165484292426,-0.06955329809690738,-2.748083660120871
S-x-08mtMhM,test,Dataset_Shard_0200000_0299999,2,50,2.493707684937399,2.4390904903411865,3.8939342737197884,0.4058677455357143,-0.26487316028295027,0.3324863707245822,20.048738942707686
S-x-08mtMhM,test,Dataset_Shard_0200000_0299999,5,50,3.1303996473178266,3.3053349256515503,4.690076875686645,0.4885985331632653,0.3013626751163974,0.39270534221082926,12.269705817269575
S-x-08mtMhM,test,Dataset_Shard_0200000_0299999,10,50,3.4179024628177284,3.5184308290481567,4.453246355056763,0.512972337372449,-0.011528340466320515,0.3647620143648237,16.706540391422237
S9MeH6oej30,train,Dataset_Shard_0200000_0299999,1,50,2.6443188512325286,2.3459537029266357,5.0431766510009775,0.3605269451530612,0.3784815690293908,0.23918949149549007,8.92113558859258
S9MeH6oej30,train,Dataset_Shard_0200000_0299999,2,50,3.0859886103868486,3.253007650375366,4.693277025222779,0.4176865433673469,0.16721189670264722,-0.35115875001996755,-19.590131290612852
S9MeH6oej30,train,Dataset_Shard_0200000_0299999,5,50,3.310327832698822,2.983190417289734,4.902143096923829,0.40738998724489794,0.2360467319341842,0.14998265321366488,10.674082470370747
S9MeH6oej30,train,Dataset_Shard_0200000_0299999,10,50,3.80101975440979,3.7571229934692383,5.176044368743897,0.47697664221938774,0.2994472168199718,-0.13012157810851932,3.742787390607487
SJcqdf3mIc8,train,Dataset_Shard_0200000_0299999,1,50,0.8360554375499487,0.053003940731287,0.20835964232683243,0.06855389030612245,-0.012751345093420241,0.08274939797702245,-7.722475092293755
SJcqdf3mIc8,train,Dataset_Shard_0200000_0299999,2,50,0.876935797482729,0.06563763320446014,0.22135649770498317,0.05606265943877551,-0.01087219908600673,-0.035564603116654325,-4.284959780688214
SJcqdf3mIc8,train,Dataset_Shard_0200000_0299999,5,50,3.057702865153551,0.10698927193880081,10.053069019317627,0.14023995535714287,0.004490574538140208,-0.47145506445725915,-5.915710117633125
SJcqdf3mIc8,train,Dataset_Shard_0200000_0299999,10,50,5.419589241147041,0.9285033941268921,20.83452491760254,0.22181680484693878,-0.03160253991751233,-0.9034917140146718,-7.139957603406084
SWqtN9u71FI,train,Dataset_Shard_0200000_0299999,1,50,3.6606567073613405,2.9031484127044678,7.406055641174317,0.5212125318877551,0.0335823239502497,-0.12543138381501195,-3.5291838880964264
SWqtN9u71FI,train,Dataset_Shard_0200000_0299999,2,50,4.449550491496921,4.593947887420654,8.201963996887207,0.5911933992346939,-0.14867450275924057,0.15616544553544373,-10.316985939465976
SWqtN9u71FI,train,Dataset_Shard_0200000_0299999,5,50,5.308546135276556,5.051819562911987,9.943652439117432,0.6716597576530613,-0.23248251721728594,0.03744388360530138,11.436714056307583
SWqtN9u71FI,train,Dataset_Shard_0200000_0299999,10,50,6.120844436436892,6.05785870552063,10.008710861206055,0.7376594387755102,0.05394197160378098,-0.21190617054700853,-1.4749775792370776
SjbNwQc9Uko,train,Dataset_Shard_0200000_0299999,1,50,1.9531130519509317,1.5016111135482788,3.815016198158265,0.3087599649234694,0.22951930621638894,0.25317038191249597,11.863017851901327
SjbNwQc9Uko,train,Dataset_Shard_0200000_0299999,2,50,2.972751716673374,2.6017287969589233,5.4572490692138675,0.38282246492346944,-0.02272463687695563,0.7091263709403575,31.98445447568184
SjbNwQc9Uko,train,Dataset_Shard_0200000_0299999,5,50,3.2919171780347822,2.9997398853302,5.657335233688355,0.40835379464285715,-0.0962248032540083,0.629752095695585,20.458403904203287
SjbNwQc9Uko,train,Dataset_Shard_0200000_0299999,10,50,3.798263957500458,3.685643434524536,6.060104894638062,0.44025669642857146,0.12497203715145588,0.7074423905268487,19.123419031567657
SpUWKtLtTN8,train,Dataset_Shard_0200000_0299999,1,50,2.4600700402259825,1.030487835407257,6.723595857620239,0.40214724170918364,-0.03186584085226059,-0.25430104189144914,13.97673170112309
SpUWKtLtTN8,train,Dataset_Shard_0200000_0299999,2,50,2.8859092581272123,1.3091639876365662,7.295131397247315,0.4333932557397959,-0.056214875713922086,-0.26539706453680995,6.521171976747402
SpUWKtLtTN8,train,Dataset_Shard_0200000_0299999,5,50,3.345478832125664,1.9662774205207825,7.0117942810058596,0.48178970025510204,-0.235079654045403,-0.1619373768637888,-4.864702878352844
SpUWKtLtTN8,train,Dataset_Shard_0200000_0299999,10,50,5.126589540243149,5.74959921836853,9.31760187149048,0.5984490593112245,0.12471454404294491,0.20766111977398397,24.080477774823738
SrkeG7CkkJY,train,Dataset_Shard_0200000_0299999,1,50,3.768131090402603,3.37811541557312,5.730186367034915,0.593409199617347,-0.05110171280801296,0.2991656866134144,8.477460111548341
SrkeG7CkkJY,train,Dataset_Shard_0200000_0299999,2,50,3.751646842956543,3.4693280458450317,5.48846049308777,0.6148991549744898,0.1000332598388195,0.011039180643856526,5.576918170242177
SrkeG7CkkJY,train,Dataset_Shard_0200000_0299999,5,50,5.438944292068482,4.1649329662323,10.1194242477417,0.6943092315051022,-0.5755993764102459,-0.1330126285040751,-0.4461194545552803
SrkeG7CkkJY,train,Dataset_Shard_0200000_0299999,10,50,5.800949640274048,5.011871099472046,10.021540355682374,0.731294642857143,0.2974552014935762,0.017595885172486305,4.770751043925876
SsxtoWJHb4o,train,Dataset_Shard_0200000_0299999,1,50,1.3676969447731973,0.7786916792392731,2.463831377029419,0.2980456792091837,-0.15080826330929994,0.08074004600464832,-15.825054192490121
SsxtoWJHb4o,train,Dataset_Shard_0200000_0299999,2,50,1.611199815571308,1.0292494297027588,2.7170358419418337,0.30547751913265303,-0.2172682787454687,0.09339595319703221,2.2455345176438004
SsxtoWJHb4o,train,Dataset_Shard_0200000_0299999,5,50,2.247040556073189,1.1345558166503906,6.784607648849488,0.40624242665816324,0.17853739984333516,-0.20051206428557633,22.40939519771062
SsxtoWJHb4o,train,Dataset_Shard_0200000_0299999,10,50,4.138854426145554,2.2040332555770874,9.371799945831299,0.6238715720663265,0.4448701020330191,-0.26884949311614037,-1.7832070389348982
TDCUZ3rN6H8,train,Dataset_Shard_0200000_0299999,1,50,3.469149435758591,3.355433464050293,5.929876518249512,0.5621588010204082,-0.1803597213694593,0.07680670600384473,0.8842082205216266
TDCUZ3rN6H8,train,Dataset_Shard_0200000_0299999,2,50,3.93394914150238,2.8629324436187744,7.4743214607238775,0.5660925542091837,-0.3123129833489656,0.37182611085474493,29.248833441636698
TDCUZ3rN6H8,train,Dataset_Shard_0200000_0299999,5,50,5.897574002742767,6.339831352233887,8.52347354888916,0.6769104751275511,0.08752719774842262,0.3062205487117171,10.352715176946854
TDCUZ3rN6H8,train,Dataset_Shard_0200000_0299999,10,50,5.364245600700379,5.2154459953308105,8.806039237976075,0.6687547831632653,0.4653342854231596,0.2642533791065216,16.99570151677853
TLUD5I3rzoc,train,Dataset_Shard_0200000_0299999,1,50,1.978912906050682,1.8053066730499268,3.3544761896133424,0.4041800860969388,0.05478325566276908,0.13485519416630268,16.046619470766753
TLUD5I3rzoc,train,Dataset_Shard_0200000_0299999,2,50,2.731189613938332,2.6039199829101562,4.658247661590577,0.4422508769132653,0.11609782926738262,0.16399618558585644,5.549839491450522
TLUD5I3rzoc,train,Dataset_Shard_0200000_0299999,5,50,3.155444474220276,2.857201933860779,5.304232978820801,0.4627678571428572,0.0160685333609581,0.014292221814393997,-6.441155812612311
TLUD5I3rzoc,train,Dataset_Shard_0200000_0299999,10,50,3.774119255542755,3.5024815797805786,5.880048084259034,0.5044120695153061,-0.13720828875899316,0.2460631200671196,6.1922409252381145
TMhssQ2rLOc,val,Dataset_Shard_0200000_0299999,1,50,4.241226634979248,3.837501049041748,6.490911579132081,0.6658892697704082,0.05190385365858674,0.4023863165825605,21.96122580345229
TMhssQ2rLOc,val,Dataset_Shard_0200000_0299999,2,50,4.967208623886108,4.997399806976318,6.773763275146485,0.6915975765306122,-0.11567664921283721,0.37589325577020644,9.812301049786806
TMhssQ2rLOc,val,Dataset_Shard_0200000_0299999,5,50,5.684409427642822,5.964823961257935,7.993541526794433,0.7142574139030613,0.14881226260215044,-0.285970683991909,-1.009471784527199
TMhssQ2rLOc,val,Dataset_Shard_0200000_0299999,10,50,5.964186134338379,6.35068941116333,7.832754516601563,0.7537775031887755,-0.14582453519105912,-0.10847676213132218,2.202998154976149
T_FBIBGomLM,train,Dataset_Shard_0200000_0299999,1,50,2.308723338842392,1.7704717516899109,4.658023738861084,0.4071763392857143,0.061881224475800994,0.19029780238866806,-18.47407497642822
T_FBIBGomLM,train,Dataset_Shard_0200000_0299999,2,50,2.468137280642986,1.8990930914878845,4.909972381591797,0.4229946588010204,0.060658635664731266,0.31318225476890804,17.396799863473877
T_FBIBGomLM,train,Dataset_Shard_0200000_0299999,5,50,3.6442481303215026,2.9962751865386963,7.132041788101197,0.539561543367347,-0.19506663783453404,0.1695928829908371,-5.700758638522496
T_FBIBGomLM,train,Dataset_Shard_0200000_0299999,10,50,3.4435943722724915,2.9525636434555054,6.420312118530274,0.5275821109693877,-0.14058972388505936,-0.02128696014522575,-14.603759639226851
TcjaEAyS8ts,train,Dataset_Shard_0200000_0299999,1,50,4.165575942993164,3.777838349342346,7.839445352554322,0.5736371970663265,-0.30244731418788434,0.5181663329899311,56.90838049509223
TcjaEAyS8ts,train,Dataset_Shard_0200000_0299999,2,50,4.843083817958831,4.778425216674805,7.24737401008606,0.6378543526785715,-0.039312216490507125,0.15110279157757758,16.045619349785195
TcjaEAyS8ts,train,Dataset_Shard_0200000_0299999,5,50,5.929200669527054,6.110954761505127,8.721903610229493,0.676012037627551,0.11960272051393986,0.03972243666648865,-6.046210311877153
TcjaEAyS8ts,train,Dataset_Shard_0200000_0299999,10,50,5.685348362922668,5.5599353313446045,8.307239151000976,0.678582987882653,-0.10298169016838074,-0.5355317614227534,-30.607225028210614
TlGCU7dVYvo,train,Dataset_Shard_0200000_0299999,1,50,2.631793233246142,1.7842141389846802,6.1240211009979255,0.3655903220663265,-0.059947718508345814,-0.2322703820165841,6.6292371018605944
TlGCU7dVYvo,train,Dataset_Shard_0200000_0299999,2,50,3.3420946335792543,2.1614495515823364,8.315820407867431,0.4115146683673469,0.0930935438722372,-0.05792195266112685,-3.340740055556046
TlGCU7dVYvo,train,Dataset_Shard_0200000_0299999,5,50,3.402762989392504,2.8206971883773804,7.258734607696534,0.4648935746173469,-0.08386787886032834,0.23671930217766202,3.8589648199713826
TlGCU7dVYvo,train,Dataset_Shard_0200000_0299999,10,50,5.260397537946701,4.8999316692352295,9.082649993896485,0.6058211096938776,-0.03554042786359787,0.13753911212086678,2.304562932532425
Tn_MfGExzrw,train,Dataset_Shard_0200000_0299999,1,50,3.153094371557236,3.045099377632141,4.895603561401368,0.47711256377551026,-0.32608753234148025,0.09045155029743909,4.682479969074124
Tn_MfGExzrw,train,Dataset_Shard_0200000_0299999,2,50,3.6243594431877137,3.4438356161117554,6.034154987335206,0.4751347257653061,-0.014394618589431047,-0.1572520337998867,-1.080306669844216
Tn_MfGExzrw,train,Dataset_Shard_0200000_0299999,5,50,4.74203131198883,4.738040208816528,6.411058235168457,0.5177798150510204,0.29949602998793123,0.22652426928281785,18.738304846524787
Tn_MfGExzrw,train,Dataset_Shard_0200000_0299999,10,50,4.532379450798035,4.176100730895996,7.003939533233643,0.5079663584183673,-0.370084832906723,-0.06933939123526216,2.6224869308596106
TqH1zY7HkZE,train,Dataset_Shard_0200000_0299999,1,50,3.9812260353565216,2.4067853689193726,9.226116371154786,0.5419953762755102,-0.42788206722587346,0.29052642206428575,32.114617501089526
TqH1zY7HkZE,train,Dataset_Shard_0200000_0299999,2,50,6.035603699684143,5.747288465499878,10.125807285308838,0.6411786511479591,-0.1935131706483662,-0.11279961002990603,3.891906084484116
TqH1zY7HkZE,train,Dataset_Shard_0200000_0299999,5,50,7.667178677916527,7.901048421859741,10.886961078643798,0.7824625318877552,-0.44635476348921654,0.33093791097402575,11.618773574551273
TqH1zY7HkZE,train,Dataset_Shard_0200000_0299999,10,50,8.131352698802948,8.57393741607666,10.70565071105957,0.8100095663265305,0.11263340645469726,0.5176053669489921,27.294960549699958
TxDFFE1BV8k,train,Dataset_Shard_0200000_0299999,1,50,1.637570922076702,1.262338101863861,2.992438745498658,0.37542610012755107,0.15012667452916503,-0.09723522774875164,5.180643137265163
TxDFFE1BV8k,train,Dataset_Shard_0200000_0299999,2,50,2.4643080055713655,1.8530427813529968,4.651642704010011,0.4241294642857143,0.06673334778752178,-0.01418587835971266,6.860736103472676
TxDFFE1BV8k,train,Dataset_Shard_0200000_0299999,5,50,2.641283286809921,1.658657431602478,5.378162002563477,0.4423405612244898,0.03258796811918728,0.14762546591460704,24.615475253326114
TxDFFE1BV8k,train,Dataset_Shard_0200000_0299999,10,50,2.7165601646900175,1.7456308007240295,5.309673357009889,0.45610411352040814,-0.020361020117998122,0.1536895640566945,8.865471895687394
U5_e_c9A3Rc,train,Dataset_Shard_0200000_0299999,1,50,4.736707104444504,4.34820032119751,9.057110404968261,0.3915911989795919,0.0032060139534587505,-0.5814059263467789,4.12653864862203
U5_e_c9A3Rc,train,Dataset_Shard_0200000_0299999,2,50,6.839725477695465,5.533074140548706,11.980267906188965,0.4457413903061224,0.2515624564886093,0.2302005434036255,0.6636188012556795
U5_e_c9A3Rc,train,Dataset_Shard_0200000_0299999,5,50,7.0732967567443845,5.355274438858032,12.63443365097046,0.45945870535714284,-0.08419007764430717,0.6879374343156814,-0.6778238239499905
U5_e_c9A3Rc,train,Dataset_Shard_0200000_0299999,10,50,6.83587317943573,6.521552562713623,10.528534984588624,0.4432948022959184,0.0423603071726393,0.5716557728126646,-0.28999103155146116
U7HzviIwyfs,train,Dataset_Shard_0200000_0299999,1,50,7.867208451628685,8.563503742218018,11.98646697998047,0.8573732461734694,0.014687967826612294,-0.3990398957952857,-11.027365732188168
U7HzviIwyfs,train,Dataset_Shard_0200000_0299999,2,50,7.7507948878407475,8.640929222106934,10.086805725097657,0.9108553890306123,-0.2787259604968131,-0.03750722885131836,1.270445688685313
U7HzviIwyfs,train,Dataset_Shard_0200000_0299999,5,50,9.63715531349182,9.535284519195557,11.829548645019532,0.948030931122449,0.04583341078832746,0.03158946795389056,17.55622557924331
U7HzviIwyfs,train,Dataset_Shard_0200000_0299999,10,50,9.536572589874268,9.502457618713379,11.180635261535645,0.9601120057397959,0.6439840483712033,-0.41867816522717477,-2.0763151679931173
UFtV7H3fdIs,train,Dataset_Shard_0200000_0299999,1,50,3.727931317090988,3.7086907625198364,7.246883535385132,0.5463643973214285,-0.1481281652674079,0.5877107597514987,20.325925839768907
UFtV7H3fdIs,train,Dataset_Shard_0200000_0299999,2,50,3.688668331503868,3.5430296659469604,7.690991973876954,0.5664895567602041,-0.13784489676356315,0.07785594441927969,-14.21494147726049
UFtV7H3fdIs,train,Dataset_Shard_0200000_0299999,5,50,4.427903925180435,4.8124918937683105,7.832173681259156,0.6370547672193877,0.7871922121755779,0.07242567093897379,-3.121407477897758
UFtV7H3fdIs,train,Dataset_Shard_0200000_0299999,10,50,5.334885526895523,6.117977857589722,8.223433303833009,0.7189074457908162,0.38277900833636525,-0.2944288206472993,-27.769486037995776
UQfPmUjyJUM,train,Dataset_Shard_0200000_0299999,1,50,4.663791656494141,4.655716419219971,6.987867641448975,0.5135463169642857,0.005234062969684601,-0.31517810553312303,0.9253329226682454
UQfPmUjyJUM,train,Dataset_Shard_0200000_0299999,2,50,5.848847601413727,5.85154128074646,8.873445034027101,0.5671364795918368,-0.1693004424870014,-0.6049225094914437,-16.54536169346373
UQfPmUjyJUM,train,Dataset_Shard_0200000_0299999,5,50,7.0616749572753905,6.636303663253784,10.652558135986329,0.634646444515306,0.07211641212925315,-0.7172278055734932,-15.472034217965577
UQfPmUjyJUM,train,Dataset_Shard_0200000_0299999,10,50,6.919683046340943,6.489176511764526,10.566522884368897,0.6147165975765305,0.11511845353990793,-1.0225020741205662,-7.192231530531959
UTkGQGJkQcM,train,Dataset_Shard_0200000_0299999,1,50,5.883687252998352,5.492699146270752,10.149125576019287,0.8057708864795918,0.35674636624753475,-0.2621947711706161,-14.053832773703409
UTkGQGJkQcM,train,Dataset_Shard_0200000_0299999,2,50,7.583648414611816,7.607758522033691,11.05055742263794,0.8284251434948979,-0.10339189553633332,0.14020964428782462,-8.080916557179398
UTkGQGJkQcM,train,Dataset_Shard_0200000_0299999,5,50,8.196287469863892,8.441113948822021,9.982411861419678,0.9107788584183674,0.16035729605704546,0.2344084843993187,5.814317487905294
UTkGQGJkQcM,train,Dataset_Shard_0200000_0299999,10,50,8.481397323608398,8.022896766662598,11.240857601165771,0.8935570790816327,0.03865726977586746,0.25113513551652433,-2.167957132934871
UVKesI-XW-I,train,Dataset_Shard_0200000_0299999,1,50,4.280482726097107,3.5773738622665405,6.982897090911865,0.699918287627551,-0.24221133518964053,0.10397512245923281,-2.3689197691276735
UVKesI-XW-I,train,Dataset_Shard_0200000_0299999,2,50,5.820155391693115,5.432636737823486,10.205505084991454,0.7702172353316327,0.14069882405921816,0.4260063648223877,13.333583576960493
UVKesI-XW-I,train,Dataset_Shard_0200000_0299999,5,50,6.136583757400513,5.837898254394531,8.413076305389405,0.7839022640306123,0.18122832849621773,0.40036718755960465,14.755808503075091
UVKesI-XW-I,train,Dataset_Shard_0200000_0299999,10,50,6.217674388885498,5.993782997131348,8.403870964050295,0.7911766581632653,-0.2493555460870266,0.5003336408734321,28.316493591615163
UhLOi799970,train,Dataset_Shard_0200000_0299999,1,50,2.144655398130417,1.8259360194206238,4.243099546432496,0.32200414540816324,-0.02144677033647895,0.07965865690261126,20.76456648476197
UhLOi799970,train,Dataset_Shard_0200000_0299999,2,50,1.8230789864063264,1.6405132412910461,3.4448450326919557,0.31077248086734693,0.1991729721426964,0.1914878825843334,7.463124844772244
UhLOi799970,train,Dataset_Shard_0200000_0299999,5,50,2.9296666204929354,2.5269187688827515,4.622799491882325,0.40025271045918365,-0.13914845243096352,0.00477758364053443,-8.605408982813767
UhLOi799970,train,Dataset_Shard_0200000_0299999,10,50,2.7185908818244933,2.7971354722976685,3.9758883714675903,0.38503507653061225,-0.3962943010777235,0.15747328132390975,1.4866949730512022
Ursk6DLqdv4,train,Dataset_Shard_0200000_0299999,1,50,2.0540223675966263,1.425141453742981,4.046921586990357,0.33686742665816327,0.02285087974742055,-0.05161037078592926,-5.171147225592616
Ursk6DLqdv4,train,Dataset_Shard_0200000_0299999,2,50,2.038325026035309,1.8071414232254028,3.414944434165955,0.33712850765306124,0.194798864684999,0.1515884548611939,-7.729769011411698
Ursk6DLqdv4,train,Dataset_Shard_0200000_0299999,5,50,3.024793014526367,2.65980327129364,5.1634687900543215,0.40473652742346944,-0.08773339065723121,0.28997307796031235,9.258126970268865
Ursk6DLqdv4,train,Dataset_Shard_0200000_0299999,10,50,3.557603681087494,3.5498286485671997,4.974411392211914,0.43117267219387756,0.19819417528808117,0.009139855057001114,5.992924034752748
UzHgEVKrIqc,train,Dataset_Shard_0200000_0299999,1,50,3.6404074060916902,2.465234875679016,7.909619140625001,0.511985012755102,0.015400876011699437,0.5060280828690157,24.062459136931825
UzHgEVKrIqc,train,Dataset_Shard_0200000_0299999,2,50,4.1763826148118826,3.1953424215316772,8.036071872711181,0.5333848852040817,0.1357570198981557,-0.011006888909032569,-1.6682485154938846
UzHgEVKrIqc,train,Dataset_Shard_0200000_0299999,5,50,4.9135392785072325,4.4095518589019775,9.190532875061036,0.6033470184948979,-0.18652296178042888,-0.05964719895273447,3.1290434692222355
UzHgEVKrIqc,train,Dataset_Shard_0200000_0299999,10,50,6.477395370006561,7.555711984634399,10.338131713867188,0.7496225286989797,0.1056196229532361,-0.04327802704647184,-7.519228718228199
WNqNsRzvBvo,train,Dataset_Shard_0200000_0299999,1,50,1.4122896292805671,0.8219146728515625,3.2194893121719366,0.28477000956632653,-0.11151962578296662,-0.07137568846344948,16.33364703655294
WNqNsRzvBvo,train,Dataset_Shard_0200000_0299999,2,50,1.686203155517578,1.1591097712516785,3.2105797052383434,0.31211017219387754,-0.10127672193571925,-0.1149019317002967,-15.06929308674478
WNqNsRzvBvo,train,Dataset_Shard_0200000_0299999,5,50,1.9370810163021088,1.281677782535553,4.124503660202027,0.3558940529336735,-0.11219081043615006,0.12319095505401492,13.842705860348824
WNqNsRzvBvo,train,Dataset_Shard_0200000_0299999,10,50,2.4527962613105774,1.754189908504486,4.856581592559815,0.3864732142857143,-0.2789699550368823,0.07276522842235864,14.516007767163888
WQGAJwFwH0w,train,Dataset_Shard_0200000_0299999,1,50,3.145804738402367,3.057924270629883,5.575681495666504,0.5366665338010204,0.18417091690003873,-0.4585558922216296,-13.72306196369199
WQGAJwFwH0w,train,Dataset_Shard_0200000_0299999,2,50,3.523728289604187,3.1258751153945923,7.1864584445953374,0.537345742984694,-0.16083321779966353,0.42173600539565087,32.69520604281173
WQGAJwFwH0w,train,Dataset_Shard_0200000_0299999,5,50,4.5004422569274904,4.193655967712402,8.386942195892335,0.5891039540816326,-0.2284721251577139,0.27748878553509715,24.3314361167868
WQGAJwFwH0w,train,Dataset_Shard_0200000_0299999,10,50,5.507208940982818,4.888432741165161,9.131016254425049,0.6628324298469388,0.20757541101425886,-0.8596881235390902,-26.06230760995085
WRYnLiiVC_o,train,Dataset_Shard_0200000_0299999,1,50,4.0001863497495656,2.8508708477020264,7.492805767059326,0.5653288424744898,0.26613609520718456,-0.6021409956738353,-2.4627154056886296
WRYnLiiVC_o,train,Dataset_Shard_0200000_0299999,2,50,4.25980893611908,3.0387961864471436,9.127438926696778,0.6042633928571428,0.5263581245020031,0.3536733161844313,2.626326122527425
WRYnLiiVC_o,train,Dataset_Shard_0200000_0299999,5,50,6.545211892127991,6.133223533630371,10.829606723785401,0.7350211256377551,0.08913751602172852,0.6771817424520851,14.283641213890746
WRYnLiiVC_o,train,Dataset_Shard_0200000_0299999,10,50,6.659899938106537,5.500937461853027,12.124162006378175,0.731351243622449,0.07929432153701782,0.3206868705153465,7.065525239239747
WaNC6Haohmo,train,Dataset_Shard_0200000_0299999,1,50,1.379049944281578,0.7786124646663666,3.363319683074952,0.29252192283163264,0.1452554839057848,-0.15559066294692456,4.299834691996644
WaNC6Haohmo,train,Dataset_Shard_0200000_0299999,2,50,1.5609064236283303,0.9014483094215393,3.3601016759872437,0.31791613520408163,0.17269355207070475,-0.024140012548305095,4.246328235662447
WaNC6Haohmo,train,Dataset_Shard_0200000_0299999,5,50,1.971024875640869,1.2719369530677795,3.3861157417297374,0.3667127710459184,-0.2424669659510255,-0.2579115459753666,-2.3442041622726855
WaNC6Haohmo,train,Dataset_Shard_0200000_0299999,10,50,3.6672978514432906,2.1730011701583862,8.842903804779052,0.5142036033163265,0.16830420176498592,0.39111436301842334,8.371295189245414
WomgOCKLrVc,train,Dataset_Shard_0200000_0299999,1,50,2.817794201374054,2.544134497642517,4.259298801422119,0.43590202487244895,-0.02120641334913671,-0.3371675992012024,-7.292307547910889
WomgOCKLrVc,train,Dataset_Shard_0200000_0299999,2,50,3.3054594707489016,3.101552724838257,4.934076595306397,0.46907047193877555,0.22037501201033594,0.04659388519823551,0.5810771127850259
WomgOCKLrVc,train,Dataset_Shard_0200000_0299999,5,50,3.9331753516197203,3.5569711923599243,5.613609409332276,0.5020527742346939,0.1534359910339117,-0.26232332542538644,-6.213679258789166
WomgOCKLrVc,train,Dataset_Shard_0200000_0299999,10,50,4.899713957309723,4.2109187841415405,8.003724908828735,0.5333944515306123,0.17999413970857858,-0.31038181591778996,-16.49503370935013
Wxgkda9YiHw,train,Dataset_Shard_0200000_0299999,1,50,4.186041562557221,3.9626941680908203,7.5736368179321305,0.6922313456632654,-0.28400291040539744,0.17912534650415182,25.88484324033079
Wxgkda9YiHw,train,Dataset_Shard_0200000_0299999,2,50,6.394535534381866,6.664748668670654,9.947952842712402,0.8547437021683674,0.3808691157400608,0.25403715430758894,19.613939767881867
Wxgkda9YiHw,train,Dataset_Shard_0200000_0299999,5,50,7.2963096618652346,7.490540504455566,9.366849803924561,0.898584980867347,-0.02552201434969902,-0.5560983946919441,-22.443678252229578
Wxgkda9YiHw,train,Dataset_Shard_0200000_0299999,10,50,6.869213638305664,6.967453479766846,9.39095458984375,0.8904488201530611,0.09423759587109089,0.5245302930474282,14.972007647187867
WzV4jMKBeew,train,Dataset_Shard_0200000_0299999,1,50,4.155167501866817,1.7880985736846924,10.08416509628296,0.4647289540816327,0.4198225991800427,1.187778997272253,39.55512909201956
WzV4jMKBeew,train,Dataset_Shard_0200000_0299999,2,50,3.913295509815216,1.6700172424316406,11.088529109954834,0.4517956792091837,-0.4813740500807762,-0.023005780279636383,8.761500333469096
WzV4jMKBeew,train,Dataset_Shard_0200000_0299999,5,50,4.168928747177124,1.9465736746788025,10.011987400054933,0.49437779017857136,-0.18592487137764693,-0.1561919468268752,-1.1194281101606272
WzV4jMKBeew,train,Dataset_Shard_0200000_0299999,10,50,6.7376423823833465,8.47477388381958,10.20836524963379,0.6820244738520408,-0.07588909782469272,1.0817548179172445,23.230451957040472
X5tZRyCgJK8,train,Dataset_Shard_0200000_0299999,1,50,3.9555755776166914,4.033316373825073,6.995710468292238,0.5796934789540816,-0.3023324844241142,0.08378533031791449,1.8224400223924686
X5tZRyCgJK8,train,Dataset_Shard_0200000_0299999,2,50,5.400769696235657,5.214977264404297,8.536594867706299,0.6521149553571429,-0.32172887213528156,0.1305925814807415,17.206352774633075
X5tZRyCgJK8,train,Dataset_Shard_0200000_0299999,5,50,6.0424450755119326,6.282063722610474,8.29403944015503,0.6743817761479591,0.1787139445147477,0.21765926823019982,4.631458352993601
X5tZRyCgJK8,train,Dataset_Shard_0200000_0299999,10,50,6.692518053054809,6.632150888442993,9.005533981323243,0.6853009406887755,-0.16361255213618278,0.03810883641242981,-0.7812455308394888
X7orN2iRgls,train,Dataset_Shard_0200000_0299999,1,50,2.4989587485790254,2.1065479516983032,4.142385721206665,0.43930285395408164,0.2448140836134553,-0.06963348908349871,5.617270150453699
X7orN2iRgls,train,Dataset_Shard_0200000_0299999,2,50,2.9936457097530367,2.6928772926330566,5.435751819610598,0.46412189094387757,0.10071046508848668,-0.17811999678611756,18.33300621390341
X7orN2iRgls,train,Dataset_Shard_0200000_0299999,5,50,3.482791510820389,2.820310950279236,7.625970840454103,0.48946029974489796,-0.3502036219788715,-0.09695893354713916,-6.948081429432635
X7orN2iRgls,train,Dataset_Shard_0200000_0299999,10,50,4.18842981338501,3.270512819290161,7.741877460479737,0.5512312659438776,-0.02648994356393814,0.36143254816532133,36.25338657090757
XCsmC9bEuDg,train,Dataset_Shard_0200000_0299999,1,50,0.7485943737626076,0.6000329256057739,1.474813258647919,0.19148278061224488,0.06660868282837328,0.017860826733522118,14.301670198870472
XCsmC9bEuDg,train,Dataset_Shard_0200000_0299999,2,50,0.8263648095726966,0.7375541031360626,1.4659112215042118,0.20608537946428573,-0.10560374093940482,-0.026896264906972646,-13.947881404921231
XCsmC9bEuDg,train,Dataset_Shard_0200000_0299999,5,50,1.1159865438938141,0.9934631884098053,1.9300088405609133,0.26412388392857145,0.020130919236689807,0.0033194485679268835,12.689701978612973
XCsmC9bEuDg,train,Dataset_Shard_0200000_0299999,10,50,1.1852755799889565,1.1103320121765137,1.9748632073402406,0.2603846460459184,0.11456469938158989,0.11716715222224593,28.92221858903871
XHK8f0jmGFw,train,Dataset_Shard_0200000_0299999,1,50,2.0458351451158525,1.6492640376091003,3.746917152404785,0.3515688775510204,0.03494684625416994,0.19179953910410405,15.308913323405251
XHK8f0jmGFw,train,Dataset_Shard_0200000_0299999,2,50,2.421579886674881,2.0369385480880737,4.098262453079224,0.3707792570153061,0.12321051888167858,0.3305637276917696,8.337945977838494
XHK8f0jmGFw,train,Dataset_Shard_0200000_0299999,5,50,2.891896815299988,2.4224213361740112,4.470325994491578,0.401979830994898,0.23593438059091568,0.21242428373545408,11.76670948682389
XHK8f0jmGFw,train,Dataset_Shard_0200000_0299999,10,50,3.6686576771736146,2.7348647117614746,7.667194795608521,0.4993295599489796,0.20743280462920666,0.17999090664088727,11.428131391617063
XK0SUybge_0,train,Dataset_Shard_0200000_0299999,1,50,2.91961039185524,2.692784070968628,5.604599189758301,0.4684259406887755,0.1138092628121376,-0.22537544377148153,-0.7705613968805427
XK0SUybge_0,train,Dataset_Shard_0200000_0299999,2,50,4.096149442195892,2.966764211654663,9.00527687072754,0.5456688456632652,0.20689505878835918,-0.24242818818427622,-7.1615748530769405
XK0SUybge_0,train,Dataset_Shard_0200000_0299999,5,50,4.33331170797348,3.6034207344055176,9.70571928024292,0.5629520089285714,0.18404115472920238,-0.2247172648552805,-18.52355564849191
XK0SUybge_0,train,Dataset_Shard_0200000_0299999,10,50,5.746551184654236,5.093630790710449,9.71131763458252,0.6938484534438776,-0.2189006232842803,0.0025578194879926743,-8.361541477439225
XRtazMBnC9Y,train,Dataset_Shard_0200000_0299999,1,50,1.317009124159813,1.262414574623108,2.513037395477295,0.29236128826530616,0.20368783477693797,0.09198324996978044,-2.7523114145166176
XRtazMBnC9Y,train,Dataset_Shard_0200000_0299999,2,50,1.8611326760053635,1.2831718921661377,3.3719869136810305,0.34647241709183674,-0.3541956273280084,0.06482016808353365,19.850416604566348
XRtazMBnC9Y,train,Dataset_Shard_0200000_0299999,5,50,2.7992321604490282,2.082940697669983,4.290540170669556,0.43031170280612246,-0.2248601958155632,0.07750562344212085,4.7555424586851975
XRtazMBnC9Y,train,Dataset_Shard_0200000_0299999,10,50,3.014269723892212,2.296026587486267,6.325071191787724,0.438893893494898,-0.31170537155121564,-0.0877691919915378,-6.223245434778796
XSkVffeCQ8c,train,Dataset_Shard_0200000_0299999,1,50,1.4828498671948909,1.011999785900116,3.5629295587539676,0.288831712372449,-0.05662722670473158,0.032747346847318115,7.908554083978766
XSkVffeCQ8c,train,Dataset_Shard_0200000_0299999,2,50,1.9221103972196578,1.0164611041545868,4.623802661895752,0.3036702806122449,-0.09861388730409089,-0.14884534974669805,-4.081041492558445
XSkVffeCQ8c,train,Dataset_Shard_0200000_0299999,5,50,2.4048711475729942,1.6237911581993103,5.530991649627686,0.3669048947704081,0.02972165059298277,-0.029036476118490098,8.657729682612603
XSkVffeCQ8c,train,Dataset_Shard_0200000_0299999,10,50,3.35787633985281,3.1139496564865112,6.512896585464477,0.47397042410714285,0.07792649697512388,-0.3310353325307369,-29.403329010340318
Xb5EGVKJPoI,train,Dataset_Shard_0200000_0299999,1,50,4.29562756896019,3.476645827293396,7.903685474395752,0.5586603156887755,-0.22507362440228462,-0.40101572427898646,-6.116789991071633
Xb5EGVKJPoI,train,Dataset_Shard_0200000_0299999,2,50,4.520189077854156,4.455390453338623,7.283436870574952,0.5908665497448979,-0.33815682722255586,0.36950949221849444,3.8267185825783536
Xb5EGVKJPoI,train,Dataset_Shard_0200000_0299999,5,50,6.022091462612152,6.423691272735596,8.592304134368897,0.7100581951530611,-0.00495437802746892,0.45650363074615596,23.360436394582052
Xb5EGVKJPoI,train,Dataset_Shard_0200000_0299999,10,50,8.060927712917328,8.363787174224854,11.124748611450196,0.8375298947704082,0.0045274971425533295,0.37706522047519686,18.87721681574281
XhaQLBKD6Sc,train,Dataset_Shard_0200000_0299999,1,50,7.482057371139526,7.714656829833984,9.996060466766359,0.8186595184948979,0.29807061579078437,0.35584824323654174,5.582314827607436
XhaQLBKD6Sc,train,Dataset_Shard_0200000_0299999,2,50,7.436484458446503,7.812126398086548,10.747393989562989,0.8130205676020408,0.45722727969288823,-0.7023594270274043,-18.12955545870669
XhaQLBKD6Sc,train,Dataset_Shard_0200000_0299999,5,50,8.473805689811707,8.60550832748413,11.959316635131836,0.8422751913265306,-0.02063212722539902,0.09080393929034472,0.9746032679517509
XhaQLBKD6Sc,train,Dataset_Shard_0200000_0299999,10,50,9.104453811645508,8.730124473571777,11.759037303924561,0.8899326371173469,0.5470442425459623,0.3785866092890501,12.134921908583207
Xkv0iBd50dQ,train,Dataset_Shard_0200000_0299999,1,50,3.9947105538845062,2.9568344354629517,7.742829513549805,0.518586575255102,-0.13473222040222027,-0.05116658858954906,3.868130555942148
Xkv0iBd50dQ,train,Dataset_Shard_0200000_0299999,2,50,5.283862910270691,3.541070342063904,10.831002330780029,0.5737424266581632,-0.4415441574156284,0.1406056322157383,20.548503098186092
Xkv0iBd50dQ,train,Dataset_Shard_0200000_0299999,5,50,4.263162500858307,3.174297571182251,9.416193294525147,0.5151841517857143,-0.3113172960281372,0.08314043149352074,13.333303983435464
Xkv0iBd50dQ,train,Dataset_Shard_0200000_0299999,10,50,4.915206799507141,3.4112247228622437,10.692630958557128,0.5627562978316327,-0.01221391124650836,0.5766544684767723,39.56750085817187
Xr0VL5ak2YA,train,Dataset_Shard_0200000_0299999,1,50,2.122419315576553,1.876671016216278,3.1472620487213137,0.3420619419642857,0.3269602967053652,-0.19119041113182902,-3.773058986237434
Xr0VL5ak2YA,train,Dataset_Shard_0200000_0299999,2,50,2.2178175437450407,2.1823811531066895,3.0951154708862307,0.38216956313775513,-0.053361701592803,0.0028358009830117227,-1.758467665860391
Xr0VL5ak2YA,train,Dataset_Shard_0200000_0299999,5,50,2.4050751161575317,2.369436502456665,3.126260638237,0.4263739636479592,-0.07142809707671403,-0.03530786358751357,2.3207681611758506
Xr0VL5ak2YA,train,Dataset_Shard_0200000_0299999,10,50,2.538173213005066,2.423269748687744,3.435006332397461,0.43537348533163267,-0.02480540134012699,-0.028821989446878433,-4.265671724481498
Y1rsLA_zWpw,train,Dataset_Shard_0200000_0299999,1,50,2.841184320449829,2.0259348154067993,5.0645693302154555,0.4567578125,0.29346313335001467,0.4511775936023332,10.781508936480854
Y1rsLA_zWpw,train,Dataset_Shard_0200000_0299999,2,50,2.6293577826023102,2.292208433151245,4.840949535369873,0.4894599011479592,0.13300624124705793,0.044390612514689565,11.321626152027022
Y1rsLA_zWpw,train,Dataset_Shard_0200000_0299999,5,50,3.9055535972118376,3.1020283699035645,6.138617944717407,0.585862962372449,0.11624833466485143,0.30282203350681813,1.8230636216562213
Y1rsLA_zWpw,train,Dataset_Shard_0200000_0299999,10,50,4.851328843832016,3.2406394481658936,11.202033424377442,0.6279950573979591,0.6109902082011104,0.5243712959229014,18.180482777843014
YBdiEmhvUL4,val,Dataset_Shard_0200000_0299999,1,50,4.375442956611514,2.3415597677230835,11.46317596435547,0.5399641262755103,-0.1334565630016732,0.406683859648183,31.380835036162306
YBdiEmhvUL4,val,Dataset_Shard_0200000_0299999,2,50,5.1876318103075025,2.670790672302246,12.134323024749756,0.571926419005102,-0.029129971470683812,0.3258955606713425,-10.34201419209616
YBdiEmhvUL4,val,Dataset_Shard_0200000_0299999,5,50,5.683616451621056,5.411290168762207,10.40648012161255,0.7028607302295918,0.15229365641251205,0.1654617851227522,10.811503510219222
YBdiEmhvUL4,val,Dataset_Shard_0200000_0299999,10,50,6.533689513206482,7.293254137039185,10.744272422790527,0.7571412627551021,0.015867566391825676,-0.211443994268775,-5.24408857566386
YLFEJ_74Qps,train,Dataset_Shard_0200000_0299999,1,50,2.4251738306879997,1.9082300066947937,4.576589155197143,0.42089724170918363,0.0649400279764086,-0.04888568453490734,0.9690400477182783
YLFEJ_74Qps,train,Dataset_Shard_0200000_0299999,2,50,3.4608866572380066,3.067945957183838,6.498557853698731,0.5258653539540816,-0.2386387705989182,-0.04340604773489758,-16.628186638474634
YLFEJ_74Qps,train,Dataset_Shard_0200000_0299999,5,50,3.9719582730531693,3.195059061050415,8.661810207366944,0.5521408641581632,0.2468792469240725,0.11526245016604662,23.975637748770595
YLFEJ_74Qps,train,Dataset_Shard_0200000_0299999,10,50,5.522013790607453,4.960403203964233,9.646889591217041,0.6483370535714286,-0.13557576082646847,0.4670969441533089,25.46617326650414
YNJTgfO5Mvs,val,Dataset_Shard_0200000_0299999,1,50,3.7956251740455627,3.6079548597335815,5.920812797546387,0.582533880739796,0.1092188470531255,0.10699455086141825,21.53310291257959
YNJTgfO5Mvs,val,Dataset_Shard_0200000_0299999,2,50,4.98903244137764,4.8235182762146,8.239374160766602,0.6591481983418368,-0.007458297610282898,0.4595848473906517,21.61684996258277
YNJTgfO5Mvs,val,Dataset_Shard_0200000_0299999,5,50,4.702500931024551,4.237450122833252,7.899271059036256,0.6595169005102041,0.25322685986757276,0.05352635532617569,6.698594453630084
YNJTgfO5Mvs,val,Dataset_Shard_0200000_0299999,10,50,5.763690259456634,5.211123943328857,10.24160680770874,0.7420946269132653,-0.23020639039576055,0.11766684310510754,8.803938675180413
YTTraNue048,train,Dataset_Shard_0200000_0299999,1,50,7.1437652921676635,6.73715615272522,11.325165176391602,0.8126658163265306,-0.2751147365942597,-0.22228436142206193,12.693935415610758
YTTraNue048,train,Dataset_Shard_0200000_0299999,2,50,9.089448831081391,8.746516704559326,13.499514484405518,0.8537456154336734,0.10360909298062325,0.4261886616423726,5.737643848803112
YTTraNue048,train,Dataset_Shard_0200000_0299999,5,50,10.126861505508423,10.20592212677002,13.297786045074464,0.9040090880102041,-0.20356145724654198,-0.8371281015872956,-17.836375899544013
YTTraNue048,train,Dataset_Shard_0200000_0299999,10,50,9.82472204208374,9.431565761566162,13.004193019866944,0.910512994260204,-0.5652255183458328,0.5337474653368008,2.2640879073993667
YUA8cOH4wTA,train,Dataset_Shard_0200000_0299999,1,50,3.8082105696201323,3.6232770681381226,6.6329967975616455,0.5589660395408164,0.1024538280069828,0.2966133156046271,2.861668311917724
YUA8cOH4wTA,train,Dataset_Shard_0200000_0299999,2,50,3.8917293977737426,3.860421299934387,6.10916690826416,0.5762017697704082,0.07317555390298366,0.3104378293408081,6.93120632521124
YUA8cOH4wTA,train,Dataset_Shard_0200000_0299999,5,50,4.739459121227265,4.387112140655518,7.764178085327149,0.6225681600765306,-0.06504690930247307,0.21745276890695095,19.707285239579395
YUA8cOH4wTA,train,Dataset_Shard_0200000_0299999,10,50,5.7571179389953615,5.754714727401733,8.586575794219971,0.7081277901785714,-0.31261677797883747,-0.18455255594104528,-13.026916926559972
Yg5Ssy3qkgQ,train,Dataset_Shard_0200000_0299999,1,50,3.2486433470249176,1.587361454963684,8.879491043090821,0.765069355867347,-0.12032949816435576,-0.2644792022742331,3.933758916310036
Yg5Ssy3qkgQ,train,Dataset_Shard_0200000_0299999,2,50,4.803872053623199,4.159290790557861,10.297215843200684,0.8094539221938776,0.2533002834022045,-0.17989298927597702,-23.64161344002566
Yg5Ssy3qkgQ,train,Dataset_Shard_0200000_0299999,5,50,4.436524744033814,3.7637951374053955,8.553419589996338,0.8641390306122448,-0.03406630307435989,0.05918279215693474,4.830901405907991
Yg5Ssy3qkgQ,train,Dataset_Shard_0200000_0299999,10,50,6.159600605964661,5.318482160568237,10.647831439971924,0.8929926658163265,0.060101728141307834,-0.5694897210597992,-2.6164976106762183
Ykj7lbApeTs,train,Dataset_Shard_0200000_0299999,1,50,2.2264043647050857,1.576922357082367,5.347946119308472,0.38745575573979596,-0.09774787996895612,-0.09585740396752954,40.233854290751644
Ykj7lbApeTs,train,Dataset_Shard_0200000_0299999,2,50,2.7405318742990494,2.1110740900039673,5.659022092819214,0.4461670918367347,-0.008527784729376436,0.01894827710464597,-3.1724759016283195
Ykj7lbApeTs,train,Dataset_Shard_0200000_0299999,5,50,4.611902838349343,4.1348583698272705,7.913331794738773,0.554438775510204,0.060760369412601,-0.227975234426558,-0.3707343405936666
Ykj7lbApeTs,train,Dataset_Shard_0200000_0299999,10,50,4.040111176371575,3.844405174255371,7.948140478134156,0.5550785235969388,-0.10992997323162854,-0.4385931890271604,-9.468545042153746
YufGRlASfNw,val,Dataset_Shard_0200000_0299999,1,50,5.385422029495239,4.641638994216919,10.780120372772217,0.8427602838010203,0.11154643403366209,0.051189068779349325,-4.049922022059293
YufGRlASfNw,val,Dataset_Shard_0200000_0299999,2,50,6.108782269954681,5.161901473999023,10.295722103118896,0.8629874840561225,0.011148816645145417,0.15928692691028118,5.755823528754451
YufGRlASfNw,val,Dataset_Shard_0200000_0299999,5,50,7.898007912635803,8.089025497436523,10.01912260055542,0.9007362085459184,-0.007890601307153702,0.428604921028018,10.86687015209085
YufGRlASfNw,val,Dataset_Shard_0200000_0299999,10,50,8.101283674240113,8.094802856445312,10.897030353546143,0.9025430484693878,0.5534363403916359,-0.6995859014987945,-0.4387812925029371
YweVXE4EVWM,train,Dataset_Shard_0200000_0299999,1,50,1.8842299205064774,1.5965352654457092,4.092172956466675,0.3511814413265306,-0.14600907846237532,0.2609388855844736,23.864410957024738
YweVXE4EVWM,train,Dataset_Shard_0200000_0299999,2,50,2.2279975938797,1.890864372253418,4.017758750915528,0.42408761160714287,-0.02010619902983308,-0.05045892892405391,10.298510701502808
YweVXE4EVWM,train,Dataset_Shard_0200000_0299999,5,50,2.915576503276825,2.608500361442566,4.762501001358032,0.46800661670918364,0.21650003381073474,0.03776776216924191,12.953075835050733
YweVXE4EVWM,train,Dataset_Shard_0200000_0299999,10,50,2.7720590806007386,2.3961232900619507,4.438701820373535,0.48304846938775514,0.18928790979087354,-0.19613716894760727,-6.593769393993736
Z3wah38KgoA,train,Dataset_Shard_0200000_0299999,1,50,2.1128300297260285,1.727570354938507,4.386637306213379,0.3339265784438776,-0.09296428788686172,0.46115415923297404,32.57231096519046
Z3wah38KgoA,train,Dataset_Shard_0200000_0299999,2,50,2.907641360759735,2.607110619544983,4.910317373275757,0.3890254304846939,0.050302068889141086,0.08862596541643143,-5.979015207871759
Z3wah38KgoA,train,Dataset_Shard_0200000_0299999,5,50,3.346452171802521,2.7227561473846436,6.0951593875885015,0.3904292889030612,-0.09659960016608238,0.4113656242564321,-1.9565120254084698
Z3wah38KgoA,train,Dataset_Shard_0200000_0299999,10,50,3.7860293728113175,3.3156434297561646,5.630662393569949,0.4028563456632653,0.0611008638702333,0.042086508274078366,10.031573663305872
ZBsE2JWimj0,train,Dataset_Shard_0200000_0299999,1,50,3.377967972159386,2.7823320627212524,5.271166419982911,0.5028372130102041,-0.3602180562913418,-0.15066409416496754,-7.704429227156221
ZBsE2JWimj0,train,Dataset_Shard_0200000_0299999,2,50,3.9477078306674955,3.614206075668335,6.786892557144169,0.5454715401785715,0.12298392946831882,-0.05746974896639585,-23.663844128573178
ZBsE2JWimj0,train,Dataset_Shard_0200000_0299999,5,50,6.071563384532928,4.4158408641815186,13.790066051483155,0.6795200892857143,-0.477461349897203,0.10285630837082863,5.675701669178031
ZBsE2JWimj0,train,Dataset_Shard_0200000_0299999,10,50,8.285169587135314,6.110063791275024,13.634536933898925,0.7999469866071429,-0.5033651113882661,1.2149939279817046,19.478376683084573
ZPGB4_jJCyc,train,Dataset_Shard_0200000_0299999,1,50,4.5885040444135665,3.3053232431411743,9.591399288177492,0.7100039859693879,0.5089319057762622,0.5569241541996598,28.08119168020817
ZPGB4_jJCyc,train,Dataset_Shard_0200000_0299999,2,50,6.239781333208084,6.623752117156982,10.374395179748536,0.8013213488520408,0.15603062503039836,0.17821716517210007,-2.0552068508110626
ZPGB4_jJCyc,train,Dataset_Shard_0200000_0299999,5,50,8.520296239852906,8.669131755828857,10.920638465881348,0.9035542889030613,-0.2570526025444269,-0.019182505682110787,3.3256264440200956
ZPGB4_jJCyc,train,Dataset_Shard_0200000_0299999,10,50,8.732103272676468,8.965475082397461,10.825119972229004,0.9244459502551021,0.28677370548248293,0.7720273131132126,8.670832823333065
Z_Nk-d3D3VI,train,Dataset_Shard_0200000_0299999,1,50,1.1825075268745422,0.8860963582992554,2.0015614151954657,0.3890756536989796,-0.01852461537346244,0.10102771542966366,4.018250306783346
Z_Nk-d3D3VI,train,Dataset_Shard_0200000_0299999,2,50,1.5449097347259522,1.2275447845458984,2.204860520362854,0.42685387436224487,0.17218923335894942,-0.027251033391803504,-1.2293391008737111
Z_Nk-d3D3VI,train,Dataset_Shard_0200000_0299999,5,50,2.41669606924057,1.512809932231903,4.423406887054444,0.4749330357142857,-0.07772737845778466,-0.04546101175248623,0.441129364426921
Z_Nk-d3D3VI,train,Dataset_Shard_0200000_0299999,10,50,2.150025454759598,1.7507156133651733,3.9477698802948007,0.4812519929846939,0.2623002386465669,0.0009890121879288928,17.557059716341733
ZbjWbqnnYyE,train,Dataset_Shard_0200000_0299999,1,50,1.2864682400226592,0.8944191038608551,3.099259877204895,0.315328443877551,-0.05839461577124894,-0.02482471858151257,3.8646324084961123
ZbjWbqnnYyE,train,Dataset_Shard_0200000_0299999,2,50,2.4353020107746124,1.8024083375930786,4.984850835800171,0.4002044802295919,-0.01221572645008564,0.08797912842594087,2.8809067084970854
ZbjWbqnnYyE,train,Dataset_Shard_0200000_0299999,5,50,3.2393420350551607,2.678990960121155,5.87900767326355,0.48509526466836733,-0.11022430509328843,-0.13582424610853194,-18.603024676624656
ZbjWbqnnYyE,train,Dataset_Shard_0200000_0299999,10,50,3.730787763595581,3.631247878074646,5.976900148391724,0.5173915816326531,-0.2619805678166449,0.0034690169245004654,-17.79018869096817
Zcn7rbz3Xqc,train,Dataset_Shard_0200000_0299999,1,50,2.1143017354607583,1.8252971172332764,4.005334138870239,0.36429328762755103,0.007624494032934308,0.14662983816117048,23.182935325855915
Zcn7rbz3Xqc,train,Dataset_Shard_0200000_0299999,2,50,3.1028413552045824,2.340141177177429,6.3639952659606935,0.4299386160714285,-0.14416026554536074,-0.031320932433009145,-2.279257927031436
Zcn7rbz3Xqc,train,Dataset_Shard_0200000_0299999,5,50,3.7145549088716505,2.908673405647278,9.453025245666504,0.4751255580357143,-0.3182791980681941,-0.2597161819040775,-12.471917432470537
Zcn7rbz3Xqc,train,Dataset_Shard_0200000_0299999,10,50,4.175046701431274,3.515428066253662,8.630804443359375,0.5306253985969388,-0.01939333204180002,0.04036465350538492,-6.894489399848892
aIi6zkwglCM,train,Dataset_Shard_0200000_0299999,1,50,1.573444682772315,0.6532889306545258,3.253258681297303,0.2855899234693878,-0.01696233623436001,0.3027216473624867,14.334087108090714
aIi6zkwglCM,train,Dataset_Shard_0200000_0299999,2,50,2.84610594113823,1.6103830933570862,8.265664672851562,0.41229950573979596,-0.12366905967890489,0.31556842190722817,14.169875093228834
aIi6zkwglCM,train,Dataset_Shard_0200000_0299999,5,50,4.280809215717017,2.1054162979125977,9.03617696762085,0.5368598533163265,0.35849305533920417,0.8356236289377557,24.254585833469164
aIi6zkwglCM,train,Dataset_Shard_0200000_0299999,10,50,5.274777079224586,6.124741077423096,9.514788913726807,0.6418482940051021,0.14970148473978043,0.3013921359553933,28.180904808847036
aKAbodQ83uk,train,Dataset_Shard_0200000_0299999,1,50,3.1120605736970903,2.3828821182250977,6.08690438270569,0.4628714923469388,-0.09697460648603737,-0.03930600181221962,8.56758408531918
aKAbodQ83uk,train,Dataset_Shard_0200000_0299999,2,50,2.2658434009552,1.7834132313728333,4.2373046875,0.4007665019132653,-0.08975056663155556,0.08197595424950123,23.61337492451781
aKAbodQ83uk,train,Dataset_Shard_0200000_0299999,5,50,2.955819718837738,2.2934845685958862,5.788838958740235,0.464719387755102,-0.26948013037443164,0.06401513010263443,4.881573010583891
aKAbodQ83uk,train,Dataset_Shard_0200000_0299999,10,50,3.2535649013519286,2.7809842824935913,5.407271671295167,0.4784614158163265,0.19452485159039498,0.048462930731475354,-27.558922898656352
aRF_slIwqM4,val,Dataset_Shard_0200000_0299999,1,50,2.701006066277623,2.316923975944519,4.05386643409729,0.41062141262755103,-0.2338822714984417,0.00817681939341128,-6.7373823901432806
aRF_slIwqM4,val,Dataset_Shard_0200000_0299999,2,50,4.410987393148243,3.0198445320129395,7.635259437561037,0.4721875,0.16595235750311985,0.33879755273927004,-13.517304896023251
aRF_slIwqM4,val,Dataset_Shard_0200000_0299999,5,50,6.2649042553454635,3.755789279937744,19.122370338439943,0.5141135204081633,-0.2947936928807758,-0.30405519149033355,13.224057438677269
aRF_slIwqM4,val,Dataset_Shard_0200000_0299999,10,50,8.979404377676547,5.931737422943115,20.236287307739257,0.6631118463010205,0.08829985207412391,-0.5080325686832657,-9.887572733978896
aUad-7rZkQE,train,Dataset_Shard_0200000_0299999,1,50,1.0855715417861937,0.7067212164402008,2.282410144805909,0.3255843431122449,-0.06284739812836052,-0.024570623449981212,-20.111615340982908
aUad-7rZkQE,train,Dataset_Shard_0200000_0299999,2,50,1.4524730569124222,0.8401174247264862,3.2565515756607057,0.3517143654336735,-0.013811197389150038,-0.10500993915542495,1.0151899668401314
aUad-7rZkQE,train,Dataset_Shard_0200000_0299999,5,50,1.7985096633434297,1.1896032691001892,3.550470352172854,0.38717474489795917,0.08279013816267251,-0.09723659930285067,-2.608591038809168
aUad-7rZkQE,train,Dataset_Shard_0200000_0299999,10,50,1.7757358640432357,1.5165581107139587,2.9200140953063967,0.406120455994898,-0.16461136610247196,0.000729370464105159,4.729661248248701
aq7naPyd_ps,train,Dataset_Shard_0200000_0299999,1,50,1.1608434334397315,0.5517314970493317,2.0804064750671394,0.24903619260204082,-0.09979762539966032,-0.0709894079854712,10.121214296872882
aq7naPyd_ps,train,Dataset_Shard_0200000_0299999,2,50,1.4025909209251404,0.9663998782634735,2.9538410425186163,0.29324099170918366,0.0670058245677501,0.2226388369500637,-2.7550850130152957
aq7naPyd_ps,train,Dataset_Shard_0200000_0299999,5,50,2.3143670845031736,0.950912743806839,3.287850069999696,0.3360790019132653,-0.11853035651147366,0.6439060707762837,19.533004385843302
aq7naPyd_ps,train,Dataset_Shard_0200000_0299999,10,50,3.1294456160068513,1.880334734916687,8.258045768737794,0.41255102040816327,0.15752766038756819,0.8391731915064156,28.182231781539596
aykwHkSTKps,train,Dataset_Shard_0200000_0299999,1,50,2.163631558418274,1.5336415767669678,3.8987966299057013,0.42813257334183674,0.004406067070085555,0.15561259076930584,16.093869572669913
aykwHkSTKps,train,Dataset_Shard_0200000_0299999,2,50,3.6654499906301496,2.1451553106307983,9.447579288482666,0.4749206792091837,-0.2027834045048803,0.45162666097283366,32.41489763846076
aykwHkSTKps,train,Dataset_Shard_0200000_0299999,5,50,4.211750956177712,2.4508997201919556,10.583790493011474,0.5117271205357143,0.2517971667647362,0.06853864511474966,-3.6039159575326734
aykwHkSTKps,train,Dataset_Shard_0200000_0299999,10,50,5.981095151901245,6.128791570663452,11.517217540740967,0.6361607142857143,-0.06593493349850178,0.044301949888467786,7.135317608427017
b4wQRPqpcHo,train,Dataset_Shard_0200000_0299999,1,50,4.433608419895172,2.5050524473190308,11.450351238250734,0.46628228635204083,-0.7058621971309185,-0.6388766352832317,4.785937712646583
b4wQRPqpcHo,train,Dataset_Shard_0200000_0299999,2,50,5.040878599099815,3.259116291999817,11.762811374664308,0.5226526626275511,-0.2522190018976107,0.08723738305270672,-9.436278259693863
b4wQRPqpcHo,train,Dataset_Shard_0200000_0299999,5,50,8.419351670742035,7.2760608196258545,17.464862060546878,0.6845635363520408,-0.9993221044818347,1.0656708494457416,17.48258021774541
b4wQRPqpcHo,train,Dataset_Shard_0200000_0299999,10,50,8.561510008499026,7.5282909870147705,17.213365936279295,0.6848397640306122,-0.03593848581891507,-0.2000882267113775,16.38721509992738
b7nnK-iWh_s,train,Dataset_Shard_0200000_0299999,1,1,1.7343201637268066,1.7343201637268066,1.7343201637268066,0.36658960459183676,0.20219232141971588,1.0708048343658447,79.30714783326759
b7nnK-iWh_s,train,Dataset_Shard_0200000_0299999,2,1,0.8941054344177246,0.8941054344177246,0.8941054344177246,0.26698022959183676,-0.12169051915407181,-0.10952592641115189,-138.01162756913175
b7nnK-iWh_s,train,Dataset_Shard_0300000_0399999,1,49,1.5621755463736398,1.2117985486984253,3.167750358581543,0.3559617086630571,-0.08133144957982764,-0.022093389031230187,-10.253009674176912
b7nnK-iWh_s,train,Dataset_Shard_0300000_0399999,2,49,1.608284950560453,1.4498158693313599,3.123779773712159,0.3586066840639317,0.04105799739743222,0.12454050097956645,6.148825091869259
b7nnK-iWh_s,train,Dataset_Shard_0300000_0399999,5,50,1.8934847402572632,1.6826146841049194,3.4369187593460087,0.3961543367346939,0.05995328218792565,0.07885337855666875,3.5369435179862654
b7nnK-iWh_s,train,Dataset_Shard_0300000_0399999,10,50,2.6761991715431215,2.284011960029602,4.604963970184326,0.45321588010204084,0.015850525228306652,0.28023465213831517,11.288096359287316
bDs_lr_2dpg,train,Dataset_Shard_0300000_0399999,1,50,0.784836602807045,0.4740951359272003,1.9535396456718446,0.1933657525510204,0.0441490560863167,0.08750790629535914,8.156133132314151
bDs_lr_2dpg,train,Dataset_Shard_0300000_0399999,2,50,1.1226113855838775,0.75826695561409,2.0825263738632205,0.2505492665816326,-0.3156804318493232,0.05609500553458929,28.374438539620588
bDs_lr_2dpg,train,Dataset_Shard_0300000_0399999,5,50,1.4574291747808457,0.9161787033081055,2.812002539634705,0.2598760363520408,0.008526124726049602,-0.219392917053774,-22.160430547785094
bDs_lr_2dpg,train,Dataset_Shard_0300000_0399999,10,50,1.487886301279068,1.0447680354118347,2.8386583566665653,0.2804504145408163,-0.049692412614822386,0.010376440128311515,15.271170591506275
bF1ORN7QtkE,val,Dataset_Shard_0300000_0399999,1,50,1.3050326296687127,0.7350907325744629,1.811800050735474,0.27509247448979596,0.018100064378231764,-0.006248110318556428,13.711928696199235
bF1ORN7QtkE,val,Dataset_Shard_0300000_0399999,2,50,1.374492743909359,0.8763730227947235,1.8534926533699037,0.2833171237244898,-0.08453101401217282,0.025202946607023477,20.591758974876726
bF1ORN7QtkE,val,Dataset_Shard_0300000_0399999,5,50,2.2533942836523058,1.484437346458435,2.5793261528015146,0.3509000318877551,0.09039697661995888,0.10687091781524942,21.692411836594964
bF1ORN7QtkE,val,Dataset_Shard_0300000_0399999,10,50,2.184296327829361,1.5742432475090027,2.6670150995254516,0.36833227040816324,-0.06485237553715706,0.03006537156179547,29.968502025245133
bGaEvKvZWas,train,Dataset_Shard_0300000_0399999,1,50,5.146046504378319,2.150404691696167,9.110095977783207,0.49717952806122445,0.5513631022721529,-1.3496748672192915,-3.9723059757520875
bGaEvKvZWas,train,Dataset_Shard_0300000_0399999,2,50,3.308465522527695,2.867516875267029,5.522131633758545,0.5174744897959184,0.5573958438634873,0.1064074376039207,18.06983197172357
bGaEvKvZWas,train,Dataset_Shard_0300000_0399999,5,50,5.133961350917816,3.413273572921753,11.62682752609253,0.6149465880102041,-0.9292865906655788,-0.029146540835499765,17.96716454245309
bGaEvKvZWas,train,Dataset_Shard_0300000_0399999,10,50,6.113885040283203,4.409067153930664,12.126225090026855,0.6793427136479592,0.20902533985674382,0.3723194657638669,24.528842822869798
bQ869A6Z27I,train,Dataset_Shard_0300000_0399999,1,50,3.0401735961437226,3.0432138442993164,4.694186115264894,0.5446958705357143,-0.19724844977259637,-0.2394564699754119,-5.569404126190009
bQ869A6Z27I,train,Dataset_Shard_0300000_0399999,2,50,4.238634944558144,3.984044075012207,7.493384504318238,0.6610475127551021,0.3844660473521799,-0.030268487744033335,-2.0532834886765503
bQ869A6Z27I,train,Dataset_Shard_0300000_0399999,5,50,4.948679535388947,4.5870912075042725,8.634632587432861,0.698238600127551,0.3916654285788536,-0.18120486050844192,-5.9131954038854255
bQ869A6Z27I,train,Dataset_Shard_0300000_0399999,10,50,7.245263767242432,7.95796537399292,9.19361400604248,0.8920101243622449,-0.09616250909864903,-0.21889238700270652,-21.499862566869265
bf8S2Tnk5-c,train,Dataset_Shard_0300000_0399999,1,50,2.717137898206711,2.561890482902527,4.386860990524292,0.3861475605867347,0.15998364632949233,0.10816799502819777,-11.762320364066664
bf8S2Tnk5-c,train,Dataset_Shard_0300000_0399999,2,50,3.2724700355529786,3.0040639638900757,5.033931493759155,0.3992330994897959,-0.2237416853569448,-0.2721444779634476,-19.289290815185094
bf8S2Tnk5-c,train,Dataset_Shard_0300000_0399999,5,50,3.4946885824203493,3.5261573791503906,5.044706010818482,0.43906130420918366,-0.030564416428096593,0.19465602308511734,19.310143010977246
bf8S2Tnk5-c,train,Dataset_Shard_0300000_0399999,10,50,3.6197436451911926,3.528005003929138,5.424884700775147,0.4773329878826531,-0.14603471606969834,-0.36102989681065084,-17.068543389907813
bkQ5uGu5qE8,train,Dataset_Shard_0300000_0399999,1,50,2.5367839208245275,1.0959153771400452,9.302771663665773,0.38673509247448984,0.25177494338422546,-0.011870159264653922,21.642370992741352
bkQ5uGu5qE8,train,Dataset_Shard_0300000_0399999,2,50,1.5767114132642746,1.099071204662323,2.8950809001922613,0.34208904655612243,-0.09627109770604875,-0.15419960705563426,0.3618183574105117
bkQ5uGu5qE8,train,Dataset_Shard_0300000_0399999,5,50,2.227270998954773,1.554814338684082,3.846885013580324,0.41238560267857144,0.29371513813734057,0.1664719438366592,22.946110523217204
bkQ5uGu5qE8,train,Dataset_Shard_0300000_0399999,10,50,2.691736969947815,1.8680287599563599,7.388428163528443,0.4658270886479592,0.0442995326340315,-0.12460604785941541,-11.337023096933407
bnVPLUTCR7U,train,Dataset_Shard_0300000_0399999,1,50,3.283170043975115,3.2406405210494995,5.981149959564209,0.4846464445153061,-0.08371862672152929,0.5120595762366429,29.500952637498795
bnVPLUTCR7U,train,Dataset_Shard_0300000_0399999,2,50,3.5060173165798187,3.2830721139907837,5.868374872207643,0.5191007653061225,-0.14141943017952144,0.3699216380901635,-0.18640420376358746
bnVPLUTCR7U,train,Dataset_Shard_0300000_0399999,5,50,4.14871950507164,4.151193380355835,6.876083517074586,0.5972616390306122,-0.10436781160533429,-0.17214677955955268,-13.879528381546544
bnVPLUTCR7U,train,Dataset_Shard_0300000_0399999,10,50,4.8943059396743775,3.9978866577148438,8.329368591308596,0.6244913903061224,-0.3319712772592902,0.11607701104134321,16.435479048030746
btNRAupsVCA,train,Dataset_Shard_0300000_0399999,1,50,2.311379151046276,1.4619097709655762,6.918189001083374,0.4107924107142857,0.1149674523808062,0.18120983123779297,-1.171745084591394
btNRAupsVCA,train,Dataset_Shard_0300000_0399999,2,50,2.574955451786518,2.13847553730011,4.900486421585084,0.4201004464285715,0.17043374649249018,0.09137484362348915,1.1405764355117103
btNRAupsVCA,train,Dataset_Shard_0300000_0399999,5,50,3.828152744472027,3.535120368003845,7.783410501480103,0.5659618144132653,0.06450316587463022,-0.3876524678245187,-25.15430482648902
btNRAupsVCA,train,Dataset_Shard_0300000_0399999,10,50,4.575852791070938,3.804316520690918,8.090618705749511,0.6388727678571429,0.2787164217233658,-0.41236232943832873,2.106156222450007
c2Gd126Ko_w,train,Dataset_Shard_0300000_0399999,1,50,4.8033499026298525,4.777279376983643,8.093806743621826,0.6375438456632653,0.09915953367948532,0.3042035270505585,-0.4772173834652124
c2Gd126Ko_w,train,Dataset_Shard_0300000_0399999,2,50,5.505578018426895,5.877506971359253,8.964738082885743,0.6941984215561224,0.017184017077088356,-0.1387430541217327,-7.9366756302366195
c2Gd126Ko_w,train,Dataset_Shard_0300000_0399999,5,50,7.120991666316986,7.314336538314819,10.768603420257568,0.8208717315051021,0.06055118329823017,0.5476827138196677,11.01624845389427
c2Gd126Ko_w,train,Dataset_Shard_0300000_0399999,10,50,6.651262934207916,6.921466588973999,8.97945795059204,0.816104512117347,-0.0991573872230947,0.3070477729383856,6.008145025437823
c3SQmrJFsLY,test,Dataset_Shard_0300000_0399999,1,50,1.722277758270502,1.1534869074821472,3.4235024213790894,0.316715162627551,0.047682241387665275,-0.059726537493988874,-5.590421839184439
c3SQmrJFsLY,test,Dataset_Shard_0300000_0399999,2,50,2.123395739942789,1.7578518986701965,4.18306450843811,0.3511415816326531,-0.09410297363530845,0.2679901251150295,21.335569824819295
c3SQmrJFsLY,test,Dataset_Shard_0300000_0399999,5,50,2.154997054040432,1.6247352957725525,4.063561010360718,0.3742833227040816,-0.19899582866579293,0.20675613361410797,1.824150701915635
c3SQmrJFsLY,test,Dataset_Shard_0300000_0399999,10,50,4.219054754078388,2.893251061439514,8.838413047790528,0.5615836256377551,-0.01986081086099148,0.4173099296959117,3.283809149534238
c7Al1YuIwUI,train,Dataset_Shard_0300000_0399999,1,50,3.684622060060501,1.39313542842865,12.974163436889649,0.43336894132653064,0.0007253011688590049,0.3660729253478348,-6.4336635945906115
c7Al1YuIwUI,train,Dataset_Shard_0300000_0399999,2,50,4.784384997487068,1.9602773189544678,14.481997108459474,0.5064174107142857,-0.18834222566336392,0.6744386891834437,3.2651256940746807
c7Al1YuIwUI,train,Dataset_Shard_0300000_0399999,5,50,7.310934149622917,2.6437023878097534,16.186650276184082,0.6380393016581632,0.12788858264684677,1.1505124427005649,8.630336689400012
c7Al1YuIwUI,train,Dataset_Shard_0300000_0399999,10,50,9.537418951392175,10.676968097686768,16.50493335723877,0.7471197385204081,-0.353937060656026,1.311723584383726,30.23923320627586
cCQSFjK9mhw,train,Dataset_Shard_0300000_0399999,1,50,0.6727495545148849,0.4233001619577408,1.6308659791946412,0.19179169323979595,0.04026997431647032,0.02692878793895943,5.113656725682579
cCQSFjK9mhw,train,Dataset_Shard_0300000_0399999,2,50,1.2762510842084884,0.7825650572776794,2.5162424802780152,0.2541342474489796,-0.06512003564741463,0.021088785151951017,1.269119263029788
cCQSFjK9mhw,train,Dataset_Shard_0300000_0399999,5,50,2.036802887916565,1.1926811933517456,5.103039979934694,0.36609056122448974,-0.01377662929939106,0.2429934495128691,17.696425651532632
cCQSFjK9mhw,train,Dataset_Shard_0300000_0399999,10,50,1.8276877629756927,1.1623730063438416,4.424819612503053,0.3605213647959184,0.012074286537244915,-0.08683750151656568,-21.54902136153844
cF3FypUIZhA,train,Dataset_Shard_0300000_0399999,1,50,5.002179701328277,3.82724130153656,11.241892528533935,0.5201411033163265,-0.16398735215887428,-1.3073750913888216,-11.977334861451254
cF3FypUIZhA,train,Dataset_Shard_0300000_0399999,2,50,5.570271112918854,4.717838287353516,11.258545303344727,0.5584821428571428,0.142402603039518,-1.562644883915782,-17.856456866596886
cF3FypUIZhA,train,Dataset_Shard_0300000_0399999,5,50,7.154515256881714,6.152194023132324,12.49947557449341,0.6792243303571429,-0.023317102268338205,-2.3555420003645122,-50.05567753875811
cF3FypUIZhA,train,Dataset_Shard_0300000_0399999,10,50,9.123808217048644,9.006999015808105,14.842055225372315,0.7559937021683674,0.05063736690208316,-3.1415837659686803,-33.535551909736036
cFUZYGRYK94,train,Dataset_Shard_0300000_0399999,1,50,8.660045329332352,8.996570110321045,12.592320251464844,0.9158924585459184,0.21627749043982475,-0.03356787476688623,10.88788392898982
cFUZYGRYK94,train,Dataset_Shard_0300000_0399999,2,50,8.406786630153656,8.943784713745117,11.290824127197267,0.9160977359693878,0.08095218565315009,-0.21176811471581458,11.376097692165395
cFUZYGRYK94,train,Dataset_Shard_0300000_0399999,5,50,8.461537523567676,8.972108840942383,11.15171880722046,0.917359693877551,-0.21789139688014983,-0.30795169189572336,-5.622006726849065
cFUZYGRYK94,train,Dataset_Shard_0300000_0399999,10,50,9.510844182968139,9.390894412994385,11.860384559631347,0.9841665338010205,-0.05874958131462336,-0.16431129895150662,-17.90456633267538
cPcyix9lBG0,train,Dataset_Shard_0300000_0399999,1,50,3.9237822246551515,3.7020630836486816,6.13390522003174,0.6091410235969388,0.4007928627170622,0.05354913491755724,14.46503329388908
cPcyix9lBG0,train,Dataset_Shard_0300000_0399999,2,50,4.715438108444214,4.389225006103516,7.498965406417847,0.6396727519132653,-0.4926554660499096,0.035264076818712055,27.741022563160904
cPcyix9lBG0,train,Dataset_Shard_0300000_0399999,5,50,5.732912983894348,6.050881862640381,7.907220268249512,0.6950370695153062,-0.17507346087615588,0.30395851681940256,10.729862731816413
cPcyix9lBG0,train,Dataset_Shard_0300000_0399999,10,50,6.238930130004883,5.6844494342803955,10.736830234527588,0.711825175382653,0.20625388242304324,-0.06610523303970695,-1.3096179408849642
cQAkgnu0KNE,train,Dataset_Shard_0300000_0399999,1,50,1.858338505625725,1.6050755381584167,3.3894707679748537,0.34583904655612246,-0.11449023479595781,0.0979260273464024,11.809492767961723
cQAkgnu0KNE,train,Dataset_Shard_0300000_0399999,2,50,2.3457066226005554,2.1489715576171875,3.8464522600173954,0.3984917091836735,0.15083867865614592,0.02174844628403662,18.95917919212659
cQAkgnu0KNE,train,Dataset_Shard_0300000_0399999,5,50,2.8645775866508485,2.5400233268737793,3.6473045349121094,0.43649194834183674,-0.0840863461047411,0.29092704273760317,-5.821505099118578
cQAkgnu0KNE,train,Dataset_Shard_0300000_0399999,10,50,2.9825911152362825,2.7283674478530884,3.8822766304016114,0.4621851084183673,-0.21477560549974442,0.44092344943434,23.404748123542063
cTIbhq8KHSM,train,Dataset_Shard_0300000_0399999,1,50,3.5169005459547042,2.639634847640991,8.289674949645997,0.5329296875,-0.053804841190576554,0.024786596782505513,12.951229648285302
cTIbhq8KHSM,train,Dataset_Shard_0300000_0399999,2,50,3.2406278145313263,2.446490526199341,7.237139987945557,0.5086013233418367,-0.0039035938680171967,0.01847804302233271,25.492408067631228
cTIbhq8KHSM,train,Dataset_Shard_0300000_0399999,5,50,4.619751400947571,3.473733901977539,8.755683612823487,0.6210686383928572,0.19459977205842732,-0.18719887614250183,7.216392831371853
cTIbhq8KHSM,train,Dataset_Shard_0300000_0399999,10,50,4.9053935623168945,3.6330302953720093,9.490193462371828,0.6440166613520408,-0.038773224074393514,-0.06789377542212606,5.783666276421801
ciLvB2zwaOE,train,Dataset_Shard_0300000_0399999,1,50,3.1040628191374706,2.859850287437439,5.651169109344483,0.46497488839285717,0.0012212911486858503,0.05342767126159743,-19.954351872182006
ciLvB2zwaOE,train,Dataset_Shard_0300000_0399999,2,50,3.2993056917190553,2.5008084774017334,5.967042255401611,0.4780377072704081,-0.02457088254392147,-0.016203255616128443,-1.2103221914467561
ciLvB2zwaOE,train,Dataset_Shard_0300000_0399999,5,50,4.146623464524746,3.8487346172332764,6.74407448768616,0.5468279655612245,0.06640476786531507,0.02399816027376801,-29.301702331315827
ciLvB2zwaOE,train,Dataset_Shard_0300000_0399999,10,50,5.367189912199974,5.616412162780762,8.43366813659668,0.6221886957908164,0.032973096314817665,-0.010918126087635755,16.411486570265428
ck3jZjhnQ84,train,Dataset_Shard_0300000_0399999,1,50,2.1507361087203027,1.621459424495697,4.508951663970949,0.3732242506377551,0.15625878275139257,0.2641009375452995,25.51473088534067
ck3jZjhnQ84,train,Dataset_Shard_0300000_0399999,2,50,2.9841883045434954,2.0207822918891907,7.567233180999756,0.4331875797193877,0.07069363182410598,0.2535556146502495,8.376962959485688
ck3jZjhnQ84,train,Dataset_Shard_0300000_0399999,5,50,3.3279133927822113,2.409725546836853,8.248023319244385,0.45865154655612245,0.19930932227522136,-0.15765026688575745,-9.96369860084878
ck3jZjhnQ84,train,Dataset_Shard_0300000_0399999,10,50,4.065586436390877,3.0913270711898804,7.928557205200196,0.5581281887755103,-0.003240015469491482,0.24057484857738018,3.228647531205107
cqUD7jK9olE,train,Dataset_Shard_0300000_0399999,1,50,3.4881450955569746,2.7610470056533813,7.073459148406982,0.5359661989795919,-0.49285827587358655,0.20694210708141328,-9.15067626218045
cqUD7jK9olE,train,Dataset_Shard_0300000_0399999,2,50,4.120288369655609,3.459438443183899,7.514342594146729,0.5680321269132653,0.2875299354456365,0.2867996830493212,22.84237176515285
cqUD7jK9olE,train,Dataset_Shard_0300000_0399999,5,50,5.7441384981572625,5.602520942687988,9.32359266281128,0.6722712053571429,0.12218322851229459,-0.6913821699470282,-22.092191913202637
cqUD7jK9olE,train,Dataset_Shard_0300000_0399999,10,50,5.998083038330078,5.178703546524048,9.992916774749755,0.7507629145408162,-0.6116847722511739,-0.4498305842280388,-20.20511825392874
cxKVZ0NO0V4,train,Dataset_Shard_0300000_0399999,1,50,2.9015352046489715,2.6791096925735474,4.315688467025757,0.3481991390306123,0.03050713278353214,0.007158966101706028,8.751396318136441
cxKVZ0NO0V4,train,Dataset_Shard_0300000_0399999,2,50,3.624829092025757,3.4155569076538086,5.662347078323364,0.39010921556122446,0.3711116496566683,-0.07853709645569325,10.943391807326531
cxKVZ0NO0V4,train,Dataset_Shard_0300000_0399999,5,50,4.028935606479645,4.036483287811279,6.6042845249176025,0.44649274553571433,0.12158236429095268,-0.3099550909921527,-3.0628799178160055
cxKVZ0NO0V4,train,Dataset_Shard_0300000_0399999,10,50,4.98425767660141,5.1018829345703125,7.784759616851806,0.4915365911989796,-0.432941509266384,0.43040360236540437,1.728763240893237
d21L6jFe6C8,train,Dataset_Shard_0300000_0399999,1,50,4.107112811803818,4.173382043838501,6.179412651062012,0.5317446588010204,-0.1867031178995967,0.300807281434536,11.553873841587738
d21L6jFe6C8,train,Dataset_Shard_0300000_0399999,2,50,4.37971930205822,4.045649886131287,7.248440885543824,0.5480145886479592,-0.13110127247869968,0.09558222025632858,9.022168063422773
d21L6jFe6C8,train,Dataset_Shard_0300000_0399999,5,50,4.5410741657018665,4.0756518840789795,6.845014381408692,0.6067669802295919,0.037629868155345324,0.0965787211805582,-9.382724622038687
d21L6jFe6C8,train,Dataset_Shard_0300000_0399999,10,50,5.045177167654037,4.943105936050415,7.6126707077026365,0.6246460459183674,-0.020145038519985975,-0.05147021742071956,-7.442906969056533
d9IvvjcFxp8,train,Dataset_Shard_0300000_0399999,1,50,1.3577159428596497,0.9717899560928345,3.1050779819488525,0.21110092474489797,0.05237641282845289,0.050018314197659494,14.061051885704888
d9IvvjcFxp8,train,Dataset_Shard_0300000_0399999,2,50,1.4813398623466492,1.1501721143722534,2.389234161376953,0.24648915816326533,-0.07759843059349805,0.22369431553408503,11.6674710928798
d9IvvjcFxp8,train,Dataset_Shard_0300000_0399999,5,50,1.717256436944008,1.5101460218429565,3.085685181617737,0.26144292091836735,-0.19359170777723192,0.12735893193632364,2.9745205392152787
d9IvvjcFxp8,train,Dataset_Shard_0300000_0399999,10,50,1.889528193473816,1.608587384223938,3.2563247442245493,0.27334941007653063,-0.06876910336315632,0.22824417440220712,41.87077124921935
dadeCjt1zZ8,train,Dataset_Shard_0300000_0399999,1,50,3.7492979419231416,3.6173354387283325,6.087952423095703,0.6020954241071429,0.09247271552681922,0.4178756849654019,6.00256015223821
dadeCjt1zZ8,train,Dataset_Shard_0300000_0399999,2,50,4.311530007123947,4.327401876449585,6.556574296951294,0.6248557079081632,0.1392234142869711,0.11675313655287027,7.76283243611821
dadeCjt1zZ8,train,Dataset_Shard_0300000_0399999,5,50,5.3807912230491635,5.262336730957031,7.3738682746887205,0.6592889030612246,0.1908515219576657,0.36934268325567243,19.383565014779105
dadeCjt1zZ8,train,Dataset_Shard_0300000_0399999,10,50,5.36442474603653,5.558980226516724,7.67750267982483,0.6468917410714287,0.13052638079971074,-0.09258208227809518,-0.9939206188588215
dpttD5WWzs0,train,Dataset_Shard_0300000_0399999,1,50,3.537713249325752,3.3665037155151367,6.926128292083741,0.46192203443877555,-0.11353257063776255,-0.15121945418417454,-30.545998307381478
dpttD5WWzs0,train,Dataset_Shard_0300000_0399999,2,50,3.7165368258953095,3.5889296531677246,6.061667203903199,0.4723154496173469,0.10565843716263772,-0.22836267856881023,-18.16981948645696
dpttD5WWzs0,train,Dataset_Shard_0300000_0399999,5,50,3.8782151734828947,3.996514081954956,5.603203058242799,0.49561981823979595,-0.10442439936101437,0.3785292708128691,3.4301760162069788
dpttD5WWzs0,train,Dataset_Shard_0300000_0399999,10,50,4.574019966125488,4.223498344421387,7.227586126327515,0.535262675382653,-0.12828286364674568,0.04544443603605032,4.992398967847621
dtf0Qt8rCPE,train,Dataset_Shard_0300000_0399999,1,50,3.7698660849034784,3.679350972175598,6.495649719238282,0.5126195790816327,-0.0718957919627428,0.21448019256000406,20.63105628048503
dtf0Qt8rCPE,train,Dataset_Shard_0300000_0399999,2,50,3.8327897250652314,3.645638108253479,6.6846619129180915,0.4984713807397959,0.16412847382947804,0.20885129686444998,10.119537233788254
dtf0Qt8rCPE,train,Dataset_Shard_0300000_0399999,5,50,4.691231563091278,4.250223398208618,7.537582111358643,0.5669367825255103,-0.23669048704206944,0.22603893861174584,7.791193512247409
dtf0Qt8rCPE,train,Dataset_Shard_0300000_0399999,10,50,4.874152855873108,4.219471454620361,8.18679370880127,0.5874294483418367,0.13142265114933252,-0.19933686904609205,-7.790409680934435
e0x_uAwuUVE,val,Dataset_Shard_0300000_0399999,1,50,5.126654374599457,4.668450117111206,8.302634334564209,0.6072289540816327,-0.03817801833152771,-0.41170902565121653,-26.49949783212594
e0x_uAwuUVE,val,Dataset_Shard_0300000_0399999,2,50,6.0188219165802,5.5005247592926025,8.584221172332764,0.6845902423469389,0.44956933334469795,-0.030869609974324703,2.347155036032633
e0x_uAwuUVE,val,Dataset_Shard_0300000_0399999,5,50,7.8308030700683595,6.735651731491089,12.30175542831421,0.7544116709183674,0.17254957500845194,-0.8039921863004565,-8.280641178822295
e0x_uAwuUVE,val,Dataset_Shard_0300000_0399999,10,50,8.169268980026246,6.915286302566528,12.287188816070566,0.7764752072704081,-0.05060685161501169,-1.3359236252494155,-24.350548816969763
e63J3OFgS7M,train,Dataset_Shard_0300000_0399999,1,50,2.3670093020796776,2.0916261672973633,5.683263444900513,0.35758529974489794,0.14265663971193135,0.23184375539422036,22.114963963748636
e63J3OFgS7M,train,Dataset_Shard_0300000_0399999,2,50,3.484611664414406,3.4965646266937256,6.314915895462037,0.4352889827806123,-0.03754239277914166,0.3064794694818556,13.243261511066418
e63J3OFgS7M,train,Dataset_Shard_0300000_0399999,5,50,4.581841709017754,4.480957269668579,7.622091436386109,0.5246097735969388,0.558487819544971,0.24919315472245215,1.779110762082812
e63J3OFgS7M,train,Dataset_Shard_0300000_0399999,10,50,4.19051399409771,4.374335765838623,6.716425180435181,0.5353946109693877,-0.2869727695733309,0.15201697312295437,20.963474468540777
e6FMbxEpdus,val,Dataset_Shard_0300000_0399999,1,50,2.8581178409967105,2.511016368865967,6.123353672027588,0.3656624681122449,0.0713683991178732,0.24439765817020087,10.149544465424631
e6FMbxEpdus,val,Dataset_Shard_0300000_0399999,2,50,4.239403241833206,3.714699864387512,8.031099081039429,0.44342753507653065,-0.08805420463657355,-0.0012891281879637971,-12.993523795577735
e6FMbxEpdus,val,Dataset_Shard_0300000_0399999,5,50,5.947840571403503,6.153619766235352,9.848480892181396,0.6058075573979592,-0.23875172220170499,-0.15251640491187574,17.994462293351717
e6FMbxEpdus,val,Dataset_Shard_0300000_0399999,10,50,6.259934555329383,6.003116846084595,12.104261302947998,0.6079001913265306,-0.16960170354810544,0.009644555719569325,8.146428074354796
eAyLA25v2ls,train,Dataset_Shard_0300000_0399999,1,50,5.761778950691223,5.534327983856201,10.247569561004639,0.721434550382653,0.7125772321224213,0.09191432178020477,4.473460145888359
eAyLA25v2ls,train,Dataset_Shard_0300000_0399999,2,50,6.13560564994812,6.3473451137542725,9.50451021194458,0.7741705197704082,0.576339926533401,0.49559974735602735,24.724827122172105
eAyLA25v2ls,train,Dataset_Shard_0300000_0399999,5,50,5.922018315792084,6.517630100250244,8.911928749084474,0.7496651785714286,-0.4045408194325864,0.049827709421515466,-2.6918940685138195
eAyLA25v2ls,train,Dataset_Shard_0300000_0399999,10,50,6.56969352722168,7.048260450363159,9.042440414428711,0.8221320950255102,-0.163104862421751,0.015693532172590494,-18.429895621367862
eC9gwP4mNPQ,train,Dataset_Shard_0300000_0399999,1,50,4.435687662363052,4.518664598464966,7.565715742111206,0.6691505899234694,0.3576768787577748,0.13199117176234723,-11.41986156963779
eC9gwP4mNPQ,train,Dataset_Shard_0300000_0399999,2,50,5.570859634876252,5.230799198150635,8.069350337982181,0.703993144132653,0.25364660695195196,0.14323970124125482,14.209565882089805
eC9gwP4mNPQ,train,Dataset_Shard_0300000_0399999,5,50,6.203145127296448,5.471205472946167,10.181621170043945,0.7768769929846938,0.04648324817419052,-0.2273685635626316,-12.668112351899603
eC9gwP4mNPQ,train,Dataset_Shard_0300000_0399999,10,50,5.633253455162048,5.337324619293213,9.226660823822021,0.7387161192602041,-0.031695711389184,0.2741914384998381,36.46646938168236
eFquyliJz0U,val,Dataset_Shard_0300000_0399999,1,50,4.487302207946778,2.7096474170684814,11.273363780975343,0.849985650510204,-0.11834457263350487,0.3817094314098358,5.967602505479278
eFquyliJz0U,val,Dataset_Shard_0300000_0399999,2,50,5.291433818340302,4.16513991355896,10.180644989013672,0.9344471460459184,-0.43902957875281573,0.9667877143621445,26.732086696004
eFquyliJz0U,val,Dataset_Shard_0300000_0399999,5,50,7.880408191680909,7.757802963256836,11.268506145477295,0.9576909279336735,-1.107199204787612,0.4303205062448978,31.48116048447233
eFquyliJz0U,val,Dataset_Shard_0300000_0399999,10,50,8.87547472000122,9.006028652191162,12.611702823638916,0.9686603156887754,-0.8853754252195358,0.1343787310272455,-5.832803057091585
ePQhPKVW2vk,train,Dataset_Shard_0300000_0399999,1,50,4.805171256382018,4.380235910415649,8.806901168823245,0.5300888871173469,-0.13695152223794138,0.3215119702089578,5.366355774974734
ePQhPKVW2vk,train,Dataset_Shard_0300000_0399999,2,50,5.2793450781703,4.840855121612549,8.74936056137085,0.5187049585459184,0.09199512691047858,0.0863748155545909,12.534701297685874
ePQhPKVW2vk,train,Dataset_Shard_0300000_0399999,5,50,6.833241496346891,6.542229890823364,11.271214294433596,0.6112384406887755,0.2473121383585385,0.9527527997782453,45.84847553139622
ePQhPKVW2vk,train,Dataset_Shard_0300000_0399999,10,50,8.306011943817138,7.849666357040405,14.888551998138428,0.6987643494897959,0.16454195767641067,-0.3427157371491194,-20.158959365693246
eVYUkO383bM,train,Dataset_Shard_0300000_0399999,1,50,3.2015316481739866,2.7999531030654907,7.500121402740479,0.4841880580357143,0.010806429478980134,0.22120197047530382,36.883523482406446
eVYUkO383bM,train,Dataset_Shard_0300000_0399999,2,50,4.128292953008494,3.8212450742721558,6.989978456497194,0.594609375,-0.19841270232398528,-0.4168240402531228,-22.65033239017932
eVYUkO383bM,train,Dataset_Shard_0300000_0399999,5,50,4.264463006258011,3.536059617996216,8.063286876678466,0.5602064732142857,-0.2684193658828735,-0.05800603028386831,-5.972029652952397
eVYUkO383bM,train,Dataset_Shard_0300000_0399999,10,50,6.100500764846802,5.90633749961853,9.684441661834716,0.7474816645408162,-0.32344529159367086,-0.30161864709109065,-35.12569779757459
eg5ydF06A9U,train,Dataset_Shard_0300000_0399999,1,50,1.7374259436130524,1.4576934576034546,3.496978187561035,0.33967992665816327,-0.16990324012935162,0.06662566885352135,9.923445469807257
eg5ydF06A9U,train,Dataset_Shard_0300000_0399999,2,50,2.047331978678703,1.9900281429290771,3.176218295097351,0.37180644132653057,-0.17676548327319325,0.11128129180520772,3.2477054905012595
eg5ydF06A9U,train,Dataset_Shard_0300000_0399999,5,50,2.4952236819267273,2.37758731842041,3.6245113372802735,0.40164540816326527,-0.09723385383374988,0.0006515818834304809,-6.838672170692282
eg5ydF06A9U,train,Dataset_Shard_0300000_0399999,10,50,2.443399651646614,2.2763408422470093,3.4962576866149906,0.4198174426020408,0.12014287482947111,-0.013252947488799691,-19.29051838626776
erLQ1Ojy-TQ,val,Dataset_Shard_0300000_0399999,1,50,4.279131124019623,3.592350482940674,7.87275185585022,0.5641055484693878,-0.1471004707412794,-0.10418045874685049,-0.6314211067894623
erLQ1Ojy-TQ,val,Dataset_Shard_0300000_0399999,2,50,5.222339556217194,5.279399394989014,8.326904392242433,0.6530600286989795,-0.44692869290709497,0.08122027583420277,10.313779704546352
erLQ1Ojy-TQ,val,Dataset_Shard_0300000_0399999,5,50,6.120465508699417,6.820223808288574,9.527722358703613,0.7672799744897959,0.1360759574174881,0.7031064416095615,31.039190559488656
erLQ1Ojy-TQ,val,Dataset_Shard_0300000_0399999,10,50,6.333079824447632,6.895306825637817,9.131280899047852,0.7977555006377551,0.09326865080744028,-0.13910353794693947,2.9596524435815814
euGB9ACrIrg,train,Dataset_Shard_0300000_0399999,1,50,2.8294638991355896,2.1841869354248047,5.5443188667297365,0.4904229113520408,-0.08833129253238439,0.07841702111065388,13.781196066864329
euGB9ACrIrg,train,Dataset_Shard_0300000_0399999,2,50,3.3805235028266907,2.5963408946990967,6.261380529403688,0.5514245854591837,0.0229783383756876,-0.06162544161081314,-39.63839015432801
euGB9ACrIrg,train,Dataset_Shard_0300000_0399999,5,50,3.512387422323227,3.373229503631592,5.372512674331666,0.5759375,-0.5658831300248858,0.08384576701093466,26.5640393109907
euGB9ACrIrg,train,Dataset_Shard_0300000_0399999,10,50,4.423427691459656,4.026811718940735,8.45697717666626,0.6300111607142856,0.1550764100253582,0.09589354412630201,-1.0457112687581185
f10cdSfKzdc,train,Dataset_Shard_0300000_0399999,1,50,3.247211232185364,2.7693599462509155,5.029204177856445,0.5392426658163265,0.18988031506538391,0.07301445879042148,-4.131054631104176
f10cdSfKzdc,train,Dataset_Shard_0300000_0399999,2,50,3.6272936129570006,2.9047155380249023,6.902699518203736,0.5939692283163265,0.15172599690034985,0.18499426826834678,25.518783418364333
f10cdSfKzdc,train,Dataset_Shard_0300000_0399999,5,50,6.536220078468323,4.97309422492981,11.87582778930664,0.7402814094387754,0.2208947619795799,-0.06000997807830572,-1.300831116241728
f10cdSfKzdc,train,Dataset_Shard_0300000_0399999,10,50,7.076588268280029,4.977357625961304,12.087520408630372,0.7867374840561224,0.1333291681110859,-0.37215603232383726,-19.605681474235467
fGK4CtMVIGk,train,Dataset_Shard_0300000_0399999,1,50,1.5141085028648376,1.2982847690582275,2.4971278190612796,0.2663787468112245,0.04512945576570928,-0.04014811400324106,-19.653406892773468
fGK4CtMVIGk,train,Dataset_Shard_0300000_0399999,2,50,2.2893653944134713,1.511321783065796,5.641986322402954,0.3133123405612245,-0.06185482606291771,-0.14417183071374892,12.395493015008908
fGK4CtMVIGk,train,Dataset_Shard_0300000_0399999,5,50,2.5681126642227174,2.106813907623291,4.431929922103882,0.3574972098214285,0.0045929749868810175,-0.05147672229912132,-11.255059688083229
fGK4CtMVIGk,train,Dataset_Shard_0300000_0399999,10,50,3.693032788038254,3.1230108737945557,7.190084552764893,0.4826004464285715,0.05477427065372467,0.35577984027564524,18.971136434321366
fJ0BU_4rY28,train,Dataset_Shard_0300000_0399999,1,50,2.8421937733888627,2.1160595417022705,6.6670608997345,0.41662388392857147,-0.36983444335870447,-0.14123252345249057,-22.824180059029178
fJ0BU_4rY28,train,Dataset_Shard_0300000_0399999,2,50,3.5728042834997176,2.8016098737716675,7.393993711471559,0.5314532844387755,-0.10283432438969613,-0.1529815508238971,8.882851733401488
fJ0BU_4rY28,train,Dataset_Shard_0300000_0399999,5,50,4.484624512195587,3.0421934127807617,8.68047561645508,0.6074605389030612,-0.3130070200935006,-0.3724918125849217,-18.499477634142835
fJ0BU_4rY28,train,Dataset_Shard_0300000_0399999,10,50,5.030369279384613,4.213600158691406,8.675405120849609,0.6607896205357143,-0.33504563234746454,-0.33470138197299093,-2.164157769980428
fM0ea2tSBNQ,train,Dataset_Shard_0300000_0399999,1,50,2.296789839863777,0.9613144993782043,7.196493434906008,0.3456879783163265,-0.2606187364808284,-0.3886491575464606,3.467337069298679
fM0ea2tSBNQ,train,Dataset_Shard_0300000_0399999,2,50,3.69160564661026,2.9384102821350098,8.475025463104249,0.5094842155612245,-0.07889904261566699,-0.42089277017861604,14.10680625520697
fM0ea2tSBNQ,train,Dataset_Shard_0300000_0399999,5,50,3.9037977409362794,3.082414746284485,7.38071084022522,0.574836575255102,0.23900759100914,-0.05375385738909245,-0.91986296399283
fM0ea2tSBNQ,train,Dataset_Shard_0300000_0399999,10,50,5.550618423819542,6.077276706695557,8.802885150909423,0.7416079400510205,0.38059658227488397,-0.0739495736733079,2.202572433205846
fOLyRAD-0Zw,val,Dataset_Shard_0300000_0399999,1,50,2.159456021785736,1.5973989367485046,5.007705402374268,0.3582509566326531,-0.04166198059916496,0.25172556506469845,4.5204070184613245
fOLyRAD-0Zw,val,Dataset_Shard_0300000_0399999,2,50,2.594625310897827,1.935224711894989,4.851295995712283,0.3972484853316327,0.21325428426265716,0.2920587605983019,14.187553279546142
fOLyRAD-0Zw,val,Dataset_Shard_0300000_0399999,5,50,2.829125435948372,2.4950069189071655,4.7460102558136,0.4247381218112245,-0.2125037474464625,-0.4882163653630414,-46.251786541575704
fOLyRAD-0Zw,val,Dataset_Shard_0300000_0399999,10,50,3.860910344719887,3.1636945009231567,8.2562219619751,0.49988560267857146,-0.22599683567881584,0.3320797871332616,32.549037645175076
fVXYoBINHcs,train,Dataset_Shard_0300000_0399999,1,50,5.4363896894454955,5.4053895473480225,7.947768926620484,0.6850809151785714,-0.40665116608142854,0.25253688886761666,4.568631441377315
fVXYoBINHcs,train,Dataset_Shard_0300000_0399999,2,50,5.634969375133514,5.626193046569824,8.931107807159425,0.6661519451530613,-0.02686296459287405,-0.29476180791854856,-15.18207159916587
fVXYoBINHcs,train,Dataset_Shard_0300000_0399999,5,50,6.507483153343201,6.4847471714019775,10.340090560913087,0.7150314891581633,0.06414439961314201,-0.733476786762476,-20.65810501008301
fVXYoBINHcs,train,Dataset_Shard_0300000_0399999,10,50,6.711764464378357,6.704916000366211,9.897467708587648,0.7328631218112246,-0.1378388317115605,-0.20856101982295513,-29.353163016231168
fcmXnubsug8,train,Dataset_Shard_0300000_0399999,1,50,5.894429467916488,2.9284417629241943,14.668255710601807,0.5656891741071428,-0.11472065008245408,-0.447537210918963,-10.572936425084393
fcmXnubsug8,train,Dataset_Shard_0300000_0399999,2,50,6.222437670230866,4.203330039978027,12.277427864074708,0.61849609375,-0.4599910617619753,-0.6322557976096869,-14.432452276214809
fcmXnubsug8,train,Dataset_Shard_0300000_0399999,5,50,8.945529041290284,7.77518892288208,15.626733493804933,0.7358992346938775,-0.03130232997005805,-1.040110042989254,-18.281072942268032
fcmXnubsug8,train,Dataset_Shard_0300000_0399999,10,50,10.14296587228775,8.255938529968262,18.10279006958008,0.7847771843112246,-0.199428274333477,-0.3731911031901836,-18.285383200738114
fj1Kji79nQ8,train,Dataset_Shard_0300000_0399999,1,50,1.9755636475980283,1.4806724190711975,3.815269470214844,0.3229926658163265,-0.047373004630208014,-0.10633213232969865,-13.404465058757225
fj1Kji79nQ8,train,Dataset_Shard_0300000_0399999,2,50,3.183426199555397,2.2590495347976685,8.039508724212647,0.42105867346938775,-0.10962578412145377,0.039298746092244985,8.144585184879576
fj1Kji79nQ8,train,Dataset_Shard_0300000_0399999,5,50,4.4181784927845005,3.3460135459899902,9.194711589813233,0.5028985969387755,0.02065397024154663,-0.4702401054650545,-11.91548358957437
fj1Kji79nQ8,train,Dataset_Shard_0300000_0399999,10,50,5.300101165771484,4.1959991455078125,9.118937110900879,0.5841481983418367,-0.11032046984881162,-0.47654115710407496,-17.205481723464334
g0YkYrnLS_A,train,Dataset_Shard_0300000_0399999,1,50,3.735889320203569,3.00944721698761,6.942717361450197,0.4447456951530612,-0.10569617746426957,-0.040048602284514345,-20.885589538312644
g0YkYrnLS_A,train,Dataset_Shard_0300000_0399999,2,50,4.2744892060756685,3.610705852508545,7.327442741394044,0.4871791294642857,0.3777535972371697,0.14153961028903722,23.293840162805967
g0YkYrnLS_A,train,Dataset_Shard_0300000_0399999,5,50,5.121806792020798,3.991869330406189,8.849100971221926,0.5212312659438776,0.24262509617954492,0.1706470215320587,3.8927587126955077
g0YkYrnLS_A,train,Dataset_Shard_0300000_0399999,10,50,6.433364663124085,6.077255725860596,10.312894153594971,0.6319718590561224,0.5553296048380435,0.3575639152154326,9.199923998925303
g6LFKsNbbnw,train,Dataset_Shard_0300000_0399999,1,50,4.770871762037277,3.7678864002227783,9.91341257095337,0.5149509725765307,-0.46239097286947073,-0.35698015578091147,-30.008868716938924
g6LFKsNbbnw,train,Dataset_Shard_0300000_0399999,2,50,4.93405143737793,4.143085479736328,9.345527458190919,0.5316980229591837,-0.16257204830646516,0.3386535099893808,11.221534470804277
g6LFKsNbbnw,train,Dataset_Shard_0300000_0399999,5,50,7.019556429386139,6.838819980621338,9.744324779510498,0.6623903858418367,-0.3618039706349373,0.896619735956192,17.885052351821564
g6LFKsNbbnw,train,Dataset_Shard_0300000_0399999,10,50,6.8690129256248476,7.278581619262695,9.931266403198242,0.6960614636479592,0.0210408616065979,0.45375383488833904,8.925481169218978
gFTV_Kjw3OE,train,Dataset_Shard_0300000_0399999,1,50,1.7895034325122834,1.403033196926117,3.5462227344512947,0.3533139349489796,-0.11480295957066118,-0.033806539117358626,-4.465714265517213
gFTV_Kjw3OE,train,Dataset_Shard_0300000_0399999,2,50,2.212378395795822,2.0028666257858276,3.368832230567933,0.38137436224489796,0.14496870324015618,0.03764241406694055,22.625975716766987
gFTV_Kjw3OE,train,Dataset_Shard_0300000_0399999,5,50,2.8135177087783814,2.522734761238098,4.865613794326783,0.4629185267857143,-0.2524247395992279,0.38041377170477064,31.496734975890263
gFTV_Kjw3OE,train,Dataset_Shard_0300000_0399999,10,50,3.066956959962845,2.727524518966675,4.847760200500489,0.5022038424744898,-0.1863826932013035,0.04021065033972263,28.094367350348758
gKgHFMHDn3g,train,Dataset_Shard_0300000_0399999,1,50,7.956196751594543,8.381750583648682,14.013265609741211,0.7358928571428571,-0.8819983260333538,-0.4478500854969025,-10.74249977224099
gKgHFMHDn3g,train,Dataset_Shard_0300000_0399999,2,50,7.9784372258186345,8.679383277893066,12.185332489013673,0.7531847895408162,-0.3267318848147988,-0.27704130291938783,-1.152839280995404
gKgHFMHDn3g,train,Dataset_Shard_0300000_0399999,5,50,8.36652417898178,8.289591789245605,13.018579769134522,0.7915218431122448,-0.28295959018170835,0.13925482043996454,0.3448287173188952
gKgHFMHDn3g,train,Dataset_Shard_0300000_0399999,10,50,8.707539985179901,8.756810188293457,11.90074338912964,0.8243267697704081,-0.09203481926582753,1.3292863535881043,33.38341212560945
gQW3RFC0ofo,train,Dataset_Shard_0300000_0399999,1,50,1.6284926475584507,0.6453591883182526,4.648603582382206,0.31600845025510205,-0.022039633778913412,-0.029427366352174432,23.555968749039284
gQW3RFC0ofo,train,Dataset_Shard_0300000_0399999,2,50,1.904013199210167,0.7212850749492645,7.31474575996399,0.3383175223214286,-0.04142759133363143,-0.13815714321564884,-3.7173146836485533
gQW3RFC0ofo,train,Dataset_Shard_0300000_0399999,5,50,3.1977526545524597,1.1524134874343872,9.271044445037841,0.4510522959183673,0.2288116417825222,0.3391760502010584,-22.23874893455997
gQW3RFC0ofo,train,Dataset_Shard_0300000_0399999,10,50,4.580723363757134,2.853376865386963,9.444399738311768,0.6224912308673469,0.21106323545332997,0.07773693583905697,-11.023212981161182
gQmCY2PXvtQ,train,Dataset_Shard_0300000_0399999,1,50,2.1595531234145167,1.459812581539154,4.5103365898132335,0.38583864795918366,0.1653745579533279,0.06672320436686277,8.913045710863841
gQmCY2PXvtQ,train,Dataset_Shard_0300000_0399999,2,50,3.298760879635811,2.971917986869812,6.629355430603027,0.4382178730867347,0.34849152792245147,-0.04616577679058537,-6.2781653899580885
gQmCY2PXvtQ,train,Dataset_Shard_0300000_0399999,5,50,3.95133092880249,3.709923267364502,7.431302547454834,0.4856234056122449,-0.03428711254149675,0.03574638705700636,15.914481421080545
gQmCY2PXvtQ,train,Dataset_Shard_0300000_0399999,10,50,4.0388471174240115,3.6075533628463745,6.985197448730471,0.5009526466836735,0.24550366647541522,0.042429025918245315,-10.28018097465206
gRZZVFAq8-s,train,Dataset_Shard_0300000_0399999,1,50,3.7884149599075316,3.124384045600891,7.226122951507569,0.5651391103316327,0.2142105671018362,0.27424064168706536,5.619423446826796
gRZZVFAq8-s,train,Dataset_Shard_0300000_0399999,2,50,4.190785779953003,3.7473700046539307,6.6023213386535655,0.614172512755102,-0.10943956252187491,0.4293775650858879,19.013337166746194
gRZZVFAq8-s,train,Dataset_Shard_0300000_0399999,5,50,5.434329680204391,5.154023170471191,9.038681316375733,0.6794606983418368,-0.07935594651848078,0.020019883904606104,8.323729838282302
gRZZVFAq8-s,train,Dataset_Shard_0300000_0399999,10,50,7.513023742437363,6.996443748474121,11.448180007934571,0.7761128826530613,0.19176344636827708,-0.1047967990860343,-12.376966476780034
gZNb0Jwiu7c,train,Dataset_Shard_0300000_0399999,1,50,4.139941463470459,4.1348021030426025,6.710985422134399,0.5950765306122449,-0.03669597283005714,0.018062362149357795,15.821927079862562
gZNb0Jwiu7c,train,Dataset_Shard_0300000_0399999,2,50,5.00193621635437,5.038360834121704,6.70822377204895,0.7320746970663266,0.3006675116717815,0.13946443028748035,0.7880562069831478
gZNb0Jwiu7c,train,Dataset_Shard_0300000_0399999,5,50,5.43428346157074,5.148432731628418,8.168475341796876,0.7220432079081632,0.25208201169967653,0.10917456766590476,6.358565152283688
gZNb0Jwiu7c,train,Dataset_Shard_0300000_0399999,10,50,5.925436270236969,5.532376050949097,8.46129884719849,0.7939006696428571,-0.18583277061581613,-0.0032131250202655794,-29.065980468453755
gcMtz5Gyj2A,train,Dataset_Shard_0300000_0399999,1,50,0.48043848723173144,0.28075890243053436,1.1550380587577822,0.13349928252551022,0.026542547028511762,-0.0007674122881144286,6.483462430792993
gcMtz5Gyj2A,train,Dataset_Shard_0300000_0399999,2,50,0.7597531406581401,0.690659910440445,1.4929140925407411,0.1620830676020408,-0.07117429088568315,0.04984999898821116,21.82224720750071
gcMtz5Gyj2A,train,Dataset_Shard_0300000_0399999,5,50,0.9144430586695671,0.7976218461990356,1.651671302318573,0.18439453125,-0.08249613618478178,-0.007329653988126666,12.80076443479614
gcMtz5Gyj2A,train,Dataset_Shard_0300000_0399999,10,50,1.241394775211811,1.1411222219467163,2.006372308731079,0.22802654655612245,0.034855910839978604,-0.03287192540243268,-8.44201905414638
gcsbxVIuYr4,train,Dataset_Shard_0300000_0399999,1,50,4.375267493724823,3.038577675819397,8.410676002502441,0.7210180165816327,0.03226186254993081,-0.006204760372638702,15.007408708221568
gcsbxVIuYr4,train,Dataset_Shard_0300000_0399999,2,50,6.0498586058616635,5.575953483581543,10.323027992248536,0.7489174107142857,0.1607735600322485,0.9876290789246559,12.452090706790445
gcsbxVIuYr4,train,Dataset_Shard_0300000_0399999,5,50,7.6512442660331725,7.783734083175659,12.304145336151123,0.7619714604591837,-0.2115188044309616,0.3768142157793045,1.4149853367893035
gcsbxVIuYr4,train,Dataset_Shard_0300000_0399999,10,50,8.24001648902893,9.021267414093018,11.805486488342286,0.8084554368622449,-0.5261031058430672,-0.18164794228971004,-10.21798395118437
gdh2-9qm8fE,train,Dataset_Shard_0300000_0399999,1,50,3.0034592345356943,2.638145685195923,5.659880542755127,0.37106026785714286,-0.24011844899505377,0.1433938531577587,27.10791403411
gdh2-9qm8fE,train,Dataset_Shard_0300000_0399999,2,50,3.2305111926794052,3.2936530113220215,5.879959487915039,0.39066884566326526,-0.06727928232401609,-0.17209721805527806,1.6115478546330748
gdh2-9qm8fE,train,Dataset_Shard_0300000_0399999,5,50,3.5194888424873354,3.294753074645996,5.652456283569337,0.3953958067602041,-0.04494764659553766,0.11621415428351611,-11.687362817374554
gdh2-9qm8fE,train,Dataset_Shard_0300000_0399999,10,50,3.815149700641632,3.432355284690857,5.911627101898194,0.4327985491071428,0.03184271459002048,0.215986372474581,14.88165618175753
gpSJUuKG1rY,train,Dataset_Shard_0300000_0399999,1,50,2.9465395510196686,2.0921566486358643,5.362574863433839,0.4030030293367347,-0.323129461966455,0.045953842923045156,1.1130464544804033
gpSJUuKG1rY,train,Dataset_Shard_0300000_0399999,2,50,3.344602445363998,2.4498660564422607,6.998212051391602,0.42826490752551016,-0.2875661804992706,0.17064541138708592,-5.883553977617671
gpSJUuKG1rY,train,Dataset_Shard_0300000_0399999,5,50,3.851370720863342,3.2542675733566284,6.9648961544036885,0.4365190529336735,0.10165348943322897,0.07526983316987752,-0.7548521028393895
gpSJUuKG1rY,train,Dataset_Shard_0300000_0399999,10,50,4.361536501646042,3.8577641248703003,8.537421607971192,0.48514668367346936,0.4871755203604698,-0.09801732871681451,4.210764392015031
gtUBWqX0ceM,train,Dataset_Shard_0300000_0399999,1,50,5.458278106451035,4.364055871963501,10.665024948120118,0.6580420918367347,-0.22345777601003647,0.30303926988504826,-11.051920960251332
gtUBWqX0ceM,train,Dataset_Shard_0300000_0399999,2,50,5.488029315471649,2.909156560897827,12.862206172943116,0.6150956632653061,0.5343049937766046,0.006611170046962798,1.4571971158172687
gtUBWqX0ceM,train,Dataset_Shard_0300000_0399999,5,50,6.690533905029297,6.503556251525879,11.899121475219726,0.7096305006377551,-0.47248782459646466,0.7626967762038112,7.092789271748703
gtUBWqX0ceM,train,Dataset_Shard_0300000_0399999,10,50,7.512416194677353,7.810043811798096,12.37770414352417,0.712073899872449,-0.7062120267935097,0.7890458203852176,6.733394371420791
h6yjx26N9WE,train,Dataset_Shard_0300000_0399999,1,50,2.1105687462631613,1.497407615184784,4.167927551269531,0.3721747448979592,-0.05347557048196904,0.2538879131746944,34.933972162976566
h6yjx26N9WE,train,Dataset_Shard_0300000_0399999,2,50,2.899844427406788,2.080459713935852,6.0757680416107185,0.4478599330357143,-0.15275048933923244,0.1290530137345195,14.362776209444622
h6yjx26N9WE,train,Dataset_Shard_0300000_0399999,5,50,2.994031153917313,2.8737540245056152,4.844592046737671,0.46631656568877555,-0.2229248848557472,-0.027727147005498408,-4.502153187836161
h6yjx26N9WE,train,Dataset_Shard_0300000_0399999,10,50,3.467335066795349,3.0490905046463013,5.2231657981872575,0.5048616868622449,-0.020003366768360138,0.09949032798409461,18.52721486632423
hT-ia0Oj-VE,train,Dataset_Shard_0300000_0399999,1,50,7.7907182049751285,8.550999641418457,12.38792905807495,0.9152969547193878,-0.17353205740451813,0.6613333920389414,14.185609457322993
hT-ia0Oj-VE,train,Dataset_Shard_0300000_0399999,2,50,8.043726754188537,8.40794849395752,11.5305908203125,0.9365102838010205,-0.1573416880890727,0.4599771885573864,15.748693154493253
hT-ia0Oj-VE,train,Dataset_Shard_0300000_0399999,5,50,8.706981520652771,8.427133560180664,11.290854454040527,0.9598485331632653,-0.11784211730584503,-0.18847810298204423,-0.6793230806836752
hT-ia0Oj-VE,train,Dataset_Shard_0300000_0399999,10,50,8.384792585372924,8.462639331817627,9.878848361968995,0.9667733577806122,0.18951861523091793,-0.30026980172842743,1.8490712415284674
hWgU6TyNnkw,val,Dataset_Shard_0300000_0399999,1,50,1.7029610511660576,1.0469098687171936,3.4285462141036995,0.291683274872449,0.13355056785978378,-0.06891649454832077,4.396421402319373
hWgU6TyNnkw,val,Dataset_Shard_0300000_0399999,2,50,2.1636940163373946,1.7157649993896484,4.457447099685669,0.3024908322704082,0.04643988272175193,0.0026174599770456553,-9.019046262737925
hWgU6TyNnkw,val,Dataset_Shard_0300000_0399999,5,50,2.404430539608002,2.0241225957870483,4.275806665420532,0.3305141900510204,-0.025894460529088975,-0.15840184091590345,11.365281686266771
hWgU6TyNnkw,val,Dataset_Shard_0300000_0399999,10,50,2.5630460953712464,2.3905123472213745,4.345483779907227,0.34987125318877554,0.10400371469557285,0.10943345628678798,19.38389440915322
hY6RjtE0L18,test,Dataset_Shard_0300000_0399999,1,50,3.7029922242462634,3.247566819190979,7.200994157791138,0.45357501594387756,-0.3211777390073985,-0.20000159554183483,-8.071440029965215
hY6RjtE0L18,test,Dataset_Shard_0300000_0399999,2,50,3.7561656653881075,3.5037550926208496,7.268212938308717,0.5018435108418368,-0.11812516391277313,0.012420281599042937,-1.6779280472487852
hY6RjtE0L18,test,Dataset_Shard_0300000_0399999,5,50,5.708914614915848,5.9418370723724365,8.487700366973877,0.640474330357143,-0.02706060655415058,0.5091495159268379,34.72384490380894
hY6RjtE0L18,test,Dataset_Shard_0300000_0399999,10,50,5.223478918671608,5.5104169845581055,7.769918727874756,0.6230727838010204,0.2552367337234318,-0.08518931463360786,-6.697949932879576
haSfscv0K_Q,train,Dataset_Shard_0300000_0399999,1,50,3.9369907605648042,3.661248803138733,6.145021390914918,0.47524713010204084,-0.0970398624241352,-0.14112336841877549,-1.6417011605461362
haSfscv0K_Q,train,Dataset_Shard_0300000_0399999,2,50,4.776552541255951,4.182034969329834,8.471569538116455,0.5622285554846939,0.43849286139011384,-0.07701825426891445,-0.3759071420260102
haSfscv0K_Q,train,Dataset_Shard_0300000_0399999,5,50,6.01240021944046,5.8928399085998535,10.064028358459472,0.6222871492346939,-0.26899614168331026,0.0033101483434438707,-14.32083682094834
haSfscv0K_Q,train,Dataset_Shard_0300000_0399999,10,50,5.657613220214844,5.291801929473877,9.77679738998413,0.6008438297193878,0.0211298843473196,0.36398201413452624,14.108386645963538
hds-48OBLUc,train,Dataset_Shard_0300000_0399999,1,50,1.832968411743641,1.3774628043174744,4.397017240524293,0.32011439732142855,-0.19515176866203546,0.12264409488067031,11.504500946253463
hds-48OBLUc,train,Dataset_Shard_0300000_0399999,2,50,2.43608710706234,1.9041982293128967,5.427668380737305,0.3561228475765306,0.0002599044796079397,0.14133788384497165,14.63859292439467
hds-48OBLUc,train,Dataset_Shard_0300000_0399999,5,50,2.746527327299118,2.214594602584839,6.2800301074981695,0.35932557397959186,0.11447272013872861,0.23723006941378116,15.603062428253013
hds-48OBLUc,train,Dataset_Shard_0300000_0399999,10,50,3.289968184828758,2.8651931285858154,6.494135618209839,0.3921484375,-0.0020626074261963366,0.02236201345920563,8.49951595085261
hgp1tH8T4qA,train,Dataset_Shard_0300000_0399999,1,50,1.6535217159986495,1.0267476439476013,3.56499161720276,0.3122771843112245,-0.06419433776056394,-0.11945932163391262,-5.778350911713103
hgp1tH8T4qA,train,Dataset_Shard_0300000_0399999,2,50,2.023410623818636,0.9579077363014221,3.808967328071602,0.3473764349489796,0.07320173969492316,0.1730876942188479,14.683137627245845
hgp1tH8T4qA,train,Dataset_Shard_0300000_0399999,5,50,2.659701189994812,2.0264698266983032,4.31273512840271,0.4319052933673469,-0.081098260730505,0.09442551929038018,19.693318974739842
hgp1tH8T4qA,train,Dataset_Shard_0300000_0399999,10,50,3.6352671521902082,2.150070905685425,11.239311027526856,0.5245790816326531,-0.11605670000426471,0.2587697483599186,9.675909391516809
hw40llsYXWQ,train,Dataset_Shard_0300000_0399999,1,50,2.761105190515518,2.290514588356018,5.244091653823853,0.41461694834183677,0.11446235906332732,-0.026898081351682777,-0.6989278315580776
hw40llsYXWQ,train,Dataset_Shard_0300000_0399999,2,50,2.5549467933177947,2.0367069244384766,5.199956941604615,0.39273198341836735,-0.04070008005946875,0.05862703889608383,-7.775326737326
hw40llsYXWQ,train,Dataset_Shard_0300000_0399999,5,50,4.277562979459763,3.448530077934265,8.073786449432376,0.5443941326530612,0.13051545664668082,0.24766154053620995,8.015698615347354
hw40llsYXWQ,train,Dataset_Shard_0300000_0399999,10,50,3.4390861630439757,2.845930576324463,5.771760654449463,0.5108019770408163,-0.10109626896679401,-0.07951472789049148,-4.334032000916279
hyxtYzAFcv8,train,Dataset_Shard_0300000_0399999,1,50,4.261357762813568,3.991958260536194,7.528585243225098,0.6039233896683673,-0.006428427398204804,-0.24192838978022338,9.534961093180748
hyxtYzAFcv8,train,Dataset_Shard_0300000_0399999,2,50,4.13469683766365,3.96156644821167,6.650003528594971,0.5857266422193877,-0.07815501273609698,0.12137203802354633,-4.509287813895035
hyxtYzAFcv8,train,Dataset_Shard_0300000_0399999,5,50,5.448845386505127,4.973611831665039,8.49166660308838,0.6797560586734694,-0.15286412328481674,-0.10267652481794358,-12.734764714268895
hyxtYzAFcv8,train,Dataset_Shard_0300000_0399999,10,50,5.339193654060364,4.646528005599976,8.701356220245362,0.6760419323979592,-0.03543870747089386,-0.47516550958156584,-27.11149293682718
i4AW7iRDqsU,val,Dataset_Shard_0300000_0399999,1,50,1.6085762575268745,1.1214224696159363,3.0878450632095342,0.23077287946428574,0.17800059168599547,0.0444638973264955,12.390898914587874
i4AW7iRDqsU,val,Dataset_Shard_0300000_0399999,2,50,1.561678260564804,0.7480368912220001,3.524997305870058,0.23442881058673468,0.15125126417726278,0.01300548130646348,14.904390110615502
i4AW7iRDqsU,val,Dataset_Shard_0300000_0399999,5,50,2.5204462033510207,2.0714153051376343,4.4184651374816895,0.2911387914540816,-0.13529660628177226,0.09846143424510956,14.123753086590218
i4AW7iRDqsU,val,Dataset_Shard_0300000_0399999,10,50,2.351377241611481,1.7776658535003662,4.366020917892456,0.28829320790816326,0.03783120343927294,0.40511025667190553,28.133933353867697
iNEWcQaXeKw,train,Dataset_Shard_0300000_0399999,1,50,8.884538493156434,7.299002647399902,11.619278144836427,0.9132322225765306,0.1489119911007583,0.8700278244167566,11.127494187876655
iNEWcQaXeKw,train,Dataset_Shard_0300000_0399999,2,50,8.642621805667877,7.662764072418213,12.645609092712403,0.9206712372448979,-0.24553338035941125,1.2026988510787486,-6.319273233548495
iNEWcQaXeKw,train,Dataset_Shard_0300000_0399999,5,50,9.697833888530731,8.906818389892578,12.327040767669677,0.9498377710459184,0.42631285641342404,-0.6308590950071812,-23.535684149988864
iNEWcQaXeKw,train,Dataset_Shard_0300000_0399999,10,50,8.484673509597778,8.056156158447266,10.48031930923462,0.9654125478316327,0.3019347710907459,-0.9846489532291889,-24.990183969938684
if7qojtGe5U,train,Dataset_Shard_0300000_0399999,1,50,2.12238130569458,1.2895522117614746,3.9605409145355233,0.37784837372448976,0.26186642987653613,-0.024637234602123498,-3.190574456172751
if7qojtGe5U,train,Dataset_Shard_0300000_0399999,2,50,2.6484907072782518,1.4536120295524597,7.9381940364837655,0.44003985969387754,-0.09465793097391724,0.10069259012117981,-14.667879538238228
if7qojtGe5U,train,Dataset_Shard_0300000_0399999,5,50,2.4093063467741014,1.5803119540214539,4.2365554332733195,0.41079360650510205,0.08938719122670591,0.10925938595086336,22.208469427365017
if7qojtGe5U,train,Dataset_Shard_0300000_0399999,10,50,3.725764733552933,1.8114774823188782,9.699194049835205,0.49905931122448977,0.24776042655110359,-0.20695937192998826,-9.361176595396088
ij9lUf2EqLQ,train,Dataset_Shard_0300000_0399999,1,50,1.4683060798048972,0.8325094282627106,3.25356686115265,0.2412480070153061,0.14288056483957917,-0.058810943486460016,-13.729999207578793
ij9lUf2EqLQ,train,Dataset_Shard_0300000_0399999,2,50,2.340371190905571,0.7858264744281769,6.541735267639161,0.3272616390306123,-0.15151214625220746,0.18108545422554015,27.03883574576909
ij9lUf2EqLQ,train,Dataset_Shard_0300000_0399999,5,50,3.090529832243919,2.963065505027771,5.626227760314942,0.4021376753826531,-0.010248569063842297,-0.1526429293677211,-4.814320161962552
ij9lUf2EqLQ,train,Dataset_Shard_0300000_0399999,10,50,3.3821225494146345,3.5012155771255493,6.051857805252076,0.4473696588010204,0.1018530158768408,0.37361636251211167,11.296255566743728
ijkiYD_qvrI,train,Dataset_Shard_0300000_0399999,1,50,3.586611672639847,2.8216660022735596,7.9671008586883545,0.5191553730867348,0.22493008211255072,-0.5410124535718933,-16.380726139083148
ijkiYD_qvrI,train,Dataset_Shard_0300000_0399999,2,50,3.7845273673534394,2.769846200942993,7.3273738861084,0.5364349489795919,0.101296265758574,0.2224379475414753,18.522377141433953
ijkiYD_qvrI,train,Dataset_Shard_0300000_0399999,5,50,4.86717024564743,4.454960584640503,8.171689891815186,0.6834048150510205,-0.19521801620721818,-0.11373961839824914,0.983892756677526
ijkiYD_qvrI,train,Dataset_Shard_0300000_0399999,10,50,5.614142813682556,4.991140365600586,8.702461910247804,0.707684550382653,0.315375894382596,0.7341420374065638,-5.802259338030712
ir37UNwA0L8,train,Dataset_Shard_0300000_0399999,1,50,1.4934402245283127,1.3211302757263184,2.7964112997055057,0.32552016900510206,-0.17742586536332966,0.1312605705112219,25.324880175271755
ir37UNwA0L8,train,Dataset_Shard_0300000_0399999,2,50,1.9322598159313202,1.419161319732666,3.915939283370972,0.34652463329081634,0.11621857510879635,0.16513534063473345,20.34079344319884
ir37UNwA0L8,train,Dataset_Shard_0300000_0399999,5,50,2.5891093146800994,1.9195402264595032,5.118229961395264,0.42287468112244897,0.2135029522329569,0.046171742845326665,17.123774936006196
ir37UNwA0L8,train,Dataset_Shard_0300000_0399999,10,50,2.8673201215267183,2.249886393547058,5.699752616882327,0.44221460459183676,0.19522635024040938,0.16540434401482343,-9.632566913940042
ivKq1LrQnIw,train,Dataset_Shard_0300000_0399999,1,50,1.839207156896591,1.2344948053359985,4.257548284530641,0.37405333227040816,-0.18261205971240999,0.07214523416012525,-24.19209926659055
ivKq1LrQnIw,train,Dataset_Shard_0300000_0399999,2,50,2.810794603228569,2.330236792564392,6.212990474700928,0.4455428890306123,-0.21714012142270803,0.03249752469360828,0.8253750397871458
ivKq1LrQnIw,train,Dataset_Shard_0300000_0399999,5,50,4.490944212079048,3.73953914642334,9.087856197357178,0.5878726881377552,0.13178524523973464,-0.3516784520447254,-4.87320129187859
ivKq1LrQnIw,train,Dataset_Shard_0300000_0399999,10,50,4.448717751502991,3.441306710243225,9.095896244049072,0.5773030931122449,0.02959845870733261,0.21949348313268274,16.12750404426933
j9xytCxCRas,train,Dataset_Shard_0300000_0399999,1,50,2.9005104637145998,2.3784778118133545,4.531809425354004,0.48291374362244893,-0.09222392743453384,-0.157408403493464,-9.20671641358718
j9xytCxCRas,train,Dataset_Shard_0300000_0399999,2,50,3.5852283453941345,3.094599962234497,5.502949428558352,0.5304372608418367,0.007885770970024169,-0.18678573674988003,-24.724626541042838
j9xytCxCRas,train,Dataset_Shard_0300000_0399999,5,50,4.527764172554016,3.454518675804138,8.620676136016847,0.5805707908163265,-0.28032190289581194,-0.12485748514533043,-12.900273934443554
j9xytCxCRas,train,Dataset_Shard_0300000_0399999,10,50,4.5246443486213686,3.269344925880432,10.350831317901612,0.5621990593112245,0.11780668430030346,0.11094702824950219,14.204359318404432
jOYC6mxNnOU,train,Dataset_Shard_0300000_0399999,1,50,2.243811410963535,1.8431747555732727,4.533662223815918,0.39838687818877555,0.015425367192365229,0.14607010347768665,13.978285058307074
jOYC6mxNnOU,train,Dataset_Shard_0300000_0399999,2,50,3.4852890157699585,2.9791479110717773,6.05537371635437,0.4864620535714285,0.014863080000504852,0.5622027274221182,24.64606652616557
jOYC6mxNnOU,train,Dataset_Shard_0300000_0399999,5,50,5.65789466381073,4.010269641876221,10.78729887008667,0.6793140146683673,-0.38953973263502123,-0.06637584522366524,14.418797157579325
jOYC6mxNnOU,train,Dataset_Shard_0300000_0399999,10,50,8.273985228538514,9.360056400299072,12.273902511596681,0.8251502710459184,-0.33938959972932936,0.3123828916251659,21.41413517726049
jTsp_AmBAo0,train,Dataset_Shard_0300000_0399999,1,50,2.6053837421536445,1.7656392455101013,7.121005916595459,0.4285172193877551,0.5505368081852794,0.22673048032913357,29.680860179657078
jTsp_AmBAo0,train,Dataset_Shard_0300000_0399999,2,50,3.7602631255658343,3.4646307229995728,7.80254511833191,0.5401965082908163,-0.049938734881870915,0.20051491678925232,25.31947697015491
jTsp_AmBAo0,train,Dataset_Shard_0300000_0399999,5,50,4.907816253900528,4.551366090774536,8.87134246826172,0.6093674266581632,-0.2871057890355587,-0.32876351656625047,0.03781458137807363
jTsp_AmBAo0,train,Dataset_Shard_0300000_0399999,10,50,6.8746191316843035,6.893489122390747,12.494041633605958,0.6973449457908163,-0.4916818442940712,-0.6948276381194591,-20.8213582206007
jYXIs1jlomo,train,Dataset_Shard_0300000_0399999,1,50,1.713102235198021,1.287840187549591,3.347948431968689,0.30369260204081633,0.02879715313203633,-0.0372329455241561,29.98884540980472
jYXIs1jlomo,train,Dataset_Shard_0300000_0399999,2,50,2.0895196545124053,1.4644176959991455,4.396583461761475,0.34145806760204084,-0.13699348514899612,0.01094717402011156,26.041349247474724
jYXIs1jlomo,train,Dataset_Shard_0300000_0399999,5,50,2.812908201217651,2.3940439224243164,4.632613897323608,0.3856652582908163,0.02247822882141918,-0.19473315410315992,-16.883460164205257
jYXIs1jlomo,train,Dataset_Shard_0300000_0399999,10,50,3.436941633224487,2.973893642425537,6.314072036743164,0.4845531728316327,0.039970709532499316,-0.1225560262054205,-9.802171679170403
jaAfalvJdzs,train,Dataset_Shard_0300000_0399999,1,50,1.750578006207943,0.9898816347122192,3.258795166015629,0.3616286670918367,0.19687239956576377,-0.03771739985793829,-16.824084300915697
jaAfalvJdzs,train,Dataset_Shard_0300000_0399999,2,50,3.1743135625123977,1.4528799653053284,9.416028881072998,0.4470224808673469,0.17357072247192262,0.05224707844667137,1.4617075535085768
jaAfalvJdzs,train,Dataset_Shard_0300000_0399999,5,50,4.530644668340683,2.8540849685668945,10.124956703186037,0.5539042570153061,-0.10759658081457019,0.41947197783738377,15.671228725637429
jaAfalvJdzs,train,Dataset_Shard_0300000_0399999,10,50,5.371907958984375,3.190558671951294,11.236313056945802,0.6275167410714285,0.21849616911960765,-0.6049458466470241,-7.51079696662784
jlS3u6WQJ0k,train,Dataset_Shard_0300000_0399999,1,50,2.7943244488417984,1.426559031009674,7.255871343612672,0.3945727040816327,-0.18552699121610203,-0.05258044004269322,-17.973236463347906
jlS3u6WQJ0k,train,Dataset_Shard_0300000_0399999,2,50,5.084199077486992,3.7245606184005737,9.91277828216553,0.5395487882653061,-0.016999566219747065,0.07080539721995592,-8.784004698056165
jlS3u6WQJ0k,train,Dataset_Shard_0300000_0399999,5,50,7.776542873382568,8.277330875396729,13.23538236618042,0.6980456792091837,-0.008615284636616706,-0.06877416085451842,-3.381413542014435
jlS3u6WQJ0k,train,Dataset_Shard_0300000_0399999,10,50,7.732492690086365,8.335011959075928,12.026949405670166,0.7256186224489797,-0.07156952351331711,0.6628437484800815,5.335083852619585
joZScleEqcM,train,Dataset_Shard_0300000_0399999,1,50,2.029969723969698,1.2489200830459595,5.314258337020876,0.33379862882653066,-0.1465470168320462,-0.0190350385569036,23.786269939735483
joZScleEqcM,train,Dataset_Shard_0300000_0399999,2,50,2.1273420137166976,1.5921385288238525,4.937698507308961,0.36344068877551017,0.0893860490899533,0.08669176584109664,14.874596976093777
joZScleEqcM,train,Dataset_Shard_0300000_0399999,5,50,3.231596645116806,1.8542457222938538,8.034261083602907,0.44374003507653065,-0.060841052439063785,-0.20715889373794197,-12.502584667772727
joZScleEqcM,train,Dataset_Shard_0300000_0399999,10,50,4.316334704756737,2.1320228576660156,10.149205303192138,0.5069547193877552,0.45725958057970273,-0.5431927292235196,-4.687577191572809
jsECb6fwYeM,train,Dataset_Shard_0300000_0399999,1,50,2.878550087213516,2.208141803741455,5.063260364532471,0.43899872448979593,0.38046707079513,-0.47969171244651077,-24.406738738092145
jsECb6fwYeM,train,Dataset_Shard_0300000_0399999,2,50,3.818359718322754,3.6007843017578125,6.5634038925170906,0.5129655612244899,-0.13717720091342925,0.12095588654279708,15.2805531054772
jsECb6fwYeM,train,Dataset_Shard_0300000_0399999,5,50,4.0232651484012605,3.670551300048828,7.526589059829712,0.5509709821428571,-0.14033423952758312,-0.2580799834430218,15.270025846886956
jsECb6fwYeM,train,Dataset_Shard_0300000_0399999,10,50,5.362298549413681,5.7475409507751465,8.396006298065185,0.6460311702806122,-0.07322795297019184,-0.004678739309310913,-3.1554980318063226
jzgW4PGt3XE,val,Dataset_Shard_0300000_0399999,1,50,2.066152160614729,1.095570683479309,4.710078525543214,0.32938895089285714,-0.20101353767327965,0.19178545027505606,-8.856035729406909
jzgW4PGt3XE,val,Dataset_Shard_0300000_0399999,2,50,3.0845568169653417,1.9680381417274475,7.859736585617066,0.4426805644132653,0.19670616294257343,0.25555582985281944,7.693217648747304
jzgW4PGt3XE,val,Dataset_Shard_0300000_0399999,5,50,4.134581936895847,3.7653366327285767,8.943467712402345,0.49836017219387757,-0.32955125357955695,0.3543769984226674,26.471087846248228
jzgW4PGt3XE,val,Dataset_Shard_0300000_0399999,10,50,4.219063929319382,3.4811015129089355,10.557713699340821,0.506317362882653,0.2805130263417959,-0.11617352586705237,4.846209829179347
kMMFVGirbAo,test,Dataset_Shard_0300000_0399999,1,50,2.7200566095113756,2.4400362968444824,4.993833827972412,0.33052814094387756,0.04397014454007149,-0.13887468799948693,12.857596478522796
kMMFVGirbAo,test,Dataset_Shard_0300000_0399999,2,50,2.4209760451316833,2.2057563066482544,4.8276876449584964,0.32169682716836734,-0.025659109652042388,0.08442171327769757,10.073630412058904
kMMFVGirbAo,test,Dataset_Shard_0300000_0399999,5,50,3.4432787096500395,2.7731306552886963,7.333743333816528,0.3760985331632653,0.014588165581226348,0.14617881953716277,12.5940704928424
kMMFVGirbAo,test,Dataset_Shard_0300000_0399999,10,50,3.742451449632645,2.9179301261901855,6.958637857437135,0.3872066326530612,0.07502711221575736,-0.27770069577731193,21.82773430166268
kOD48vrvC9c,train,Dataset_Shard_0300000_0399999,1,50,3.852102289199829,3.6707342863082886,6.66575927734375,0.5016749043367347,1.383848488330841e-05,0.27386914312839505,4.024504137630893
kOD48vrvC9c,train,Dataset_Shard_0300000_0399999,2,50,4.024797387123108,3.8879836797714233,6.884959888458252,0.5360439253826531,-0.4059674160182476,-0.12279151163995267,-30.995421656994985
kOD48vrvC9c,train,Dataset_Shard_0300000_0399999,5,50,4.552225983142852,3.8408203125,7.515098381042481,0.5628830516581632,-0.24978056471794843,0.26914700008928777,7.613299936521987
kOD48vrvC9c,train,Dataset_Shard_0300000_0399999,10,50,4.817150847911835,4.768190383911133,7.408768606185914,0.6239233896683674,0.27004836486652495,-0.22555856762453913,-14.912318686020376
kTz4ixn3FNQ,train,Dataset_Shard_0300000_0399999,1,50,3.4773124408721925,2.803686261177063,7.157008600234986,0.5820998086734693,-0.3215780357271433,-0.08215644620358944,-0.0025298969120410675
kTz4ixn3FNQ,train,Dataset_Shard_0300000_0399999,2,50,5.374747233390808,4.3977274894714355,10.367547512054443,0.6556353635204082,0.18610836282372475,0.4216271461546421,19.25804040480727
kTz4ixn3FNQ,train,Dataset_Shard_0300000_0399999,5,50,6.233054695129394,6.229809999465942,9.803873538970947,0.7822098214285714,-0.1780893835844472,0.015076850622426719,6.855797137326106
kTz4ixn3FNQ,train,Dataset_Shard_0300000_0399999,10,50,8.010789523124695,8.20582103729248,10.159588146209718,0.86052734375,-0.019359822794795038,-0.12089172352105379,22.8251679205023
kkSQWC1v0Zs,train,Dataset_Shard_0300000_0399999,1,50,3.637563955783844,3.5051839351654053,5.26783356666565,0.47255420918367347,-0.3436023132572882,-0.28806491699069736,-30.34797355121085
kkSQWC1v0Zs,train,Dataset_Shard_0300000_0399999,2,50,4.281256393194199,3.658020496368408,7.400079822540284,0.5107820471938775,-0.190077221095562,-0.3460505523532629,-17.77310571416986
kkSQWC1v0Zs,train,Dataset_Shard_0300000_0399999,5,50,6.21145437002182,5.5863165855407715,10.841022968292236,0.6270583545918368,-0.23825987413525582,-0.11711767517030239,-6.7306514367923045
kkSQWC1v0Zs,train,Dataset_Shard_0300000_0399999,10,50,6.82186580657959,6.292111158370972,9.85394287109375,0.6570599489795919,-0.03398101061582565,-0.8818260601907969,-11.252794206820035
kmoiuVMBrJg,train,Dataset_Shard_0300000_0399999,1,50,3.2709643463790417,2.5997413396835327,6.512933969497684,0.4770388233418367,-0.0124384321924299,0.12667572976090014,29.002802081653808
kmoiuVMBrJg,train,Dataset_Shard_0300000_0399999,2,50,5.597601544260979,5.420270681381226,9.398162937164306,0.6004308832908163,0.09157335728406907,0.050753564946353434,27.833022946400515
kmoiuVMBrJg,train,Dataset_Shard_0300000_0399999,5,50,4.287096965610981,4.188977479934692,7.221378517150879,0.5583270886479592,-0.08020378537476062,0.04962852634489536,23.290197581328695
kmoiuVMBrJg,train,Dataset_Shard_0300000_0399999,10,50,5.396769584417343,5.6006996631622314,8.086857366561892,0.5984291294642857,0.3252324530109763,-0.21462533101439477,2.163395692260407
kwXkEFlx1Q4,train,Dataset_Shard_0300000_0399999,1,50,5.145994614958763,5.226012468338013,9.330958557128907,0.7336236447704081,-0.12703185352496804,0.09241572277620434,4.329728160233869
kwXkEFlx1Q4,train,Dataset_Shard_0300000_0399999,2,50,7.063043497651815,8.162778377532959,10.212168216705322,0.8705879304846939,0.4723515058774501,-0.4249160338938236,-4.457417928006418
kwXkEFlx1Q4,train,Dataset_Shard_0300000_0399999,5,50,8.318881034851074,8.560279369354248,10.01027126312256,0.9371352838010205,0.1846601678431034,-0.48406306236982344,-28.236752389945845
kwXkEFlx1Q4,train,Dataset_Shard_0300000_0399999,10,50,8.359062848091126,8.251368045806885,10.134430503845216,0.9486977838010204,0.7103569616377353,0.4552889996767044,9.332862983422567
kx4_1AOBE18,train,Dataset_Shard_0300000_0399999,1,50,1.3071595542132854,0.37598565220832825,4.346392917633058,0.23789142219387757,-0.1278760377666913,0.17945012365002186,10.48115877813838
kx4_1AOBE18,train,Dataset_Shard_0300000_0399999,2,50,1.5620536339282989,0.6679708063602448,3.6730020046234144,0.29317004145408165,-0.03993656920269131,0.0940731110330671,5.610488707589184
kx4_1AOBE18,train,Dataset_Shard_0300000_0399999,5,50,2.4881264290213583,1.640899121761322,5.757542133331299,0.3942362882653061,-0.0918576781405136,0.13085440946742893,23.23496064860334
kx4_1AOBE18,train,Dataset_Shard_0300000_0399999,10,50,2.7960899955034257,1.874545395374298,6.694879055023193,0.42023078762755106,0.08593859186396002,-0.07093002155423164,-6.627986529579646
kxunkO4v048,val,Dataset_Shard_0300000_0399999,1,50,1.0504351244369172,0.608065664768219,2.1740183591842652,0.21553930165816326,-0.004496403490384182,-0.004900190352636855,-2.145351723404433
kxunkO4v048,val,Dataset_Shard_0300000_0399999,2,50,2.194556428960059,0.9549017250537872,5.451603078842164,0.3100127551020408,-0.07512442643394024,-0.12373403590318048,10.327592364638445
kxunkO4v048,val,Dataset_Shard_0300000_0399999,5,50,2.6214944003522396,1.8285195231437683,5.855737733840943,0.36033083545918365,-0.34998411496082554,-0.07146964489831589,11.738296883628577
kxunkO4v048,val,Dataset_Shard_0300000_0399999,10,50,4.222214351296425,3.0683361291885376,7.538358783721924,0.5140541294642857,0.07915093405172229,-0.28711522021330893,-25.8487085706616
l7F1MHpB1u0,val,Dataset_Shard_0300000_0399999,1,50,1.7748087376356125,0.6233920454978943,5.9737018108367925,0.3356142378826531,-0.061725627835839986,0.21124633171129972,43.294475159666256
l7F1MHpB1u0,val,Dataset_Shard_0300000_0399999,2,50,4.228918322324753,2.237871766090393,10.276949501037597,0.5291099330357143,0.2553729399305303,-0.021541485232301056,7.258250947661191
l7F1MHpB1u0,val,Dataset_Shard_0300000_0399999,5,50,5.304348564743996,5.6964147090911865,10.342692375183105,0.6430982940051021,0.12181294735521078,0.6016863573342561,35.33833724317188
l7F1MHpB1u0,val,Dataset_Shard_0300000_0399999,10,50,6.460303805470467,7.303610324859619,11.34535551071167,0.7262838807397959,0.22146674547344447,0.6157158518955111,-3.2654808679787273
lEgp6oBfREo,train,Dataset_Shard_0300000_0399999,1,50,2.200382351875305,1.4393646121025085,4.497339344024659,0.40131218112244893,0.2375862961448729,-0.29182292182464153,0.8154194255994126
lEgp6oBfREo,train,Dataset_Shard_0300000_0399999,2,50,2.8493739676475527,2.1480863094329834,5.361999130249023,0.47370097257653065,0.033989370204508304,0.30425652742385867,47.56214819489924
lEgp6oBfREo,train,Dataset_Shard_0300000_0399999,5,50,3.113151856660843,2.7883609533309937,5.242679119110108,0.5191298628826531,0.2226251909509301,-0.02597756326198578,10.512450029690502
lEgp6oBfREo,train,Dataset_Shard_0300000_0399999,10,50,3.459050533771515,3.050933599472046,5.407989645004273,0.5615585140306123,0.28392854146659374,0.14698688946664334,-16.631971611941324
lFhCwScSprM,test,Dataset_Shard_0300000_0399999,1,50,2.376944778263569,1.645396649837494,4.768126010894775,0.39877909757653063,-0.025296744811348616,-0.03760290183126926,3.719102068066204
lFhCwScSprM,test,Dataset_Shard_0300000_0399999,2,50,3.3749503034353254,2.690243721008301,5.4220874309539795,0.4459526466836735,-0.12460056506097317,0.1706374619528651,-14.400926769014687
lFhCwScSprM,test,Dataset_Shard_0300000_0399999,5,50,5.100186499357224,3.5935953855514526,9.38709125518799,0.5504141422193878,0.036115725636482236,0.322750359326601,14.18670366536547
lFhCwScSprM,test,Dataset_Shard_0300000_0399999,10,50,5.153469870090484,3.865958094596863,9.60356845855713,0.5905739795918368,-0.669177123606205,-0.4489971846714616,-38.033717944046394
lMNq15l1QT0,train,Dataset_Shard_0300000_0399999,1,50,2.9721654832363127,2.822012186050415,5.012991094589234,0.5270938297193877,-0.23439916349947454,-0.3542216695100069,-13.198611972658755
lMNq15l1QT0,train,Dataset_Shard_0300000_0399999,2,50,4.103303954005241,3.788030982017517,6.468646383285523,0.5616509885204082,0.011723826387897134,-0.34389343375340103,8.414010885337147
lMNq15l1QT0,train,Dataset_Shard_0300000_0399999,5,50,4.968097457885742,4.20204758644104,8.656105041503908,0.6177993463010204,0.056538505833595994,0.07010508507490158,-11.962465149236756
lMNq15l1QT0,train,Dataset_Shard_0300000_0399999,10,50,6.545935170650482,5.9549336433410645,10.557913398742675,0.7396137595663265,0.0765230942517519,-0.13379117205739022,-3.1733133081626987
lOe0gTapJ1k,train,Dataset_Shard_0300000_0399999,1,50,2.9583769237995146,2.536039113998413,5.398624515533448,0.48885682397959185,-0.2859677108377218,-0.09052817863412202,1.6819379215108228
lOe0gTapJ1k,train,Dataset_Shard_0300000_0399999,2,50,3.1394392889738083,2.79227077960968,5.279227304458618,0.5230377072704081,-0.01788457319140434,-0.05791126042604446,-14.177866815414946
lOe0gTapJ1k,train,Dataset_Shard_0300000_0399999,5,50,3.7701372408866884,3.396963357925415,6.13071117401123,0.5830094068877552,0.2844920627772808,-0.003457134962081909,16.27806422999107
lOe0gTapJ1k,train,Dataset_Shard_0300000_0399999,10,50,4.051998448371887,3.6448183059692383,6.270423555374146,0.6087372448979592,0.29884290374815464,-0.11793476037681103,-0.26942746399293344
lRBRTysHyrA,train,Dataset_Shard_0300000_0399999,1,50,4.751379144787788,4.200507164001465,8.732936573028564,0.5642498405612245,-0.09111562639474868,-0.020955830465536566,-16.95110152017346
lRBRTysHyrA,train,Dataset_Shard_0300000_0399999,2,50,6.66564174413681,4.865038156509399,11.680000305175783,0.6464496970663265,-0.13895230054855345,0.9874845906207338,13.290072842271503
lRBRTysHyrA,train,Dataset_Shard_0300000_0399999,5,50,8.048562960624695,8.244770050048828,12.937592887878418,0.7579739317602041,-0.1783484328724444,0.06643684892915189,6.16384936649255
lRBRTysHyrA,train,Dataset_Shard_0300000_0399999,10,50,10.156975641250611,9.386873722076416,22.737969970703126,0.7948728475765305,-0.20355211856774985,0.6609305969811976,-9.248228154926482
lpi9Yuj2Lk_,train,Dataset_Shard_0300000_0399999,1,50,4.141420212984085,4.234529972076416,6.1826399803161625,0.5308370535714285,0.31224237990565595,0.05641518086194992,30.841055938780254
lpi9Yuj2Lk_,train,Dataset_Shard_0300000_0399999,2,50,4.62265346288681,4.3302953243255615,7.172031736373902,0.5785224011479592,-0.09037207610905171,-0.07609925389289857,-2.485088440675718
lpi9Yuj2Lk_,train,Dataset_Shard_0300000_0399999,5,50,5.39056645154953,4.935368061065674,8.129895305633545,0.6422887436224489,-0.18347915049642324,-0.2962057549133897,-16.394509636814547
lpi9Yuj2Lk_,train,Dataset_Shard_0300000_0399999,10,50,5.163696885108948,5.016384124755859,6.865933179855348,0.6616808832908163,0.20909507118165493,0.11300132311880588,-1.689249268982125
ltNtwExtVa4,train,Dataset_Shard_0300000_0399999,1,50,4.520878691673278,2.5198287963867188,7.187573528289796,0.4734398915816327,0.16822606135159732,0.1844458858203143,-18.57566182239337
ltNtwExtVa4,train,Dataset_Shard_0300000_0399999,2,50,4.869566053152084,3.9790401458740234,9.750333118438723,0.524524075255102,0.2652273732423782,-0.058030369505286214,8.134046708713841
ltNtwExtVa4,train,Dataset_Shard_0300000_0399999,5,50,8.677846977710724,8.319686889648438,15.262851810455325,0.7145276626275511,-0.26604645476210864,0.9851973661780358,12.248801533900199
ltNtwExtVa4,train,Dataset_Shard_0300000_0399999,10,50,10.29059252500534,8.359278678894043,21.34134635925293,0.6734486607142857,0.08844541773200035,0.1971465648524463,2.4996561799376362
lxHmqyU2TSc,val,Dataset_Shard_0300000_0399999,1,50,3.6011131542921064,3.4239994287490845,6.103001213073731,0.5692147640306122,-0.37378028364852073,-0.08824675302952528,-14.558457852362404
lxHmqyU2TSc,val,Dataset_Shard_0300000_0399999,2,50,4.407310748100281,4.4343085289001465,7.436503314971924,0.6415365911989795,-0.3798446078598499,0.46114976186305284,32.46887009217094
lxHmqyU2TSc,val,Dataset_Shard_0300000_0399999,5,50,4.714519326686859,4.28998875617981,7.627249240875245,0.6622484853316327,0.11356142640113831,-0.1609148302464746,-5.684648746552853
lxHmqyU2TSc,val,Dataset_Shard_0300000_0399999,10,50,5.662205364704132,5.935995817184448,8.200573635101318,0.7529659598214287,-0.5014978681504726,0.29655439741909506,1.1638987195193637
m6Nb2qOf30Y,train,Dataset_Shard_0300000_0399999,1,50,3.9512545359134674,3.7644070386886597,7.4965646266937265,0.6026343271683673,0.02217537984251976,0.1956455061212182,18.641863577290277
m6Nb2qOf30Y,train,Dataset_Shard_0300000_0399999,2,50,4.7972104406356815,5.011916637420654,8.176417636871339,0.6563926977040816,-0.11167694877833129,0.725696325711906,9.987315767028939
m6Nb2qOf30Y,train,Dataset_Shard_0300000_0399999,5,50,5.328539267778397,5.7943079471588135,7.550808715820312,0.7250677614795918,-0.09106130577623844,-0.06119810931384564,2.967244172494893
m6Nb2qOf30Y,train,Dataset_Shard_0300000_0399999,10,50,6.182197370529175,6.543001651763916,8.674018383026123,0.7809805484693878,0.2848737702704966,-0.21058368757367135,-4.912425953289349
m8cxfdV2LB4,train,Dataset_Shard_0300000_0399999,1,50,3.7307500624656678,3.0656617879867554,6.076687479019168,0.5068789859693877,-0.027118693701922894,-0.349710797900334,11.740585273708195
m8cxfdV2LB4,train,Dataset_Shard_0300000_0399999,2,50,6.423874179124832,4.75909686088562,12.832207202911377,0.5996934789540816,0.3519147001206875,-0.4119776138663292,-0.1870479200492815
m8cxfdV2LB4,train,Dataset_Shard_0300000_0399999,5,50,6.594163417816162,5.301774024963379,13.068633937835694,0.6083928571428572,-0.016627633273601533,-1.014058823660016,-12.501599714811302
m8cxfdV2LB4,train,Dataset_Shard_0300000_0399999,10,50,7.398381088972092,6.175186395645142,14.58867645263672,0.6275283003826531,0.20466635372489692,-0.12760750003624707,-3.2690950537941834
mFrrmh9euA4,train,Dataset_Shard_0300000_0399999,1,50,4.054501404762268,3.7846771478652954,6.670978736877442,0.4724103156887755,0.18602683649398385,0.42113359544426204,24.81902953408535
mFrrmh9euA4,train,Dataset_Shard_0300000_0399999,2,50,4.611035865545273,4.428893089294434,6.927135181427002,0.503828125,-0.015332444459199906,0.18754798737354578,-7.3625877859865705
mFrrmh9euA4,train,Dataset_Shard_0300000_0399999,5,50,5.365045561790466,5.2100160121917725,7.0064221858978275,0.6081309789540816,0.08053935311734677,-0.014246577322483063,-2.122547232805735
mFrrmh9euA4,train,Dataset_Shard_0300000_0399999,10,50,4.82015025138855,4.715820550918579,6.616741943359376,0.5775219228316327,0.3714501195400953,0.3138555854558945,17.21060358132757
n-F9z5TA1vE,train,Dataset_Shard_0300000_0399999,1,50,2.9831723833084105,2.551079034805298,5.011772298812867,0.5346719547193878,0.011804447546601295,0.2878791581094265,7.094094514709793
n-F9z5TA1vE,train,Dataset_Shard_0300000_0399999,2,50,3.7049970245361328,3.1962653398513794,6.065578985214233,0.5689225924744898,-0.199904697984457,0.2942980172391981,27.9704385586768
n-F9z5TA1vE,train,Dataset_Shard_0300000_0399999,5,50,4.145823140144348,4.23531436920166,6.426218938827515,0.6144276147959183,-0.013322834465652704,-0.21339686224237084,-13.328794591504238
n-F9z5TA1vE,train,Dataset_Shard_0300000_0399999,10,50,4.8242820715904235,4.601070404052734,6.966443014144898,0.6520587531887755,-0.2299730995297432,-0.17226129353046418,8.469590005081553
n0gRomV5Gnk,train,Dataset_Shard_0300000_0399999,1,50,1.446030803322792,1.1097928881645203,2.842160773277283,0.27750239158163265,-0.05708473619073629,0.08904653377830982,16.83076901948311
n0gRomV5Gnk,train,Dataset_Shard_0300000_0399999,2,50,1.6410028338432312,1.153042495250702,2.9689526557922368,0.3027244100765306,-0.1514748720265925,0.07019815802574157,-12.705558797642661
n0gRomV5Gnk,train,Dataset_Shard_0300000_0399999,5,50,2.393414752483368,1.9719266891479492,4.70651535987854,0.37481505102040813,-0.14444472595117985,-0.02423432916402817,-4.036396756665564
n0gRomV5Gnk,train,Dataset_Shard_0300000_0399999,10,50,2.349826564192772,1.9314302802085876,4.088387322425844,0.3673166454081633,0.01178330946713686,0.058950699269771575,2.5417204862497065
n1jA2GVDa-o,train,Dataset_Shard_0300000_0399999,1,50,1.375854981392622,0.7042905986309052,3.339901328086854,0.2562958386479592,0.004396347627043724,-0.09167627927381546,21.377643726832403
n1jA2GVDa-o,train,Dataset_Shard_0300000_0399999,2,50,1.6315866833925248,0.7635787725448608,3.9963639020919803,0.2982178730867347,0.20359872229455506,0.10066046513617039,6.097837066240916
n1jA2GVDa-o,train,Dataset_Shard_0300000_0399999,5,50,2.1571092587709426,1.178811252117157,4.442339420318605,0.34629942602040814,-0.283340120036155,-0.09624641239643097,-22.93527806438708
n1jA2GVDa-o,train,Dataset_Shard_0300000_0399999,10,50,2.1637019509077073,1.3732414245605469,5.090091705322266,0.34572983099489796,-0.10839655384421348,0.13006532644852997,28.77584495555831
n72VzMg9PvU,test,Dataset_Shard_0300000_0399999,1,50,2.5448715591430666,2.171740174293518,4.170129776000977,0.39743582589285714,-0.15755554892122745,0.08559448972344398,19.86580329667928
n72VzMg9PvU,test,Dataset_Shard_0300000_0399999,2,50,2.817259775400162,2.239785313606262,6.520611524581909,0.40206074617346943,-0.004211800657212734,0.20269347051158548,9.257160073414003
n72VzMg9PvU,test,Dataset_Shard_0300000_0399999,5,50,4.12088546872139,3.1148369312286377,8.107529735565187,0.5244236288265306,0.05634510204195976,-0.039700781255960466,10.72087595539099
n72VzMg9PvU,test,Dataset_Shard_0300000_0399999,10,50,5.666625742912292,5.578075408935547,9.60849494934082,0.6162348533163265,-0.16501806154847146,-0.044127652645111086,-3.6372309509752676
n7YqEWvxyrA,train,Dataset_Shard_0300000_0399999,1,50,11.155820889472961,10.055242538452148,17.407141113281252,0.8432114955357143,0.29431106498464943,0.6673548819124698,7.712115484369029
n7YqEWvxyrA,train,Dataset_Shard_0300000_0399999,2,50,13.554208984375,9.910033702850342,23.941260528564456,0.8761790497448979,0.7197412235662342,0.6167157648596913,-0.6643957812843467
n7YqEWvxyrA,train,Dataset_Shard_0300000_0399999,5,50,14.271645364379511,8.900912284851074,27.4407190322876,0.8734518494897959,-0.14994163256546017,2.1752322767156875,6.955227630799654
n7YqEWvxyrA,train,Dataset_Shard_0300000_0399999,10,50,12.8080198097229,9.800780773162842,23.342244148254398,0.9032063137755102,0.13473028630018236,2.3800373194552957,24.655662530773704
nNJK2P8gqPA,train,Dataset_Shard_0300000_0399999,1,50,1.6987720334529877,1.373013973236084,3.2299546718597414,0.35404735331632653,0.043032811433076856,-0.04735175359994173,-0.6207537683086514
nNJK2P8gqPA,train,Dataset_Shard_0300000_0399999,2,50,1.7457805770635604,1.3755281567573547,3.1317579746246342,0.3939453125,-0.08324205061420799,0.12885669807670638,10.918904828058213
nNJK2P8gqPA,train,Dataset_Shard_0300000_0399999,5,50,2.463989096879959,2.128273129463196,4.317414045333862,0.4337400350765306,-0.02634313631802797,-0.04881641559535638,-8.836126650284662
nNJK2P8gqPA,train,Dataset_Shard_0300000_0399999,10,50,2.4265820991992952,1.8386989831924438,4.4846189498901365,0.4368642378826531,-0.3392201529443264,-0.20206223737448453,-12.605404360989658
nNo4Kzvf548,train,Dataset_Shard_0300000_0399999,1,50,1.453153651803732,0.6911524534225464,3.8678324937820436,0.3018347417091837,0.1355309186456725,0.12902702400228008,17.158875216515554
nNo4Kzvf548,train,Dataset_Shard_0300000_0399999,2,50,2.5328197234869005,1.2262909412384033,7.84015064239502,0.37255739795918363,-0.0007813111646100878,-0.10579455726779997,-1.3187387630683522
nNo4Kzvf548,train,Dataset_Shard_0300000_0399999,5,50,3.1398742055147886,1.7758862972259521,8.954351329803467,0.4543359375,-0.28279395644320177,0.2022517166286707,18.955927704536013
nNo4Kzvf548,train,Dataset_Shard_0300000_0399999,10,50,5.061856013536453,4.884714245796204,9.737983798980713,0.5980010363520408,-0.020278058731928467,0.44074804259231315,30.412082101422417
nVCvscVOQJM,test,Dataset_Shard_0300000_0399999,1,6,0.35797318816185,0.33951185643672943,0.4171248972415924,0.17567827912414966,-0.0005643465556204319,-0.02717404409001271,-51.569498693792724
nVCvscVOQJM,test,Dataset_Shard_0300000_0399999,2,10,0.4924138128757477,0.39977988600730896,0.6924872577190399,0.21017020089285712,-0.002743317373096943,0.033741267235018316,-5.059417138502306
nVCvscVOQJM,test,Dataset_Shard_0300000_0399999,5,6,1.0763267825047176,0.7388415336608887,2.0745100378990173,0.3169443558673469,-0.08501064156492551,-0.16246798603485027,26.948866824095955
nVCvscVOQJM,test,Dataset_Shard_0300000_0399999,10,4,0.3899136558175087,0.401075541973114,0.48201863169670106,0.17507872289540816,0.09536070912145078,0.09122711146483198,27.980528272901733
nVCvscVOQJM,test,Dataset_Shard_0400000_0499999,1,44,1.5878711275079034,1.5112574100494385,2.5032629251480105,0.46141717517973097,0.03863283792849292,0.16813961150315168,13.266491498504188
nVCvscVOQJM,test,Dataset_Shard_0400000_0499999,2,40,2.2152033403515814,2.122978687286377,3.326947355270386,0.5360944475446429,0.22970281593734398,0.2663955841679126,26.390967169610246
nVCvscVOQJM,test,Dataset_Shard_0400000_0499999,5,44,2.5903940810398622,2.276442527770996,4.585324764251712,0.5546838763914657,-0.0903828544118865,0.13986800679016265,14.962955097212722
nVCvscVOQJM,test,Dataset_Shard_0400000_0499999,10,46,2.9468679324440332,2.7944371700286865,4.216454029083252,0.6068486752717391,0.14617047531773214,0.12457065709421168,2.6679967544265155
ncA2W_lCihM,test,Dataset_Shard_0400000_0499999,1,50,2.7603904378414152,2.518423914909363,5.2226766586303714,0.368352200255102,0.03755561170633882,0.08122062470298261,20.61650488404229
ncA2W_lCihM,test,Dataset_Shard_0400000_0499999,2,50,2.9374676501750945,2.763566017150879,4.794799709320069,0.38541493941326527,-0.3560521761327982,0.11291849233210087,24.235684157438342
ncA2W_lCihM,test,Dataset_Shard_0400000_0499999,5,50,3.3666163432598113,3.38032066822052,5.177143430709839,0.4307768654336735,0.20415465772151947,-0.06603671289980412,11.00644214174301
ncA2W_lCihM,test,Dataset_Shard_0400000_0499999,10,50,3.304289605617523,3.26523756980896,5.128550004959107,0.42011838329081636,0.08837341785430908,-0.049048567889258265,1.894974569199327
ncZh6hd-xIk,train,Dataset_Shard_0400000_0499999,1,50,2.487249742150307,1.7931289672851562,4.816056299209596,0.4044288105867347,-0.08437455847859382,0.12976345233619213,14.531854046384224
ncZh6hd-xIk,train,Dataset_Shard_0400000_0499999,2,50,2.8357036924362182,2.346213221549988,6.251858377456666,0.4798018973214285,-0.1268518804013729,0.36379490301012996,-13.376760373074784
ncZh6hd-xIk,train,Dataset_Shard_0400000_0499999,5,50,4.464790557622909,3.3355921506881714,9.516841793060303,0.594328762755102,-0.062492727860808374,0.5449029184505343,5.741584585165679
ncZh6hd-xIk,train,Dataset_Shard_0400000_0499999,10,50,5.820879901647568,4.2723729610443115,10.997658920288087,0.6587711256377551,-0.18398305244743823,0.3870296488702297,22.328985412671226
ng40P4mMO3s,train,Dataset_Shard_0400000_0499999,1,50,3.9275917437032333,2.670780301094055,8.999840831756591,0.537347337372449,-0.15470201066927985,0.047861469858908094,-8.929141363407124
ng40P4mMO3s,train,Dataset_Shard_0400000_0499999,2,50,4.137058743544621,3.1497846841812134,8.035539340972901,0.567890625,0.30012912627702465,-0.5264580103740445,-39.20167577923186
ng40P4mMO3s,train,Dataset_Shard_0400000_0499999,5,50,5.686857368946075,5.197825908660889,9.418582153320314,0.7186969866071429,-0.3421722423285246,0.26438017308712003,12.74971928630253
ng40P4mMO3s,train,Dataset_Shard_0400000_0499999,10,50,7.115270466804504,7.492467641830444,10.14084405899048,0.8168961256377552,-0.5016436746716499,-0.5442378816008567,-28.977205228382402
nhbz8VTchUE,train,Dataset_Shard_0400000_0499999,1,50,2.589755296111107,1.8802598118782043,5.72447018623352,0.52236328125,0.17480307999998332,-0.019811216439120472,-1.9337604596381366
nhbz8VTchUE,train,Dataset_Shard_0400000_0499999,2,50,3.483491325974464,2.5881468057632446,7.03566598892212,0.588389668367347,0.0032907246053218843,0.22632670218124987,0.7303780470319038
nhbz8VTchUE,train,Dataset_Shard_0400000_0499999,5,50,5.133020437955857,5.164153575897217,8.496966934204101,0.7179803093112246,0.2782351477071643,0.34142090479377657,16.86834007798715
nhbz8VTchUE,train,Dataset_Shard_0400000_0499999,10,50,4.882375899553299,5.058202743530273,7.763388442993165,0.6778447863520408,0.5138087622122839,0.09636211241595447,3.2579487900865582
nvGSZykPC-E,train,Dataset_Shard_0400000_0499999,1,50,0.7985419913381339,0.46889087557792664,1.848363053798676,0.21811025191326533,-0.06238295804476365,0.04407199028646573,-0.736681123882135
nvGSZykPC-E,train,Dataset_Shard_0400000_0499999,2,50,1.539896179586649,1.2127571105957031,2.5916535139083865,0.3533442283163265,-0.10486383657902479,0.0900417343294248,2.6536209380827827
nvGSZykPC-E,train,Dataset_Shard_0400000_0499999,5,50,1.7077867935597897,1.199526309967041,3.6365214347839356,0.3302064732142857,0.00850823923945427,0.03121354120783508,0.901715373119813
nvGSZykPC-E,train,Dataset_Shard_0400000_0499999,10,50,2.0384130117297175,1.7505218982696533,4.041755151748659,0.38193399234693876,0.10489150583744049,-0.07688243633136153,-0.7037881416424046
o4fPTM4nXHA,train,Dataset_Shard_0400000_0499999,1,50,1.2674562209844589,1.1613967418670654,2.074668717384339,0.28007573341836733,0.015059175844071434,0.021940220817923545,-5.8391543755214
o4fPTM4nXHA,train,Dataset_Shard_0400000_0499999,2,50,1.4211360710859298,1.4453637599945068,2.8948666334152224,0.3039580676020408,-0.09354785699397325,0.042137890718877316,-1.5839853934718848
o4fPTM4nXHA,train,Dataset_Shard_0400000_0499999,5,50,1.96625785946846,1.7957319617271423,3.1925292015075684,0.3383370535714285,-0.12911505583673716,0.050207781344652175,12.405793723139928
o4fPTM4nXHA,train,Dataset_Shard_0400000_0499999,10,50,2.1561828792095183,2.2839300632476807,3.0989842414855957,0.3750003985969388,0.03570647963322699,-0.09539813589304685,10.710699481578759
oKwo2V65yJE,val,Dataset_Shard_0400000_0499999,1,50,3.413015493154526,2.78413188457489,5.9464765071868895,0.5519694674744897,-0.04856838367879391,0.00447836235165596,-5.0052126110892186
oKwo2V65yJE,val,Dataset_Shard_0400000_0499999,2,50,3.954482192993164,3.930510997772217,5.382481670379639,0.5380026307397959,0.19549098722636699,0.04492190573364496,12.894112149884647
oKwo2V65yJE,val,Dataset_Shard_0400000_0499999,5,50,5.285653970241547,4.667769432067871,8.897382736206055,0.6351909279336735,0.11018946323543787,-0.17589810721576213,-3.7078947963830875
oKwo2V65yJE,val,Dataset_Shard_0400000_0499999,10,50,5.793283102512359,5.291441917419434,9.247488594055175,0.6484793526785714,0.2511682926397771,-0.27129035964608195,-7.981470437841818
oLt2YHQmxyo,train,Dataset_Shard_0400000_0499999,1,50,3.1488164657354356,2.536749482154846,6.917019081115723,0.4905381058673469,-0.01677040262147784,-0.06719076454639435,10.141417705310607
oLt2YHQmxyo,train,Dataset_Shard_0400000_0499999,2,50,3.7039040344953538,3.373396158218384,6.592073202133179,0.5742167570153061,0.14265317486599088,-0.07840247690677643,0.713564976384918
oLt2YHQmxyo,train,Dataset_Shard_0400000_0499999,5,50,4.201824417114258,4.207971096038818,7.371774387359619,0.6073927774234693,0.06384112002328038,0.46356479824520647,25.79372288847747
oLt2YHQmxyo,train,Dataset_Shard_0400000_0499999,10,50,5.345705670118332,5.390575885772705,8.587060546875,0.7059279336734694,0.5633788023423404,-0.20612631052732466,5.667354006264953
oN1DmJvfFYU,train,Dataset_Shard_0400000_0499999,1,50,2.7503779143095017,2.516587257385254,4.527146577835084,0.44536790497448975,-0.126033716914244,0.16227139992639422,2.9003539287350786
oN1DmJvfFYU,train,Dataset_Shard_0400000_0499999,2,50,3.522370023727417,2.748908758163452,6.172936248779297,0.4987938456632653,-0.18819872485473751,-0.04049905400723219,3.35065163697101
oN1DmJvfFYU,train,Dataset_Shard_0400000_0499999,5,50,4.56872038602829,4.2702600955963135,7.246614885330201,0.5923648756377551,-0.18949034035205842,0.1695578655228019,-1.4283433377313526
oN1DmJvfFYU,train,Dataset_Shard_0400000_0499999,10,50,4.7877120232582095,4.387905836105347,7.338803625106812,0.6010638552295918,0.006764020882546902,0.2637970802932978,9.299441690322361
oOmQQ_LW06o,train,Dataset_Shard_0400000_0499999,1,50,2.3913163423538206,1.7530733942985535,4.335763454437256,0.3948935746173469,0.18748858734965324,-0.061227934658527376,0.9435685485948443
oOmQQ_LW06o,train,Dataset_Shard_0400000_0499999,2,50,3.072941066026688,2.544053792953491,6.175939750671387,0.5160100446428572,-0.16091574482619764,0.29770657140761614,33.9638401649348
oOmQQ_LW06o,train,Dataset_Shard_0400000_0499999,5,50,3.111504319906235,2.2538833618164062,6.309128999710083,0.532954400510204,-0.010463500004261732,-0.18075265338644386,-13.650285509646412
oOmQQ_LW06o,train,Dataset_Shard_0400000_0499999,10,50,3.202124868631363,2.447792887687683,5.843583965301515,0.5567546237244898,-0.17329937182366847,0.110589932911098,3.9514279578100884
oXwNFZng37M,train,Dataset_Shard_0400000_0499999,1,50,1.7607077622413636,1.3937580585479736,3.2714333534240727,0.3778838488520408,0.13925198271870612,0.02535167507827282,-0.5310833820406969
oXwNFZng37M,train,Dataset_Shard_0400000_0499999,2,50,1.8757009816169739,1.5566270351409912,3.511140680313111,0.343014987244898,0.04039591439068317,-0.3331923472136259,-5.683559470945193
oXwNFZng37M,train,Dataset_Shard_0400000_0499999,5,50,2.878789621591568,2.02592134475708,6.293233203887939,0.4377893813775511,0.1193591952510178,0.18377924747765065,0.35084092916910065
oXwNFZng37M,train,Dataset_Shard_0400000_0499999,10,50,3.3659604573249817,2.160889506340027,6.936091613769531,0.55705078125,0.0859747739508748,0.032462759874761105,18.845125465000976
oYJk9jqnp5E,train,Dataset_Shard_0400000_0499999,1,50,3.131972786262631,1.8101220726966858,7.559762954711914,0.4851239636479592,0.02595837054250296,0.2156966913677752,20.601109787491477
oYJk9jqnp5E,train,Dataset_Shard_0400000_0499999,2,50,4.284314740002156,3.420180916786194,9.424505901336671,0.5984630102040817,0.16529086189344525,-0.09320174293592572,10.615811369778141
oYJk9jqnp5E,train,Dataset_Shard_0400000_0499999,5,50,5.938756170868873,5.946507930755615,9.27853479385376,0.6844048947704081,0.05324632026255131,-0.27707827601581814,7.704160979363918
oYJk9jqnp5E,train,Dataset_Shard_0400000_0499999,10,50,6.082136991024018,6.241784572601318,9.635789585113526,0.733582987882653,-0.17605760976672172,-0.14063230000436305,-22.17287216753241
odXf_O2kwg8,train,Dataset_Shard_0400000_0499999,1,50,6.063776245638728,6.89998984336853,10.14362030029297,0.6818769929846938,0.04966351238079369,0.5650326228743348,9.046933520598747
odXf_O2kwg8,train,Dataset_Shard_0400000_0499999,2,50,7.654638143926859,7.720379829406738,9.617904090881348,0.7943351403061224,0.30526231123134495,0.09128489219583572,8.987745654336269
odXf_O2kwg8,train,Dataset_Shard_0400000_0499999,5,50,8.661884593963624,8.377224445343018,11.164470386505126,0.8377598852040816,-0.058889650329947474,1.190449396762997,18.757315329855153
odXf_O2kwg8,train,Dataset_Shard_0400000_0499999,10,50,8.626305856704711,8.737206935882568,11.215959358215333,0.8714991230867346,-0.040177668593823906,0.6464323223382235,26.64640379736808
oeJE10KLFIk,train,Dataset_Shard_0400000_0499999,1,50,3.266155171394348,3.128946900367737,5.3839107990264905,0.4693359375,-0.11993425548076629,-0.09208446633070708,-18.88995557723178
oeJE10KLFIk,train,Dataset_Shard_0400000_0499999,2,50,3.42822026848793,3.636716842651367,5.866584348678589,0.49785714285714283,0.04962394714355469,-0.155629847869277,-16.42515970079824
oeJE10KLFIk,train,Dataset_Shard_0400000_0499999,5,50,4.100903744697571,3.8022220134735107,6.716642999649048,0.5116896524234693,0.020698163434863092,0.3276400534436107,10.185774366743694
oeJE10KLFIk,train,Dataset_Shard_0400000_0499999,10,50,4.535416991710663,4.6745100021362305,6.480864810943604,0.5750167410714285,0.10022246204316616,-0.015448058471083641,13.646774115189737
og-5KsPqZrA,train,Dataset_Shard_0400000_0499999,1,50,6.028328041434288,5.372657537460327,12.038793468475342,0.6696388711734694,-0.1487844347860664,0.5434321985021233,-17.71173796640621
og-5KsPqZrA,train,Dataset_Shard_0400000_0499999,2,50,8.020214628875255,9.101430892944336,13.911195278167725,0.7966928411989795,0.465140343317762,-0.43734582751989365,-6.511812520870726
og-5KsPqZrA,train,Dataset_Shard_0400000_0499999,5,50,7.75169771194458,8.61097002029419,12.26617078781128,0.8503344228316326,0.46498002383857967,0.5574003330431878,5.375058382054625
og-5KsPqZrA,train,Dataset_Shard_0400000_0499999,10,50,7.878215830326081,8.074662685394287,11.703893375396728,0.8420667251275511,0.010962974056601524,0.7781869100965559,17.496540798989727
oli_KZ4buY_,train,Dataset_Shard_0400000_0499999,1,50,0.9434190952777862,0.8014627695083618,1.7714787483215335,0.21144610969387756,-0.12263055238872766,-0.04391184842213988,-3.323926059436671
oli_KZ4buY_,train,Dataset_Shard_0400000_0499999,2,50,1.1865621423721313,0.8515505790710449,2.8701810598373414,0.22894052933673467,-0.00038141424767673015,-0.11461580444127321,11.701743489945525
oli_KZ4buY_,train,Dataset_Shard_0400000_0499999,5,50,2.37171876847744,1.7325910329818726,4.602961158752441,0.29683713329081635,-0.22724168463610112,-0.05655295953154564,5.357209442444257
oli_KZ4buY_,train,Dataset_Shard_0400000_0499999,10,50,2.228454866409302,1.9028870463371277,3.205366921424866,0.28306042729591835,-0.10941569889895618,-0.09469798065721989,14.578375060036246
ooRkX9iO-V8,train,Dataset_Shard_0400000_0499999,1,50,2.0313276237249376,1.766264796257019,3.4647717237472535,0.3825310905612245,0.1221120822802186,0.2589862068742514,30.302603901496944
ooRkX9iO-V8,train,Dataset_Shard_0400000_0499999,2,50,2.2150337648391725,1.7163276672363281,4.123901510238648,0.4009614158163265,-0.0853161147236824,0.030583840645849705,7.059347733919111
ooRkX9iO-V8,train,Dataset_Shard_0400000_0499999,5,50,2.510348247885704,2.16675341129303,4.388800096511841,0.4100733418367347,-0.0637282645329833,-0.00830914762802422,-12.953745788684458
ooRkX9iO-V8,train,Dataset_Shard_0400000_0499999,10,50,2.9254603290557863,2.3950401544570923,4.540740776062012,0.4762603635204081,0.30189308896660805,0.0489996837079525,-3.7829338342884284
p8-hHmHaQkQ,val,Dataset_Shard_0400000_0499999,1,50,2.33784704208374,2.3071120977401733,4.000278186798096,0.37100765306122446,-0.3109060685499571,0.24120784643106163,21.309761302450394
p8-hHmHaQkQ,val,Dataset_Shard_0400000_0499999,2,50,2.6369332575798037,2.2161481380462646,4.861021089553833,0.4041709183673469,-0.04034454461652785,0.3513936275243759,14.786902649220105
p8-hHmHaQkQ,val,Dataset_Shard_0400000_0499999,5,50,3.0984259605407716,2.8747127056121826,4.7742496013641365,0.44099928252551024,0.11862903016619385,-0.07245223853737116,10.692243963725968
p8-hHmHaQkQ,val,Dataset_Shard_0400000_0499999,10,50,3.6749702286720276,3.713383436203003,5.1343586444854745,0.4804169323979592,0.1272075931960717,-0.1758954402571544,-1.2854228314260405
pGv2v2SSQY0,train,Dataset_Shard_0400000_0499999,1,50,1.134340338408947,0.3431682288646698,3.2620195865631105,0.24951331313775513,-0.056273973481729626,0.10541762709617615,-5.887393200932768
pGv2v2SSQY0,train,Dataset_Shard_0400000_0499999,2,50,1.582949267923832,1.0144258737564087,4.054593849182129,0.316995774872449,-0.02534026876091957,-0.07973790122196078,1.024413404332294
pGv2v2SSQY0,train,Dataset_Shard_0400000_0499999,5,50,1.852692500948906,1.3218441009521484,4.2579692840576175,0.3807238520408163,0.03327469307696447,0.2060801692120731,10.658422985419595
pGv2v2SSQY0,train,Dataset_Shard_0400000_0499999,10,50,2.5854907029867173,1.6284871101379395,6.250751161575318,0.46702367665816324,-0.10596488969400525,0.06085199291817844,24.87554872794729
pLCE_Kc3_rs,train,Dataset_Shard_0400000_0499999,1,50,3.5149965381622312,2.152238368988037,8.727731227874758,0.6481110491071429,0.21214607372879982,-0.3247511088848114,-19.625637561086183
pLCE_Kc3_rs,train,Dataset_Shard_0400000_0499999,2,50,5.64393835067749,6.244862794876099,9.468734455108642,0.78001953125,0.5340932672377676,0.27292109477333726,-8.038456378168558
pLCE_Kc3_rs,train,Dataset_Shard_0400000_0499999,5,50,5.160032840967179,4.691490650177002,8.565842819213868,0.739820631377551,0.007614444112405181,0.2501086210925132,16.433078954175645
pLCE_Kc3_rs,train,Dataset_Shard_0400000_0499999,10,50,6.953954200744629,7.521764039993286,9.923678493499756,0.8603718909438776,0.1571364475786686,0.5027899660170079,2.3732435427904575
paTT6mFga2A,train,Dataset_Shard_0400000_0499999,1,50,3.142086888551712,2.742069959640503,5.233715391159058,0.47075175382653056,-0.18880774278193713,-0.21642632495611905,-14.450994458746582
paTT6mFga2A,train,Dataset_Shard_0400000_0499999,2,50,3.6860387885570525,3.040512204170227,6.695394659042359,0.5164194036989795,0.057573492946103214,-0.014847617894411087,21.181573942808576
paTT6mFga2A,train,Dataset_Shard_0400000_0499999,5,50,5.037421092987061,5.0142552852630615,8.013407897949218,0.6667315051020408,-0.22981747690588236,0.004762469157576561,2.68819389276297
paTT6mFga2A,train,Dataset_Shard_0400000_0499999,10,50,5.164978954792023,4.814125299453735,9.19014368057251,0.7200709502551021,0.1900608090683818,0.06477223912253977,-13.816656617555484
ph67f1KcoCc,train,Dataset_Shard_0400000_0499999,1,50,1.4846182729303836,0.7553608119487762,3.9509907245635993,0.30166414221938775,-0.21669291887432338,-0.007768596331588924,-5.543544351894453
ph67f1KcoCc,train,Dataset_Shard_0400000_0499999,2,50,1.878296461701393,1.0124764442443848,6.288044929504395,0.3387460140306123,0.11811975933611393,0.2092381142708473,6.915317387594707
ph67f1KcoCc,train,Dataset_Shard_0400000_0499999,5,50,2.9241039103269575,1.7216103076934814,8.208962154388429,0.425222018494898,-0.07661327239125967,-0.16665157236158848,-20.31875306629773
ph67f1KcoCc,train,Dataset_Shard_0400000_0499999,10,50,4.098643532991409,2.4833288192749023,8.100547122955323,0.5406134406887755,-0.20842406792799012,-0.06156357328407466,-16.155530200919085
phc99Ienk8Q,train,Dataset_Shard_0400000_0499999,1,50,0.9273881211876869,0.43054623901844025,1.883721995353699,0.2032047193877551,-0.09503343508578838,-0.12643706559203566,18.252158318018033
phc99Ienk8Q,train,Dataset_Shard_0400000_0499999,2,50,1.164903319776058,0.8337753117084503,1.9887009739875796,0.25467673788265305,0.01701835517771542,-0.0848974158288911,-26.954446943984376
phc99Ienk8Q,train,Dataset_Shard_0400000_0499999,5,50,1.3777768942713737,1.1458150148391724,2.4695098876953128,0.292112962372449,-0.0866788774356246,-0.09830288961529732,-17.082117434455157
phc99Ienk8Q,train,Dataset_Shard_0400000_0499999,10,50,1.76562371134758,1.382094144821167,2.719594836235047,0.32333984375,0.04352391878142953,0.09442201022990047,2.248818796458087
py87QzHSZHg,train,Dataset_Shard_0400000_0499999,1,50,3.0233046194911,1.7228017449378967,8.903959751129152,0.4523784279336735,0.10249471973627805,0.06398231998085975,1.623975329835816
py87QzHSZHg,train,Dataset_Shard_0400000_0499999,2,50,4.61320347905159,2.530834197998047,10.970576763153078,0.5653647161989795,0.48240237099584193,0.7026512289326639,10.76010539872291
py87QzHSZHg,train,Dataset_Shard_0400000_0499999,5,50,5.527878711223602,3.903035521507263,10.567565822601319,0.6495770886479592,-0.14558712187688796,0.3909046504274011,-4.028107148727081
py87QzHSZHg,train,Dataset_Shard_0400000_0499999,10,50,7.160876002311706,7.197775363922119,12.494497585296633,0.7280102040816326,0.37190174471586945,0.572912340760231,19.59137374684177
q-XdFFWSAeQ,val,Dataset_Shard_0400000_0499999,1,50,6.088135256767273,6.661398887634277,9.53833179473877,0.7364720184948979,-0.059092232327675444,-0.35454165146686134,1.2400216673520155
q-XdFFWSAeQ,val,Dataset_Shard_0400000_0499999,2,50,6.791006497144699,7.1406214237213135,10.995649528503417,0.7583705357142857,-0.5233426804840565,-0.15948979675769806,-24.86493819644807
q-XdFFWSAeQ,val,Dataset_Shard_0400000_0499999,5,50,5.963562133312226,6.566812992095947,8.751104354858398,0.7621898915816326,-0.23035937845706939,0.14188458671793341,-15.377780121197944
q-XdFFWSAeQ,val,Dataset_Shard_0400000_0499999,10,50,6.885547752380371,7.533422231674194,8.982161045074463,0.8149888392857143,0.078216053545475,0.09468703685328364,-7.225784680579727
q4vz6MTv3g8,train,Dataset_Shard_0400000_0499999,1,50,2.5506642013788223,0.9754641354084015,8.198982238769533,0.4156927614795919,-0.27426607616245746,-0.10294578817673028,4.0824661363141335
q4vz6MTv3g8,train,Dataset_Shard_0400000_0499999,2,50,2.5025314685702322,1.008757323026657,9.147406578063965,0.4236503507653061,-0.13143991138786076,-0.34725009615998714,10.038298389017113
q4vz6MTv3g8,train,Dataset_Shard_0400000_0499999,5,50,3.4201041507720946,0.9403314292430878,10.044217491149903,0.45638392857142857,0.19039149444550277,0.4128492525778711,34.04123240695372
q4vz6MTv3g8,train,Dataset_Shard_0400000_0499999,10,50,3.6330205351114273,2.159273624420166,8.990059566497804,0.5105970982142857,-0.11583389371633529,-0.11662772722542286,11.933851451356206
qBFGirFLB38,train,Dataset_Shard_0400000_0499999,1,50,5.019015018939972,4.5820817947387695,7.38662977218628,0.6789098373724489,-0.30241833209991453,0.11481120385229587,11.647773664471815
qBFGirFLB38,train,Dataset_Shard_0400000_0499999,2,50,5.088280982971192,4.99885106086731,7.358381175994873,0.6528475765306122,0.08201630577445031,0.17826262272894383,12.507570153429105
qBFGirFLB38,train,Dataset_Shard_0400000_0499999,5,50,6.033385097980499,5.801203012466431,8.354947090148926,0.7157214604591837,0.2599865573272109,0.09353876070585102,14.893828861200891
qBFGirFLB38,train,Dataset_Shard_0400000_0499999,10,50,6.3213450145721435,6.198051929473877,8.761233139038087,0.7273975605867347,0.24694516900926827,0.400376947671175,23.357511516860786
qJHtaMqYzd8,train,Dataset_Shard_0400000_0499999,1,50,1.646990270614624,1.4070879220962524,3.2286627292633057,0.31768773915816323,0.06908544873818755,0.26720310271717607,22.238401864143285
qJHtaMqYzd8,train,Dataset_Shard_0400000_0499999,2,50,2.154291688799858,1.5924979448318481,3.397176241874695,0.3410554846938776,-0.4057839092984796,-0.18593660745769738,-11.917018967014691
qJHtaMqYzd8,train,Dataset_Shard_0400000_0499999,5,50,2.64569788813591,2.0135874152183533,4.674853706359867,0.39798509247448977,0.2762393714254722,0.5479389637475833,34.59373545094778
qJHtaMqYzd8,train,Dataset_Shard_0400000_0499999,10,50,3.205558549761772,2.6424896717071533,6.692393875122071,0.4491362404336735,0.12681628534570336,0.32421441849321125,14.93632564185103
qUEhPbkqz0w,train,Dataset_Shard_0400000_0499999,1,50,5.401517080068588,4.563539981842041,9.628166866302491,0.5940198501275511,0.12189457952976226,0.018447873815894127,-3.771420568472479
qUEhPbkqz0w,train,Dataset_Shard_0400000_0499999,2,50,6.505114086866379,5.694785833358765,11.67615089416504,0.6489815848214286,-0.2961632515490055,0.7842940565943718,22.734516013939807
qUEhPbkqz0w,train,Dataset_Shard_0400000_0499999,5,50,6.478471455574035,5.6099653244018555,9.825632286071778,0.6819383769132653,-0.22218492791987957,0.010741335414350033,15.993649985382303
qUEhPbkqz0w,train,Dataset_Shard_0400000_0499999,10,50,6.775715727806091,6.533073663711548,10.356534576416017,0.6829779177295918,-0.6078512825071811,-0.3548413236439228,2.271798766866324
qkQttwJ0DEY,train,Dataset_Shard_0400000_0499999,1,50,2.522074861526489,2.024890899658203,5.317294406890869,0.4019339923469388,-0.12323673609644174,0.10003554400056601,38.27952122119254
qkQttwJ0DEY,train,Dataset_Shard_0400000_0499999,2,50,2.580133546590805,2.0463046431541443,4.596792459487915,0.4233976403061224,-0.32226763043552636,-0.026860788576304914,17.427220358338555
qkQttwJ0DEY,train,Dataset_Shard_0400000_0499999,5,50,3.68112180352211,3.291650176048279,6.342910242080689,0.4858920599489796,-0.5377372837066651,0.43884817004203797,23.95538969045396
qkQttwJ0DEY,train,Dataset_Shard_0400000_0499999,10,50,3.078249841928482,2.455607533454895,5.474121189117432,0.4684897161989796,0.09188889235258102,0.05633636951446533,-4.095766637598462
qnLfS6_QOQc,train,Dataset_Shard_0400000_0499999,1,50,1.502972964644432,1.0391091108322144,3.333731198310852,0.26431999362244896,0.08616897503845394,0.08096113563515246,10.335333468188857
qnLfS6_QOQc,train,Dataset_Shard_0400000_0499999,2,50,1.8839503461122513,1.4375025033950806,4.39722957611084,0.29247289540816324,-0.17046621207147836,-0.24930869221687316,-32.50064252192126
qnLfS6_QOQc,train,Dataset_Shard_0400000_0499999,5,50,2.7316001397371292,2.3490514755249023,4.8140865802764905,0.31394292091836734,0.04221633488312364,0.01007044008001685,-1.8951707871692103
qnLfS6_QOQc,train,Dataset_Shard_0400000_0499999,10,50,2.8285771131515505,2.702683925628662,4.221640729904175,0.33120735012755104,0.27977582439780235,0.040844587981700896,20.59414787163536
qs-2SwlcufA,train,Dataset_Shard_0400000_0499999,1,50,3.1992486119270325,2.7208415269851685,5.639543962478638,0.47801139987244895,0.14866723977029322,-0.16018450915813445,5.707957510170775
qs-2SwlcufA,train,Dataset_Shard_0400000_0499999,2,50,3.8543644666671755,3.850031852722168,5.918870830535889,0.5530165816326531,-0.08430263970047236,0.18442978858947753,3.051849356825353
qs-2SwlcufA,train,Dataset_Shard_0400000_0499999,5,50,4.1490092420578,4.121564865112305,6.608413648605347,0.5882892219387755,-0.14546339379623532,0.12660036489367485,8.495293339424471
qs-2SwlcufA,train,Dataset_Shard_0400000_0499999,10,50,4.897004249095917,4.956334829330444,7.5198588371276855,0.641832350127551,-0.08380204737186432,0.4531416818499565,20.870181550844332
qxwqNmXb_pM,train,Dataset_Shard_0400000_0499999,1,50,0.649361359924078,0.3000597059726715,1.4197025060653692,0.17451450892857143,0.05439831038936973,-0.04812119678943418,14.63200772552579
qxwqNmXb_pM,train,Dataset_Shard_0400000_0499999,2,50,1.0696220569312573,0.5132777839899063,2.2461944580078144,0.23561702806122448,-0.014772277846932412,0.03731710885185748,1.0199463774270274
qxwqNmXb_pM,train,Dataset_Shard_0400000_0499999,5,50,1.667385945916176,0.9788923263549805,4.651946258544922,0.29213767538265306,0.04757532320916653,0.1093141061719507,23.373003669482138
qxwqNmXb_pM,train,Dataset_Shard_0400000_0499999,10,50,1.4565767759084702,1.03270423412323,2.096141648292542,0.26700215242346936,-0.12692937213927508,0.21410230953246356,-0.9269108744021526
rJL6f0C3zVk,train,Dataset_Shard_0400000_0499999,1,50,8.457505390178412,8.724010467529297,13.732561397552491,0.888441087372449,-0.6402492027116387,-0.9482180008859723,-2.5241750805432206
rJL6f0C3zVk,train,Dataset_Shard_0400000_0499999,2,50,8.765012045716867,9.471473217010498,12.50444097518921,0.8944559151785714,0.19829443788388745,-0.6915691646776395,-7.165517946450144
rJL6f0C3zVk,train,Dataset_Shard_0400000_0499999,5,50,9.01101167678833,9.52507734298706,11.993649196624755,0.9277044802295918,0.33561537399888036,-0.4722026327252388,-5.515917088944248
rJL6f0C3zVk,train,Dataset_Shard_0400000_0499999,10,50,8.576742086410523,8.764501094818115,12.160907745361328,0.9097225765306122,-0.9362365143001079,-0.1988941875100136,15.870785078237402
rLlr1JgTkDk,train,Dataset_Shard_0400000_0499999,1,50,2.0278345918655396,1.8949867486953735,3.3765477180480956,0.3185965401785714,0.06375508607830853,0.02291423174086958,12.695485572937528
rLlr1JgTkDk,train,Dataset_Shard_0400000_0499999,2,50,2.2508011722564696,2.061651349067688,3.4078768491745004,0.34494539221938775,-0.05287314757704735,0.07584955584257841,8.871078981532365
rLlr1JgTkDk,train,Dataset_Shard_0400000_0499999,5,50,2.333734972476959,2.1847325563430786,3.7282814979553223,0.3531660554846939,-0.17192066669464112,0.09093990473076702,17.65378932587027
rLlr1JgTkDk,train,Dataset_Shard_0400000_0499999,10,50,2.4079451894760133,2.140221357345581,4.040936470031738,0.3813185586734694,-0.21658926248550414,0.22229425817728043,-0.25959289077641157
rSvMG28dPqk,test,Dataset_Shard_0400000_0499999,1,50,4.112105684280396,3.6202067136764526,7.003219032287601,0.5032449776785715,-0.15345445528626442,-0.4522027462348342,-36.999383353224275
rSvMG28dPqk,test,Dataset_Shard_0400000_0499999,2,50,4.737811990976334,4.141538381576538,7.597425174713135,0.5784458705357143,-0.08631750226020812,0.2562411859631538,21.664525312357263
rSvMG28dPqk,test,Dataset_Shard_0400000_0499999,5,50,5.480225622653961,4.9815144538879395,8.794209003448486,0.5772528698979592,-0.3288075087219477,-0.03154335141181946,6.431825994431888
rSvMG28dPqk,test,Dataset_Shard_0400000_0499999,10,50,6.253721575737,5.501326560974121,10.060540199279785,0.6125458386479592,-0.02542880902066827,-0.12239722043275833,-8.847601558784888
rYzVEZZO83c,train,Dataset_Shard_0400000_0499999,1,50,3.923667933344841,3.5803229808807373,7.226588726043703,0.6122488839285715,0.035162265580147505,-0.16394442468881607,12.620597805990558
rYzVEZZO83c,train,Dataset_Shard_0400000_0499999,2,50,5.094847760796547,4.966139078140259,9.046744632720948,0.6865318080357143,-0.13254363387823104,-0.05642345868982375,0.1485410725656186
rYzVEZZO83c,train,Dataset_Shard_0400000_0499999,5,50,6.5806278616189955,6.7215471267700195,9.724462890625,0.8187910554846938,-0.22272979808039964,-0.27719312578439714,-19.692933264626504
rYzVEZZO83c,train,Dataset_Shard_0400000_0499999,10,50,7.689089818000793,7.757334470748901,11.11329336166382,0.8705939094387755,0.056998677030205724,0.06917874813079834,-19.35645532010653
rx9tSu1wTeY,train,Dataset_Shard_0400000_0499999,1,50,2.440205662548542,1.2331385016441345,5.926244878768921,0.35445910395408164,-0.29948814168339594,0.6341149200778454,16.589368524333032
rx9tSu1wTeY,train,Dataset_Shard_0400000_0499999,2,50,3.539851115643978,2.2390148639678955,8.050302505493164,0.43551339285714286,0.19124537788331508,0.13819466431625188,13.21965730730642
rx9tSu1wTeY,train,Dataset_Shard_0400000_0499999,5,50,3.804915655255318,2.1285035610198975,8.578243446350099,0.4623317920918367,0.015205422732979059,-0.3203902374394238,-16.775847849101027
rx9tSu1wTeY,train,Dataset_Shard_0400000_0499999,10,50,4.260595917403698,4.472059488296509,7.545457792282105,0.5637280771683674,-0.06575541725382208,0.39437529815360906,7.037006139527562
sAhIK9HKTqs,train,Dataset_Shard_0400000_0499999,1,50,0.9057255499064922,0.44563916325569153,1.3597024559974673,0.20652224170918365,0.058177583767101165,0.014134933652821929,-12.18982271237722
sAhIK9HKTqs,train,Dataset_Shard_0400000_0499999,2,50,1.7420661224424838,0.48033612966537476,5.807750225067139,0.3113261320153061,-0.09114371648523957,0.1145866552600637,-1.6861124549991648
sAhIK9HKTqs,train,Dataset_Shard_0400000_0499999,5,50,3.1986645428836344,1.56387060880661,8.066739082336426,0.4655253507653061,-0.13650739283533767,-0.12089613258838654,24.727901886100444
sAhIK9HKTqs,train,Dataset_Shard_0400000_0499999,10,50,2.3030159786343574,1.0689170360565186,6.805466747283936,0.3962954400510204,-0.0657978893443942,0.4055869801528752,4.3751307933462416
sBLH1z63TGw,train,Dataset_Shard_0400000_0499999,1,50,1.535553005039692,1.1824071407318115,3.470373868942261,0.31607142857142856,0.010326521368697286,-0.06050354029983282,5.739728965695506
sBLH1z63TGw,train,Dataset_Shard_0400000_0499999,2,50,2.1206060887873175,1.3572662472724915,4.958511638641358,0.3559028220663265,-0.13029964418616147,-0.021612168373540044,23.485026158335927
sBLH1z63TGw,train,Dataset_Shard_0400000_0499999,5,50,2.917751519829035,2.8338124752044678,4.763125276565553,0.4756381536989796,-0.21544765710830688,0.013099409248679876,2.9579952205613607
sBLH1z63TGw,train,Dataset_Shard_0400000_0499999,10,50,3.142183628678322,3.2672202587127686,5.2687928676605225,0.5118893494897959,0.18817659948952495,0.38203053777106105,17.203723049841233
sM1dnw-TOcE,test,Dataset_Shard_0400000_0499999,1,50,4.080434798984788,2.5420233011245728,9.54266471862793,0.5147217793367347,0.25529194351751355,-0.253291321600791,17.30828769947032
sM1dnw-TOcE,test,Dataset_Shard_0400000_0499999,2,50,4.57107889443636,2.943559765815735,9.093500900268555,0.5594774394132653,-0.2111570874042809,0.014305439889430999,-4.543651068521092
sM1dnw-TOcE,test,Dataset_Shard_0400000_0499999,5,50,4.5735512530431155,3.5563106536865234,9.101294994354248,0.5827172353316327,0.0838231058511883,-0.20896878411411307,-23.434247184363752
sM1dnw-TOcE,test,Dataset_Shard_0400000_0499999,10,50,4.9443369591236115,6.395685911178589,8.197708797454833,0.6276347257653061,0.10997062468901277,-0.3648306482844055,-0.25564103016710704
sMUdNbpJLWw,train,Dataset_Shard_0400000_0499999,1,50,4.254975983425975,2.3930968046188354,11.444468688964845,0.45541095344387755,0.06934793474152684,0.1327704163420276,20.03597866232812
sMUdNbpJLWw,train,Dataset_Shard_0400000_0499999,2,50,3.8885416173934937,2.3407583236694336,8.571111869812013,0.4932804528061224,0.17078855350613595,0.6236194835975766,8.05680984560698
sMUdNbpJLWw,train,Dataset_Shard_0400000_0499999,5,50,5.985290511846542,3.3523168563842773,12.531742572784424,0.5684044164540816,-0.1296395332366228,-0.1332618898153305,-5.09256214450934
sMUdNbpJLWw,train,Dataset_Shard_0400000_0499999,10,50,7.933044371604919,6.051949739456177,15.480372333526612,0.6523445471938776,-0.13552621725946665,1.0865958822332322,-4.988519552391215
sTE1jXTBt6s,train,Dataset_Shard_0400000_0499999,1,50,3.5976080441474916,2.8157013654708862,6.004871845245363,0.4903144929846939,0.09403143819421529,-0.561502861008048,0.8818725976860402
sTE1jXTBt6s,train,Dataset_Shard_0400000_0499999,2,50,4.102408579587936,3.575860381126404,7.328967809677125,0.5326602359693877,0.01290555441752076,-0.23225433594780043,7.72968002926478
sTE1jXTBt6s,train,Dataset_Shard_0400000_0499999,5,50,4.481364958286285,4.274606466293335,7.1658180236816404,0.5895069355867347,0.33266076281666757,-0.0634685209847521,-10.865640777705366
sTE1jXTBt6s,train,Dataset_Shard_0400000_0499999,10,50,5.1530760431289675,4.304962396621704,7.810837364196778,0.6603304368622449,-0.005085122063755989,0.27983467287616803,5.048756746360857
snGQA5LPehE,train,Dataset_Shard_0400000_0499999,1,50,1.799703094512224,1.2397732734680176,4.178155136108399,0.3348290019132653,0.23733388893306256,0.014321723771863616,-7.089693749004733
snGQA5LPehE,train,Dataset_Shard_0400000_0499999,2,50,2.669747639596462,2.7031290531158447,4.697180318832397,0.43613799426020405,-0.19200314953923225,0.03315382964909077,3.559435269404463
snGQA5LPehE,train,Dataset_Shard_0400000_0499999,5,50,3.033286754488945,2.5088839530944824,5.598831701278687,0.436546556122449,-0.5048661601170897,0.12687192149460316,26.014094362205086
snGQA5LPehE,train,Dataset_Shard_0400000_0499999,10,50,3.6570907068252563,3.6801247596740723,6.241945838928223,0.49156608737244895,0.41934454269707205,-0.13661518793553115,-16.80503871501826
soqNFAIhsEA,train,Dataset_Shard_0400000_0499999,1,50,5.421813293397427,4.486664772033691,11.138592815399171,0.6417016103316326,0.32399397298693655,0.9493894828762859,10.101320400119537
soqNFAIhsEA,train,Dataset_Shard_0400000_0499999,2,50,7.0427635183930395,7.477297782897949,11.72643461227417,0.7309119897959184,-0.18347326644812711,-0.11251194449141622,17.0901812056606
soqNFAIhsEA,train,Dataset_Shard_0400000_0499999,5,50,7.2980277180671695,7.979990005493164,11.236050701141357,0.7875657684948979,0.13095126174390315,0.19285794539377094,7.733984026360662
soqNFAIhsEA,train,Dataset_Shard_0400000_0499999,10,50,8.962156662940979,9.019122123718262,11.701607418060304,0.943570631377551,-0.18549959540367125,0.8270195176440757,15.340905626634516
tFReD_CSTZQ,test,Dataset_Shard_0400000_0499999,1,50,3.968083791937679,2.4806734323501587,9.970929145812988,0.5169882015306123,-0.17245157677447423,0.4095435877118143,-0.06907589187382428
tFReD_CSTZQ,test,Dataset_Shard_0400000_0499999,2,50,5.685101232696325,5.871659994125366,10.928064823150635,0.606452487244898,-0.2740303897485137,-0.10556145434267819,-1.4593415627469029
tFReD_CSTZQ,test,Dataset_Shard_0400000_0499999,5,50,5.946431692838669,5.899576663970947,9.51322078704834,0.6523584980867346,0.11525255106389523,-0.0543317683134228,-0.022035381054671604
tFReD_CSTZQ,test,Dataset_Shard_0400000_0499999,10,50,6.573928322792053,7.466643571853638,11.008633995056153,0.7038360969387755,0.24762185037136078,-0.5272245294228196,-11.649828334275485
tIZcUgrcWWc,val,Dataset_Shard_0400000_0499999,1,50,4.115744696855545,3.535055637359619,7.79979362487793,0.47690529336734694,0.06407566383481025,-0.43155370742082594,-3.0312525328177924
tIZcUgrcWWc,val,Dataset_Shard_0400000_0499999,2,50,5.465026180744172,4.567980051040649,11.111990928649902,0.5682222576530612,-0.10523242950439453,-0.5651834562420845,-8.823892713747552
tIZcUgrcWWc,val,Dataset_Shard_0400000_0499999,5,50,6.947244638204575,4.685009479522705,12.509082698822022,0.6356034757653061,-0.2602386521548033,0.1708092952147126,0.5513085499634375
tIZcUgrcWWc,val,Dataset_Shard_0400000_0499999,10,50,7.616035385131836,7.240645408630371,12.490436458587647,0.6853404017857143,-0.3974373027682304,0.2750101025030017,13.849234075574914
tKpQA-YM5qw,train,Dataset_Shard_0400000_0499999,1,50,3.735643289089203,3.2531819343566895,6.3233726024627686,0.5396591996173469,0.17069293692708015,-0.22880607962608338,3.3784012825615535
tKpQA-YM5qw,train,Dataset_Shard_0400000_0499999,2,50,4.079979350566864,3.569461464881897,7.806329250335693,0.5593546715561224,0.1339882298372686,-0.42196503974031657,-19.592553269404895
tKpQA-YM5qw,train,Dataset_Shard_0400000_0499999,5,50,5.12186360836029,4.046787261962891,9.380279254913331,0.6401327327806122,0.10019000723958016,0.2694814017042518,9.034200318061494
tKpQA-YM5qw,train,Dataset_Shard_0400000_0499999,10,50,5.694235219955444,5.373856782913208,9.677826690673829,0.6885825892857143,-0.5790997894108295,-0.3349172425083816,-23.10642692593311
tMUc1b6NHsk,train,Dataset_Shard_0400000_0499999,1,50,4.427461787359789,3.980583667755127,8.03933334350586,0.6002080676020408,0.28222406311309894,-0.10769879146013409,1.624201085429664
tMUc1b6NHsk,train,Dataset_Shard_0400000_0499999,2,50,4.491483553051949,3.848284125328064,8.714861965179445,0.5748557079081632,0.1432197553664446,-0.3640902902104426,-21.375267007595994
tMUc1b6NHsk,train,Dataset_Shard_0400000_0499999,5,50,5.116865539550782,4.68968653678894,8.550170040130615,0.6570519770408163,0.2571877482533455,-0.06582219820469618,0.9722393836992325
tMUc1b6NHsk,train,Dataset_Shard_0400000_0499999,10,50,5.896209383010865,5.932574510574341,9.816370010375977,0.7329647640306122,0.29588798465207217,-0.11510081239044666,-18.788253044983765
tTHpaGSDRCA,train,Dataset_Shard_0400000_0499999,1,50,2.0496090865135193,1.828549563884735,4.08075909614563,0.3371595982142857,-0.030403471458703278,0.27918120444286615,16.576347700069586
tTHpaGSDRCA,train,Dataset_Shard_0400000_0499999,2,50,2.5851286780834197,2.1418286561965942,4.090564823150635,0.3502790178571428,-0.08223522782325744,-0.18141467366367578,-2.102457218245285
tTHpaGSDRCA,train,Dataset_Shard_0400000_0499999,5,50,3.843625001907349,3.3390214443206787,6.84800295829773,0.4189158163265306,-0.12652151833754033,0.2715698272548616,34.793403634652826
tTHpaGSDRCA,train,Dataset_Shard_0400000_0499999,10,50,4.2321261167526245,3.3003402948379517,9.03778076171875,0.41756417410714286,-0.329566969871521,0.556870283819735,19.823805817241116
tUAYRMtMyb0,val,Dataset_Shard_0400000_0499999,1,50,1.697129572480917,1.1794666051864624,3.086174893379212,0.31180285395408164,0.0674376542121172,0.15444544145138933,4.852401524251031
tUAYRMtMyb0,val,Dataset_Shard_0400000_0499999,2,50,2.844015035033226,2.29774010181427,5.595356655120851,0.39352240114795917,0.07350363500416279,0.06702932946849614,0.9052684657342502
tUAYRMtMyb0,val,Dataset_Shard_0400000_0499999,5,50,3.1621974730491638,2.4324092864990234,6.160276889801028,0.3984367028061224,-0.008279016129672528,-0.3435343537479639,-13.353958542577532
tUAYRMtMyb0,val,Dataset_Shard_0400000_0499999,10,50,3.229552856683731,1.896040439605713,8.395758724212648,0.43902662627551015,-0.032079666554927826,-0.09301680602133273,-3.5573672879739298
tVK6t2vfa6g,train,Dataset_Shard_0400000_0499999,1,50,0.8966372059285641,0.4731842428445816,1.7034295558929446,0.20503467793367347,0.12212019537575543,0.07518609034828842,10.018881785414703
tVK6t2vfa6g,train,Dataset_Shard_0400000_0499999,2,50,1.0973780101537705,0.7878324687480927,2.1514676809310913,0.2503655133928572,0.11774848533328623,-0.040315336347412085,-3.784875469513289
tVK6t2vfa6g,train,Dataset_Shard_0400000_0499999,5,50,1.8793482285737992,1.351521909236908,3.7527042388916017,0.35313895089285713,0.021122311763465403,-0.19886480150395072,-0.11394615576903334
tVK6t2vfa6g,train,Dataset_Shard_0400000_0499999,10,50,1.8565344327688218,1.4205430150032043,3.657215833663941,0.3495511798469388,-0.014352948861196637,-0.08784714374691248,3.487201768647708
t_qmGs9IgK4,train,Dataset_Shard_0400000_0499999,1,50,7.846737568378448,7.739373683929443,11.530103302001953,0.8902032844387755,-0.3242769082263112,-0.6997962383553386,-12.328629007728752
t_qmGs9IgK4,train,Dataset_Shard_0400000_0499999,2,50,7.563883125782013,7.517172574996948,11.17100820541382,0.8653830516581632,-0.045562425926327706,-0.12947862833738327,-12.493908641826248
t_qmGs9IgK4,train,Dataset_Shard_0400000_0499999,5,50,8.267976388931274,8.243462085723877,10.815887641906738,0.9073174426020408,0.9647975165396929,0.15822167202830315,6.26547650750042
t_qmGs9IgK4,train,Dataset_Shard_0400000_0499999,10,50,7.822605304718017,7.792722225189209,9.682127285003663,0.8957198660714286,0.24546705931425095,0.2495737010240555,-18.95913362572763
trD-QUe4ZNU,train,Dataset_Shard_0400000_0499999,1,50,1.2772433412075044,0.6947743594646454,4.100916957855225,0.28708705357142855,-0.03884454973042011,-0.10306350563652814,-25.185169476377986
trD-QUe4ZNU,train,Dataset_Shard_0400000_0499999,2,50,2.6761379650235178,1.2052456736564636,6.718977689743042,0.41432477678571433,0.1792721338570118,0.08216231133788825,-3.8428076679679624
trD-QUe4ZNU,train,Dataset_Shard_0400000_0499999,5,50,2.8292493307590485,1.8079756498336792,6.388712549209595,0.42428093112244897,0.15502806201577188,0.09946454728022218,-14.876007148054601
trD-QUe4ZNU,train,Dataset_Shard_0400000_0499999,10,50,3.3088783645629882,1.933019995689392,6.43641619682312,0.4851678093112245,-0.18938262537121772,-0.20193516977131368,-2.8844295581872554
twyPRvVFhZM,train,Dataset_Shard_0400000_0499999,1,50,3.3630771362781524,1.46390700340271,9.84221830368042,0.4791776945153061,0.03617068231105804,0.029967346377670765,-2.4210767002949005
twyPRvVFhZM,train,Dataset_Shard_0400000_0499999,2,50,4.038780533075332,3.0865763425827026,8.4256667137146,0.5582238520408164,0.13504944246262313,-0.0649409458041191,23.45240238226342
twyPRvVFhZM,train,Dataset_Shard_0400000_0499999,5,50,4.83068026304245,3.1804479360580444,9.546766376495363,0.6178734853316327,-0.05819250129163265,-0.18619031429290772,-18.038916883005456
twyPRvVFhZM,train,Dataset_Shard_0400000_0499999,10,50,5.521242697238922,5.935847282409668,10.069320011138917,0.6525318877551021,-0.1539934481680393,0.32380083404481413,16.23688414196515
uJLCrvIrjqA,train,Dataset_Shard_0400000_0499999,1,50,1.675368138253689,1.1992270946502686,3.6500164747238166,0.4243698182397959,0.04674272671341896,0.20326160010881722,20.83164498005492
uJLCrvIrjqA,train,Dataset_Shard_0400000_0499999,2,50,3.1907045528292657,2.381665825843811,7.8028770923614506,0.5396667729591836,0.07541292098350823,0.06559025348862633,-14.266450841312398
uJLCrvIrjqA,train,Dataset_Shard_0400000_0499999,5,50,4.5335629940032955,2.939499855041504,11.117795276641846,0.5871639827806123,-0.3510648266598582,0.4029513354226947,1.2493620868678668
uJLCrvIrjqA,train,Dataset_Shard_0400000_0499999,10,50,3.69951176404953,2.32470166683197,8.867049884796144,0.5523214285714286,0.06433767460286617,0.6041735986620188,18.08622608922731
uLa8mjhrP18,test,Dataset_Shard_0400000_0499999,1,50,1.0717213821411133,0.7389820218086243,2.3436461448669434,0.2837603635204082,0.07439183536916971,0.041830336395651105,-7.7846405642206555
uLa8mjhrP18,test,Dataset_Shard_0400000_0499999,2,50,1.5791816967725754,1.3833622932434082,2.7827566623687745,0.3801426977040816,0.033191978810355065,0.060295204855501654,1.7209790313547881
uLa8mjhrP18,test,Dataset_Shard_0400000_0499999,5,50,1.49299860060215,1.1526293754577637,2.5000592470169067,0.3748421556122449,0.020198587141931058,-0.05391990025760606,-24.64979792166165
uLa8mjhrP18,test,Dataset_Shard_0400000_0499999,10,50,2.4620420849323272,2.147375702857971,3.3805688381195074,0.4700888871173469,-0.20990295644849538,-0.03701392859220505,11.016939472553988
uNQDRZz4TUU,train,Dataset_Shard_0400000_0499999,1,50,5.000576842725277,4.648831844329834,10.103729248046875,0.5676084183673469,0.08617535468190908,0.17430228403536602,15.589634596560272
uNQDRZz4TUU,train,Dataset_Shard_0400000_0499999,2,50,4.566026512980461,3.605842113494873,10.091157531738281,0.5648832110969387,0.23177513709291817,-0.5314267303049565,-7.4701716217525895
uNQDRZz4TUU,train,Dataset_Shard_0400000_0499999,5,50,5.017062985897065,3.872469663619995,9.835918617248536,0.5681142378826531,0.5357355725765228,-1.05757985599339,-8.577032031176895
uNQDRZz4TUU,train,Dataset_Shard_0400000_0499999,10,50,5.725358538627624,4.80500340461731,10.625302600860596,0.655152662627551,0.1535264480113983,-0.19010698392987252,-4.645721072538766
uaW87-Yz9wQ,test,Dataset_Shard_0400000_0499999,1,50,2.730618958324194,2.2516924142837524,6.025373935699463,0.47578722895408165,0.12080689180642366,-0.20180983791127802,-12.859716632025004
uaW87-Yz9wQ,test,Dataset_Shard_0400000_0499999,2,50,3.7402223694324492,3.1255266666412354,7.532112503051758,0.5619790338010204,-0.21972698118537665,0.612944784546271,37.81713519692767
uaW87-Yz9wQ,test,Dataset_Shard_0400000_0499999,5,50,4.116647410690785,3.8215410709381104,8.167467021942139,0.5929249043367347,0.14604633761569857,0.11722276272252202,-9.062146503954985
uaW87-Yz9wQ,test,Dataset_Shard_0400000_0499999,10,50,4.939801090955735,5.284175395965576,9.09311933517456,0.6566238839285714,0.4802812896296382,0.7414675696194172,6.370545715046198
udfXY1v4lks,test,Dataset_Shard_0400000_0499999,1,50,2.543909276723862,1.7266638278961182,5.918148612976075,0.44405731823979594,0.07998873350443318,-0.12042306646704674,-7.237519613542681
udfXY1v4lks,test,Dataset_Shard_0400000_0499999,2,50,3.4828926694393156,3.136024832725525,6.706764554977419,0.48976004464285716,0.10536829122807831,0.11445381426252425,10.672713691393595
udfXY1v4lks,test,Dataset_Shard_0400000_0499999,5,50,4.3570700764656065,4.117217779159546,7.763464736938477,0.563620455994898,0.1677163502573967,0.3149322263710201,-6.880497782767099
udfXY1v4lks,test,Dataset_Shard_0400000_0499999,10,50,5.042159916758537,5.038098096847534,7.461706066131592,0.5892873086734693,-0.17067421627929436,0.32313209142535926,19.858441867870678
udsPZ1WnDLY,train,Dataset_Shard_0400000_0499999,1,50,0.8034830385446549,0.6259207725524902,1.3074939489364625,0.2131317761479592,-0.01776709232479334,-0.05149108021054417,0.5585290231414313
udsPZ1WnDLY,train,Dataset_Shard_0400000_0499999,2,50,1.4042873972654342,0.9593625366687775,3.09216959476471,0.29866948341836735,-0.1575764538627118,-0.2742870491649956,-23.466383157514482
udsPZ1WnDLY,train,Dataset_Shard_0400000_0499999,5,50,1.610934590101242,1.4349203705787659,2.9737044811248783,0.3334502551020408,-0.1932899583876133,-0.11894317870028318,-42.456538852346064
udsPZ1WnDLY,train,Dataset_Shard_0400000_0499999,10,50,2.2028098368644713,1.6967750191688538,4.371273946762085,0.4410953443877551,0.035639484468847515,-0.3539937908016145,-23.355926738723007
ui7IAukQXtI,train,Dataset_Shard_0400000_0499999,1,50,2.6341631513834,2.1842024326324463,5.560544872283936,0.46396524234693876,-0.02725081628188491,-0.1330069807660766,11.244872517557301
ui7IAukQXtI,train,Dataset_Shard_0400000_0499999,2,50,2.820160292983055,2.114622473716736,5.2133264541625985,0.45235809948979594,-0.010891926558688283,0.46217378541827203,8.717003235888194
ui7IAukQXtI,train,Dataset_Shard_0400000_0499999,5,50,3.870499156713486,3.833812952041626,5.691712713241578,0.5221552136479591,0.5252062052674592,0.0036615237651858477,3.5930026531392936
ui7IAukQXtI,train,Dataset_Shard_0400000_0499999,10,50,4.0394785273075104,3.9255759716033936,6.3668310165405275,0.5544280133928572,0.13564765895716846,0.19655986946076154,21.211906852454813
ujOANeD1dtA,train,Dataset_Shard_0400000_0499999,1,50,3.580210107564926,3.154602527618408,6.754587125778198,0.9380289381377551,-0.04248332673683763,0.048715949282050135,0.26384483538373316
ujOANeD1dtA,train,Dataset_Shard_0400000_0499999,2,50,6.22175369143486,6.017549276351929,10.116248035430909,0.9440828284438776,-0.8063060912489891,0.5883301079273224,-7.761832361109162
ujOANeD1dtA,train,Dataset_Shard_0400000_0499999,5,50,8.34377701997757,8.04952096939087,12.614000129699708,0.9612719228316327,-0.21379892892204225,0.05022683508694172,-4.7440455735452955
ujOANeD1dtA,train,Dataset_Shard_0400000_0499999,10,50,8.46195303440094,8.660379886627197,11.304751586914064,0.9665389827806122,-0.4145621359348297,-0.23934538073837758,-10.74206376564229
ukBG8k6dca4,train,Dataset_Shard_0400000_0499999,1,50,9.5471209192276,9.613783836364746,13.895297622680664,0.9798628826530613,-0.7951471247151494,-0.3486529290676117,-3.1412828178435306
ukBG8k6dca4,train,Dataset_Shard_0400000_0499999,2,50,9.011341791152955,9.031148433685303,11.953539562225341,0.9754890784438776,-1.2775905957818032,0.03797414630651474,13.853861884286339
ukBG8k6dca4,train,Dataset_Shard_0400000_0499999,5,50,8.351043195724488,8.225427627563477,10.588467216491699,0.9735044642857144,-0.4091133912652731,0.10611577685922384,17.41062375923244
ukBG8k6dca4,train,Dataset_Shard_0400000_0499999,10,50,8.918185377120972,7.712573051452637,12.153921413421632,0.9845958227040816,-0.023472924940288065,-0.6144152456521987,-21.423858726794588
ukn-1au2zeM,train,Dataset_Shard_0400000_0499999,1,50,5.8447146737575535,5.673781156539917,10.215115070343018,0.7423788265306122,0.7013714411668479,-0.03091652035713196,7.793573162521073
ukn-1au2zeM,train,Dataset_Shard_0400000_0499999,2,50,6.0607438158988955,5.901895761489868,10.172560882568359,0.7415756536989795,0.20513362303376198,-0.04265044664731249,-4.876553407082575
ukn-1au2zeM,train,Dataset_Shard_0400000_0499999,5,50,6.045613262653351,5.456341028213501,10.297115707397461,0.7210542889030613,-0.297564341686666,0.08916385572403669,-2.8674346529436447
ukn-1au2zeM,train,Dataset_Shard_0400000_0499999,10,50,6.425225825309753,7.087127923965454,9.73384828567505,0.7490242346938776,0.38143255405128,0.2458547680079937,3.210320087368085
uu2DI2YM5VY,train,Dataset_Shard_0400000_0499999,1,50,3.356463390593417,1.5323914885520935,8.406059551239014,0.5460794005102041,0.00750927346845856,0.4758147590022418,7.301748604316945
uu2DI2YM5VY,train,Dataset_Shard_0400000_0499999,2,50,5.8635059833526615,6.3740458488464355,10.28161268234253,0.7095699139030611,0.31274643253535034,-0.18759417727589608,-1.1734155248483196
uu2DI2YM5VY,train,Dataset_Shard_0400000_0499999,5,50,6.941002769470215,7.555891513824463,11.108151626586913,0.8234466677295919,-0.03487306408584118,-0.17934005960822105,2.3055282319434
uu2DI2YM5VY,train,Dataset_Shard_0400000_0499999,10,50,8.029922997951507,8.069903373718262,10.610826396942139,0.9287994260204081,0.25224167816340926,0.47480630937963725,18.522700687691948
uwuY48k-xus,train,Dataset_Shard_0400000_0499999,1,50,2.234968192726374,1.4787973165512085,6.639320898056032,0.40995336415816325,0.07753087339922786,-0.11482456592842936,-1.7013960374654602
uwuY48k-xus,train,Dataset_Shard_0400000_0499999,2,50,3.4742201361060143,2.1490122079849243,8.092217922210693,0.6036906090561225,0.21774661538742293,-0.5240247478336095,-18.880357965571033
uwuY48k-xus,train,Dataset_Shard_0400000_0499999,5,50,4.230298601388931,2.8453152179718018,9.247224903106689,0.7274844547193878,-0.6502453499101102,0.04888805381953716,1.8173705266617504
uwuY48k-xus,train,Dataset_Shard_0400000_0499999,10,50,4.9082181078195575,4.7041497230529785,9.429462051391601,0.758764349489796,0.05634885016828775,-0.09936707413755358,-11.103235903254877
uyHdKE2S3m8,train,Dataset_Shard_0400000_0499999,1,50,3.2779015642404556,2.4412612915039062,6.32859869003296,0.5086886160714286,0.03461431181873195,-0.3287980455160141,-20.30872531065693
uyHdKE2S3m8,train,Dataset_Shard_0400000_0499999,2,50,3.7593371307849885,3.1948763132095337,6.17931046485901,0.5706297831632653,0.18244487475603818,0.3186352789867669,2.852313469819185
uyHdKE2S3m8,train,Dataset_Shard_0400000_0499999,5,50,4.7871373176574705,4.654326438903809,7.81995849609375,0.5798541135204082,-0.25652837950969115,0.855102798352018,23.278414986041657
uyHdKE2S3m8,train,Dataset_Shard_0400000_0499999,10,50,4.88795728802681,4.535854339599609,7.334734630584718,0.6354659598214285,-0.23320957340300083,0.23277278952300548,10.764452355607093
vCp0mrZdlmU,train,Dataset_Shard_0400000_0499999,1,50,3.8708756160736084,2.7265758514404297,8.26236696243286,0.48878348214285716,-0.271677515655756,0.04981341022066772,-5.854164294565153
vCp0mrZdlmU,train,Dataset_Shard_0400000_0499999,2,50,4.206469559669495,3.205843448638916,8.0591863155365,0.5325442442602041,0.09477335453033447,-0.11284562662243842,-2.5784882213489446
vCp0mrZdlmU,train,Dataset_Shard_0400000_0499999,5,50,5.61935913324356,5.032110214233398,10.055519962310791,0.6171336894132653,-0.45463189408183097,-0.5426814799010754,-29.184024118131404
vCp0mrZdlmU,train,Dataset_Shard_0400000_0499999,10,50,6.277729411125183,4.848835706710815,12.142107963562012,0.6462264827806122,-0.3089545775949955,-0.34204828925430775,-17.998784594326494
vNuWxJankEQ,train,Dataset_Shard_0400000_0499999,1,50,1.0705240763723851,0.7636095881462097,2.187001895904541,0.26865752551020405,0.09014098041690886,0.021398837876040487,-6.692438276691271
vNuWxJankEQ,train,Dataset_Shard_0400000_0499999,2,50,1.7204153138399123,1.1785871982574463,3.2396138668060317,0.3355253507653061,0.07745015498716384,-0.0575552018918097,23.38276891643086
vNuWxJankEQ,train,Dataset_Shard_0400000_0499999,5,50,2.367351568341255,1.4561389684677124,4.996851301193238,0.4284442761479592,0.12157406636048108,0.1282176922634244,-2.5932592777527463
vNuWxJankEQ,train,Dataset_Shard_0400000_0499999,10,50,2.7101964396238327,1.6881593465805054,5.194797229766846,0.43750358737244893,-0.09494795333594083,-0.10338167294859886,-2.3366666852671143
vrgv_E5pDII,train,Dataset_Shard_0400000_0499999,1,50,4.108959827423096,3.44858980178833,7.621246814727784,0.5562137276785715,-0.06352347388863563,0.207301085293293,0.7402041495879707
vrgv_E5pDII,train,Dataset_Shard_0400000_0499999,2,50,4.696079390048981,3.7422016859054565,8.630784797668458,0.5866103316326531,0.31510918237268926,-0.16585290148854256,-5.13346679864281
vrgv_E5pDII,train,Dataset_Shard_0400000_0499999,5,50,5.287537562847137,5.294774770736694,8.41452865600586,0.6371568080357143,-0.3693971993401647,-0.13337649760767817,-13.797439721524697
vrgv_E5pDII,train,Dataset_Shard_0400000_0499999,10,50,5.951963911056518,5.454341650009155,10.00389223098755,0.6677347735969387,-0.13909802721813322,0.5926745911315083,5.39350625553847
vwz7M5xbztM,train,Dataset_Shard_0400000_0499999,1,50,4.02335954785347,3.126864194869995,7.846244621276856,0.5436686862244897,-0.1719705643504858,0.6947681667841971,39.36216477039327
vwz7M5xbztM,train,Dataset_Shard_0400000_0499999,2,50,5.9283948278427125,4.951424598693848,9.182812309265136,0.5979651626275511,0.518928785417229,0.9493233850225806,31.445162229308238
vwz7M5xbztM,train,Dataset_Shard_0400000_0499999,5,50,6.082937407493591,6.044217824935913,9.45665273666382,0.6687910554846939,-0.11517550062388182,0.34762032456696035,-7.772561859132747
vwz7M5xbztM,train,Dataset_Shard_0400000_0499999,10,50,6.377269155979157,5.854666233062744,9.324401855468752,0.6713962850765306,-0.18805229771882295,0.4663065218925476,32.213336036866956
w40fRDQNQo4,train,Dataset_Shard_0400000_0499999,1,50,2.8454389706254006,1.3646326661109924,7.3495487689971934,0.40458665497448976,-0.00841545127259451,0.4061610993044451,20.778158959216267
w40fRDQNQo4,train,Dataset_Shard_0400000_0499999,2,50,2.4919809606671333,1.4665853381156921,6.391039848327637,0.40548349808673473,-0.29534112956374886,-0.022509072348475455,1.9311433041357433
w40fRDQNQo4,train,Dataset_Shard_0400000_0499999,5,50,3.668903416991234,2.5607402324676514,7.938451766967774,0.47388990752551025,-0.04349739581812173,-0.1835728157684207,-8.306868518141528
w40fRDQNQo4,train,Dataset_Shard_0400000_0499999,10,50,4.639675033092499,4.723514080047607,8.396491718292236,0.567668606505102,-0.07767670542001724,0.014755920050665736,-4.3679012110806585
wNvrCt-FlUo,train,Dataset_Shard_0400000_0499999,1,50,6.2655712890625,6.196170091629028,9.059703636169434,0.7671687659438775,0.3213850134983659,0.16983185086399316,0.009552443454079195
wNvrCt-FlUo,train,Dataset_Shard_0400000_0499999,2,50,6.464446159601212,6.742242813110352,10.267144966125489,0.7639564732142857,-0.25651306599378587,0.38022802248597143,23.304227040517812
wNvrCt-FlUo,train,Dataset_Shard_0400000_0499999,5,50,9.164563341140747,9.127258777618408,12.100942230224609,0.9133852838010205,0.225899638235569,0.31636391177773476,-2.585232997027507
wNvrCt-FlUo,train,Dataset_Shard_0400000_0499999,10,50,8.331426992416382,8.887662410736084,10.690283870697023,0.8490290178571429,-0.9428104032576085,0.08725965835154056,-15.30768493980225
wXHNYyQIIA_,train,Dataset_Shard_0400000_0499999,1,50,0.3673699466139078,0.3010334223508835,0.7558825254440308,0.12485052614795919,-0.014670586911961436,0.020725037432275713,10.100356330579366
wXHNYyQIIA_,train,Dataset_Shard_0400000_0499999,2,50,0.753726617693901,0.368078351020813,0.5910282313823702,0.17133529974489797,-0.04842955770902336,-0.03157523685833439,-9.074079059128207
wXHNYyQIIA_,train,Dataset_Shard_0400000_0499999,5,50,1.163332148194313,0.44338808953762054,1.7228467226028517,0.226566087372449,0.02066971003077924,-0.06572425122838467,-5.737225920116443
wXHNYyQIIA_,train,Dataset_Shard_0400000_0499999,10,50,1.8663251242041587,0.5197570323944092,6.840084457397461,0.32614078443877553,0.18482853301335125,0.06912071952712723,-14.510416984377146
wXJY7EQy4Ns,val,Dataset_Shard_0400000_0499999,1,50,2.358553191125393,0.9027597606182098,7.619158124923707,0.33098612882653067,0.00048820659983903167,-0.17686734354239889,34.118691555096774
wXJY7EQy4Ns,val,Dataset_Shard_0400000_0499999,2,50,2.91090917870868,1.261740505695343,7.992378044128419,0.38687978316326527,0.026121357053052633,0.12217726502218283,21.574765811710645
wXJY7EQy4Ns,val,Dataset_Shard_0400000_0499999,5,50,3.678996681571007,1.8714988827705383,8.807364654541017,0.47987523915816327,0.28610115362331273,0.14545776753686368,22.760988983165102
wXJY7EQy4Ns,val,Dataset_Shard_0400000_0499999,10,50,4.113513327687979,2.515227794647217,8.568357181549073,0.5321671715561225,0.0598535512574017,0.6156165429390967,25.95497411645345
wXQHg2GbOv4,train,Dataset_Shard_0400000_0499999,1,50,0.537849141806364,0.28929004073143005,1.1032376646995552,0.1515557238520408,0.04340157483471557,0.051909805019386114,16.439954183639134
wXQHg2GbOv4,train,Dataset_Shard_0400000_0499999,2,50,0.9001982210576535,0.5528038144111633,2.4773999691009525,0.20603117028061224,0.0790283652069047,-0.005795843934174627,-22.783658326040158
wXQHg2GbOv4,train,Dataset_Shard_0400000_0499999,5,50,0.8867221194505691,0.4983454495668411,1.7321117401123072,0.208828125,-0.04498343752929941,-0.047674203887581826,8.083097159079719
wXQHg2GbOv4,train,Dataset_Shard_0400000_0499999,10,50,1.0824636170268058,0.6761665344238281,3.315316486358643,0.25082310267857144,-0.05316771139390766,0.006223085233941674,14.336341235016077
wZIPPpbh3_c,train,Dataset_Shard_0400000_0499999,1,50,2.167148720026016,1.9653604626655579,3.8165105104446413,0.40183952487244895,0.05077241310849786,-0.020265137564565522,25.460641044003218
wZIPPpbh3_c,train,Dataset_Shard_0400000_0499999,2,50,2.246998929977417,1.9534578919410706,4.022820472717286,0.39055205676020405,0.09452528525143862,-0.13787448782473802,3.1937970206735042
wZIPPpbh3_c,train,Dataset_Shard_0400000_0499999,5,50,3.0057192039489746,2.8788431882858276,4.4115095138549805,0.45866230867346935,-0.03889666248112917,-0.24321215655654668,-15.81454643307595
wZIPPpbh3_c,train,Dataset_Shard_0400000_0499999,10,50,4.262138547897339,3.4796509742736816,8.298301506042481,0.5726901307397959,-0.1281644453853369,0.2522256660461426,6.950346887453776
wi-keYwDk1s,train,Dataset_Shard_0400000_0499999,1,50,1.5399178212881088,0.8228791952133179,3.778033709526062,0.33163384885204084,-0.08530378635507077,-0.12258200619369745,-11.96517495204455
wi-keYwDk1s,train,Dataset_Shard_0400000_0499999,2,50,2.1888145804405212,1.4404610395431519,5.811039400100708,0.3899948182397959,0.09548610512167216,0.2962826605141163,26.787877161489863
wi-keYwDk1s,train,Dataset_Shard_0400000_0499999,5,50,3.021367002129555,1.6058682203292847,6.904112434387208,0.4512488042091837,0.023300954464357346,-0.04339018128812313,-9.90196160254687
wi-keYwDk1s,train,Dataset_Shard_0400000_0499999,10,50,3.3371724116802217,1.9783984422683716,7.081071662902833,0.4718518813775511,-0.018961799307726325,0.08440806277096272,18.441709028156648
wt0RIrkrfY_,train,Dataset_Shard_0400000_0499999,1,50,4.119360318183899,3.2897552251815796,8.110247898101807,0.46280691964285714,0.33142083410173656,0.31785799882374705,9.036634192997392
wt0RIrkrfY_,train,Dataset_Shard_0400000_0499999,2,50,5.199669995307922,4.607008934020996,9.096063137054443,0.49978914221938775,-0.10781186189502477,0.28820863261818885,19.2882005892328
wt0RIrkrfY_,train,Dataset_Shard_0400000_0499999,5,50,6.680061483383179,7.396637916564941,10.134053707122803,0.641338887117347,0.5957378130406141,-0.3411848443746567,4.654221275560087
wt0RIrkrfY_,train,Dataset_Shard_0400000_0499999,10,50,6.688152916431427,6.936946392059326,10.639200496673585,0.6494774394132654,0.40300630271434784,0.12009422701783479,16.69559480261398
wxv1SDr8Kck,test,Dataset_Shard_0400000_0499999,1,50,6.114231534004212,5.94270658493042,9.852998542785645,0.6498230229591837,0.01903450272977352,-0.4386129235336557,-23.345250399985115
wxv1SDr8Kck,test,Dataset_Shard_0400000_0499999,2,50,6.276665892601013,6.390989303588867,8.43335027694702,0.67998046875,-0.25337990034371616,0.17663471038453282,9.357616595940456
wxv1SDr8Kck,test,Dataset_Shard_0400000_0499999,5,50,6.625626666545868,6.399593353271484,9.3078143119812,0.7131230070153062,-0.4177045599743724,0.09969477385282516,-5.520443204760348
wxv1SDr8Kck,test,Dataset_Shard_0400000_0499999,10,50,7.335413680076599,7.1055004596710205,9.004010295867921,0.797142857142857,-0.07735221289098262,0.36213901698589324,24.43073587721609
xHaiHZ9xq9s,train,Dataset_Shard_0400000_0499999,1,50,1.9384649968147278,1.5863698720932007,3.8973332881927494,0.38149354272959185,-0.07249592363834381,-0.22941878229379653,-20.511154479968994
xHaiHZ9xq9s,train,Dataset_Shard_0400000_0499999,2,50,2.5277581030130385,1.6950273513793945,5.742798137664795,0.4029751275510204,-0.15247542499564587,-0.23947850231081247,-9.023883372934941
xHaiHZ9xq9s,train,Dataset_Shard_0400000_0499999,5,50,3.415465989112854,3.023268938064575,5.69255247116089,0.5185566804846939,0.19702526040375232,-0.1137260321341455,14.537724295143532
xHaiHZ9xq9s,train,Dataset_Shard_0400000_0499999,10,50,3.896560388803482,3.1809414625167847,7.2336162567138675,0.5085790019132653,-0.33662420134991405,-0.2757833383604884,-17.40117070882774
xKtXanP9FYk,train,Dataset_Shard_0400000_0499999,1,50,1.364845347702503,0.6917460262775421,4.161880016326904,0.27401945153061225,0.008842922542244195,0.017802465008571744,-10.146955425664407
xKtXanP9FYk,train,Dataset_Shard_0400000_0499999,2,50,1.519470760524273,0.5580832213163376,4.010933208465576,0.29215720663265304,-0.22060309934429825,-0.08885238211601973,-5.993356386459386
xKtXanP9FYk,train,Dataset_Shard_0400000_0499999,5,50,2.0243116289377214,1.5090627670288086,4.225343370437622,0.3296723533163265,0.1356599028967321,-0.06535885612480342,-1.6655298873279905
xKtXanP9FYk,train,Dataset_Shard_0400000_0499999,10,50,2.8241894745826723,2.519841194152832,6.737968683242798,0.41108777104591837,-0.0019228153536096214,0.08927898960188031,-0.539345560970404
xLp8iOxXFxo,train,Dataset_Shard_0400000_0499999,1,50,3.328649981021881,2.781387209892273,5.878681373596192,0.5084996811224489,-0.14019264843314885,0.047617699541151526,-4.637993430724503
xLp8iOxXFxo,train,Dataset_Shard_0400000_0499999,2,50,4.533940858840943,4.344045877456665,7.238905429840088,0.6099226721938775,-0.41374533623456955,0.06485634297132492,-1.5256433702601857
xLp8iOxXFxo,train,Dataset_Shard_0400000_0499999,5,50,4.389770002365112,3.836721181869507,7.265806579589844,0.5807872289540816,-0.41998425744473933,0.545739180566743,28.02840645984923
xLp8iOxXFxo,train,Dataset_Shard_0400000_0499999,10,50,4.767950373888016,4.999912738800049,7.374981498718262,0.6365880102040816,-0.08607723712921142,-0.060797196067869666,-13.076041000203261
xUp_PDUsIyc,val,Dataset_Shard_0400000_0499999,1,50,3.128150328397751,2.9317420721054077,6.48036003112793,0.6420125159438775,0.2826556151872501,0.4944163777399808,22.99213511388845
xUp_PDUsIyc,val,Dataset_Shard_0400000_0499999,2,50,4.797983589172364,4.576842784881592,8.166814613342286,0.6720432079081633,0.03549947563558817,1.2976917424798011,21.607516257552284
xUp_PDUsIyc,val,Dataset_Shard_0400000_0499999,5,50,6.612059307098389,6.495419502258301,10.537754821777344,0.7007079081632653,-0.33549462221562865,1.0040785026550294,3.5159679462559508
xUp_PDUsIyc,val,Dataset_Shard_0400000_0499999,10,50,7.073934507369995,7.015346050262451,9.648069953918457,0.7052172353316327,0.679394274353981,0.03856669515371323,15.193136910726746
xVaf2MFNbnY,train,Dataset_Shard_0400000_0499999,1,50,2.680214129090309,2.4045294523239136,5.112778234481812,0.3384390943877551,0.20567696660757065,-0.3491087295860052,-9.570560014699211
xVaf2MFNbnY,train,Dataset_Shard_0400000_0499999,2,50,2.8773608666658403,2.6789697408676147,5.114104557037354,0.3690585140306123,-0.1521149963978678,-0.024201309010386467,-7.262893102398508
xVaf2MFNbnY,train,Dataset_Shard_0400000_0499999,5,50,3.763708221912384,3.7494308948516846,5.79142074584961,0.43173588966836735,0.12903237141668797,0.231822700612247,0.9660076811100232
xVaf2MFNbnY,train,Dataset_Shard_0400000_0499999,10,50,3.578329281806946,3.3591182231903076,5.292160987854004,0.4245635363520408,0.0542235118150711,-0.18573816891759634,-12.049981654908125
xfv3d809TTc,test,Dataset_Shard_0400000_0499999,1,50,6.868581144809723,5.490662097930908,11.534440612792974,0.6735204081632653,0.042559166066348554,-0.626687745898962,-4.402875760849514
xfv3d809TTc,test,Dataset_Shard_0400000_0499999,2,50,7.213838407993316,6.676793098449707,11.330913543701174,0.6921894929846938,0.20557175934314728,-0.5036830550432205,3.746272914453765
xfv3d809TTc,test,Dataset_Shard_0400000_0499999,5,50,9.101275000572205,7.5316855907440186,15.642262172698976,0.7420914381377551,0.3187511749193072,-1.3134880384802818,-50.42530070402648
xfv3d809TTc,test,Dataset_Shard_0400000_0499999,10,50,9.66088886499405,8.569981575012207,18.17928295135498,0.8082756696428571,0.05222928985953331,-0.21489840179681777,3.090322196081141
xjdsZdUofoU,train,Dataset_Shard_0400000_0499999,1,50,4.170768413543701,3.5816423892974854,7.038876533508302,0.6130755739795919,0.08253952810075134,0.5435015425272286,36.531503115853646
xjdsZdUofoU,train,Dataset_Shard_0400000_0499999,2,50,5.223272669315338,4.483467102050781,10.132158470153808,0.6509382971938775,-0.09401426819618791,0.15479679316282272,12.245721776049828
xjdsZdUofoU,train,Dataset_Shard_0400000_0499999,5,50,5.754845361709595,5.523033618927002,8.575002765655517,0.665390625,0.1475324556976557,0.6565720965713262,18.52326102145467
xjdsZdUofoU,train,Dataset_Shard_0400000_0499999,10,50,7.409564230442047,7.559951543807983,11.16128568649292,0.7157087053571429,-0.1872767953411676,0.5477471673861146,9.77658768556407
yQGj3B57_Iw,train,Dataset_Shard_0400000_0499999,1,50,2.2248619693517684,1.8626803755760193,3.8672232627868657,0.3581676498724489,0.1997664919961244,0.2024174116924405,-12.70886081960721
yQGj3B57_Iw,train,Dataset_Shard_0400000_0499999,2,50,2.53411994934082,2.1899068355560303,4.832687425613403,0.4073433514030612,-0.11268784444779158,-0.12255288820713758,-10.531733849799782
yQGj3B57_Iw,train,Dataset_Shard_0400000_0499999,5,50,3.211178617477417,2.826712489128113,5.497842836380006,0.508215481505102,0.00414279256016016,0.033592834621667865,-2.171400066834333
yQGj3B57_Iw,train,Dataset_Shard_0400000_0499999,10,50,3.4061890518665314,3.095175862312317,5.991543006896973,0.4930935108418367,0.05704366851598024,0.1925247570499778,-7.136437106762832
yR15HSy2iYM,train,Dataset_Shard_0400000_0499999,1,50,2.697081242799759,2.0293330550193787,6.006064987182618,0.40917849170918363,-0.03278577551245689,-0.04111427538096905,37.55838420565498
yR15HSy2iYM,train,Dataset_Shard_0400000_0499999,2,50,2.8350794279575346,2.489155888557434,5.393276500701905,0.42915617028061226,0.013464719573967159,-0.004914771821349859,7.582600405669239
yR15HSy2iYM,train,Dataset_Shard_0400000_0499999,5,50,3.4743427097797395,2.8589664697647095,6.938462209701538,0.4712492028061224,-0.04730519458651543,-0.02511382225493435,-17.028145786070333
yR15HSy2iYM,train,Dataset_Shard_0400000_0499999,10,50,3.9477403950691223,3.678471565246582,6.601485347747804,0.479992825255102,-0.303604144603014,0.2695426385849714,8.240625651600332
ybDcIfdcUVU,train,Dataset_Shard_0400000_0499999,1,50,1.57934141933918,0.8188280761241913,3.614948964118963,0.28017976721938775,-0.10673105264082551,0.12706798172090203,9.709884003659708
ybDcIfdcUVU,train,Dataset_Shard_0400000_0499999,2,50,2.4044553731381892,0.7991130948066711,9.470244789123537,0.3168347417091837,-0.2692432574607665,0.18454831037437544,-2.8767698954509022
ybDcIfdcUVU,train,Dataset_Shard_0400000_0499999,5,50,4.380446047782898,1.5423336625099182,12.482134437561035,0.4767932876275511,-0.05495203103870153,0.17786955243907868,21.91294944645028
ybDcIfdcUVU,train,Dataset_Shard_0400000_0499999,10,50,4.232976558208466,1.8054004907608032,10.702764797210694,0.5036120854591837,0.1646954710409045,-0.3802692348102573,10.062220787949604
ysLwpEhLkqI,val,Dataset_Shard_0400000_0499999,1,50,1.3432774929702282,0.7825113832950592,3.29025993347168,0.2506796077806122,0.06116277303546667,-0.004557191808708012,9.617080863476751
ysLwpEhLkqI,val,Dataset_Shard_0400000_0499999,2,50,1.2387880218029022,0.8214600086212158,2.3222582340240487,0.24275589923469387,0.06421269895508885,-0.008447141172364354,3.9107855703578718
ysLwpEhLkqI,val,Dataset_Shard_0400000_0499999,5,50,1.590592111647129,1.343397617340088,3.2955428600311283,0.2819742506377551,0.1122720482526347,-0.1908331003272906,12.8062311830553
ysLwpEhLkqI,val,Dataset_Shard_0400000_0499999,10,50,1.6204796570539475,1.3404046893119812,3.554818034172058,0.280269850127551,0.1477694361656904,0.035237996876239776,15.287795700387765
ytmhoYpa1ws,train,Dataset_Shard_0400000_0499999,1,50,2.5948887907713654,1.3537122011184692,6.889864397048954,0.3607146843112245,0.22062852297443897,-0.07208838749676943,-0.5187012418217194
ytmhoYpa1ws,train,Dataset_Shard_0400000_0499999,2,50,4.66698312073946,3.8590861558914185,10.774849224090577,0.5500263073979592,-0.020294601563364267,0.011074600312858819,-5.556830786481093
ytmhoYpa1ws,train,Dataset_Shard_0400000_0499999,5,50,6.708100459575653,7.5637829303741455,11.58277063369751,0.6502100605867347,-0.09216147655621171,1.101332526654005,35.89536257480766
ytmhoYpa1ws,train,Dataset_Shard_0400000_0499999,10,50,7.710237078070641,8.252891063690186,13.243275547027588,0.7243909438775511,0.23316079985350371,0.26518048280850054,-2.6431945620216637
z06sgpMVS10,train,Dataset_Shard_0400000_0499999,1,50,1.0539652913808824,0.21673926711082458,2.3154256820678714,0.1826753826530612,-0.1807399675215129,-0.05594168786890805,-15.459906208079666
z06sgpMVS10,train,Dataset_Shard_0400000_0499999,2,50,0.5415176777541637,0.32692214846611023,1.2316794276237493,0.15094666772959184,0.04967921807430684,-0.026308968954253942,-13.987150162119343
z06sgpMVS10,train,Dataset_Shard_0400000_0499999,5,50,1.3833284051716328,0.6957686245441437,1.892189693450928,0.26542570153061223,0.020859042834490537,-0.005716837346553803,25.739510307576086
z06sgpMVS10,train,Dataset_Shard_0400000_0499999,10,50,0.8340098494291306,0.6631308495998383,1.255885815620423,0.22639349489795918,-0.03223008118628059,0.016527005375828595,17.918686440906196
z3mVtH-Jqw4,train,Dataset_Shard_0400000_0499999,1,50,2.2945957565307618,2.022797465324402,4.707188892364503,0.4179153380102041,-0.11917929604649544,0.16354506474453956,22.722054934234798
z3mVtH-Jqw4,train,Dataset_Shard_0400000_0499999,2,50,2.701387634277344,2.0948585271835327,5.0700677871704105,0.4312655452806123,0.4645808980986476,0.15520382979884745,11.962742041929072
z3mVtH-Jqw4,train,Dataset_Shard_0400000_0499999,5,50,3.2699795860052108,2.5651650428771973,6.434303903579712,0.4768797831632653,-0.17995798215270042,0.3696261003986001,22.600744122971562
z3mVtH-Jqw4,train,Dataset_Shard_0400000_0499999,10,50,4.015641841888428,3.734048366546631,6.93829255104065,0.5008713329081632,-0.074165068725124,-0.003304693680256605,-11.79476779024667
z4KIYSXA8OY,train,Dataset_Shard_0400000_0499999,1,50,3.525382531285286,3.1089106798171997,6.672839879989624,0.39377710459183674,0.2583248682320118,-0.5510962137207389,-7.947254755849399
z4KIYSXA8OY,train,Dataset_Shard_0400000_0499999,2,50,5.5544749450683595,5.380732774734497,9.45081253051758,0.47977080676020406,0.03281314790248871,-1.465267675705254,-25.618254650951556
z4KIYSXA8OY,train,Dataset_Shard_0400000_0499999,5,50,6.815300817489624,6.784432888031006,10.482897567749024,0.5477913743622449,0.1629940989613533,-0.9656849417090416,-11.439207606131255
z4KIYSXA8OY,train,Dataset_Shard_0400000_0499999,10,50,6.343752312660217,5.479562282562256,8.93675632476807,0.5635526945153061,-0.020696094701997937,-0.6293476864695549,-18.116140986526283
z4eQhv4jhsU,train,Dataset_Shard_0400000_0499999,1,50,4.190573201179505,3.2374184131622314,7.944572257995606,0.6097664221938776,0.1304052397236228,-0.2188649270683527,-2.268115860005425
z4eQhv4jhsU,train,Dataset_Shard_0400000_0499999,2,50,5.201407098770142,4.83262038230896,9.059259033203125,0.6733932557397959,-0.007500740140676499,-0.9680205637216568,-37.27548588888203
z4eQhv4jhsU,train,Dataset_Shard_0400000_0499999,5,50,5.654692039489746,5.783145427703857,9.510121631622315,0.7184283322704081,0.07832266211509704,-0.1137232619524002,-6.53312893483227
z4eQhv4jhsU,train,Dataset_Shard_0400000_0499999,10,50,6.815866212844849,6.522064208984375,10.783894443511963,0.7778870376275511,-0.47382034540176393,0.45503323439508675,12.108652008322888
zAmGTHQ8LUI,train,Dataset_Shard_0400000_0499999,1,50,3.68437374830246,3.5578218698501587,5.089278602600098,0.5990565210459183,0.09206384643912316,-0.24118012424558402,-14.685193449893772
zAmGTHQ8LUI,train,Dataset_Shard_0400000_0499999,2,50,4.170643377304077,4.1701624393463135,5.423799180984497,0.6099075255102041,0.03577310901135206,0.07753939941525459,15.423574735141472
zAmGTHQ8LUI,train,Dataset_Shard_0400000_0499999,5,50,4.880916178226471,4.661442041397095,7.548289442062378,0.6572452965561224,-0.07032822173088789,-0.12426562651991845,-3.5527540711308645
zAmGTHQ8LUI,train,Dataset_Shard_0400000_0499999,10,50,5.111459679603577,4.998612880706787,7.497369194030762,0.7049139030612246,-0.18133941419422628,-0.22391757629811765,-3.1430301381717713
zHW35Y8ghrY,train,Dataset_Shard_0400000_0499999,1,50,1.5646374261379241,1.1940765976905823,3.096005487442017,0.345280612244898,-0.1347230476886034,-0.23082005339791067,-41.99340096941337
zHW35Y8ghrY,train,Dataset_Shard_0400000_0499999,2,50,1.5559812414646148,1.2249529361724854,2.9550907135009767,0.3518793845663265,0.0007106079906225205,-0.006340452199801803,14.02410346188229
zHW35Y8ghrY,train,Dataset_Shard_0400000_0499999,5,50,1.672648023366928,1.555300772190094,3.0789717197418214,0.3835582748724489,-0.14878201662097126,-0.0660648505948484,-26.37346964298001
zHW35Y8ghrY,train,Dataset_Shard_0400000_0499999,10,50,1.8694143629074096,1.6393762230873108,3.4114631891250617,0.4124912308673469,-0.024044457115232943,-0.02233004421927035,-18.29008825306195
zHY3o_AprOU,test,Dataset_Shard_0400000_0499999,1,50,3.231740525960922,1.6003470420837402,8.632747650146484,0.8125996492346939,0.08491923920810222,-0.6194120451807976,-22.07747041227414
zHY3o_AprOU,test,Dataset_Shard_0400000_0499999,2,50,4.146585359573364,2.977864980697632,8.531006336212158,0.9166577646683673,-0.07321952655911446,-0.6693923248723149,-6.7044875416027345
zHY3o_AprOU,test,Dataset_Shard_0400000_0499999,5,50,7.166490924358368,7.568146705627441,10.288622379302979,0.958194355867347,-0.6373651778697967,-1.3047384658642114,-18.53770907838108
zHY3o_AprOU,test,Dataset_Shard_0400000_0499999,10,50,7.974697198867798,8.406943798065186,10.824763011932374,0.9631648596938776,-0.08177365183830261,-0.6518819665908814,-14.427997603889795
zUXPNRKCJqk,train,Dataset_Shard_0400000_0499999,1,50,2.0461858174204828,1.39118492603302,4.55269799232483,0.38463448660714283,-0.024144023023545742,0.05176081527024508,16.08301823197717
zUXPNRKCJqk,train,Dataset_Shard_0400000_0499999,2,50,2.332876759767532,1.8945658802986145,4.2601213455200195,0.3827004942602041,-0.2048663055151701,0.2097536114230752,2.67296799844801
zUXPNRKCJqk,train,Dataset_Shard_0400000_0499999,5,50,2.9679731100797655,2.909164547920227,5.0193539619445815,0.47220543686224487,0.15873602082952856,0.31060006890445946,19.85295380369134
zUXPNRKCJqk,train,Dataset_Shard_0400000_0499999,10,50,3.664125252366066,3.237052798271179,7.608633041381836,0.5428085140306123,0.18653510440140963,0.667594076693058,19.42261000380206
zXVq4sDkwEQ,train,Dataset_Shard_0400000_0499999,1,50,1.6585134556889534,1.0484498143196106,3.094870257377625,0.3048094706632653,-0.08826125811319799,-0.21596981964074075,13.427215048316828
zXVq4sDkwEQ,train,Dataset_Shard_0400000_0499999,2,50,2.1259790660394358,1.461556077003479,4.342379808425907,0.32433474170918364,-0.026548401897380246,0.21494606019725324,10.294754488855688
zXVq4sDkwEQ,train,Dataset_Shard_0400000_0499999,5,50,3.9519580829143526,2.274104952812195,9.900899219512944,0.4497568558673469,0.1581758669577539,-0.21824498414993287,-12.175655132726895
zXVq4sDkwEQ,train,Dataset_Shard_0400000_0499999,10,50,4.813002197742462,2.860317826271057,10.322327899932862,0.552631536989796,0.10587846107780934,-0.4756380048394203,-2.134757489422201
za-_NYW8Mjo,train,Dataset_Shard_0400000_0499999,1,50,3.484602203965187,2.5790767669677734,6.376420879364015,0.5821372767857143,-0.08764903920236974,-0.23851197318304912,1.3807005952604692
za-_NYW8Mjo,train,Dataset_Shard_0400000_0499999,2,50,3.7885015201568604,3.888028383255005,5.867797040939331,0.6154312818877551,-0.14684215545654297,0.22014120977371932,-5.300557351934526
za-_NYW8Mjo,train,Dataset_Shard_0400000_0499999,5,50,4.878145878314972,4.710271120071411,7.608681869506836,0.6740349968112246,-0.06893074449151754,0.10478876058012247,-2.296965634319003
za-_NYW8Mjo,train,Dataset_Shard_0400000_0499999,10,50,4.942535222768783,4.443115472793579,9.793689823150636,0.6641418207908163,-0.0975382325425744,-0.07756841570138931,15.036837748814039
zbn9xbXTC00,train,Dataset_Shard_0400000_0499999,1,50,1.2926604962348938,1.1578845381736755,2.3190322637557985,0.33069794323979596,0.119703066078946,-0.020449472703039647,10.121820983550487
zbn9xbXTC00,train,Dataset_Shard_0400000_0499999,2,50,2.0991753578186034,1.824372112751007,3.0330085515975953,0.39724051339285715,-0.1658841320499778,-0.09052549511194229,1.5534410761242308
zbn9xbXTC00,train,Dataset_Shard_0400000_0499999,5,50,2.939364982843399,2.33065402507782,3.7116759538650514,0.5193674266581633,-0.36876152304932475,0.01982984062284231,3.3484821633402273
zbn9xbXTC00,train,Dataset_Shard_0400000_0499999,10,50,3.016448360681534,2.5129568576812744,3.608223652839661,0.5180086096938775,-0.2213458552211523,0.013594281077384949,-9.37322445137547
zg_dwcSRLxo,val,Dataset_Shard_0400000_0499999,1,50,3.718644695878029,3.4720630645751953,6.939671993255616,0.5023863998724489,0.21062650963664054,-0.1266597654297948,-11.061727436423148
zg_dwcSRLxo,val,Dataset_Shard_0400000_0499999,2,50,4.599518126249313,4.672726631164551,6.71513032913208,0.552464524872449,0.19322224345058203,0.09329816542565822,6.640658969114672
zg_dwcSRLxo,val,Dataset_Shard_0400000_0499999,5,50,5.370292727500201,5.553759574890137,8.890202522277832,0.636516262755102,0.023212614906951784,-0.13593955779448152,-8.677443612252612
zg_dwcSRLxo,val,Dataset_Shard_0400000_0499999,10,50,5.592317411899566,5.629532098770142,8.691102313995362,0.6660638552295919,-0.1492115462012589,-0.10029810717329384,-8.756583516719926
zjbMfssb9tU,train,Dataset_Shard_0400000_0499999,1,50,1.7487207156419755,1.4736081957817078,3.0910421371459966,0.5054320790816327,0.17596176493912935,-0.01172368723899126,4.143191202327881
zjbMfssb9tU,train,Dataset_Shard_0400000_0499999,2,50,2.5769619059562685,1.8392633199691772,5.667137193679811,0.5553989955357143,0.16125439319759607,-0.22644931200891733,-11.853518509573018
zjbMfssb9tU,train,Dataset_Shard_0400000_0499999,5,50,2.960994508266449,2.0692074298858643,6.110311317443848,0.5756879783163265,0.014976650818716734,-0.14104375831782817,18.296954535920396
zjbMfssb9tU,train,Dataset_Shard_0400000_0499999,10,50,4.42008254647255,3.6411269903182983,8.725799369812012,0.6793618463010205,-0.3600934985280037,0.09422429878264665,-18.72419373081073
zo9h0PqVn-U,train,Dataset_Shard_0400000_0499999,1,50,4.794173947572708,4.125434637069702,8.00754098892212,0.581420599489796,0.0461996597237885,0.3342986907064915,10.440378071890857
zo9h0PqVn-U,train,Dataset_Shard_0400000_0499999,2,50,5.355561242103577,4.941868543624878,8.625651931762697,0.6421564094387755,0.36895924197509883,0.45082430051639677,23.468285950838695
zo9h0PqVn-U,train,Dataset_Shard_0400000_0499999,5,50,5.940788726806641,5.590823173522949,8.8911114692688,0.7103659119897959,0.011900280192494393,-0.23245100440457464,25.405580633902662
zo9h0PqVn-U,train,Dataset_Shard_0400000_0499999,10,50,6.460973305702209,6.439629554748535,9.679932498931885,0.7729053730867347,0.28375250872224567,-0.3690183202177286,-6.8679976472827775
zsbl6oa5pGQ,train,Dataset_Shard_0400000_0499999,1,17,11.519430202596327,12.851394653320312,16.258179092407225,0.9545576042917167,-0.18176464122884414,-1.0740330727661358,-1.428768592949442
zsbl6oa5pGQ,train,Dataset_Shard_0400000_0499999,2,25,10.487038173675536,10.625500679016113,13.730299949645996,0.9720719068877551,-0.40589920446276667,0.06751300573348999,-7.773869327718165
zsbl6oa5pGQ,train,Dataset_Shard_0400000_0499999,5,21,10.653098696754093,10.949485778808594,12.931452751159668,0.9852813335155491,-0.5548127491548214,0.4385803384440286,1.212068565569861
zsbl6oa5pGQ,train,Dataset_Shard_0400000_0499999,10,21,10.1195939154852,10.37731647491455,12.702478408813477,0.9761098077623906,-1.0754155970755077,-0.34313729263487314,-2.7598177124984744
zsbl6oa5pGQ,train,Dataset_Shard_0500000_0599999,1,33,7.269293030103047,7.391147136688232,12.540447235107422,0.9109329100958565,0.2634222209453583,-0.014595199715007435,16.211228100520625
zsbl6oa5pGQ,train,Dataset_Shard_0500000_0599999,2,25,9.271670408248902,9.301789283752441,13.443617057800292,0.9487236926020408,-0.173013334274292,1.88795556306839,13.754139210984963
zsbl6oa5pGQ,train,Dataset_Shard_0500000_0599999,5,29,10.507866283942914,10.605273246765137,13.58090591430664,0.9680985001759325,-0.42029843556469887,-0.43728571873286676,20.16585677210226
zsbl6oa5pGQ,train,Dataset_Shard_0500000_0599999,10,29,9.749678809067298,9.769367218017578,13.874015235900877,0.9426618303571428,-0.10184715996528494,-1.0619628963799312,-8.960463404279604
