video_id,split,shard,temporal_distance,pairs,mean_ssim,median_ssim,std_ssim,mean_mae,mean_mse,mean_psnr
-VAjjH6TTts,test,Dataset_Shard_0000000_0099999,1,50,0.8038274586200714,0.7898056507110596,0.0557896444473332,0.0455369493085891,0.014172384045596119,19.918775631936143
-jo_cPHYmjg,test,Dataset_Shard_0000000_0099999,1,50,0.9184270715713501,0.9444389641284943,0.11476603690432573,0.022217455427162348,0.007135765926213935,27.017763930506252
-wUKLCvobpI,test,Dataset_Shard_0000000_0099999,1,50,0.8594118604063987,0.8804674744606018,0.1339155990602781,0.030438889656870742,0.00806005295295563,25.303688804266457
3cwtNTYOszU,test,Dataset_Shard_0000000_0099999,1,50,0.8052593803405762,0.8577241897583008,0.16381686143358956,0.05051749151665717,0.01715663166483864,21.149506111157116
46-qefy8Nwc,test,Dataset_Shard_0000000_0099999,1,50,0.5839365613460541,0.5777158737182617,0.16120424790170676,0.10682618021965026,0.033092761137522755,17.083126064898412
4bA4M-spkoI,test,Dataset_Shard_0000000_0099999,1,50,0.74069551050663,0.7432714998722076,0.08493225385485148,0.056680083200335504,0.015692893033847213,19.17695695931026
5Cq1OqWFAzw,test,Dataset_Shard_0000000_0099999,1,50,0.8422618597745896,0.8420880138874054,0.09298087632750554,0.03575237840414047,0.009811480978969484,22.039587375138332
5oBOMUXaJwc,test,Dataset_Shard_0000000_0099999,1,50,0.7863181591033935,0.8092269599437714,0.13163638990805596,0.05548354764468968,0.01778381031821482,19.44581579315963
8e9ejcfVQfY,test,Dataset_Shard_0000000_0099999,1,50,0.8140112352371216,0.8370539247989655,0.09809374023068089,0.0523568366933614,0.020386041987221687,18.324641579310146
9azhMaMU4Eo,test,Dataset_Shard_0000000_0099999,1,50,0.829313931465149,0.8230727910995483,0.07806692469976191,0.03540218658745289,0.008161336416378617,22.867943135868526
CzkK0xSXUMs,test,Dataset_Shard_0100000_0199999,1,50,0.8583421051502228,0.8915729224681854,0.1395977568781185,0.03858390023931861,0.01181038650800474,23.295058774014418
F3BeAm1eM6Y,test,Dataset_Shard_0100000_0199999,1,50,0.731711572110653,0.7428479790687561,0.1175712114149005,0.057979997508227826,0.018665684009902178,18.69521881997593
HDs_owlm-kM,test,Dataset_Shard_0100000_0199999,1,50,0.5387052866816521,0.5496332943439484,0.12281211949631488,0.10011031910777092,0.03506878884043545,16.031004174871512
I3ynWCdH9-Q,test,Dataset_Shard_0100000_0199999,1,50,0.6934932506084442,0.7006465792655945,0.11788654418668634,0.06294497963041067,0.018337920350022616,18.312233807994435
J2BXGfLbEQk,test,Dataset_Shard_0100000_0199999,1,50,0.7757253426313401,0.8023877441883087,0.11798746422255682,0.05569474775344133,0.012246485908981412,20.60690750143354
J2x0zNcfLzg,test,Dataset_Shard_0100000_0199999,1,50,0.6493783915042877,0.6757336258888245,0.163779714786252,0.09532673310488463,0.03555627720314078,16.647475981385647
J72oRFQXj5o,test,Dataset_Shard_0100000_0199999,1,50,0.7455699318647384,0.7815533578395844,0.15379242189866885,0.05161855216138065,0.01405220916494727,20.494029373917897
J8RgC4W1HeU,test,Dataset_Shard_0100000_0199999,1,50,0.8444118496775627,0.8687280118465424,0.14063008133341526,0.04402419770136476,0.017473949373234064,20.867430736220363
KcYwOQfhWUk,test,Dataset_Shard_0100000_0199999,1,50,0.9004163122177125,0.9274478852748871,0.07718440463529957,0.021608473416417837,0.004132768621784635,26.527607746849196
OLLAoZsGd0Q,test,Dataset_Shard_0200000_0299999,1,50,0.8298092204332351,0.8683863878250122,0.10808970232994425,0.03817154644988477,0.010546758633572607,21.95504452326257
PfsdriLJNvI,test,Dataset_Shard_0200000_0299999,1,50,0.7556536018848419,0.7928963303565979,0.1574194948216924,0.06307771895080805,0.019942111112177374,19.81509930424722
QJ-yAwmzwSs,test,Dataset_Shard_0200000_0299999,1,50,0.7623156708478928,0.7767391800880432,0.08485459918492567,0.04617492973804474,0.013882908392697573,20.2186451485439
QLqrGlVdPCw,test,Dataset_Shard_0200000_0299999,1,50,0.7753231963515281,0.8565907180309296,0.21653128954283185,0.05492014987689345,0.017559200864568626,23.85906131549609
QULIHG8qXNw,test,Dataset_Shard_0200000_0299999,1,50,0.58276537835598,0.6547516286373138,0.24421661741507553,0.10679812107933685,0.03590406278276305,17.637834050977204
S-x-08mtMhM,test,Dataset_Shard_0200000_0299999,1,50,0.8102847385406494,0.8106571137905121,0.07293794761700516,0.045690407324582336,0.011098478618077934,20.304116595826034
c3SQmrJFsLY,test,Dataset_Shard_0300000_0399999,1,50,0.8518844950199127,0.9112489819526672,0.1300779428704507,0.02972158501390368,0.008288957159384153,23.686874938645886
hY6RjtE0L18,test,Dataset_Shard_0300000_0399999,1,50,0.7383579659461975,0.750723123550415,0.13732536590691172,0.05844697780907154,0.01810507631045766,19.503707650239722
kMMFVGirbAo,test,Dataset_Shard_0300000_0399999,1,50,0.8020463001728058,0.8374189734458923,0.1235005666576916,0.05528106877580285,0.02336878771428019,18.603306660439024
lFhCwScSprM,test,Dataset_Shard_0300000_0399999,1,50,0.716628143787384,0.751417338848114,0.14024648885931404,0.08131808360107243,0.031630791254574436,17.306140788212282
n72VzMg9PvU,test,Dataset_Shard_0300000_0399999,1,50,0.7796703726053238,0.7890802025794983,0.13077342768880196,0.05284289218485355,0.016517540144268424,20.050353408741017
nVCvscVOQJM,test,Dataset_Shard_0300000_0399999,1,6,0.9334415892759959,0.9323261380195618,0.005995208621441122,0.01487749240671595,0.002747954179843267,25.659770210811264
nVCvscVOQJM,test,Dataset_Shard_0400000_0499999,1,44,0.7563741545785557,0.7624509930610657,0.08313327125605399,0.0446962650695985,0.01066844181729142,20.200455537492008
ncA2W_lCihM,test,Dataset_Shard_0400000_0499999,1,50,0.7845965421199799,0.8143513202667236,0.09361560179966075,0.05654741518199444,0.014366196845658123,19.469548463092192
rSvMG28dPqk,test,Dataset_Shard_0400000_0499999,1,50,0.7079566979408264,0.7317081391811371,0.10495442004349197,0.06506474114954472,0.02257596935145557,17.55781388100671
sM1dnw-TOcE,test,Dataset_Shard_0400000_0499999,1,50,0.6666157960891723,0.8307340741157532,0.28236607992682966,0.07821142981294543,0.026824130076508936,20.29248214325204
tFReD_CSTZQ,test,Dataset_Shard_0400000_0499999,1,50,0.5791915833950043,0.6679088771343231,0.26670341686880206,0.10824165550991893,0.042904992951080204,17.46301749009332
uLa8mjhrP18,test,Dataset_Shard_0400000_0499999,1,50,0.8418749570846558,0.8775915801525116,0.10081697546488787,0.037121915332973,0.0090220310020959,22.806060556044127
uaW87-Yz9wQ,test,Dataset_Shard_0400000_0499999,1,50,0.7220352840423584,0.7748016715049744,0.18278940129826426,0.06146853737533092,0.01917629347415641,19.371087352406754
udfXY1v4lks,test,Dataset_Shard_0400000_0499999,1,50,0.7792052996158599,0.7790438532829285,0.1269653197132754,0.05876716984435916,0.016402148432098328,19.88122510172893
wxv1SDr8Kck,test,Dataset_Shard_0400000_0499999,1,50,0.5895510795712471,0.5835341513156891,0.1958920808995962,0.10457095382735133,0.03589547952171415,16.111779699647478
xfv3d809TTc,test,Dataset_Shard_0400000_0499999,1,50,0.589458204805851,0.5987891256809235,0.15574675614743144,0.10511855114251376,0.03845754243433475,15.430428204203938
zHY3o_AprOU,test,Dataset_Shard_0400000_0499999,1,50,0.7083990180492401,0.7770174145698547,0.20508325519877801,0.05313455011695623,0.012166584058431908,21.654115763770456
-Hs-zuBOlQE,train,Dataset_Shard_0000000_0099999,1,50,0.8948579329252243,0.9088292717933655,0.09797361022032511,0.01750064573250711,0.004810303494741675,25.03685399975884
-J04CE5dA74,train,Dataset_Shard_0000000_0099999,1,50,0.8242403680086136,0.8437550961971283,0.10514859110198181,0.0417001826222986,0.011147082938114181,21.590630098131122
-Qoo3Uq5-50,train,Dataset_Shard_0000000_0099999,1,50,0.6862935972213745,0.7526969313621521,0.2234603645956645,0.07526260077953338,0.026223323764279483,18.695803742327683
-bqSDAsWptU,train,Dataset_Shard_0000000_0099999,1,50,0.7182930454611778,0.8283569812774658,0.25578344116447443,0.06738778222352267,0.022808422334492207,19.98341809037246
-tqqp2KwCIQ,train,Dataset_Shard_0000000_0099999,1,50,0.7904453945159912,0.7908844947814941,0.07149686512181049,0.06109257467091084,0.016926081953570246,18.90789855076552
02MD08BgFZ0,train,Dataset_Shard_0000000_0099999,1,50,0.5056115843355655,0.39537760615348816,0.33457642473666765,0.10659017050638794,0.03669430573703721,17.324044446578785
0FxsmwVeriw,train,Dataset_Shard_0000000_0099999,1,50,0.7326829910278321,0.7805797457695007,0.1994644989091927,0.06461051875230624,0.019520635551307352,19.639326730253494
0NN6ySHCHVA,train,Dataset_Shard_0000000_0099999,1,50,0.31551092728972435,0.2350682020187378,0.21647408836623624,0.12249058295041322,0.03435154639184475,15.344075381965524
0TJxBDyP9dw,train,Dataset_Shard_0000000_0099999,1,50,0.7430989265441894,0.783765435218811,0.14396261740671157,0.07296258185058832,0.027337297343183308,17.690061053363173
0U2jrFZuBZM,train,Dataset_Shard_0000000_0099999,1,50,0.7820848077535629,0.8029011189937592,0.11603805131310199,0.04753558387979865,0.011889409052673727,21.225699797839194
0ZSqAjagrVo,train,Dataset_Shard_0000000_0099999,1,50,0.746396310031414,0.7577652633190155,0.17623036999917566,0.06489063550718129,0.020402144488180056,19.802880295647537
0uLJTnNb2Es,train,Dataset_Shard_0000000_0099999,1,50,0.8741248905658722,0.8830821514129639,0.051541843797586216,0.030116157401353122,0.0047375807713251564,24.666407659440466
0w6Ky8PBYSQ,train,Dataset_Shard_0000000_0099999,1,50,0.766468465924263,0.8359907865524292,0.19452806343212184,0.06064801298314706,0.019214728742372244,19.53667694665935
0zLSpoyKV_A,train,Dataset_Shard_0000000_0099999,1,50,0.6017706856131554,0.6111197173595428,0.14056122850862532,0.13509057611227035,0.05665168004110455,13.726312028933426
10gPc7VqgJk,train,Dataset_Shard_0000000_0099999,1,50,0.7179247599840164,0.6831983625888824,0.12577063385370535,0.060503593031317,0.015530095016583801,19.701483232640797
1ER3kxd2RvQ,train,Dataset_Shard_0000000_0099999,1,50,0.8266952300071716,0.8450116813182831,0.06635598082188686,0.043867653012275694,0.015285231797024608,19.6429889892962
1FhZqPfKWjE,train,Dataset_Shard_0000000_0099999,1,50,0.8393746000528336,0.8626106679439545,0.09867055830445996,0.03150024214759469,0.007524219466140494,22.915300116220756
1YmFjGfQGnw,train,Dataset_Shard_0000000_0099999,1,50,0.744959591627121,0.7340565919876099,0.08183712020636348,0.059579968862235544,0.020613713138736785,18.014624836065906
1cMfYuRTDX4,train,Dataset_Shard_0000000_0099999,1,50,0.2317651641368866,0.20343799889087677,0.15386065765652832,0.2281711020693183,0.10205270041478798,10.812928742684571
1heJXaiMZBw,train,Dataset_Shard_0000000_0099999,1,50,0.8499830263853073,0.8865168988704681,0.1239483112777631,0.033524240143597124,0.010478243752731941,22.467730381605516
1hla9mZZWKM,train,Dataset_Shard_0000000_0099999,1,50,0.5878895285725594,0.5859161913394928,0.15843360476246962,0.09910328347235918,0.033940382339060306,15.45076562101836
1jkQfyIl7Kg,train,Dataset_Shard_0000000_0099999,1,50,0.8453419959545135,0.87311190366745,0.12119289533065591,0.034874717518687245,0.0077944233338348564,23.081473738287926
1kyGOkXUEKI,train,Dataset_Shard_0000000_0099999,1,50,0.785483883023262,0.809184730052948,0.11396663781093562,0.07290929643437266,0.023239053355064244,18.48997853910876
27uEnvzS8O4,train,Dataset_Shard_0000000_0099999,1,50,0.5037223544716835,0.4986928850412369,0.1027638861257512,0.09496200516819954,0.028613954931497574,15.995620310131141
2KbVOj8YcRw,train,Dataset_Shard_0000000_0099999,1,50,0.5703673136234283,0.6080431342124939,0.19453805171102523,0.11809862883761525,0.04454876253847033,15.419118530125663
2ZnT6CqmPoQ,train,Dataset_Shard_0000000_0099999,1,50,0.5846494424343109,0.5634800493717194,0.13736310646959848,0.08000121474266052,0.025276899472810328,16.94905284730997
2aDuMKNR8Z0,train,Dataset_Shard_0000000_0099999,1,50,0.7681926345825195,0.7783188819885254,0.12354049580372851,0.04728954432532191,0.013383992840535939,20.473965607391133
2el-ZR4A4D4,train,Dataset_Shard_0000000_0099999,1,50,0.8194974160194397,0.8220573663711548,0.05891371325636176,0.03487427465617657,0.009293965920805931,21.298813357381587
3AR1FxFue7c,train,Dataset_Shard_0000000_0099999,1,50,0.7804821920394898,0.7983628511428833,0.1473748591995083,0.05087406617589295,0.017627355271251872,20.442676305852718
3Cg8-eoNXdY,train,Dataset_Shard_0000000_0099999,1,50,0.7412998223304749,0.7810542583465576,0.15336032692870347,0.07402351747266948,0.03256664930595434,16.966387028316326
3YwJ5Fzodfk,train,Dataset_Shard_0000000_0099999,1,50,0.8596032583713531,0.8858486115932465,0.07911310295242359,0.03131309757940471,0.0066694936074782165,23.390529965013005
3p5gb_JqO78,train,Dataset_Shard_0000000_0099999,1,50,0.6716414368152619,0.7358100414276123,0.1974517283949967,0.07218370715156197,0.020889488914981484,17.977821155145733
3sty8XW-6FU,train,Dataset_Shard_0000000_0099999,1,50,0.7406942877173424,0.8129944801330566,0.1940602278192261,0.048579234955832364,0.013673272279556841,21.01200893511818
3xK6shdTeCs,train,Dataset_Shard_0000000_0099999,1,50,0.7293690359592437,0.7418261170387268,0.10519163379243944,0.049506104299798605,0.011094218374346383,20.51274477133551
49dGxeU0X5E,train,Dataset_Shard_0000000_0099999,1,50,0.7963158649206161,0.8505547046661377,0.16756780815177094,0.03783589793369174,0.008925595813198016,23.370475474158482
4EtAcruEhTI,train,Dataset_Shard_0000000_0099999,1,50,0.7122928565740585,0.6974632740020752,0.14879881130867528,0.08399242025193417,0.03281688850436886,18.807936118784074
4FjwzNlLCdU,train,Dataset_Shard_0000000_0099999,1,50,0.841698055267334,0.8711444139480591,0.10129569622622443,0.03251259982585907,0.008103778915829024,22.614444189469605
4KfWaQz2Qxg,train,Dataset_Shard_0000000_0099999,1,50,0.8820915791392326,0.9049495458602905,0.10924406843297535,0.024500044034793972,0.0070328821113798765,23.43996487192767
4OwtoyYoSKY,train,Dataset_Shard_0000000_0099999,1,50,0.6520895627140999,0.6837377846240997,0.21453687713784497,0.08715667543932795,0.03366335592931136,17.275200127432026
4ZL5KtH01eQ,train,Dataset_Shard_0000000_0099999,1,50,0.6957044836878776,0.7214643955230713,0.1760212682253035,0.07149917888455093,0.025051606833003462,17.729450664178046
4ciVQzZxNkk,train,Dataset_Shard_0000000_0099999,1,50,0.8161730456352234,0.8347978889942169,0.1036626407826389,0.038871166268363594,0.009424672010936774,22.354317361207496
4xuwsEvzX1g,train,Dataset_Shard_0000000_0099999,1,50,0.6892488187551499,0.6998367309570312,0.10459143502762686,0.0660439894348383,0.018106063781306147,18.860273961184838
51bXx1vyjBE,train,Dataset_Shard_0000000_0099999,1,50,0.739353000819683,0.8208025693893433,0.2631300678130716,0.07068702765507623,0.024675729844293528,22.405626120733267
59_VE9iR-fE,train,Dataset_Shard_0000000_0099999,1,50,0.5456947442889214,0.5706632137298584,0.16395819837168016,0.11431929722428322,0.034504703376442195,16.203656300774366
5GLtwzZw3tc,train,Dataset_Shard_0000000_0099999,1,50,0.7067883589863777,0.7393672168254852,0.18608736388753874,0.06367967286730164,0.02099350716279581,21.807759135880538
5HzD-gmSlU0,train,Dataset_Shard_0000000_0099999,1,50,0.6569222217798233,0.6804130673408508,0.1721608604818091,0.07510678336024285,0.028469230483751745,17.426458273926972
5ITYjnz12-Y,train,Dataset_Shard_0000000_0099999,1,50,0.6866970306634903,0.6912289261817932,0.12189818841113215,0.08607332883402705,0.03305293971206993,15.836858999684193
5USYVhzhMes,train,Dataset_Shard_0000000_0099999,1,50,0.6878308135271073,0.7852631211280823,0.2754009479508182,0.06859332133550197,0.019759122523646512,20.78561887014569
5sNeoy5PKug,train,Dataset_Shard_0000000_0099999,1,50,0.7317529207468033,0.7383308410644531,0.10208795670275891,0.05114332852885127,0.016447982124518604,18.95104754289813
5smiMjCVrkg,train,Dataset_Shard_0000000_0099999,1,50,0.7995592391490937,0.8710857033729553,0.17742004312695742,0.049808735083788636,0.018283097081584855,22.045026097401866
6KzSnrEFKlU,train,Dataset_Shard_0000000_0099999,1,50,0.829643606543541,0.9260707795619965,0.2573789353470264,0.037224471205845475,0.011490100162336602,24.489303463742644
6QNI1KTP-uA,train,Dataset_Shard_0000000_0099999,1,50,0.7360920250415802,0.7699500918388367,0.14890724329601895,0.05328215504065156,0.015324299979256465,20.00482102074346
6QeMNsQww3A,train,Dataset_Shard_0000000_0099999,1,50,0.1221690583974123,0.10709060728549957,0.06065344082534967,0.1622662402689457,0.04955026019364595,13.251837615477836
6mmq34Ib8xg,train,Dataset_Shard_0000000_0099999,1,50,0.6929017978906632,0.7345998585224152,0.20202489733221143,0.07243728218600154,0.024057058261241764,18.310672106532802
6oSMlrVPW8w,train,Dataset_Shard_0000000_0099999,1,50,0.8690422248840332,0.8902473449707031,0.08517475757109917,0.028632615078240633,0.00787558056297712,23.220460580891405
6rdUDJMfJQc,train,Dataset_Shard_0000000_0099999,1,50,0.7989776253700256,0.8102085888385773,0.08937985070180882,0.031383599508553746,0.006870776254218071,22.907433089217125
6s1nSHVMZwM,train,Dataset_Shard_0000000_0099999,1,50,0.6728520429134369,0.6731210947036743,0.1520617906508794,0.07375560857355595,0.023304799124598503,17.46949793782342
6ys4etJ1IFg,train,Dataset_Shard_0000000_0099999,1,50,0.42830109372735026,0.41798146069049835,0.1630628895632375,0.1352684660255909,0.04815322088077664,14.410049076934385
77rVIqWlxNU,train,Dataset_Shard_0000000_0099999,1,50,0.853839019536972,0.8704982101917267,0.11704330831854087,0.035665513556450604,0.011458694711327553,21.234265534588694
79n77IIyriY,train,Dataset_Shard_0000000_0099999,1,50,0.6810292869806289,0.7014481127262115,0.1702305955283396,0.10373584675602615,0.04612709048335091,16.495328239686284
7Uke7HVpaeA,train,Dataset_Shard_0000000_0099999,1,50,0.6963735824823379,0.7324031591415405,0.12422303859735123,0.06379802484065294,0.017889840067364274,18.81887917252107
7ZUOn2pZRls,train,Dataset_Shard_0000000_0099999,1,50,0.8226195620000363,0.8550317585468292,0.13400392517875,0.04555026343092322,0.01855435239383951,21.863540039903988
7erD56xKJaM,train,Dataset_Shard_0000000_0099999,1,50,0.34620598793029783,0.2816123515367508,0.23388499072022034,0.19445169327780604,0.09257164262584411,12.468749370595084
7nFvvB200qQ,train,Dataset_Shard_0000000_0099999,1,50,0.7476487031579018,0.7593758702278137,0.1563159833677946,0.05512500923126936,0.017428663421887904,20.022250458883462
7nYRFn4c0B8,train,Dataset_Shard_0000000_0099999,1,50,0.7439876502752304,0.7940335273742676,0.1638995152296632,0.06239053247496486,0.022423631884157656,18.35181760638112
7tf2BC4mC8s,train,Dataset_Shard_0000000_0099999,1,50,0.8648426377773285,0.8874184787273407,0.0716361441352736,0.03906744444742799,0.0067994707613252105,22.935975308475122
87ygy8_a7Uk,train,Dataset_Shard_0000000_0099999,1,50,0.6324770319461822,0.6850489675998688,0.19704631628303096,0.09127997921779751,0.03465786486165598,16.470850286727888
8BgfmtrtmLI,train,Dataset_Shard_0000000_0099999,1,50,0.8583530372381211,0.8744780123233795,0.1085786500275333,0.026870112782344222,0.005828436114825308,24.461577971866788
8Fo-MdmXmBE,train,Dataset_Shard_0000000_0099999,1,50,0.5327554959058761,0.5290607810020447,0.12133323296267438,0.07696143500506877,0.02022705846466124,18.008593508484577
8efNcdaz4zU,train,Dataset_Shard_0000000_0099999,1,50,0.8357080113887787,0.8740567862987518,0.09799501280843831,0.04015937132760882,0.012795011778362095,20.353765885961263
8rYV4ViS9U4,train,Dataset_Shard_0000000_0099999,1,50,0.8375252941250801,0.8981572389602661,0.16266180801241006,0.042798342993482945,0.016707873677951283,23.01227379038275
91wTIWNvkCg,train,Dataset_Shard_0000000_0099999,1,50,0.7977737700939178,0.8384210467338562,0.1379651789073513,0.04102339718490839,0.011463481470709667,21.521529551519876
96ChCVGsYPM,train,Dataset_Shard_0000000_0099999,1,50,0.8014383175969124,0.8582101762294769,0.18597931898924344,0.043391073225066065,0.012895754717465024,21.40437135776051
9AE2GviExXs,train,Dataset_Shard_0000000_0099999,1,50,0.577584370970726,0.605728268623352,0.12695818143216134,0.08402252994477749,0.025526931285858156,16.786928156337957
9MPPZdAWF4U,train,Dataset_Shard_0000000_0099999,1,50,0.8807655847072602,0.8860756456851959,0.06198173417756318,0.03189596336334944,0.008633598349988461,22.147941930611665
9Tq2xbgsGkM,train,Dataset_Shard_0000000_0099999,1,50,0.4869634997099638,0.36266395449638367,0.2740479837522632,0.1426437886059284,0.05048138381680474,15.551331587243151
9lVD-SGOSjg,train,Dataset_Shard_0000000_0099999,1,50,0.26417245864868166,0.22961028665304184,0.14250437732880744,0.18063262358307838,0.07778541767969728,11.739475438938195
9oBVaGfsKf4,train,Dataset_Shard_0000000_0099999,1,50,0.7215427315235138,0.7151520550251007,0.11070041283578419,0.056326762530952694,0.01656425098888576,18.965307044689354
9vQKn6w95ow,train,Dataset_Shard_0000000_0099999,1,50,0.3767398738861084,0.35004790127277374,0.14895252651743782,0.1308490812033415,0.04018872673623264,14.520916355063273
9yQHxxtlxt4,train,Dataset_Shard_0000000_0099999,1,50,0.7917166268825531,0.8302443623542786,0.11129972634166882,0.04739749067462981,0.01172232132870704,21.13590120608816
A2dimG5cbgc,train,Dataset_Shard_0000000_0099999,1,50,0.8091641873121261,0.8352858424186707,0.118932093201749,0.050528864567168055,0.022110590261872856,18.594821057145253
AE1Dd0KPmlw,train,Dataset_Shard_0000000_0099999,1,50,0.7422734019160271,0.8232662677764893,0.23867316054999319,0.059873720217728986,0.017473162221131135,22.658766432548365
AG0EifkPvGY,train,Dataset_Shard_0000000_0099999,1,50,0.5135462373495102,0.5043616741895676,0.23678085532266857,0.107162579074502,0.033795103738084434,16.71230793036689
AKC7bYyldHo,train,Dataset_Shard_0000000_0099999,1,50,0.8941189253330231,0.931499719619751,0.11304999404718948,0.02333784039132297,0.005271932142495644,27.32671901294723
AOHQ0aYQ4QI,train,Dataset_Shard_0000000_0099999,1,50,0.8131634497642517,0.8186352849006653,0.09845930044797808,0.036715147783979774,0.009819792740454431,21.612614194757363
AQ_qy4s9-58,train,Dataset_Shard_0000000_0099999,1,50,0.6567955034971237,0.716507613658905,0.18927960758164972,0.07738800715655088,0.023740683887153863,18.89993139488562
AXEbpZ0lhEM,train,Dataset_Shard_0000000_0099999,1,50,0.6571667420864106,0.6665068566799164,0.11237420605372415,0.06817968312650918,0.021821009842678905,17.50008839473035
Aw4Vaqqq_Eg,train,Dataset_Shard_0000000_0099999,1,50,0.8411490172147751,0.8924663662910461,0.17708398920340543,0.04352903817780316,0.013679714358295314,22.031464823833698
Aymbap8XcG8,train,Dataset_Shard_0000000_0099999,1,50,0.6801801024377346,0.7270365357398987,0.19293687372786705,0.0764869635552168,0.02496029664063826,18.159451810264173
AzqgcU5_3mo,train,Dataset_Shard_0000000_0099999,1,50,0.8088361644744873,0.838265061378479,0.11500952404278113,0.05493013344705105,0.013368559689261018,20.993943989748733
B3np71w5K1c,train,Dataset_Shard_0000000_0099999,1,26,0.6787085338280752,0.792710691690445,0.2692083658645106,0.0815511719108774,0.02760909794820831,20.240483115213753
B3np71w5K1c,train,Dataset_Shard_0100000_0199999,1,24,0.8226081170141697,0.8896974325180054,0.20721384349586225,0.04024426309307216,0.011836652674156622,29.65735474031024
B5IAda_ZR3Q,train,Dataset_Shard_0100000_0199999,1,50,0.6493877805769444,0.7272599935531616,0.2745824968546604,0.07237183860735968,0.024307153488189216,19.717980988416
BDFwFmaztC0,train,Dataset_Shard_0100000_0199999,1,50,0.7385385411977768,0.7749065160751343,0.14136089519920597,0.04895364748314023,0.014453421370126307,20.6554686566124
BI2jJ2nsUaw,train,Dataset_Shard_0100000_0199999,1,50,0.8390245234966278,0.8543468117713928,0.07906637830801243,0.03620591389015317,0.00802574872970581,22.479843387642028
BaGpiUru22U,train,Dataset_Shard_0100000_0199999,1,50,0.7894021397829056,0.791976660490036,0.10307488238047925,0.047300626179203394,0.01298288848483935,21.191470155026213
Bdy36xv68Fs,train,Dataset_Shard_0100000_0199999,1,50,0.7352391350269317,0.7675434648990631,0.1422746653067299,0.06327355645596981,0.017736594818998128,19.36232614749117
BevoiaUK5ao,train,Dataset_Shard_0100000_0199999,1,50,0.8929057252407074,0.9310873746871948,0.1317572055519787,0.02749437349382788,0.009358120493998286,24.127499270457857
C09ZpevuOVk,train,Dataset_Shard_0100000_0199999,1,50,0.6097560960054398,0.6962635815143585,0.20639243527122564,0.10188410874456168,0.03900493168272078,15.677479109988715
C5tgj76oc7E,train,Dataset_Shard_0100000_0199999,1,50,0.6887907671928406,0.7391269207000732,0.1717121814862407,0.07094730822369456,0.020032468349672854,18.505335433561033
CIc39aXlHRY,train,Dataset_Shard_0100000_0199999,1,50,0.7159199196100235,0.7034411728382111,0.1059837064203595,0.05914631471037865,0.015588293343316764,19.283704065796375
CNbMProDX_I,train,Dataset_Shard_0100000_0199999,1,50,0.9152755624055863,0.9322583675384521,0.07879079784016639,0.02175389390438795,0.00509663944481872,26.379962375838886
CRYDNSvrbis,train,Dataset_Shard_0100000_0199999,1,50,0.8750673127174378,0.8918025493621826,0.10215356309063921,0.029394725626334547,0.009366085370565998,25.139371570921526
Ccs73enFclU,train,Dataset_Shard_0100000_0199999,1,50,0.6970552319288253,0.6965066194534302,0.11043359617037811,0.061571381576359274,0.014785609026439488,19.690880981825817
CiYlq0pHhnM,train,Dataset_Shard_0100000_0199999,1,50,0.7485773354768753,0.7730069160461426,0.12527775770104546,0.05679704628884792,0.019413770278915762,18.097735730869832
Cl1w60d8Tqc,train,Dataset_Shard_0100000_0199999,1,50,0.7713237804174423,0.7906352579593658,0.09382343631803601,0.05449780903756619,0.018142830966971814,19.585674781960293
Ctp1DySPKS0,train,Dataset_Shard_0100000_0199999,1,50,0.8558800733089447,0.8729655742645264,0.11634500145340036,0.03793976085260511,0.00980705204536207,24.331992806756006
D2q4s2rE0s_,train,Dataset_Shard_0100000_0199999,1,50,0.741081013083458,0.7592755258083344,0.11280833548616709,0.06563124921172857,0.019846266135573387,18.290113343847608
DN3a8fF6FtU,train,Dataset_Shard_0100000_0199999,1,50,0.9183076620101929,0.9440517127513885,0.07087124731694767,0.017982002296485007,0.002802111949713435,28.256834103881033
DOjCrrrGa5s,train,Dataset_Shard_0100000_0199999,1,50,0.7412067113816738,0.7810890078544617,0.19175835961206336,0.0801267708807427,0.03563968293100004,19.554172643201163
DXcoe1mtinI,train,Dataset_Shard_0100000_0199999,1,50,0.679278592467308,0.6900666952133179,0.11113562098660533,0.06975222393870353,0.01838810575194657,18.11227633860971
DZHdNtwKBMo,train,Dataset_Shard_0100000_0199999,1,50,0.8474509608745575,0.8963631391525269,0.1751639034372142,0.03540074228309095,0.009705289039993658,23.662639390547785
De9wq1vFUVo,train,Dataset_Shard_0100000_0199999,1,50,0.7914404332637787,0.9419180452823639,0.27992835496369517,0.047650823285803195,0.015831573807809037,24.16827268623094
DhitzRyJg4k,train,Dataset_Shard_0100000_0199999,1,50,0.6617799931764603,0.683995395898819,0.17513599641911645,0.07971185932925437,0.025845876156178633,18.875570742003823
DlBR2IuS-_Q,train,Dataset_Shard_0100000_0199999,1,50,0.6208219338953495,0.6978281736373901,0.23308968495980245,0.09573276836425065,0.031060224790126087,17.54845324230676
DpcTinoxOZQ,train,Dataset_Shard_0100000_0199999,1,50,0.7394332838058472,0.7773770987987518,0.1830461739780375,0.06145839405246079,0.01924451271770522,19.582945562572302
DwsiVdwkl_M,train,Dataset_Shard_0100000_0199999,1,50,0.8338111639022827,0.8365356922149658,0.05252277324321962,0.033355120215564964,0.010389322158880531,20.826281143970828
E0OylseYSt8,train,Dataset_Shard_0100000_0199999,1,50,0.8192412167787552,0.854411393404007,0.13924776131303349,0.05005369815975427,0.018015123213408514,20.6958306525181
E5eP26MKE98,train,Dataset_Shard_0100000_0199999,1,50,0.8703619492053986,0.9001282155513763,0.11428183002219984,0.030386221352964638,0.00928492404636927,23.599628928159778
EJiNfGhoa3Y,train,Dataset_Shard_0100000_0199999,1,50,0.766373661160469,0.7955598831176758,0.10111621818317011,0.049916351716965436,0.015289476390462369,19.4965530883178
EQhbPGMfvZU,train,Dataset_Shard_0100000_0199999,1,50,0.8508304846286774,0.8455598950386047,0.06718676299834744,0.03323821874335408,0.010362449715612456,21.386830498941908
F1UNeBWv6Ww,train,Dataset_Shard_0100000_0199999,1,50,0.8343944585323334,0.8644770085811615,0.09741697417014436,0.035998533628880974,0.006082632124889642,24.350718370449243
F1mXo8STM24,train,Dataset_Shard_0100000_0199999,1,50,0.6482851472496987,0.6510715484619141,0.1566980759402968,0.09305091362446546,0.029083084769081325,16.76761905999157
F89GbwV1duU,train,Dataset_Shard_0100000_0199999,1,50,0.5680829030275345,0.6077624261379242,0.14002344547648862,0.08749550998210907,0.028270651921629905,16.0809975658681
FF6KGtNtiwQ,train,Dataset_Shard_0100000_0199999,1,50,0.6240431603789329,0.6499738693237305,0.17488649999726347,0.10821970584103838,0.042780614072689786,16.616552077789407
FFcXOiRGMaU,train,Dataset_Shard_0100000_0199999,1,50,0.6365534219145775,0.6640236973762512,0.16576264530314602,0.08846348315477372,0.028419305346906187,16.352144291500995
FGjqL-YO8E8,train,Dataset_Shard_0100000_0199999,1,50,0.796065319776535,0.8531821668148041,0.16007652593546076,0.05080797201022506,0.019323833695380016,19.736164596574305
FNFe75hIKd4,train,Dataset_Shard_0100000_0199999,1,50,0.8471432697772979,0.8607923984527588,0.07946544515588061,0.03594023145735264,0.00932839935994707,21.798658816164835
FUGgFV3WFig,train,Dataset_Shard_0100000_0199999,1,50,0.7832606238126755,0.7991714477539062,0.10458769831743187,0.059725050963461396,0.01676484217168763,19.08662426553388
FhpkDxLChRA,train,Dataset_Shard_0100000_0199999,1,50,0.7258336991071701,0.7481707632541656,0.15652724152829028,0.06970775071531535,0.02177925408119336,19.499183691913228
Fi_z7GBejhs,train,Dataset_Shard_0100000_0199999,1,50,0.5845048613846302,0.7153763473033905,0.29967390054422655,0.09282780049368738,0.03122778553282842,17.844563148232158
FzpQ92s8Idw,train,Dataset_Shard_0100000_0199999,1,50,0.6859145909547806,0.7128526270389557,0.13485478577353896,0.06448389001190663,0.01708269947906956,18.675565271608807
G5iYNFJuHkc,train,Dataset_Shard_0100000_0199999,1,50,0.7968025788664818,0.8091606199741364,0.1365871565244719,0.047308210814371705,0.016376182740787046,20.892365733740867
G6vEW8-Tk5w,train,Dataset_Shard_0100000_0199999,1,50,0.7720366784930229,0.7919369041919708,0.13902632443579707,0.05031618481501937,0.01510808167164214,21.242906816053214
GVoppuU8cFo,train,Dataset_Shard_0100000_0199999,1,50,0.5597698917984962,0.5653147101402283,0.159083910437205,0.10148625582456589,0.03219369296915829,15.730071562002705
Gi3eUcsqhks,train,Dataset_Shard_0100000_0199999,1,50,0.3956833864748478,0.3543633222579956,0.16026194728114837,0.13108400404453277,0.044883594494313,14.37321691636621
GrND9qai5pY,train,Dataset_Shard_0100000_0199999,1,50,0.6599664533138275,0.6981765925884247,0.1268433299773374,0.07438029408454895,0.020955390045419336,17.669708826337377
HRJ4OhgNX08,train,Dataset_Shard_0100000_0199999,1,50,0.7125909745693206,0.706672728061676,0.1159829441927615,0.05715456400066614,0.01448990014847368,19.46610531441461
HWcwP-2-gBU,train,Dataset_Shard_0100000_0199999,1,50,0.732617762684822,0.7489891350269318,0.12674603104233761,0.06149683278053999,0.017114495078567417,19.405365560671306
HrG_CiyMH7A,train,Dataset_Shard_0100000_0199999,1,50,0.7489154928922653,0.7673115432262421,0.1534314285216981,0.05094152336940169,0.014917562522459776,20.206360856697742
Hvip1xhAJEk,train,Dataset_Shard_0100000_0199999,1,50,0.7394579011201858,0.80824014544487,0.18114966193385657,0.05597476288676262,0.015611744264606386,20.36389876212476
I4YrJCXtmDQ,train,Dataset_Shard_0100000_0199999,1,50,0.8083080518245697,0.8206465840339661,0.10143056932402542,0.03713903385214508,0.010777085641166195,20.689361324247198
IJ6v8unnzlw,train,Dataset_Shard_0100000_0199999,1,50,0.7027657347917556,0.7685661315917969,0.12834720700365432,0.07287596415728331,0.02458015679381788,18.713548639694697
IMYS4tzoiWw,train,Dataset_Shard_0100000_0199999,1,50,0.5999270030856132,0.5979574918746948,0.17184214311930915,0.10558242643252015,0.038292561715934426,15.799882037862977
IWAeIhWK8k0,train,Dataset_Shard_0100000_0199999,1,50,0.7881740522384644,0.8054845333099365,0.10192029877179073,0.03992458393797278,0.010862533412873744,21.760227942353062
IgXDqL9n1yc,train,Dataset_Shard_0100000_0199999,1,50,0.46764435946941374,0.4338619261980057,0.14624304682589995,0.09610982879996299,0.02688177729025483,16.30141360778216
IknWlKwrkqM,train,Dataset_Shard_0100000_0199999,1,50,0.6750000756978989,0.6855992078781128,0.1886514064825956,0.09129225654993206,0.04302484354091576,17.406508703415653
IpeCPBTMsp8,train,Dataset_Shard_0100000_0199999,1,50,0.911544600725174,0.9351259768009186,0.09182904596901349,0.018625221392139794,0.004403800290310756,26.08620455043602
IwlK3JWqWhA,train,Dataset_Shard_0100000_0199999,1,50,0.7651760149002075,0.7704934179782867,0.12886996533170253,0.05008001399226487,0.01267539489781484,20.559992005797397
JF1WHXagVBg,train,Dataset_Shard_0100000_0199999,1,50,0.7770378887653351,0.8099344670772552,0.16454458313545517,0.04570682826451957,0.01238920440984657,20.673300531780715
J_Q3FptXl4E,train,Dataset_Shard_0100000_0199999,1,50,0.6834619560837746,0.7258904874324799,0.15417546267776824,0.07778854412958026,0.025872258446179332,17.951067658042973
JiFbkH4lkEA,train,Dataset_Shard_0100000_0199999,1,50,0.6546007949113846,0.6267524659633636,0.16560233158869733,0.0791110847145319,0.02495101435109973,17.647874658752638
JricrURk4aQ,train,Dataset_Shard_0100000_0199999,1,50,0.7713702476024628,0.773866206407547,0.1325515141840587,0.055392583888024094,0.01703802576404996,19.93698940860147
K1-1564mVaE,train,Dataset_Shard_0100000_0199999,1,50,0.8592518728971481,0.9065872728824615,0.14817470293656002,0.033166146660223605,0.008197602486470714,23.41811341990771
KGDAv4gY0CU,train,Dataset_Shard_0100000_0199999,1,50,0.6858303120732308,0.724001944065094,0.15736739755100906,0.07297658700495958,0.02499151385622099,17.755464451955174
KWLQZy3Trfc,train,Dataset_Shard_0100000_0199999,1,50,0.8971808278560638,0.9289038181304932,0.09650116753739842,0.031526033030822874,0.012734241632570047,22.89592545741073
K_9S0CZoNLw,train,Dataset_Shard_0100000_0199999,1,50,0.33682931676506994,0.29269711673259735,0.17294080156222905,0.17845298327505588,0.06908416939899326,12.479723394090719
KiIkP5rt664,train,Dataset_Shard_0100000_0199999,1,50,0.6842928713560105,0.7006277143955231,0.1461802322761801,0.07396317567676305,0.026937343784375116,17.24515299935032
LABUp-9fzpo,train,Dataset_Shard_0100000_0199999,1,50,0.7905421686172486,0.8015448451042175,0.14031565821174288,0.049141338486224415,0.013218587483279406,20.97037024003951
LCu1WeLTHHs,train,Dataset_Shard_0100000_0199999,1,50,0.6444739416241646,0.6629974246025085,0.19355144963172988,0.09532606672495604,0.031058815703727306,16.604685199300715
LNm-RsObqrI,train,Dataset_Shard_0100000_0199999,1,50,0.49301707953214646,0.4848751872777939,0.1595288577961487,0.0823777219839394,0.020514912952203302,18.87617361449267
LY8eSMG5Zg_,train,Dataset_Shard_0100000_0199999,1,50,0.4052586126327515,0.4018983691930771,0.14252312383142238,0.12832401987165212,0.04465983310714364,14.135920150076034
LqVVbjKegLM,train,Dataset_Shard_0100000_0199999,1,50,0.7824021530151367,0.7984956502914429,0.08546394296709779,0.059968687929213046,0.01748970749322325,18.682194506959107
LsLsb6ON3HA,train,Dataset_Shard_0100000_0199999,1,50,0.7561522442102432,0.7844419777393341,0.15186078115413948,0.061923665292561055,0.022191849045921117,19.521046942152395
LxB4fZIr6QM,train,Dataset_Shard_0100000_0199999,1,50,0.6992766264081002,0.7200199067592621,0.16671716868696293,0.0686123514175415,0.020938387932255866,18.937761810235703
M0U21_jIkjs,train,Dataset_Shard_0100000_0199999,1,50,0.7249148559570312,0.7612437605857849,0.1235911536867049,0.07614159934222699,0.030522767975926398,16.816151599646556
MI9SBkWfYeE,train,Dataset_Shard_0100000_0199999,1,50,0.8495080921053887,0.8688979744911194,0.1374661023319833,0.03836317313835025,0.012451622269582003,21.551012386842448
MKXS5-a6wB4,train,Dataset_Shard_0100000_0199999,1,50,0.7797764068841935,0.8271867632865906,0.1384213710574937,0.05029214784502983,0.016139866125304252,20.011394143372435
MO0BNkMVRUM,train,Dataset_Shard_0100000_0199999,1,50,0.32856238082051276,0.27628520131111145,0.18235964237722488,0.17336438599973916,0.0690871924161911,13.199881623795507
MQ0rcxyT_18,train,Dataset_Shard_0100000_0199999,1,50,0.6819487336277962,0.6889853477478027,0.14001700580372398,0.084166553132236,0.03297415395267308,16.17204082352627
Mb1sAgqD2zk,train,Dataset_Shard_0100000_0199999,1,50,0.8608908814191818,0.8971459865570068,0.12420124126912771,0.032753443168476226,0.008231955065275543,24.963446447015276
MoldpStWdSM,train,Dataset_Shard_0100000_0199999,1,50,0.7914117008447648,0.8057985305786133,0.11842985900748675,0.04428367368876934,0.011751738596940413,21.005360492054304
MwffJW2HSBw,train,Dataset_Shard_0100000_0199999,1,50,0.7796867716312409,0.8161214590072632,0.13193025846625148,0.04460155846551061,0.012553243599832058,21.23786736396892
Mwqts-3PkoQ,train,Dataset_Shard_0100000_0199999,1,50,0.6492122203111649,0.6579914689064026,0.10173874995467312,0.08883874841034413,0.036097273295745254,15.325365298802955
Mz477FcOK1I,train,Dataset_Shard_0100000_0199999,1,50,0.6696583038568497,0.6662803590297699,0.12664649192269514,0.07555137402843684,0.023020576813014487,17.542340049670337
NBZN1K9PE38,train,Dataset_Shard_0100000_0199999,1,50,0.7877841341495514,0.8051195740699768,0.13553845008776627,0.040846679685637356,0.009349921702523715,22.61796854578201
NDEQ8jZEeMg,train,Dataset_Shard_0100000_0199999,1,50,0.7884527158737182,0.7880517542362213,0.11128950880591992,0.057690354296937585,0.014821934000356123,20.903450848297457
NNaNjLEnyCc,train,Dataset_Shard_0100000_0199999,1,50,0.8604134082794189,0.8669988512992859,0.07059356188130018,0.03956803231500089,0.01634538920246996,19.716965412801816
NSBXNBFcSM_,train,Dataset_Shard_0100000_0199999,1,50,0.7014364269375801,0.7528302669525146,0.18745191708715322,0.06504752877750435,0.019579813221104296,21.496898018382876
NTl51OfTzPY,train,Dataset_Shard_0200000_0299999,1,50,0.6205850756168365,0.7359364032745361,0.2938723661690872,0.09260129468515516,0.03266678381361999,19.126661380536362
Nd5eAZn0k8Q,train,Dataset_Shard_0200000_0299999,1,50,0.784932033419609,0.7989464998245239,0.0948556607592888,0.04291912969201803,0.009817488809349016,21.297548356703615
Nenwue8ACQE,train,Dataset_Shard_0200000_0299999,1,50,0.6955652272701264,0.753129631280899,0.17613147451869732,0.07380173139274121,0.023957825116813183,17.907648394905298
NjNROlXjW5I,train,Dataset_Shard_0200000_0299999,1,50,0.791947858929634,0.8095450699329376,0.10579687191957465,0.045373068880289795,0.011411652428796515,21.415055729748683
NnlJ2WtQxhw,train,Dataset_Shard_0200000_0299999,1,50,0.769131350517273,0.7917580008506775,0.12468839042253203,0.04174374734982848,0.008907440839102491,22.66563924108833
NsLZGmOq9MM,train,Dataset_Shard_0200000_0299999,1,50,0.8805343145132065,0.9100670516490936,0.1303840400437886,0.03610853060614318,0.015124179678969086,22.809300347389502
Nt95VxNw1JA,train,Dataset_Shard_0200000_0299999,1,50,0.7563315689563751,0.7669612765312195,0.10166628204036422,0.05222945030778647,0.013123628934845328,19.703251503376535
NumylOGDIqs,train,Dataset_Shard_0200000_0299999,1,50,0.6910609844326973,0.7852618992328644,0.26055297377868375,0.0793030896782875,0.025596702761831694,17.886701580445525
O6svjbPlqR0,train,Dataset_Shard_0200000_0299999,1,50,0.8183966094255447,0.8542458713054657,0.12297403608301433,0.04098557706922293,0.011650526702869684,21.316857569007137
OOXpm9RUBr4,train,Dataset_Shard_0200000_0299999,1,50,0.6731716091930866,0.708059698343277,0.19307413299368162,0.08155959166586399,0.03102531381358858,18.011081324629334
Oh6s2ckLVCc,train,Dataset_Shard_0200000_0299999,1,50,0.8275811421871185,0.8450286984443665,0.09527422236498283,0.04860833330079913,0.012477421022485941,20.850012571525244
P42sNbDRQVI,train,Dataset_Shard_0200000_0299999,1,50,0.6451867154240608,0.7549356520175934,0.24438815964187313,0.13419323866837657,0.06052258554279888,17.594993811964503
PAp-oCbJbao,train,Dataset_Shard_0200000_0299999,1,50,0.8122114753723144,0.8571399450302124,0.12872615109214885,0.04089005315676331,0.007921396736055613,23.808003729819283
PBh8_Cc90uw,train,Dataset_Shard_0200000_0299999,1,50,0.6205070319771767,0.6108863353729248,0.14638651512535578,0.0682044636271894,0.01963946394622326,17.994403846471744
PCuj0aU8-4E,train,Dataset_Shard_0200000_0299999,1,50,0.7040043258666993,0.7092728614807129,0.12254440172788449,0.06102752648293972,0.01675813175737858,18.96587981992914
PF0ym46Ji90,train,Dataset_Shard_0200000_0299999,1,50,0.587421481013298,0.5768311619758606,0.18713387259102957,0.1150413117930293,0.046365075609646735,15.106247870882271
PGb6eporHd4,train,Dataset_Shard_0200000_0299999,1,50,0.6631465119123459,0.7102427780628204,0.14574695368680682,0.06882129315286875,0.02075209891423583,18.2789913651284
PVyHZ65Fny0,train,Dataset_Shard_0200000_0299999,1,50,0.4654466634988785,0.4425749331712723,0.2298873331532649,0.14075105547904967,0.05672711660154164,14.054828672684744
Pft9pKcpJfQ,train,Dataset_Shard_0200000_0299999,1,50,0.8133555987477302,0.9113037586212158,0.24418448816393137,0.03645053836517036,0.01078691824222915,23.758667143580546
Pxfgv-VzJb8,train,Dataset_Shard_0200000_0299999,1,50,0.8588398575782776,0.87819904088974,0.10118267402297752,0.03708163087256253,0.012142594102188013,22.051018306919833
Q3-hgENLscU,train,Dataset_Shard_0200000_0299999,1,50,0.642852647304535,0.6946539878845215,0.1707857360220208,0.08912206577137112,0.027647990612313152,17.252611549354384
QGuO3Ikm9L0,train,Dataset_Shard_0200000_0299999,1,50,0.8300655013322831,0.8481095433235168,0.13910564314785975,0.044979538762709124,0.012418848214074386,23.26134794396959
QPaAUPP0L2s,train,Dataset_Shard_0200000_0299999,1,50,0.2987592327594757,0.21235499531030655,0.2140403239333769,0.1436421868391335,0.04894146507838741,14.162088582428476
QRGS3EjB5I4,train,Dataset_Shard_0200000_0299999,1,50,0.5573483824729919,0.6094301044940948,0.20206215142571363,0.08366181820631027,0.02253485731780529,17.856572826042406
QZqfMruo1-w,train,Dataset_Shard_0200000_0299999,1,50,0.6034882494807243,0.6279755532741547,0.1577329037826845,0.0968323703110218,0.03434470505453646,16.632116306257327
R2AgAYViA-Q,train,Dataset_Shard_0200000_0299999,1,50,0.7178700190782547,0.749890148639679,0.1382031989413776,0.07480705306865275,0.026623167946818283,18.094360511156953
R8C5qDxBYj0,train,Dataset_Shard_0200000_0299999,1,50,0.7362674438953399,0.762718915939331,0.1668125084954179,0.05956495054066181,0.015837050075642765,20.44865803761115
ROt4Y-lkzD8,train,Dataset_Shard_0200000_0299999,1,50,0.857475848197937,0.8789128661155701,0.07837140775062415,0.04026838658377528,0.011505276436218992,21.611839670507393
RUu5-e13gZw,train,Dataset_Shard_0200000_0299999,1,50,0.6716931229829788,0.7507652342319489,0.2296665987723699,0.0976145853009075,0.03962782666669227,16.221252583030275
RWeESNvnYQs,train,Dataset_Shard_0200000_0299999,1,50,0.836320276260376,0.8890485167503357,0.1293808212079605,0.039735544277355074,0.01089372563525103,22.994173246515732
RXnWs2i_f2w,train,Dataset_Shard_0200000_0299999,1,50,0.7034617167711258,0.7131560444831848,0.15976615748077397,0.07280704323202372,0.02114500865340233,18.74331831934419
RjAhTdGaZpw,train,Dataset_Shard_0200000_0299999,1,50,0.7674055615067482,0.7933597564697266,0.12126633256045992,0.06465939566493034,0.016257235808297993,20.05365297225119
RrCuR6tPFxI,train,Dataset_Shard_0200000_0299999,1,50,0.7779963755607605,0.767744243144989,0.08389506109690963,0.04307067275047302,0.010706504601985216,20.85979937786632
S9MeH6oej30,train,Dataset_Shard_0200000_0299999,1,50,0.7795405250787735,0.7953794300556183,0.10675764054302235,0.0650589581951499,0.02466290266951546,17.57030051255501
SJcqdf3mIc8,train,Dataset_Shard_0200000_0299999,1,50,0.9706574189662933,0.9953648447990417,0.10187621394050692,0.014033600226975978,0.005434381446102634,36.755979779250495
SWqtN9u71FI,train,Dataset_Shard_0200000_0299999,1,50,0.7330693642795086,0.8044166564941406,0.24520613655646545,0.06570207596989348,0.022383290313591715,20.879871018847904
SjbNwQc9Uko,train,Dataset_Shard_0200000_0299999,1,50,0.828728073835373,0.8321435451507568,0.09536819483912623,0.04125843862537295,0.012384599926008377,20.98423100651594
SpUWKtLtTN8,train,Dataset_Shard_0200000_0299999,1,50,0.7018146711587906,0.8156215250492096,0.20403025205394446,0.06960535069927573,0.02610256876330823,19.108103801802063
SrkeG7CkkJY,train,Dataset_Shard_0200000_0299999,1,50,0.6663097819685936,0.7173798382282257,0.1602544471098374,0.07976905565708875,0.028887514919042588,16.8139842966893
SsxtoWJHb4o,train,Dataset_Shard_0200000_0299999,1,50,0.8270165377855301,0.8754661083221436,0.18586807326578103,0.042617518585175276,0.011521695974515751,22.26672234851703
TDCUZ3rN6H8,train,Dataset_Shard_0200000_0299999,1,50,0.6720019263029099,0.6687961518764496,0.10820778786826796,0.07420128773897887,0.021959584739524873,17.435193464381193
TLUD5I3rzoc,train,Dataset_Shard_0200000_0299999,1,50,0.7885161077976227,0.7858315408229828,0.09364620804198007,0.050462960246950385,0.01206289881374687,20.12938767098281
T_FBIBGomLM,train,Dataset_Shard_0200000_0299999,1,50,0.7714795392751693,0.7840143740177155,0.11909762663038165,0.0479952828027308,0.01441601523256395,20.18974044585387
TcjaEAyS8ts,train,Dataset_Shard_0200000_0299999,1,50,0.6871528083086014,0.6745065152645111,0.12612516153943865,0.06039608491584659,0.0191260681670974,18.82208405188604
TlGCU7dVYvo,train,Dataset_Shard_0200000_0299999,1,50,0.7943026357889176,0.8339474499225616,0.15172777024947912,0.04945435686968267,0.01363229087786749,21.7506113892344
Tn_MfGExzrw,train,Dataset_Shard_0200000_0299999,1,50,0.7477915585041046,0.7556276023387909,0.08863630621614851,0.04242080081254244,0.009715585883241147,21.51536462187309
TqH1zY7HkZE,train,Dataset_Shard_0200000_0299999,1,50,0.6940529379248619,0.7772341668605804,0.2207725949569225,0.09086164863780141,0.036208560063969344,17.99378066316687
TxDFFE1BV8k,train,Dataset_Shard_0200000_0299999,1,50,0.8098890525102616,0.856154203414917,0.16026745444083607,0.047940848264843225,0.012658578241243959,21.942167409704606
U5_e_c9A3Rc,train,Dataset_Shard_0200000_0299999,1,50,0.810093914270401,0.8068140745162964,0.08329499955648649,0.039610132602974774,0.012205174539703876,21.165173393423075
U7HzviIwyfs,train,Dataset_Shard_0200000_0299999,1,50,0.30990971222519875,0.22671598941087723,0.2054332635154006,0.21652641110122203,0.09634129501879216,11.82146947015602
UFtV7H3fdIs,train,Dataset_Shard_0200000_0299999,1,50,0.6389132678508759,0.5823541879653931,0.18753334121007242,0.07403196224942804,0.021681540324352683,18.588246842963017
UQfPmUjyJUM,train,Dataset_Shard_0200000_0299999,1,50,0.6489371645450592,0.6652835607528687,0.13231465065153444,0.09798515234142542,0.034787095068022605,15.53730576795677
UTkGQGJkQcM,train,Dataset_Shard_0200000_0299999,1,50,0.34741376362740994,0.3229884058237076,0.20286179569844143,0.1707727561891079,0.07004747344180942,12.837716505032484
UVKesI-XW-I,train,Dataset_Shard_0200000_0299999,1,50,0.5598440241813659,0.5710155665874481,0.11523911854212472,0.08239259492605924,0.022620863155461846,17.237030600101193
UhLOi799970,train,Dataset_Shard_0200000_0299999,1,50,0.8125233238935471,0.8331601023674011,0.10250328403005823,0.04694035824388266,0.014074908117763699,19.96224488875901
Ursk6DLqdv4,train,Dataset_Shard_0200000_0299999,1,50,0.8501026463508606,0.8578626215457916,0.07326250970937916,0.026873286366462707,0.004996392313041724,24.43616883649244
UzHgEVKrIqc,train,Dataset_Shard_0200000_0299999,1,50,0.7103889185190201,0.7295571863651276,0.14545745002709756,0.07822074146941305,0.029252954630646855,17.20775756549879
WNqNsRzvBvo,train,Dataset_Shard_0200000_0299999,1,50,0.8749801725149154,0.8926289081573486,0.09977305373669744,0.019719648640602827,0.003628143968526274,26.655087317166657
WQGAJwFwH0w,train,Dataset_Shard_0200000_0299999,1,50,0.7444091212749481,0.7352488040924072,0.12393075847085648,0.05727259060367942,0.01775657946127467,19.307415413463886
WRYnLiiVC_o,train,Dataset_Shard_0200000_0299999,1,50,0.7026152995228767,0.7443265020847321,0.19910669498721237,0.06281497973017394,0.019290327650960535,19.91464772565773
WaNC6Haohmo,train,Dataset_Shard_0200000_0299999,1,50,0.8737821960449219,0.885831892490387,0.07253421262675208,0.03243876872584224,0.006332845935830846,23.19901179279514
WomgOCKLrVc,train,Dataset_Shard_0200000_0299999,1,50,0.7406916880607605,0.7517513334751129,0.09344137580633402,0.05915620280429721,0.019484311398118733,18.021008316830777
Wxgkda9YiHw,train,Dataset_Shard_0200000_0299999,1,50,0.49870583936572077,0.5037258863449097,0.23803576148228361,0.10877635909244418,0.03967126819537953,16.969621525667222
WzV4jMKBeew,train,Dataset_Shard_0200000_0299999,1,50,0.7290396535396576,0.8139088749885559,0.19668155084601854,0.06078961931169033,0.018139775693416595,19.296637283998336
X5tZRyCgJK8,train,Dataset_Shard_0200000_0299999,1,50,0.6845680826902389,0.7024015486240387,0.14020061360427136,0.07004429524764419,0.021308230147697033,18.264349355771635
X7orN2iRgls,train,Dataset_Shard_0200000_0299999,1,50,0.7915830010175705,0.8098909854888916,0.11990671269875758,0.03997953716665506,0.009628293827408924,21.621097917020837
XCsmC9bEuDg,train,Dataset_Shard_0200000_0299999,1,50,0.9078179454803467,0.9187351763248444,0.0533226514974894,0.020440800548531115,0.003756003463349771,26.431870851674613
XHK8f0jmGFw,train,Dataset_Shard_0200000_0299999,1,50,0.8054099822044373,0.8133299946784973,0.054086413233090436,0.04794705659151077,0.011855994774959982,20.21581500894781
XK0SUybge_0,train,Dataset_Shard_0200000_0299999,1,50,0.7238375896215439,0.7400446236133575,0.17927548236698798,0.059290666189044716,0.01818996385089122,19.654859507373786
XRtazMBnC9Y,train,Dataset_Shard_0200000_0299999,1,50,0.8310505229234696,0.8467751145362854,0.10135331666408828,0.04527410689741373,0.016035564076155424,19.523922896735865
XSkVffeCQ8c,train,Dataset_Shard_0200000_0299999,1,50,0.8166181194782257,0.8130038976669312,0.12759900567152926,0.049391701554413886,0.014978715028410078,21.314580128704943
Xb5EGVKJPoI,train,Dataset_Shard_0200000_0299999,1,50,0.6525688138604164,0.6866840422153473,0.1667112551409556,0.09242929209023715,0.03221764064393937,16.007704005555247
XhaQLBKD6Sc,train,Dataset_Shard_0200000_0299999,1,50,0.4360525757074356,0.4067910462617874,0.17885564197584652,0.14678183071315287,0.052578460900112985,13.657882168808266
Xkv0iBd50dQ,train,Dataset_Shard_0200000_0299999,1,50,0.6227845817804336,0.6977554559707642,0.19875326094781778,0.08747430130839348,0.03009976167231798,15.955424383562534
Xr0VL5ak2YA,train,Dataset_Shard_0200000_0299999,1,50,0.7572937130928039,0.7700765132904053,0.06678343239126033,0.05540380392223596,0.01650237406603992,18.277132073365273
Y1rsLA_zWpw,train,Dataset_Shard_0200000_0299999,1,50,0.7394012969732284,0.7532317340373993,0.09379567971517012,0.050778906755149365,0.012744897664379095,19.940485408954657
YLFEJ_74Qps,train,Dataset_Shard_0200000_0299999,1,50,0.7573782885074616,0.7764873504638672,0.13330258405468437,0.061167947351932525,0.02535505228675902,17.895770820047023
YTTraNue048,train,Dataset_Shard_0200000_0299999,1,50,0.4256437933444977,0.42985738813877106,0.18685717193273063,0.12662749771028758,0.038109095059335234,15.246083718553988
YUA8cOH4wTA,train,Dataset_Shard_0200000_0299999,1,50,0.6868303632736206,0.7028239369392395,0.1191346977451751,0.06403137248009444,0.02160628848709166,17.537561793073895
Yg5Ssy3qkgQ,train,Dataset_Shard_0200000_0299999,1,50,0.7016378840804101,0.7526817321777344,0.20590160429449572,0.06337957501411438,0.017730049637611954,19.514325558691713
Ykj7lbApeTs,train,Dataset_Shard_0200000_0299999,1,50,0.8430118337273598,0.875767171382904,0.12260041099728042,0.040833231061697006,0.013058332765940577,20.93040797385241
YweVXE4EVWM,train,Dataset_Shard_0200000_0299999,1,50,0.7843502306938172,0.809520423412323,0.13264539213358958,0.0453820573259145,0.012122372667072341,21.220423072248956
Z3wah38KgoA,train,Dataset_Shard_0200000_0299999,1,50,0.8254446613788605,0.8324207365512848,0.09872962637339372,0.03348402171395719,0.007170446674572304,23.326875907805253
ZBsE2JWimj0,train,Dataset_Shard_0200000_0299999,1,50,0.7475765627622605,0.7695328891277313,0.11750064413845526,0.06302578253671527,0.02300642691552639,17.593134354437723
ZPGB4_jJCyc,train,Dataset_Shard_0200000_0299999,1,50,0.5681772723793983,0.6344726383686066,0.23029560157259032,0.0917258856445551,0.027351372770499437,17.84278161652354
Z_Nk-d3D3VI,train,Dataset_Shard_0200000_0299999,1,50,0.8349704432487488,0.8446232974529266,0.04919412459854015,0.030824809893965723,0.006311129189562052,22.717812432921313
ZbjWbqnnYyE,train,Dataset_Shard_0200000_0299999,1,50,0.8095796692371369,0.8427188396453857,0.13450546132184388,0.048360261926427485,0.014230412571632768,21.307569425932485
Zcn7rbz3Xqc,train,Dataset_Shard_0200000_0299999,1,50,0.7475743249058724,0.7545850872993469,0.11824251694605321,0.05497749000787735,0.017697451855055987,19.21549066691215
aIi6zkwglCM,train,Dataset_Shard_0200000_0299999,1,50,0.8147154426574708,0.8692692816257477,0.2015442475607944,0.045087757968503867,0.013737603085819785,24.670921937402564
aKAbodQ83uk,train,Dataset_Shard_0200000_0299999,1,50,0.7568256357312202,0.7928546965122223,0.15514594119282318,0.060663497913628815,0.016860049101524055,20.135743311624633
aUad-7rZkQE,train,Dataset_Shard_0200000_0299999,1,50,0.8888306283950805,0.9066466987133026,0.059524921622442745,0.02655079124495387,0.0069216936209704726,24.434360773566336
aq7naPyd_ps,train,Dataset_Shard_0200000_0299999,1,50,0.9112745922803879,0.9331828653812408,0.09851468400114842,0.020499750636518002,0.0050764627795433625,24.740911656638076
aykwHkSTKps,train,Dataset_Shard_0200000_0299999,1,50,0.8083384376764298,0.832909345626831,0.13667463858380552,0.03796683056280017,0.009925146363675594,23.26803199393048
b4wQRPqpcHo,train,Dataset_Shard_0200000_0299999,1,50,0.7674525162577629,0.8063367009162903,0.16692898786001056,0.06689880727790296,0.024776591046829707,17.964491885745836
b7nnK-iWh_s,train,Dataset_Shard_0200000_0299999,1,1,0.9291102290153503,0.9291102290153503,0.0,0.015725795179605484,0.001976924017071724,27.040100224418246
b7nnK-iWh_s,train,Dataset_Shard_0300000_0399999,1,49,0.8538785467342455,0.8584876656532288,0.07992927118814303,0.03425474934355945,0.008163840051417296,22.762194346747915
bDs_lr_2dpg,train,Dataset_Shard_0300000_0399999,1,50,0.9239732325077057,0.9451059103012085,0.05249810557930988,0.02248892830684781,0.004656151276431046,26.18229753844551
bGaEvKvZWas,train,Dataset_Shard_0300000_0399999,1,50,0.7632042956352234,0.7597583532333374,0.0639623899722207,0.053040333688259125,0.01943445347249508,17.76667370196161
bQ869A6Z27I,train,Dataset_Shard_0300000_0399999,1,50,0.6162052300572395,0.6570638418197632,0.1653798401309704,0.08056244604289532,0.027824888424947857,16.448716030560956
bf8S2Tnk5-c,train,Dataset_Shard_0300000_0399999,1,50,0.7400531530380249,0.7349933683872223,0.09835744231092719,0.06231397714465856,0.014173791098874062,20.260438312660817
bkQ5uGu5qE8,train,Dataset_Shard_0300000_0399999,1,50,0.7765244826674461,0.8578599095344543,0.2234213703026374,0.04508933520875871,0.011949955528252757,21.96972133239735
bnVPLUTCR7U,train,Dataset_Shard_0300000_0399999,1,50,0.6629629388451577,0.6908717155456543,0.16665364065239593,0.08005975578911602,0.02642067875247449,17.47858315778722
btNRAupsVCA,train,Dataset_Shard_0300000_0399999,1,50,0.7514349040389061,0.786997377872467,0.1964851938220279,0.054456007042899726,0.017568147936835886,19.94375185513361
c2Gd126Ko_w,train,Dataset_Shard_0300000_0399999,1,50,0.527404897660017,0.508380338549614,0.24177520748453923,0.1297680114209652,0.05139950523618609,14.860022912658986
c7Al1YuIwUI,train,Dataset_Shard_0300000_0399999,1,50,0.798832919895649,0.8692819774150848,0.19332921502504843,0.03671827525831759,0.009344497765414416,22.6563863724243
cCQSFjK9mhw,train,Dataset_Shard_0300000_0399999,1,50,0.8968421918153763,0.9389522969722748,0.14501614615864833,0.02886842206120491,0.010209607532669907,26.694077652495842
cF3FypUIZhA,train,Dataset_Shard_0300000_0399999,1,50,0.7440515637397767,0.7466079294681549,0.1395797181288341,0.06202744917944074,0.02192069949116558,18.060258274031668
cFUZYGRYK94,train,Dataset_Shard_0300000_0399999,1,50,0.2332877506315708,0.1837267428636551,0.17470369023299923,0.23029245361685752,0.09623395853675902,10.833444997419768
cPcyix9lBG0,train,Dataset_Shard_0300000_0399999,1,50,0.6537446856498719,0.641337126493454,0.1006433803420757,0.07194860327988863,0.02400081465486437,17.206242352765404
cQAkgnu0KNE,train,Dataset_Shard_0300000_0399999,1,50,0.809678393304348,0.8171713650226593,0.11220993099754098,0.05183990322053433,0.013311882653506473,20.414185725187053
cTIbhq8KHSM,train,Dataset_Shard_0300000_0399999,1,50,0.736259600520134,0.82282555103302,0.22566782796634877,0.06803200839087367,0.021280084361787886,19.888104048665426
ciLvB2zwaOE,train,Dataset_Shard_0300000_0399999,1,50,0.6889850217103958,0.7002656757831573,0.13584776624940348,0.07769713448360563,0.02225355255883187,17.75385294803039
ck3jZjhnQ84,train,Dataset_Shard_0300000_0399999,1,50,0.8135843801498414,0.8373041749000549,0.12354649824201576,0.034844084149226545,0.00857024029479362,23.395852016483943
cqUD7jK9olE,train,Dataset_Shard_0300000_0399999,1,50,0.6983814251422882,0.7149774730205536,0.15258260268969293,0.061730444382410495,0.01917191615983029,18.923950845241475
cxKVZ0NO0V4,train,Dataset_Shard_0300000_0399999,1,50,0.7261363053321839,0.7807091772556305,0.14867282907157683,0.0705898174084723,0.022880548394750802,18.325770578385562
d21L6jFe6C8,train,Dataset_Shard_0300000_0399999,1,50,0.6652478051185607,0.6933059692382812,0.12983449583320822,0.07886085268110037,0.022373484340496363,18.191336336100495
d9IvvjcFxp8,train,Dataset_Shard_0300000_0399999,1,50,0.8930050373077393,0.899418979883194,0.0637032544938416,0.030738815488293766,0.012303928507026284,21.0228526154155
dadeCjt1zZ8,train,Dataset_Shard_0300000_0399999,1,50,0.6227324411273003,0.6281969547271729,0.12744784987828114,0.0830313516408205,0.029821208445355296,16.347635598676867
dpttD5WWzs0,train,Dataset_Shard_0300000_0399999,1,50,0.6857541398704052,0.7120597064495087,0.12438407095508765,0.07500858623534441,0.0237830299558118,17.415891612024822
dtf0Qt8rCPE,train,Dataset_Shard_0300000_0399999,1,50,0.7195917356014252,0.7337095141410828,0.12164535419330263,0.05765683209523559,0.0170028019673191,19.118416343020932
e63J3OFgS7M,train,Dataset_Shard_0300000_0399999,1,50,0.798697156906128,0.8060718476772308,0.10968182055488429,0.0551097019482404,0.019374434741330333,20.203378634520718
eAyLA25v2ls,train,Dataset_Shard_0300000_0399999,1,50,0.501225995272398,0.5185088217258453,0.2222837684807855,0.12544032994657756,0.04492613914422691,15.182570079095665
eC9gwP4mNPQ,train,Dataset_Shard_0300000_0399999,1,50,0.6110445156693458,0.6174609363079071,0.12717848217730948,0.09362915754318238,0.030284055168740453,16.530693615532382
ePQhPKVW2vk,train,Dataset_Shard_0300000_0399999,1,50,0.709481115937233,0.7235057055950165,0.15367449929674779,0.06877540245652199,0.023157428991980852,18.433176417437366
eVYUkO383bM,train,Dataset_Shard_0300000_0399999,1,50,0.7141868185997009,0.7282841503620148,0.16684904530131517,0.0647064891923219,0.020335616724914872,19.287142193939715
eg5ydF06A9U,train,Dataset_Shard_0300000_0399999,1,50,0.7995551979541778,0.8048506677150726,0.07622496164196653,0.05128846740350127,0.020450603934004902,18.127032960824497
euGB9ACrIrg,train,Dataset_Shard_0300000_0399999,1,50,0.6785423558950424,0.716757208108902,0.1486464243258826,0.07404147122055292,0.02446557242888957,17.690311135759753
f10cdSfKzdc,train,Dataset_Shard_0300000_0399999,1,50,0.6410029426217079,0.6887782514095306,0.18096638582264185,0.0842011584341526,0.02755269401706755,17.42987881022932
fGK4CtMVIGk,train,Dataset_Shard_0300000_0399999,1,50,0.8213947123289108,0.8488567471504211,0.11411480612601918,0.04538197971880436,0.01832477005198598,18.918548001291555
fJ0BU_4rY28,train,Dataset_Shard_0300000_0399999,1,50,0.7388294121623039,0.7659917771816254,0.1548731757747995,0.07325201397761702,0.0248239916539751,18.119688446839003
fM0ea2tSBNQ,train,Dataset_Shard_0300000_0399999,1,50,0.8096302503347397,0.8545827567577362,0.17311456624951943,0.035322770387865604,0.009282231498509645,23.648356617501474
fVXYoBINHcs,train,Dataset_Shard_0300000_0399999,1,50,0.6441275095939636,0.6683372259140015,0.13735606089017421,0.09592283442616463,0.03470543229021132,15.425879280349942
fcmXnubsug8,train,Dataset_Shard_0300000_0399999,1,50,0.6434820601344109,0.7105608880519867,0.23472834952642635,0.1060737152211368,0.037675648583681325,17.80697302602807
fj1Kji79nQ8,train,Dataset_Shard_0300000_0399999,1,50,0.8011271610856057,0.825604259967804,0.146318354590304,0.053265306316316124,0.020577977309003473,18.903835290909946
g0YkYrnLS_A,train,Dataset_Shard_0300000_0399999,1,50,0.7221277298033237,0.7499538064002991,0.19515658465236865,0.08018127672374248,0.03255250754300505,18.086857655703607
g6LFKsNbbnw,train,Dataset_Shard_0300000_0399999,1,50,0.6367121404409408,0.7188784182071686,0.2015169108063727,0.12678106293082236,0.04830278724431992,13.937489231509726
gFTV_Kjw3OE,train,Dataset_Shard_0300000_0399999,1,50,0.807448074221611,0.8108901977539062,0.09034815779206448,0.03712031155824661,0.011096248382236808,21.297250490285478
gKgHFMHDn3g,train,Dataset_Shard_0300000_0399999,1,50,0.497888805270195,0.47945795953273773,0.16415885433561275,0.11686344441026449,0.036158356694504616,15.465161772174236
gQW3RFC0ofo,train,Dataset_Shard_0300000_0399999,1,50,0.8236512485146522,0.8868151605129242,0.1960999158783885,0.03946833643130958,0.012271338802238461,23.839279677574254
gQmCY2PXvtQ,train,Dataset_Shard_0300000_0399999,1,50,0.8476767182350159,0.86992347240448,0.09430738210399815,0.03560656763613224,0.00996029142057523,22.13646946026872
gRZZVFAq8-s,train,Dataset_Shard_0300000_0399999,1,50,0.7168692350387573,0.743321418762207,0.15449632993014734,0.059057704955339435,0.01750526313437149,19.196096144815193
gZNb0Jwiu7c,train,Dataset_Shard_0300000_0399999,1,50,0.5811256822943688,0.6171308159828186,0.1574018392835884,0.11380724802613258,0.03168708615005016,15.915456727886733
gcMtz5Gyj2A,train,Dataset_Shard_0300000_0399999,1,50,0.9498363208770751,0.9658685326576233,0.045209761166597764,0.013066359739750623,0.0028010086866561324,29.118413047474245
gcsbxVIuYr4,train,Dataset_Shard_0300000_0399999,1,50,0.5661104106903077,0.5303120911121368,0.1670260525082982,0.06400023048743606,0.016044962730957193,19.554255521557632
gdh2-9qm8fE,train,Dataset_Shard_0300000_0399999,1,50,0.7555708998441696,0.7484102845191956,0.1148824918529586,0.0681165435910225,0.027328754819463938,17.7726750482124
gpSJUuKG1rY,train,Dataset_Shard_0300000_0399999,1,50,0.7646982407569886,0.7716223895549774,0.1119072485027904,0.05452642658725381,0.016107966527342796,19.297985150934277
gtUBWqX0ceM,train,Dataset_Shard_0300000_0399999,1,50,0.5291480562090873,0.4720929265022278,0.2357161937575799,0.11511803600937127,0.03975416290573776,15.80849914419297
h6yjx26N9WE,train,Dataset_Shard_0300000_0399999,1,50,0.8048683506250381,0.8153172731399536,0.10001238221763638,0.03599512477405369,0.008743398060905747,22.54830532039111
hT-ia0Oj-VE,train,Dataset_Shard_0300000_0399999,1,50,0.3698249801248312,0.31465186178684235,0.20096151625517278,0.1544839882105589,0.0537478923983872,14.138547929287306
haSfscv0K_Q,train,Dataset_Shard_0300000_0399999,1,50,0.686476301252842,0.7130629122257233,0.12686099195161504,0.07679524974897504,0.02753747616428882,16.765310182803127
hds-48OBLUc,train,Dataset_Shard_0300000_0399999,1,50,0.8616726303100586,0.8980244994163513,0.08247214928105057,0.023771612867712975,0.004609365803771652,25.518253325094634
hgp1tH8T4qA,train,Dataset_Shard_0300000_0399999,1,50,0.8690803208947182,0.908100962638855,0.13498900281798804,0.035931359846144914,0.01341805352945812,22.153125810826168
hw40llsYXWQ,train,Dataset_Shard_0300000_0399999,1,50,0.7384719181060792,0.7748328447341919,0.15278732974053402,0.06697995847091079,0.02367921556578949,17.986485365037435
hyxtYzAFcv8,train,Dataset_Shard_0300000_0399999,1,50,0.6419024807214737,0.6724935472011566,0.13746223523425558,0.07128837183117867,0.017554092246573418,19.09203608845834
iNEWcQaXeKw,train,Dataset_Shard_0300000_0399999,1,50,0.3435248997807503,0.3052530288696289,0.185241608779966,0.16396763280034066,0.06457189315930009,12.584291922873458
if7qojtGe5U,train,Dataset_Shard_0300000_0399999,1,50,0.7293127094209194,0.8032214343547821,0.22888154532842978,0.07043290172703565,0.02822974852635525,18.220855326425454
ij9lUf2EqLQ,train,Dataset_Shard_0300000_0399999,1,50,0.8871185171604157,0.922415018081665,0.11145681193485944,0.025096048964187503,0.00803115779417567,23.137775898680108
ijkiYD_qvrI,train,Dataset_Shard_0300000_0399999,1,50,0.7012412616610527,0.7750629186630249,0.20417173808034494,0.07381065765395761,0.021804267169209197,19.58720931464165
ir37UNwA0L8,train,Dataset_Shard_0300000_0399999,1,50,0.8025168681144714,0.8186777234077454,0.07706420566857314,0.046384237743914127,0.009633478687610476,21.83416094790125
ivKq1LrQnIw,train,Dataset_Shard_0300000_0399999,1,50,0.7497775512933731,0.7776525914669037,0.15015425678208927,0.06367520013824106,0.018688860572874545,19.141134826349347
j9xytCxCRas,train,Dataset_Shard_0300000_0399999,1,50,0.7945255792140961,0.8217132687568665,0.08741282486729152,0.04197642080485821,0.0115004609990865,21.11685454994905
jOYC6mxNnOU,train,Dataset_Shard_0300000_0399999,1,50,0.7249332013726234,0.7681837677955627,0.18469437068472874,0.06858419826254249,0.02125612996518612,18.737155866604738
jTsp_AmBAo0,train,Dataset_Shard_0300000_0399999,1,50,0.7754321673512459,0.7893356084823608,0.1598207192405483,0.04427931794431061,0.013098430540703703,22.834164720961436
jYXIs1jlomo,train,Dataset_Shard_0300000_0399999,1,50,0.8428507989645004,0.8669804334640503,0.09761355698147806,0.040301352189853784,0.01726136330515146,19.76878550128863
jaAfalvJdzs,train,Dataset_Shard_0300000_0399999,1,50,0.7526895791292191,0.8522301018238068,0.24530993370247017,0.04845492425840348,0.0164237378683174,24.081416673266485
jlS3u6WQJ0k,train,Dataset_Shard_0300000_0399999,1,50,0.7425855579972267,0.8400571644306183,0.20433804944846654,0.06609445063739258,0.019032121871705953,20.99380057246809
joZScleEqcM,train,Dataset_Shard_0300000_0399999,1,50,0.8119640019536019,0.873531699180603,0.18412218808436356,0.04076376278884709,0.014299575270852074,22.1644990190082
jsECb6fwYeM,train,Dataset_Shard_0300000_0399999,1,50,0.6921214836835862,0.7691333591938019,0.17437961143848668,0.080400335136801,0.024843881973065435,17.89024503310372
kOD48vrvC9c,train,Dataset_Shard_0300000_0399999,1,50,0.6926254838705063,0.7128234207630157,0.14250979532739164,0.0795342242717743,0.028476613387465478,17.04677020045389
kTz4ixn3FNQ,train,Dataset_Shard_0300000_0399999,1,50,0.6768878692388535,0.7236382067203522,0.16697105539745793,0.07001538146287203,0.021544562978670002,18.3155043920941
kkSQWC1v0Zs,train,Dataset_Shard_0300000_0399999,1,50,0.6838182663917541,0.6907141208648682,0.11059474970206531,0.07454325433820486,0.02637296444736421,17.117674442478314
kmoiuVMBrJg,train,Dataset_Shard_0300000_0399999,1,50,0.6696879518032074,0.6549247801303864,0.15451329096996508,0.06557206404395402,0.020446832220768554,18.506870943866407
kwXkEFlx1Q4,train,Dataset_Shard_0300000_0399999,1,50,0.5436262741684914,0.5469590425491333,0.2845079781686064,0.12011495297774673,0.04674732328858226,16.49497669434896
kx4_1AOBE18,train,Dataset_Shard_0300000_0399999,1,50,0.9010596227645874,0.9542444944381714,0.10645734010216681,0.020893520982936023,0.004826626136491541,26.703484584670747
lEgp6oBfREo,train,Dataset_Shard_0300000_0399999,1,50,0.754890838265419,0.7763620913028717,0.12259734449726502,0.05820740193128586,0.017531916841398924,18.895270630140875
lMNq15l1QT0,train,Dataset_Shard_0300000_0399999,1,50,0.6689591205120087,0.7176415324211121,0.18656727036875098,0.0845385092430388,0.03042173140683195,18.443753955840645
lOe0gTapJ1k,train,Dataset_Shard_0300000_0399999,1,50,0.7196445333957672,0.7025043070316315,0.12369735235175908,0.05325162248685956,0.012011880408972503,20.48655942103099
lRBRTysHyrA,train,Dataset_Shard_0300000_0399999,1,50,0.6361031857132912,0.6746692657470703,0.1839552557956615,0.09459492139518261,0.03449518558802083,16.630136244323722
lpi9Yuj2Lk_,train,Dataset_Shard_0300000_0399999,1,50,0.6032813572883606,0.5775553584098816,0.11698879249976499,0.08094365507364273,0.021446458343416453,17.478551574919457
ltNtwExtVa4,train,Dataset_Shard_0300000_0399999,1,50,0.708021075129509,0.7405357360839844,0.14317644886118977,0.09198532093316317,0.041095675453543666,15.15192451546002
m6Nb2qOf30Y,train,Dataset_Shard_0300000_0399999,1,50,0.5591057080030442,0.5302591323852539,0.14924461523960506,0.08524687204509973,0.023468001214787364,17.138304787262655
m8cxfdV2LB4,train,Dataset_Shard_0300000_0399999,1,50,0.6863457730412483,0.7116531729698181,0.13885378881187777,0.07676698904484511,0.025336093152873218,17.08170105391442
mFrrmh9euA4,train,Dataset_Shard_0300000_0399999,1,50,0.7021022200584411,0.7147101163864136,0.13760742240821558,0.09918542087078094,0.03207968925125897,16.044128189526262
n-F9z5TA1vE,train,Dataset_Shard_0300000_0399999,1,50,0.6947998243570328,0.707249641418457,0.08769249620447751,0.06174263048917055,0.017685902770608664,18.290817141412823
n0gRomV5Gnk,train,Dataset_Shard_0300000_0399999,1,50,0.831745588183403,0.8539734482765198,0.11026178172881672,0.039631768437102435,0.01391340585425496,21.10478231032747
n1jA2GVDa-o,train,Dataset_Shard_0300000_0399999,1,50,0.8677276468276978,0.9040882289409637,0.09359414458684913,0.030132661797106264,0.009867856558557833,22.595113020059276
n7YqEWvxyrA,train,Dataset_Shard_0300000_0399999,1,50,0.3362460886314511,0.3339768350124359,0.17767080154947673,0.19438875913619996,0.07906135508790613,11.838896698828313
nNJK2P8gqPA,train,Dataset_Shard_0300000_0399999,1,50,0.8598312389850616,0.8773975968360901,0.07421631328491418,0.028617961760610343,0.0074669796065427365,23.0397135479334
nNo4Kzvf548,train,Dataset_Shard_0300000_0399999,1,50,0.8437453085184097,0.92147096991539,0.18640900891243978,0.04572453889064491,0.019417641074978745,21.02686214794162
ncZh6hd-xIk,train,Dataset_Shard_0400000_0499999,1,50,0.7174893286824227,0.7589350044727325,0.18985618618505798,0.05431799381040037,0.015150802329881117,20.207015252933946
ng40P4mMO3s,train,Dataset_Shard_0400000_0499999,1,50,0.5936998164653778,0.7137806117534637,0.25338579225486024,0.11077556144446135,0.042551944395527244,15.79355135053222
nhbz8VTchUE,train,Dataset_Shard_0400000_0499999,1,50,0.7120777070522308,0.7057129144668579,0.16075159274142634,0.05981296943500638,0.017502244187053293,19.738099524648415
nvGSZykPC-E,train,Dataset_Shard_0400000_0499999,1,50,0.8767606520652771,0.8927018940448761,0.0741856387662994,0.024176607485860587,0.005690624593989923,23.996435214152825
o4fPTM4nXHA,train,Dataset_Shard_0400000_0499999,1,50,0.830877412557602,0.8339682817459106,0.050559675144238515,0.03295701920986176,0.008053992930799723,21.448570769054538
oLt2YHQmxyo,train,Dataset_Shard_0400000_0499999,1,50,0.6840227860212326,0.672130823135376,0.15479980810076163,0.0537614921387285,0.012231956971227191,20.94171623431216
oN1DmJvfFYU,train,Dataset_Shard_0400000_0499999,1,50,0.6956289333105087,0.6899850368499756,0.11267433884809794,0.07730279820039869,0.022386384243145586,17.760395555063916
oOmQQ_LW06o,train,Dataset_Shard_0400000_0499999,1,50,0.6583032396435737,0.6854115724563599,0.1657804755285589,0.07359188705682755,0.019661731338128447,18.42348676458771
oXwNFZng37M,train,Dataset_Shard_0400000_0499999,1,50,0.8455194675922394,0.8514633476734161,0.07017672761085222,0.0342049540951848,0.008083114810287952,21.793976788633223
oYJk9jqnp5E,train,Dataset_Shard_0400000_0499999,1,50,0.7269613462686538,0.7807061970233917,0.19738141576620816,0.06092071760445833,0.021285728140210267,20.56371287089691
odXf_O2kwg8,train,Dataset_Shard_0400000_0499999,1,50,0.4703174394369125,0.4143448621034622,0.26435769176646756,0.1842872890306171,0.099547465742653,13.212339776488811
oeJE10KLFIk,train,Dataset_Shard_0400000_0499999,1,50,0.7106515604257584,0.7306991815567017,0.10351906431414837,0.06170502234250307,0.02014221841469407,18.4978573337427
og-5KsPqZrA,train,Dataset_Shard_0400000_0499999,1,50,0.5523876388370991,0.5721523761749268,0.29402224503771557,0.09853435040451586,0.032907995802816004,18.05251792570731
oli_KZ4buY_,train,Dataset_Shard_0400000_0499999,1,50,0.9005490601062774,0.9223343133926392,0.06888016266042206,0.02623144700191915,0.01126829209504649,21.691691606761793
ooRkX9iO-V8,train,Dataset_Shard_0400000_0499999,1,50,0.7560401198267936,0.7655310928821564,0.12605969847090623,0.05351337779313326,0.01601301203481853,19.13928192378042
pGv2v2SSQY0,train,Dataset_Shard_0400000_0499999,1,50,0.8936866044998169,0.9362830519676208,0.09450654476673985,0.02207044596783817,0.005099787073559128,26.259887573933412
pLCE_Kc3_rs,train,Dataset_Shard_0400000_0499999,1,50,0.5255791729688645,0.5878132581710815,0.24162710652265398,0.08798445532098413,0.026012174065690487,18.25292725877372
paTT6mFga2A,train,Dataset_Shard_0400000_0499999,1,50,0.7249921226501465,0.7355370819568634,0.1348401263141186,0.06829858709126711,0.026320541021414103,17.720689112010827
ph67f1KcoCc,train,Dataset_Shard_0400000_0499999,1,50,0.8075411629676819,0.8837040364742279,0.19650551569418506,0.050185383642092345,0.014647957081906497,23.826416103179874
phc99Ienk8Q,train,Dataset_Shard_0400000_0499999,1,50,0.8726533311605453,0.8988364934921265,0.09978974781653609,0.032906003771349786,0.007001526792537334,24.70638627725236
py87QzHSZHg,train,Dataset_Shard_0400000_0499999,1,50,0.7189477825164795,0.8190699517726898,0.21854941701646574,0.07237898906692862,0.02278455300023779,19.788762401576903
q4vz6MTv3g8,train,Dataset_Shard_0400000_0499999,1,50,0.7963774152100086,0.9163273274898529,0.2568844595312207,0.03913928677793592,0.010734776438912377,23.171368785045058
qBFGirFLB38,train,Dataset_Shard_0400000_0499999,1,50,0.5855823677778244,0.5924361050128937,0.0856548250097135,0.09358028285205364,0.033625545874238015,15.173732027325613
qJHtaMqYzd8,train,Dataset_Shard_0400000_0499999,1,50,0.8414049184322357,0.8538736402988434,0.07725031264469547,0.037608902491629126,0.01224549466278404,20.091137824203383
qUEhPbkqz0w,train,Dataset_Shard_0400000_0499999,1,50,0.6466424112021923,0.7133685946464539,0.19065018467424125,0.10511496990919113,0.035329263554885984,15.894270329553017
qkQttwJ0DEY,train,Dataset_Shard_0400000_0499999,1,50,0.7997993385791778,0.8146401643753052,0.11999148201346804,0.04262089254334569,0.011793969720602036,20.792752297315342
qnLfS6_QOQc,train,Dataset_Shard_0400000_0499999,1,50,0.8440143609046936,0.85587078332901,0.10255563666095978,0.04139248225837946,0.01610329671530053,19.85721741600629
qs-2SwlcufA,train,Dataset_Shard_0400000_0499999,1,50,0.7173745536804199,0.7701729238033295,0.1329003651555101,0.0661080265417695,0.021509644901379944,18.000312686827566
qxwqNmXb_pM,train,Dataset_Shard_0400000_0499999,1,50,0.8895193189382553,0.9206531047821045,0.09777617283958019,0.029335443396121264,0.0071392058103811,24.835273696783062
rJL6f0C3zVk,train,Dataset_Shard_0400000_0499999,1,50,0.3476471719145775,0.27616173028945923,0.1889196067942783,0.14549416325986386,0.05048673802055419,13.903447695034707
rLlr1JgTkDk,train,Dataset_Shard_0400000_0499999,1,50,0.8359411120414734,0.8514690697193146,0.08016238906256704,0.045919587574899196,0.015555870335083455,19.49977765082118
rYzVEZZO83c,train,Dataset_Shard_0400000_0499999,1,50,0.6166052386164665,0.6287556886672974,0.16775801644128732,0.07239272207021713,0.01974104580236599,18.66485166333271
rx9tSu1wTeY,train,Dataset_Shard_0400000_0499999,1,50,0.7985658395290375,0.8725231885910034,0.1691410855684928,0.04170630934648216,0.01069802271842491,23.89568428637978
sAhIK9HKTqs,train,Dataset_Shard_0400000_0499999,1,50,0.8421443575620651,0.8780646622180939,0.17593880605286205,0.03231499786488712,0.007224293201870751,23.94605728862928
sBLH1z63TGw,train,Dataset_Shard_0400000_0499999,1,50,0.8234554731845856,0.8481470048427582,0.13056994831227983,0.038215246493928136,0.00866698701691348,23.91383807921916
sMUdNbpJLWw,train,Dataset_Shard_0400000_0499999,1,50,0.7528886692225933,0.8181761801242828,0.2221344122324868,0.06846050512976945,0.02756040613021469,20.76211510612615
sTE1jXTBt6s,train,Dataset_Shard_0400000_0499999,1,50,0.739480271935463,0.7425014078617096,0.12701824742791143,0.04785686643794179,0.011589461294934154,20.863609761634297
snGQA5LPehE,train,Dataset_Shard_0400000_0499999,1,50,0.8328354477882385,0.8439204096794128,0.1081389228398122,0.040247737485915425,0.011629501002607867,21.684028952307223
soqNFAIhsEA,train,Dataset_Shard_0400000_0499999,1,50,0.49295868843793866,0.5758608877658844,0.279951846994469,0.13338553073816,0.05262393676210195,14.63374129944122
tKpQA-YM5qw,train,Dataset_Shard_0400000_0499999,1,50,0.6963922324776649,0.7056573331356049,0.13823353377574912,0.06760958574712277,0.023271714244037865,17.7317691661249
tMUc1b6NHsk,train,Dataset_Shard_0400000_0499999,1,50,0.664978124499321,0.6980786025524139,0.22111186328583823,0.08759161796420813,0.03170559240039438,17.117524754370358
tTHpaGSDRCA,train,Dataset_Shard_0400000_0499999,1,50,0.773741005063057,0.8093781769275665,0.12017051620329325,0.04368538871407509,0.010229490354540759,22.88902134082512
tVK6t2vfa6g,train,Dataset_Shard_0400000_0499999,1,50,0.877546865940094,0.892005056142807,0.0887800626429707,0.02518287319689989,0.00533156847115606,25.235273925506423
t_qmGs9IgK4,train,Dataset_Shard_0400000_0499999,1,50,0.39788746401667596,0.3968483805656433,0.23681115957988685,0.15584411688148975,0.05737279038410634,14.7901404258269
trD-QUe4ZNU,train,Dataset_Shard_0400000_0499999,1,50,0.8259913730621338,0.8756281733512878,0.157125795865129,0.030394066795706748,0.007475284183165058,23.24627298131972
twyPRvVFhZM,train,Dataset_Shard_0400000_0499999,1,50,0.6873579466342926,0.8044571876525879,0.25442259026164066,0.0825724614225328,0.029897350126411766,18.258651908767227
uJLCrvIrjqA,train,Dataset_Shard_0400000_0499999,1,50,0.8065227955579758,0.8682877123355865,0.17004325803616613,0.050888802697882055,0.014365607456929864,22.824717007507807
uNQDRZz4TUU,train,Dataset_Shard_0400000_0499999,1,50,0.6519329604506493,0.7220440208911896,0.2677286698463622,0.07263491022400557,0.021997102627065033,19.37460208236783
udsPZ1WnDLY,train,Dataset_Shard_0400000_0499999,1,50,0.870366907119751,0.8844501078128815,0.06257664979258815,0.025299381632357835,0.005593965579755604,23.267360203755242
ui7IAukQXtI,train,Dataset_Shard_0400000_0499999,1,50,0.7708919751644134,0.778472900390625,0.10376153805005627,0.05180692419409752,0.01599891032092273,20.149143151070856
ujOANeD1dtA,train,Dataset_Shard_0400000_0499999,1,50,0.4102904690802097,0.37480175495147705,0.22031117520045013,0.09635480672121048,0.025045974215026946,16.997665816070036
ukBG8k6dca4,train,Dataset_Shard_0400000_0499999,1,50,0.2217862519621849,0.19936203211545944,0.11757830214644087,0.1607942508161068,0.05408376118168235,13.22646300390821
ukn-1au2zeM,train,Dataset_Shard_0400000_0499999,1,50,0.5449202755093574,0.5831023752689362,0.20945811805815273,0.10500536035746336,0.03536642635241151,16.84064534344467
uu2DI2YM5VY,train,Dataset_Shard_0400000_0499999,1,50,0.6500736336410046,0.7371858060359955,0.24883432668737507,0.08283011633902788,0.029678528627264313,18.32254664830247
uwuY48k-xus,train,Dataset_Shard_0400000_0499999,1,50,0.7765961623191834,0.8545487225055695,0.19921343433964814,0.05140141336247325,0.015269604095374234,22.076507143615004
uyHdKE2S3m8,train,Dataset_Shard_0400000_0499999,1,50,0.7174048191308975,0.7461216151714325,0.13155621824176006,0.06309810563921929,0.016659404071979224,18.98910813864187
vCp0mrZdlmU,train,Dataset_Shard_0400000_0499999,1,50,0.7206787997484208,0.7432578802108765,0.1290526046535892,0.07402274254709482,0.019899346586316823,18.315800146840292
vNuWxJankEQ,train,Dataset_Shard_0400000_0499999,1,50,0.8523158577084541,0.8712735176086426,0.12246001439666683,0.03267202842980623,0.007882524221786298,23.845579280714773
vrgv_E5pDII,train,Dataset_Shard_0400000_0499999,1,50,0.596010563224554,0.6404747068881989,0.16406977137072298,0.08977413538843393,0.03100322302430868,15.997451994193357
vwz7M5xbztM,train,Dataset_Shard_0400000_0499999,1,50,0.6750870710611343,0.7902332544326782,0.222029805670555,0.09308467542752624,0.03461247566738166,19.307736440197765
w40fRDQNQo4,train,Dataset_Shard_0400000_0499999,1,50,0.7572500717639923,0.84355029463768,0.21445020766573564,0.04924846592359245,0.01316180954570882,22.117938941545816
wNvrCt-FlUo,train,Dataset_Shard_0400000_0499999,1,50,0.5425235280394554,0.5751517117023468,0.1810387111902887,0.10536434557288885,0.04062433044891804,15.051206933306347
wXHNYyQIIA_,train,Dataset_Shard_0400000_0499999,1,50,0.9447347748279572,0.9529759585857391,0.03470778170102987,0.013374893218278885,0.0024211365247901995,27.648841889409873
wXQHg2GbOv4,train,Dataset_Shard_0400000_0499999,1,50,0.9354143893718719,0.960716187953949,0.05941259604129822,0.019232805147767068,0.004697586956317537,27.658593647179117
wZIPPpbh3_c,train,Dataset_Shard_0400000_0499999,1,50,0.7479696720838547,0.7747691869735718,0.11237607901142198,0.05887611381709576,0.021934836134314538,17.301954729073373
wi-keYwDk1s,train,Dataset_Shard_0400000_0499999,1,50,0.7415821385383606,0.7709460854530334,0.17539397755955383,0.049061040095984935,0.01490002693142742,21.029055039291666
wt0RIrkrfY_,train,Dataset_Shard_0400000_0499999,1,50,0.6940777534246445,0.7572177946567535,0.18495498060231277,0.08437217589467765,0.03399549728143029,16.577606841490557
xHaiHZ9xq9s,train,Dataset_Shard_0400000_0499999,1,50,0.7980860677361489,0.8417405188083649,0.1466265184398192,0.04496045891195535,0.016529196980409323,20.02659344479383
xKtXanP9FYk,train,Dataset_Shard_0400000_0499999,1,50,0.78994569927454,0.8799716234207153,0.21384015375654122,0.05341987176798284,0.01858483849617187,21.60420813852763
xLp8iOxXFxo,train,Dataset_Shard_0400000_0499999,1,50,0.6629774492979049,0.6981757581233978,0.15260054365039316,0.07701026007533074,0.02220116826472804,17.740448630474447
xVaf2MFNbnY,train,Dataset_Shard_0400000_0499999,1,50,0.7789973676204681,0.7963358759880066,0.11613696832634007,0.04464188577607274,0.014207804631441832,20.532824010394584
xjdsZdUofoU,train,Dataset_Shard_0400000_0499999,1,50,0.684419110417366,0.6892059147357941,0.11296959638896542,0.07129755150526762,0.028417190304026008,16.608358429035317
yQGj3B57_Iw,train,Dataset_Shard_0400000_0499999,1,50,0.8348925745487213,0.8453774452209473,0.08306265530600726,0.03794137965887785,0.010035883388482034,21.566784820972643
yR15HSy2iYM,train,Dataset_Shard_0400000_0499999,1,50,0.7928054654598236,0.804559051990509,0.07918089445765923,0.04285199165344238,0.011669011181220412,20.5251002198614
ybDcIfdcUVU,train,Dataset_Shard_0400000_0499999,1,50,0.8053427129983902,0.8989269733428955,0.23025289976553026,0.04492302500177175,0.013092939599009696,22.97210478483671
ytmhoYpa1ws,train,Dataset_Shard_0400000_0499999,1,50,0.7467941725254059,0.8438116610050201,0.21812177791494322,0.06773936904966832,0.026479224158101715,20.493491646706296
z06sgpMVS10,train,Dataset_Shard_0400000_0499999,1,50,0.8982147786021233,0.9427092373371124,0.12450306148254314,0.024814984304830433,0.005893197265104391,26.985195391409096
z3mVtH-Jqw4,train,Dataset_Shard_0400000_0499999,1,50,0.8103855967521667,0.8240649104118347,0.12537216361672182,0.043363150656223294,0.012043184423819185,21.162133729936745
z4KIYSXA8OY,train,Dataset_Shard_0400000_0499999,1,50,0.7758209925889968,0.801050066947937,0.12093544209641936,0.06568220850080252,0.02142712365370244,17.83167057957422
z4eQhv4jhsU,train,Dataset_Shard_0400000_0499999,1,50,0.5210649285465478,0.5884034633636475,0.28189792318151496,0.10316502830013632,0.03449396484764293,16.47996353463707
zAmGTHQ8LUI,train,Dataset_Shard_0400000_0499999,1,50,0.7364247620105744,0.7257345914840698,0.08915201315985666,0.06695951703935861,0.021772834304720164,17.28571438234162
zHW35Y8ghrY,train,Dataset_Shard_0400000_0499999,1,50,0.7470607286691666,0.7740298807621002,0.1193176481808379,0.0551103276386857,0.014477841560728849,19.496617639580847
zUXPNRKCJqk,train,Dataset_Shard_0400000_0499999,1,50,0.8109964597225189,0.8273423612117767,0.11914391262234174,0.04630340692587197,0.01247349573939573,21.203918744454015
zXVq4sDkwEQ,train,Dataset_Shard_0400000_0499999,1,50,0.8557573294639588,0.8822245299816132,0.13935635777808497,0.024046393525786698,0.0054288925617765925,25.463132222773144
za-_NYW8Mjo,train,Dataset_Shard_0400000_0499999,1,50,0.633226587176323,0.5996886491775513,0.15858560080005593,0.08339076813310385,0.028920491193421185,16.928136013937962
zbn9xbXTC00,train,Dataset_Shard_0400000_0499999,1,50,0.8197052145004272,0.8230989575386047,0.06785466354468174,0.035459463074803355,0.007023134488845244,22.677687565973738
zjbMfssb9tU,train,Dataset_Shard_0400000_0499999,1,50,0.7415443500876426,0.7795878946781158,0.13635271306713043,0.050966904666274786,0.015133804136421531,19.475917225807805
zo9h0PqVn-U,train,Dataset_Shard_0400000_0499999,1,50,0.5999549081921578,0.6255362629890442,0.15772051433921822,0.10837942659854889,0.03932673087343574,15.468838328314883
zsbl6oa5pGQ,train,Dataset_Shard_0400000_0499999,1,25,0.26612669736146927,0.2031620293855667,0.15788613093692982,0.20741418302059172,0.0877874855697155,11.605511538171939
zsbl6oa5pGQ,train,Dataset_Shard_0500000_0599999,1,25,0.37847127676010134,0.3480108082294464,0.22593324332901368,0.14315763741731644,0.05345882116816938,14.407903202043165
0xr9UkXgp2E,val,Dataset_Shard_0000000_0099999,1,50,0.566839430630207,0.5988371670246124,0.2581438342531557,0.13369299141690136,0.05897692738100886,14.914500892192368
24jIoFvJ_7o,val,Dataset_Shard_0000000_0099999,1,50,0.5313547065854073,0.5573151707649231,0.1885849391175634,0.11942278636619448,0.039353186754742635,15.09342295541194
2RUNdnb2B1w,val,Dataset_Shard_0000000_0099999,1,50,0.7091625887155533,0.7467169761657715,0.12891693548149408,0.06742841988801956,0.019383892989717422,18.6601363398427
3HZMLSYtFEM,val,Dataset_Shard_0000000_0099999,1,50,0.7493473681807518,0.8294205069541931,0.24600121352138388,0.07592491179639183,0.02731217225175271,21.77310786582484
3PHrXAE7new,val,Dataset_Shard_0000000_0099999,1,50,0.7823740735650062,0.8371274471282959,0.1375964481789756,0.05726184569299221,0.01802267479011789,19.56413164051216
4Djb4L_VGIU,val,Dataset_Shard_0000000_0099999,1,50,0.672556614279747,0.6787273287773132,0.1315821312444179,0.08784423649311066,0.028469391334801912,16.409422006398668
4F1jCw1yzKA,val,Dataset_Shard_0000000_0099999,1,50,0.5786036971211433,0.5871334373950958,0.17135707064863398,0.10444972094148397,0.04013646120205522,15.399831840694517
7HV-wL3jJ5U,val,Dataset_Shard_0000000_0099999,1,50,0.895523567199707,0.9005961418151855,0.05668882015746819,0.02057597101666033,0.005160329538630322,25.439495137758914
Al4Q6ORp6CQ,val,Dataset_Shard_0000000_0099999,1,50,0.698428083062172,0.7303749024868011,0.1539281110486061,0.06614610601216554,0.0226102506602183,18.37258182644988
CF81s4pzmew,val,Dataset_Shard_0100000_0199999,1,50,0.6170587983727455,0.6567069888114929,0.16495809014639934,0.09551856197416782,0.029948242017999293,16.917303900309992
CIkvuF5f6ak,val,Dataset_Shard_0100000_0199999,1,50,0.7454775659739972,0.8024136424064636,0.18941258817335724,0.07188944704830647,0.023902165545150636,17.925342235096426
DzJPrFInDgI,val,Dataset_Shard_0100000_0199999,1,50,0.8503171014785766,0.8607440888881683,0.04711640162531727,0.030016920268535613,0.008194074386265128,21.657235510891628
FHQdsG4y6sA,val,Dataset_Shard_0100000_0199999,1,50,0.6648906973004342,0.7110974788665771,0.24607228590351835,0.0792584419157356,0.026482317524496465,19.93644732837214
G8vA3NnBdms,val,Dataset_Shard_0100000_0199999,1,50,0.6863764232397079,0.7201100587844849,0.13800240590957014,0.07951480589807033,0.02724205595208332,17.240613847414185
HvxUw40lGmU,val,Dataset_Shard_0100000_0199999,1,50,0.7949858558177948,0.8113450407981873,0.08824870860470554,0.05747073173522949,0.01881938984617591,18.270580620048726
JGxn16KUavc,val,Dataset_Shard_0100000_0199999,1,50,0.6364799031615257,0.6504874527454376,0.13884414217689886,0.09649787310510874,0.034297880968078974,15.769946865329004
L_MDy-YN-qU,val,Dataset_Shard_0100000_0199999,1,50,0.787411197423935,0.8132838606834412,0.11532293225357225,0.058755883369594815,0.01887119793216698,19.473561710959746
MWvT1QbVPW4,val,Dataset_Shard_0100000_0199999,1,50,0.6633553811907769,0.6856396496295929,0.1606567465950008,0.08364078432321548,0.03152113128453493,16.975164125734647
NMv_tUPIx3M,val,Dataset_Shard_0100000_0199999,1,50,0.775825469493866,0.7606038153171539,0.08844208908453834,0.05645153377205134,0.015204374077729881,19.194775629534465
NTTKigtDFOM,val,Dataset_Shard_0100000_0199999,1,4,0.8550791889429092,0.8837912380695343,0.06900591444642876,0.02461620490066707,0.006532243685796857,22.441148849835162
NTTKigtDFOM,val,Dataset_Shard_0200000_0299999,1,46,0.8216782652813456,0.8303622007369995,0.09144243047579337,0.04113398925603732,0.013877167328483547,20.926433920158246
NxPc-RxaurE,val,Dataset_Shard_0200000_0299999,1,50,0.6667187038064003,0.6431836187839508,0.16127695957123178,0.0745088673196733,0.02333293587085791,18.19126599048253
OK0NO9Pofgk,val,Dataset_Shard_0200000_0299999,1,50,0.781462961435318,0.8137535154819489,0.12360468704219099,0.060286386776715516,0.021463874327018857,18.650274332365917
Oxh1el_9L68,val,Dataset_Shard_0200000_0299999,1,50,0.43320890173316,0.44028985500335693,0.13883843531270051,0.17676775209605694,0.07007163184694946,13.827725847528379
PON6UARN2Ho,val,Dataset_Shard_0200000_0299999,1,50,0.6242779153585434,0.6297543048858643,0.11883255443959748,0.0665471981652081,0.013603655630722642,19.7511132090135
PQO_bd79mec,val,Dataset_Shard_0200000_0299999,1,50,0.3706716860830784,0.30292074382305145,0.22254030136058395,0.1559374718926847,0.05464532123412937,14.773104302594975
TMhssQ2rLOc,val,Dataset_Shard_0200000_0299999,1,50,0.5780130648612976,0.5882158279418945,0.1144443956559014,0.0962124489247799,0.036650113658979536,15.124398124285719
YBdiEmhvUL4,val,Dataset_Shard_0200000_0299999,1,50,0.6882058617472648,0.7702569663524628,0.2593205271255604,0.06861659164540469,0.021679575708694755,20.459677689617788
YNJTgfO5Mvs,val,Dataset_Shard_0200000_0299999,1,50,0.6864103668928146,0.6793366074562073,0.09482892474022808,0.06796725790947676,0.022721126386895777,17.25355172216302
YufGRlASfNw,val,Dataset_Shard_0200000_0299999,1,50,0.5242141371965409,0.5399263203144073,0.17259938805771988,0.085884705260396,0.02211712225340307,17.776720302496006
aRF_slIwqM4,val,Dataset_Shard_0200000_0299999,1,50,0.7571545496582985,0.7869161069393158,0.15687065006637638,0.06997480637859553,0.02599175764102256,17.805948900805685
bF1ORN7QtkE,val,Dataset_Shard_0300000_0399999,1,50,0.9034342098236084,0.90558722615242,0.056375546836891804,0.02479469921439886,0.006048715174547397,23.391611439975648
e0x_uAwuUVE,val,Dataset_Shard_0300000_0399999,1,50,0.566209901124239,0.6362614929676056,0.19934186860715059,0.11283183526247739,0.038698837086558344,15.950562640168677
e6FMbxEpdus,val,Dataset_Shard_0300000_0399999,1,50,0.8091900151968002,0.8282815217971802,0.14036870572840526,0.04529129092406947,0.011452040529354121,24.64101450224601
eFquyliJz0U,val,Dataset_Shard_0300000_0399999,1,50,0.5251659581065178,0.5153639763593674,0.20679222039803333,0.08731339517980814,0.024263820168562232,17.347607266995652
erLQ1Ojy-TQ,val,Dataset_Shard_0300000_0399999,1,50,0.5929199582338334,0.6172958016395569,0.21712817073450597,0.10237451583147049,0.0352562512550503,15.727967346957534
fOLyRAD-0Zw,val,Dataset_Shard_0300000_0399999,1,50,0.7842274332046508,0.7666923701763153,0.12422229031057648,0.05755526605993509,0.017623562874505297,19.574250568695533
hWgU6TyNnkw,val,Dataset_Shard_0300000_0399999,1,50,0.8004275918006897,0.8133085370063782,0.07206963362985275,0.0409637619368732,0.00891492745373398,21.544888008988874
i4AW7iRDqsU,val,Dataset_Shard_0300000_0399999,1,50,0.8681071227788926,0.9181094765663147,0.15289404181390026,0.03427869845647365,0.010878889831365085,23.351825199784944
jzgW4PGt3XE,val,Dataset_Shard_0300000_0399999,1,50,0.7617963325977325,0.7431601583957672,0.13472118062480537,0.06049423658754677,0.022502669835812412,19.411620736301742
kxunkO4v048,val,Dataset_Shard_0300000_0399999,1,50,0.8875281274318695,0.9025573134422302,0.08695363412284894,0.03144307558830405,0.008634059077814839,27.697451004399507
l7F1MHpB1u0,val,Dataset_Shard_0300000_0399999,1,50,0.7987947541475297,0.8700569570064545,0.2227982786135652,0.03892604098073207,0.01019856377679389,26.475323737382887
lxHmqyU2TSc,val,Dataset_Shard_0300000_0399999,1,50,0.6018904849886895,0.5999886989593506,0.16483204855432607,0.08154144197702408,0.024154527704231443,17.258790627763666
oKwo2V65yJE,val,Dataset_Shard_0400000_0499999,1,50,0.6780300694704056,0.6878051459789276,0.12975537049586583,0.06547855522483587,0.020007358193397523,18.66418315581672
p8-hHmHaQkQ,val,Dataset_Shard_0400000_0499999,1,50,0.7443890571594238,0.7428318858146667,0.08922564851109903,0.052936299704015255,0.012043426861055195,20.17345442780049
q-XdFFWSAeQ,val,Dataset_Shard_0400000_0499999,1,50,0.4568004573881626,0.45639269053936005,0.26526852936178813,0.1209690248966217,0.03975854517892003,15.843571523414873
tIZcUgrcWWc,val,Dataset_Shard_0400000_0499999,1,50,0.7347312498092652,0.7758263349533081,0.14549843972053664,0.06218349894508719,0.018292196246329696,18.80552068672529
tUAYRMtMyb0,val,Dataset_Shard_0400000_0499999,1,50,0.8376828801631927,0.8516617715358734,0.06781715406658108,0.04138826724607497,0.009804969421529676,22.640731500202715
wXJY7EQy4Ns,val,Dataset_Shard_0400000_0499999,1,50,0.8180656915903092,0.9021888971328735,0.19503838017902536,0.04354906960827066,0.016744165234284195,22.956743501543546
xUp_PDUsIyc,val,Dataset_Shard_0400000_0499999,1,50,0.6068325708806515,0.6410133540630341,0.19105507483675374,0.08634404538199306,0.03155783607682679,16.729165640724197
ysLwpEhLkqI,val,Dataset_Shard_0400000_0499999,1,50,0.9005252969264984,0.9188617467880249,0.07231329900977254,0.023276285980828107,0.006158342777343933,24.59924822456141
zg_dwcSRLxo,val,Dataset_Shard_0400000_0499999,1,50,0.7171598112583161,0.7535296976566315,0.14021505530793252,0.06306080328300595,0.02417226755525917,17.374691370249845
-VAjjH6TTts,test,Dataset_Shard_0000000_0099999,2,50,0.7596008807420731,0.7817884385585785,0.10887593050148664,0.0677226097881794,0.023350522164255382,17.25344089636915
-jo_cPHYmjg,test,Dataset_Shard_0000000_0099999,2,50,0.9125358664989471,0.9317306578159332,0.10931708645222474,0.0228001758037135,0.0076424029521876945,26.476089925216428
-wUKLCvobpI,test,Dataset_Shard_0000000_0099999,2,50,0.803176604360342,0.8516206443309784,0.20298478959962532,0.04585238443687558,0.013501950917998329,22.73075366364465
3cwtNTYOszU,test,Dataset_Shard_0000000_0099999,2,50,0.7013654094934464,0.7736620306968689,0.2262285271031324,0.09183628657832742,0.03408095565391704,18.0349986110071
46-qefy8Nwc,test,Dataset_Shard_0000000_0099999,2,50,0.5791494810581207,0.5678372979164124,0.15036262122770305,0.10028216864913703,0.030098615353927015,17.134949438955644
4bA4M-spkoI,test,Dataset_Shard_0000000_0099999,2,50,0.6733735460042953,0.6972485482692719,0.13713092873009977,0.08100199673324823,0.023040950261056424,17.358539300733355
5Cq1OqWFAzw,test,Dataset_Shard_0000000_0099999,2,50,0.7781124049425125,0.8140212893486023,0.1378750523974989,0.061795724034309385,0.021255023765843362,19.093463483637816
5oBOMUXaJwc,test,Dataset_Shard_0000000_0099999,2,50,0.7879839038848877,0.8215889632701874,0.12441736953963498,0.06085484095849097,0.018320915901567786,18.858026372773583
8e9ejcfVQfY,test,Dataset_Shard_0000000_0099999,2,50,0.8005315297842026,0.8338448107242584,0.13701452934154892,0.06472562769544311,0.024853523996134753,18.361315029122217
9azhMaMU4Eo,test,Dataset_Shard_0000000_0099999,2,50,0.7840777456760406,0.7870719730854034,0.09149681788810465,0.04933895997703076,0.012507169238524511,20.840160004722485
CzkK0xSXUMs,test,Dataset_Shard_0100000_0199999,2,50,0.8193832710385323,0.8610701262950897,0.15442556096043994,0.05379560863599181,0.017026980402297342,21.229838118326256
F3BeAm1eM6Y,test,Dataset_Shard_0100000_0199999,2,50,0.7185850983858109,0.7191915512084961,0.11557846508843905,0.0629092574492097,0.020444608291145413,18.199449069567965
HDs_owlm-kM,test,Dataset_Shard_0100000_0199999,2,50,0.5276191425323487,0.5094067454338074,0.12334322934859258,0.12330487005412578,0.04905820477753878,14.386572616063024
I3ynWCdH9-Q,test,Dataset_Shard_0100000_0199999,2,50,0.6385160771012306,0.6671405136585236,0.16802664677745574,0.07942082572728396,0.022857192261144518,17.5789363493329
J2BXGfLbEQk,test,Dataset_Shard_0100000_0199999,2,50,0.7795493614673614,0.8080019354820251,0.10866047947758826,0.06456190387893003,0.015011584099020182,20.414606773562667
J2x0zNcfLzg,test,Dataset_Shard_0100000_0199999,2,50,0.6343672180175781,0.6765776872634888,0.15824920934839642,0.10779947571456433,0.0427580170892179,15.38218754766692
J72oRFQXj5o,test,Dataset_Shard_0100000_0199999,2,50,0.6889181834459305,0.7284643054008484,0.18141532003624922,0.07653180468827486,0.023644847942050545,18.431758132880237
J8RgC4W1HeU,test,Dataset_Shard_0100000_0199999,2,50,0.7946642330288887,0.8574411273002625,0.18207054665383016,0.060845622159540654,0.023783537700073795,19.026885096540745
KcYwOQfhWUk,test,Dataset_Shard_0100000_0199999,2,50,0.8850146853923797,0.893081545829773,0.06809424602434055,0.02509198408573866,0.004698797413147986,25.133588418271383
OLLAoZsGd0Q,test,Dataset_Shard_0200000_0299999,2,50,0.7554513746500016,0.821915864944458,0.17578845997317047,0.06752760878764093,0.02400203493190929,19.210613385903695
PfsdriLJNvI,test,Dataset_Shard_0200000_0299999,2,50,0.6677002564072609,0.7078494429588318,0.1931265000489557,0.10098280379548669,0.03697129303938709,16.97210597662682
QJ-yAwmzwSs,test,Dataset_Shard_0200000_0299999,2,50,0.7342346394062043,0.7347913980484009,0.08067313276272874,0.051730707716196776,0.014439604366198183,19.51183977759332
QLqrGlVdPCw,test,Dataset_Shard_0200000_0299999,2,50,0.6705163991451264,0.7710222005844116,0.24638749997833875,0.09324940111488104,0.031040120968827977,18.67565810477035
QULIHG8qXNw,test,Dataset_Shard_0200000_0299999,2,50,0.45112802848219874,0.4383445233106613,0.23946399503048954,0.15463082529604436,0.056224850658327344,14.077473116482377
S-x-08mtMhM,test,Dataset_Shard_0200000_0299999,2,50,0.7685529565811158,0.7689472734928131,0.06861080298101009,0.06143416563048959,0.015200893139590334,19.26892999214044
c3SQmrJFsLY,test,Dataset_Shard_0300000_0399999,2,50,0.7821610304713249,0.8147717714309692,0.18140949715569304,0.05020373613573611,0.016401854583527893,20.918880083572937
hY6RjtE0L18,test,Dataset_Shard_0300000_0399999,2,50,0.6681363010406494,0.6933815181255341,0.14645263052757884,0.087039082236588,0.029136367589235306,17.10133982191333
kMMFVGirbAo,test,Dataset_Shard_0300000_0399999,2,50,0.7832517945766448,0.815577358007431,0.12884180645452128,0.06291889557614923,0.025291001056320966,17.693732989515762
lFhCwScSprM,test,Dataset_Shard_0300000_0399999,2,50,0.7252241432666778,0.7589351236820221,0.13078959167328355,0.08013251029886305,0.029325021505355833,17.259964455148793
n72VzMg9PvU,test,Dataset_Shard_0300000_0399999,2,50,0.7338550627231598,0.7823240756988525,0.1525222487339138,0.06607331616804003,0.020578986229375006,18.25777246404625
nVCvscVOQJM,test,Dataset_Shard_0300000_0399999,2,10,0.907999974489212,0.9203153252601624,0.02528475364528305,0.02151413485407829,0.00406334528233856,24.20258905916036
nVCvscVOQJM,test,Dataset_Shard_0400000_0499999,2,40,0.6908357888460159,0.6820091009140015,0.07864045066199415,0.061344495695084336,0.016728231520392,18.39499028074909
ncA2W_lCihM,test,Dataset_Shard_0400000_0499999,2,50,0.7749578559398651,0.8174955248832703,0.09657660710651614,0.06648552060127258,0.017461125978734345,18.75477684905554
rSvMG28dPqk,test,Dataset_Shard_0400000_0499999,2,50,0.6277305221557617,0.6730537414550781,0.14731880795289323,0.09669856544584036,0.03758257251698524,15.292197198310038
sM1dnw-TOcE,test,Dataset_Shard_0400000_0499999,2,50,0.6279672247171402,0.7080197036266327,0.2601838596613753,0.09569415671750903,0.02955579466652125,17.96832103562914
tFReD_CSTZQ,test,Dataset_Shard_0400000_0499999,2,50,0.5827618798613549,0.7183921933174133,0.27895031576864626,0.10880202413536608,0.041546017107611986,17.88773237968016
uLa8mjhrP18,test,Dataset_Shard_0400000_0499999,2,50,0.8031961119174957,0.8700459003448486,0.1280233581996265,0.045927358083426954,0.01104655755101703,21.96362355479781
uaW87-Yz9wQ,test,Dataset_Shard_0400000_0499999,2,50,0.6676371538639069,0.7213093340396881,0.22277200104223532,0.08944365691393613,0.030879553108243273,18.166665911262157
udfXY1v4lks,test,Dataset_Shard_0400000_0499999,2,50,0.7601918065547943,0.7529277801513672,0.11696893938040638,0.06860233977437019,0.019989295455161482,18.70708405101464
wxv1SDr8Kck,test,Dataset_Shard_0400000_0499999,2,50,0.5317395409941673,0.5196945071220398,0.16303402903830752,0.12625087857246398,0.043761947043240074,14.51101865695255
xfv3d809TTc,test,Dataset_Shard_0400000_0499999,2,50,0.5459732314944268,0.5655288100242615,0.18825148099238662,0.13517340198159217,0.053802748597227036,14.261913020954749
zHY3o_AprOU,test,Dataset_Shard_0400000_0499999,2,50,0.4816429594159126,0.5047987103462219,0.24398221682477164,0.0946487893164158,0.025999638142529875,17.85971216151843
-Hs-zuBOlQE,train,Dataset_Shard_0000000_0099999,2,50,0.850730145573616,0.8827698230743408,0.1295364461322699,0.034253744063898924,0.010294408694608136,22.273659730676062
-J04CE5dA74,train,Dataset_Shard_0000000_0099999,2,50,0.7327204388380051,0.7751802504062653,0.16601675099536267,0.07487557766959071,0.02384302467806265,18.025321554763455
-Qoo3Uq5-50,train,Dataset_Shard_0000000_0099999,2,50,0.5896459603309632,0.6834201216697693,0.2697773422839295,0.10646272514015437,0.03887745201587677,16.608087102062797
-bqSDAsWptU,train,Dataset_Shard_0000000_0099999,2,50,0.6340322521328926,0.7638778686523438,0.2699803629967959,0.08977152485400439,0.030277858104091136,17.623484486987252
-tqqp2KwCIQ,train,Dataset_Shard_0000000_0099999,2,50,0.7822477102279664,0.7882731258869171,0.06880825039482387,0.07468866411596536,0.019736743760295213,18.1133639439936
02MD08BgFZ0,train,Dataset_Shard_0000000_0099999,2,50,0.3793706222623587,0.18558500707149506,0.3274722126352784,0.1462546504288912,0.056828572019003334,14.24010469818753
0FxsmwVeriw,train,Dataset_Shard_0000000_0099999,2,50,0.699055966436863,0.7726021707057953,0.21683381586623313,0.08657158826099476,0.02811206990474602,18.37213225015599
0NN6ySHCHVA,train,Dataset_Shard_0000000_0099999,2,50,0.3469972264766693,0.18930719047784805,0.27357947022931833,0.13251806892454623,0.04091580931097269,14.982117740447384
0TJxBDyP9dw,train,Dataset_Shard_0000000_0099999,2,50,0.6852466762065887,0.7181499600410461,0.1453841833803053,0.10430396173149348,0.04098214311525226,15.20625564358165
0U2jrFZuBZM,train,Dataset_Shard_0000000_0099999,2,50,0.7458717584609985,0.7984909415245056,0.13205506474292203,0.0589651670306921,0.016415400998666882,19.94343920643853
0ZSqAjagrVo,train,Dataset_Shard_0000000_0099999,2,50,0.6996954725682736,0.7565449476242065,0.22496959360456484,0.07714055488817394,0.026630125185474755,18.808408157414917
0uLJTnNb2Es,train,Dataset_Shard_0000000_0099999,2,50,0.8613780629634857,0.8624941408634186,0.04630437044844965,0.03482335187494755,0.005735656025353819,23.46767857338183
0w6Ky8PBYSQ,train,Dataset_Shard_0000000_0099999,2,50,0.5781250384449959,0.700180858373642,0.25940689692449326,0.12464996621012688,0.050235061589628455,15.095794152006905
0zLSpoyKV_A,train,Dataset_Shard_0000000_0099999,2,50,0.5327905279397964,0.5393678843975067,0.11141198383686236,0.1548040872067213,0.06385400380939245,12.604850258632966
10gPc7VqgJk,train,Dataset_Shard_0000000_0099999,2,50,0.6392976486682892,0.6351605653762817,0.14734003753616765,0.08937854330986739,0.026108466882724314,17.09072697223631
1ER3kxd2RvQ,train,Dataset_Shard_0000000_0099999,2,50,0.7976037693023682,0.8266354203224182,0.1006735928743285,0.049048377461731435,0.01593174281064421,19.56369262210796
1FhZqPfKWjE,train,Dataset_Shard_0000000_0099999,2,50,0.8383747750520706,0.8491992056369781,0.09004551205404425,0.035535320583730934,0.008769726555328816,21.94596675774699
1YmFjGfQGnw,train,Dataset_Shard_0000000_0099999,2,50,0.7449893343448639,0.7517889142036438,0.10040677533140618,0.06840187156572938,0.022440010150894522,17.75480238521463
1cMfYuRTDX4,train,Dataset_Shard_0000000_0099999,2,50,0.22418157398700714,0.17633657902479172,0.16117371974755335,0.25422834209981376,0.11691553256125645,10.652077572575909
1heJXaiMZBw,train,Dataset_Shard_0000000_0099999,2,50,0.843779456615448,0.8822093904018402,0.129661070395617,0.03660420042462647,0.012243847236968577,21.45499676883943
1hla9mZZWKM,train,Dataset_Shard_0000000_0099999,2,50,0.5525185215473175,0.5498555302619934,0.14828585550937068,0.11275948531925678,0.03928215514868498,14.501900595989527
1jkQfyIl7Kg,train,Dataset_Shard_0000000_0099999,2,50,0.8009002384543419,0.8194539844989777,0.13318022525505088,0.04904280817136168,0.012623678301461041,20.687737779656477
1kyGOkXUEKI,train,Dataset_Shard_0000000_0099999,2,50,0.6976530021429062,0.7617456912994385,0.1809293892327823,0.11657626174390316,0.039846205096691845,15.939022164253895
27uEnvzS8O4,train,Dataset_Shard_0000000_0099999,2,50,0.44379537642002104,0.4429663270711899,0.11922333191569166,0.12242748849093914,0.04099703753367066,14.603916059813345
2KbVOj8YcRw,train,Dataset_Shard_0000000_0099999,2,50,0.5779938751459122,0.6166516840457916,0.1456622202589494,0.11594350308179856,0.041888135131448505,14.880454769359543
2ZnT6CqmPoQ,train,Dataset_Shard_0000000_0099999,2,50,0.48576346039772034,0.4479738473892212,0.11632464575729647,0.1088913132250309,0.03905164338648319,14.57411924439686
2aDuMKNR8Z0,train,Dataset_Shard_0000000_0099999,2,50,0.7392447376251221,0.7594304978847504,0.11552079184635775,0.05722568644210696,0.016817456842400134,18.757476437116885
2el-ZR4A4D4,train,Dataset_Shard_0000000_0099999,2,50,0.7912649130821228,0.7920442223548889,0.059390465696191434,0.043178256303071975,0.01253789771348238,19.898192516405473
3AR1FxFue7c,train,Dataset_Shard_0000000_0099999,2,50,0.7418591149151326,0.7826318442821503,0.18699020824360785,0.06002115426585078,0.02146714319474995,19.122978415987106
3Cg8-eoNXdY,train,Dataset_Shard_0000000_0099999,2,50,0.6050600388646126,0.6747232377529144,0.2145654695371529,0.12698201335966586,0.05646319214254618,13.6914020157473
3YwJ5Fzodfk,train,Dataset_Shard_0000000_0099999,2,50,0.8212448227405548,0.8159108757972717,0.0788587540578065,0.04694329760037363,0.010744979745941236,20.96697550820318
3p5gb_JqO78,train,Dataset_Shard_0000000_0099999,2,50,0.631760920882225,0.7156819105148315,0.19594436107171737,0.08975225303322076,0.027972728926688433,16.517317398237687
3sty8XW-6FU,train,Dataset_Shard_0000000_0099999,2,50,0.6624286901950837,0.7325480580329895,0.19082245698376726,0.07723637592047453,0.026530009298585355,18.16080661703491
3xK6shdTeCs,train,Dataset_Shard_0000000_0099999,2,50,0.6807976758480072,0.7014016211032867,0.10290521052585774,0.07263015631586313,0.01782117976807058,18.298876843767154
49dGxeU0X5E,train,Dataset_Shard_0000000_0099999,2,50,0.7277619272470475,0.8040908873081207,0.18390471280292725,0.05504603378474712,0.014544177905772813,20.78770426471502
4EtAcruEhTI,train,Dataset_Shard_0000000_0099999,2,50,0.6674631172418595,0.6589004695415497,0.14782502134688857,0.1029050990162068,0.0441466944269996,15.687128618009513
4FjwzNlLCdU,train,Dataset_Shard_0000000_0099999,2,50,0.7985361981391906,0.8333473205566406,0.12069743891226316,0.04652276622131467,0.011564900483936071,20.822567192187734
4KfWaQz2Qxg,train,Dataset_Shard_0000000_0099999,2,50,0.8073038996756077,0.8759219348430634,0.19350083013988437,0.051164940446615216,0.02012060533510521,20.236942563367208
4OwtoyYoSKY,train,Dataset_Shard_0000000_0099999,2,50,0.5786646685004234,0.5756224691867828,0.19441030963636516,0.1198223490267992,0.04728998858015984,14.892202458708466
4ZL5KtH01eQ,train,Dataset_Shard_0000000_0099999,2,50,0.6578995469212532,0.6810818612575531,0.20640654785677162,0.08724512992426753,0.029779470653738826,17.021701391667065
4ciVQzZxNkk,train,Dataset_Shard_0000000_0099999,2,50,0.749015297293663,0.7659491896629333,0.10899129401702143,0.054795169914141295,0.013537297738948836,19.750344073324815
4xuwsEvzX1g,train,Dataset_Shard_0000000_0099999,2,50,0.596365197300911,0.589722603559494,0.1240873854224158,0.09488567799329757,0.030822637947276233,16.53158224382721
51bXx1vyjBE,train,Dataset_Shard_0000000_0099999,2,50,0.6949768649041652,0.8160321712493896,0.28292482201853525,0.07757666058838368,0.02601431167939154,19.871676645743907
59_VE9iR-fE,train,Dataset_Shard_0000000_0099999,2,50,0.46793282181024554,0.49077528715133667,0.15103322899997063,0.134564308822155,0.04048249439336359,14.706980174227429
5GLtwzZw3tc,train,Dataset_Shard_0000000_0099999,2,50,0.5662281513214111,0.540917843580246,0.174757197288994,0.10564434118103236,0.0377553293062374,16.324040036214736
5HzD-gmSlU0,train,Dataset_Shard_0000000_0099999,2,50,0.5251082855463028,0.4628332406282425,0.18080708095623502,0.11822274003177881,0.05049854866461828,14.605636887249373
5ITYjnz12-Y,train,Dataset_Shard_0000000_0099999,2,50,0.6331355232000351,0.6294988095760345,0.13047186118165416,0.10621598463505506,0.04019043928012252,14.700342081068646
5USYVhzhMes,train,Dataset_Shard_0000000_0099999,2,50,0.5815848518908023,0.7290539741516113,0.27764899010257865,0.10133567542769015,0.032994540768122534,17.161181714634232
5sNeoy5PKug,train,Dataset_Shard_0000000_0099999,2,50,0.7156591928005218,0.7479274272918701,0.1406182243877548,0.06138455944135785,0.02131649134447798,18.095834711718815
5smiMjCVrkg,train,Dataset_Shard_0000000_0099999,2,50,0.7730126404762268,0.8134747743606567,0.17503356581896326,0.05415181186981499,0.01730582839809358,20.78404035113075
6KzSnrEFKlU,train,Dataset_Shard_0000000_0099999,2,50,0.7773572462797165,0.8963974714279175,0.2751207455116123,0.0514851896930486,0.014916146258474327,22.359889298775066
6QNI1KTP-uA,train,Dataset_Shard_0000000_0099999,2,50,0.7269141200184822,0.7580909729003906,0.14161248124698375,0.06040245994925499,0.01784223848488182,19.195189156229706
6QeMNsQww3A,train,Dataset_Shard_0000000_0099999,2,50,0.08602347135543824,0.0800265371799469,0.02602534144150458,0.18933714896440507,0.06319831497967243,12.145967495272545
6mmq34Ib8xg,train,Dataset_Shard_0000000_0099999,2,50,0.6769585421681404,0.7197328209877014,0.18875717493693342,0.08213614657521248,0.02587717513088137,17.426904995122452
6oSMlrVPW8w,train,Dataset_Shard_0000000_0099999,2,50,0.8177565458416939,0.8110365867614746,0.11167887710092832,0.0404782981518656,0.011795010870555416,20.917100666768192
6rdUDJMfJQc,train,Dataset_Shard_0000000_0099999,2,50,0.7618545216321945,0.7866809070110321,0.10710327268585726,0.046513174315914514,0.011898784901713953,20.762693794914473
6s1nSHVMZwM,train,Dataset_Shard_0000000_0099999,2,50,0.5900237479805946,0.5380591452121735,0.18815312173321563,0.11099993810988963,0.03779736058067101,15.99262512186365
6ys4etJ1IFg,train,Dataset_Shard_0000000_0099999,2,50,0.320507967621088,0.2884414345026016,0.16452008690354283,0.17472052663564683,0.0668415954336524,12.9337117051455
77rVIqWlxNU,train,Dataset_Shard_0000000_0099999,2,50,0.8346063089370728,0.8484187126159668,0.12122230719513585,0.03866371294483542,0.0121138156397501,20.95232629277658
79n77IIyriY,train,Dataset_Shard_0000000_0099999,2,50,0.6299611097574234,0.5872859954833984,0.16199787842745336,0.11573769509792328,0.04889679990272271,15.359659537674336
7Uke7HVpaeA,train,Dataset_Shard_0000000_0099999,2,50,0.6935413807630539,0.71802619099617,0.11244561809159846,0.06516921993345022,0.017882416299544276,18.589952103216152
7ZUOn2pZRls,train,Dataset_Shard_0000000_0099999,2,50,0.7804001650214195,0.8341153562068939,0.17855784667617622,0.05382778082042933,0.021460748810786755,20.982244285712678
7erD56xKJaM,train,Dataset_Shard_0000000_0099999,2,50,0.23654274627566338,0.18658077716827393,0.16304354647351468,0.2511092285811901,0.12261506851762533,10.060842419400666
7nFvvB200qQ,train,Dataset_Shard_0000000_0099999,2,50,0.7020929451286793,0.7320162057876587,0.16075869361225684,0.06530408348888159,0.021426675952970983,18.72723481614893
7nYRFn4c0B8,train,Dataset_Shard_0000000_0099999,2,50,0.7053582093119621,0.7714837193489075,0.2058435418034342,0.07607684932649135,0.025370084452442824,17.713956261209756
7tf2BC4mC8s,train,Dataset_Shard_0000000_0099999,2,50,0.8559888625144958,0.8665116727352142,0.058523871831981704,0.041403533909469846,0.00797055141767487,22.274433078749823
87ygy8_a7Uk,train,Dataset_Shard_0000000_0099999,2,50,0.553671405017376,0.606114387512207,0.19528805405195113,0.12527631781995296,0.05021824635565281,14.001897984590448
8BgfmtrtmLI,train,Dataset_Shard_0000000_0099999,2,50,0.8371759116649627,0.8271600008010864,0.06792502260862823,0.0316196446120739,0.006645586065715179,22.943514347256112
8Fo-MdmXmBE,train,Dataset_Shard_0000000_0099999,2,50,0.461389088332653,0.4392707645893097,0.12014672284109199,0.10147645022720099,0.029919592989608647,16.222126246544345
8efNcdaz4zU,train,Dataset_Shard_0000000_0099999,2,50,0.7780534619092941,0.7864115238189697,0.0945281392035272,0.06228803388774395,0.02140681033488363,17.909261486395454
8rYV4ViS9U4,train,Dataset_Shard_0000000_0099999,2,50,0.8324406570196152,0.8762418329715729,0.15991078436569892,0.04101738569326699,0.013244749652803875,22.376842409176955
91wTIWNvkCg,train,Dataset_Shard_0000000_0099999,2,50,0.7601448172330856,0.7847951948642731,0.12795726163490972,0.04909542276524007,0.012614464978687465,20.81953609720345
96ChCVGsYPM,train,Dataset_Shard_0000000_0099999,2,50,0.7950903952121735,0.8308128416538239,0.14267403743378335,0.045966517059132454,0.014226807008963078,20.335835927315603
9AE2GviExXs,train,Dataset_Shard_0000000_0099999,2,50,0.5040081971883774,0.49937258660793304,0.1268895158927926,0.10610764931887388,0.033080199835821986,15.363988625703957
9MPPZdAWF4U,train,Dataset_Shard_0000000_0099999,2,50,0.84608154296875,0.8638032376766205,0.0796474338807085,0.043831550292670725,0.012699040079023689,20.52741367152926
9Tq2xbgsGkM,train,Dataset_Shard_0000000_0099999,2,50,0.38017105624079706,0.3168637454509735,0.21030630427918612,0.20385313574224712,0.08192681623622775,12.292982979079806
9lVD-SGOSjg,train,Dataset_Shard_0000000_0099999,2,50,0.24005609557032584,0.2264361009001732,0.1268074831011087,0.19617552250623704,0.08730052281171083,11.119865318934568
9oBVaGfsKf4,train,Dataset_Shard_0000000_0099999,2,50,0.6210434672236442,0.6380741000175476,0.16850074342595045,0.09154932236298918,0.03258192020584829,16.848456724707532
9vQKn6w95ow,train,Dataset_Shard_0000000_0099999,2,50,0.33658027738332746,0.3074134886264801,0.13371216771563071,0.1493817698955536,0.04795867534354329,13.836679352774759
9yQHxxtlxt4,train,Dataset_Shard_0000000_0099999,2,50,0.783515602350235,0.8024324774742126,0.08789658994478043,0.04962318869307637,0.012191324913874268,20.341298131120528
A2dimG5cbgc,train,Dataset_Shard_0000000_0099999,2,50,0.7998147612810135,0.8359200060367584,0.10819879755383972,0.06165064144413918,0.027994423834607006,17.199549092686986
AE1Dd0KPmlw,train,Dataset_Shard_0000000_0099999,2,50,0.6331762951612473,0.7688390910625458,0.2698249885909102,0.07749020082876086,0.021994667460676284,19.870488410245834
AG0EifkPvGY,train,Dataset_Shard_0000000_0099999,2,50,0.4148560243844986,0.3075924962759018,0.23738577139038608,0.141191578283906,0.0466387031506747,14.93990995584707
AKC7bYyldHo,train,Dataset_Shard_0000000_0099999,2,50,0.8885405421257019,0.9117401242256165,0.0869728079457369,0.02621708328835666,0.005671064461348578,25.394982173119455
AOHQ0aYQ4QI,train,Dataset_Shard_0000000_0099999,2,50,0.7485364097356796,0.7909233272075653,0.16930120656317357,0.05397840596735477,0.01562962036463432,20.143952519081118
AQ_qy4s9-58,train,Dataset_Shard_0000000_0099999,2,50,0.6256548860669136,0.6379534006118774,0.17792849258501495,0.07853867735713721,0.02250809442717582,18.252499701485043
AXEbpZ0lhEM,train,Dataset_Shard_0000000_0099999,2,50,0.5526449111104011,0.5458763539791107,0.1104029357373157,0.09868655364960432,0.03589627572335303,15.14330299084009
Aw4Vaqqq_Eg,train,Dataset_Shard_0000000_0099999,2,50,0.835882858633995,0.8844189941883087,0.15742336066642215,0.04598575034877286,0.01597297892833012,20.718437673990408
Aymbap8XcG8,train,Dataset_Shard_0000000_0099999,2,50,0.6723441481590271,0.6912113130092621,0.1603553160932018,0.07890774792060257,0.023340800064615905,17.79242678072186
AzqgcU5_3mo,train,Dataset_Shard_0000000_0099999,2,50,0.7579914885759353,0.8266096115112305,0.17639360253222425,0.0733929599262774,0.017890269020572305,19.690215418700554
B3np71w5K1c,train,Dataset_Shard_0000000_0099999,2,25,0.747031705379486,0.764748752117157,0.15553159136891137,0.05245596872642636,0.013013697381829843,21.17299570853247
B3np71w5K1c,train,Dataset_Shard_0100000_0199999,2,25,0.7668743938207626,0.8556504249572754,0.20304830847052846,0.05618706801906228,0.016256412450311473,22.257393821486733
B5IAda_ZR3Q,train,Dataset_Shard_0100000_0199999,2,50,0.4797280099987984,0.4038586765527725,0.29197196731327685,0.12992634833790362,0.05224710935886833,16.007601218571637
BDFwFmaztC0,train,Dataset_Shard_0100000_0199999,2,50,0.7421037772297859,0.8097310960292816,0.15036170922276082,0.05234772240743041,0.015485994555056094,20.17254628903132
BI2jJ2nsUaw,train,Dataset_Shard_0100000_0199999,2,50,0.7961458671092987,0.8055599629878998,0.07467871118853107,0.045288492385298015,0.010760258785448968,20.790533841676865
BaGpiUru22U,train,Dataset_Shard_0100000_0199999,2,50,0.7944357776641846,0.8131173849105835,0.09986001159357966,0.04599742209538817,0.01153152754995972,21.48592873300002
Bdy36xv68Fs,train,Dataset_Shard_0100000_0199999,2,50,0.6758329063653946,0.6950554847717285,0.1335311878643608,0.08506269603967667,0.02520864765625447,17.461542926004732
BevoiaUK5ao,train,Dataset_Shard_0100000_0199999,2,50,0.8425615704059601,0.8952235579490662,0.16669207950809373,0.043876383565366266,0.014956612666719594,21.66231202259432
C09ZpevuOVk,train,Dataset_Shard_0100000_0199999,2,50,0.6003788739442826,0.6333105266094208,0.19266579608983062,0.11446395229548216,0.042536867135204375,15.156065728048784
C5tgj76oc7E,train,Dataset_Shard_0100000_0199999,2,50,0.6184391474723816,0.6255692839622498,0.16765396942496716,0.09320865761488677,0.02717226369306445,16.951447934546284
CIc39aXlHRY,train,Dataset_Shard_0100000_0199999,2,50,0.6484046180546283,0.6659426987171173,0.15467915429785803,0.0799041137844324,0.02564090337138623,17.648978051720174
CNbMProDX_I,train,Dataset_Shard_0100000_0199999,2,50,0.9125649440288544,0.9232616722583771,0.04685694042596373,0.021328925732523204,0.00401308846543543,25.304077737723556
CRYDNSvrbis,train,Dataset_Shard_0100000_0199999,2,50,0.7917815005779266,0.8424862325191498,0.1789099506792716,0.0581358486181125,0.02079660422692541,21.49250453998045
Ccs73enFclU,train,Dataset_Shard_0100000_0199999,2,50,0.6744745433330536,0.6949037313461304,0.10616296545430247,0.07679183457046747,0.01899172451812774,18.4274619636429
CiYlq0pHhnM,train,Dataset_Shard_0100000_0199999,2,50,0.6548870658874512,0.6721524000167847,0.15140126583112876,0.09232773095369338,0.03357164758257568,15.582724612135038
Cl1w60d8Tqc,train,Dataset_Shard_0100000_0199999,2,50,0.7174576312303543,0.7474979758262634,0.13052002218914865,0.07445608071982861,0.025460105470847337,18.164590729226735
Ctp1DySPKS0,train,Dataset_Shard_0100000_0199999,2,50,0.8217350071668625,0.8287397623062134,0.0868112018866443,0.045103446692228315,0.007810456815641373,22.610711883824884
D2q4s2rE0s_,train,Dataset_Shard_0100000_0199999,2,50,0.7404814249277115,0.7531046867370605,0.10021462363716278,0.06798475719988346,0.017954370360821485,18.108747810338905
DN3a8fF6FtU,train,Dataset_Shard_0100000_0199999,2,50,0.8880595052242279,0.9176942110061646,0.09177142937384163,0.026841915864497422,0.006096464676083997,26.112272844652743
DOjCrrrGa5s,train,Dataset_Shard_0100000_0199999,2,50,0.631359058842063,0.73567795753479,0.250353006907285,0.12557501874034643,0.06097006863271872,15.945111022478313
DXcoe1mtinI,train,Dataset_Shard_0100000_0199999,2,50,0.6774469804763794,0.7058774530887604,0.12554737328070403,0.07780541345477104,0.02169387402012944,17.65713985212612
DZHdNtwKBMo,train,Dataset_Shard_0100000_0199999,2,50,0.8686412531137466,0.8914533257484436,0.12062419470662254,0.03396839339286089,0.009511955919442698,23.54507624438761
De9wq1vFUVo,train,Dataset_Shard_0100000_0199999,2,50,0.6294229443371296,0.8682041764259338,0.36683371008764526,0.1025657707825303,0.03901374450768344,20.29771336981232
DhitzRyJg4k,train,Dataset_Shard_0100000_0199999,2,50,0.5731081411242485,0.5851610600948334,0.1771107350534516,0.1167107980325818,0.03611249413341284,15.833056746197016
DlBR2IuS-_Q,train,Dataset_Shard_0100000_0199999,2,50,0.5068022724986077,0.5185277462005615,0.20321115430313305,0.14023249164223672,0.05079923467244953,14.594384179551138
DpcTinoxOZQ,train,Dataset_Shard_0100000_0199999,2,50,0.7101767712831497,0.7838058471679688,0.21143792402887526,0.07629684308543801,0.02735656212316826,18.10075829278651
DwsiVdwkl_M,train,Dataset_Shard_0100000_0199999,2,50,0.8106045198440551,0.8158188164234161,0.04598433203875469,0.04105344481766224,0.01285254676360637,19.382021631878487
E0OylseYSt8,train,Dataset_Shard_0100000_0199999,2,50,0.7958857208490372,0.8203945755958557,0.12552520081092927,0.0589730532374233,0.02217424929374829,18.491638001847864
E5eP26MKE98,train,Dataset_Shard_0100000_0199999,2,50,0.8377616423368454,0.8709672391414642,0.11675144764346028,0.039483528193086384,0.012414329462917522,21.791557909813243
EJiNfGhoa3Y,train,Dataset_Shard_0100000_0199999,2,50,0.7133709526062012,0.7320363223552704,0.11875142899107531,0.07104011449962855,0.024845369616523384,17.705777510652844
EQhbPGMfvZU,train,Dataset_Shard_0100000_0199999,2,50,0.8286185419559479,0.8247869610786438,0.07730403492294925,0.04062390143983066,0.01279716002405621,20.550836480214993
F1UNeBWv6Ww,train,Dataset_Shard_0100000_0199999,2,50,0.8082636415958404,0.8233552277088165,0.09005588554312015,0.04564644461497665,0.0074199025426059965,22.948716677794547
F1mXo8STM24,train,Dataset_Shard_0100000_0199999,2,50,0.6104979354143143,0.6295526623725891,0.2150001109222513,0.10755666643381119,0.037093494273722175,15.660519746227653
F89GbwV1duU,train,Dataset_Shard_0100000_0199999,2,50,0.5230328595638275,0.548435240983963,0.12035940046408822,0.10965663939714432,0.03910936042666435,14.539364189978379
FF6KGtNtiwQ,train,Dataset_Shard_0100000_0199999,2,50,0.5969894063472748,0.6178950369358063,0.16087455254055053,0.1145242753974162,0.037861474836936394,16.02589682698422
FFcXOiRGMaU,train,Dataset_Shard_0100000_0199999,2,50,0.525649505853653,0.6072690486907959,0.2056752786658579,0.11825275458395482,0.03910330850630998,14.71780316753769
FGjqL-YO8E8,train,Dataset_Shard_0100000_0199999,2,50,0.75089819252491,0.7884218990802765,0.1475673919323657,0.06704713718965649,0.026582933091558517,17.334595325007427
FNFe75hIKd4,train,Dataset_Shard_0100000_0199999,2,50,0.7800876486301422,0.7924337983131409,0.14372864033995064,0.05672996198758483,0.01714594438672066,19.285191467383825
FUGgFV3WFig,train,Dataset_Shard_0100000_0199999,2,50,0.7235551834106445,0.7378882169723511,0.10985892619016493,0.07864807372912765,0.02397301245946437,17.12387086278003
FhpkDxLChRA,train,Dataset_Shard_0100000_0199999,2,50,0.7077641582489014,0.7654556035995483,0.14750126276466569,0.07315492935478687,0.02193753269733861,18.66460379804046
Fi_z7GBejhs,train,Dataset_Shard_0100000_0199999,2,50,0.4335076320171356,0.25557026267051697,0.27664526968543596,0.13291915719397365,0.047288022857392205,15.43834790535972
FzpQ92s8Idw,train,Dataset_Shard_0100000_0199999,2,50,0.6532415598630905,0.6778185367584229,0.13977250145515122,0.07796984676271677,0.02192233861424029,17.438014358736904
G5iYNFJuHkc,train,Dataset_Shard_0100000_0199999,2,50,0.7717569398880005,0.815972089767456,0.13229156973133943,0.05008657040074468,0.01879496006760746,19.566343327305944
G6vEW8-Tk5w,train,Dataset_Shard_0100000_0199999,2,50,0.742509281039238,0.7871988117694855,0.14862964470814954,0.06011194946244359,0.017558101252652704,19.923477545595937
GVoppuU8cFo,train,Dataset_Shard_0100000_0199999,2,50,0.5090582799911499,0.4822484999895096,0.17314418010662314,0.12320091884583234,0.03998213167302311,14.885855255025369
Gi3eUcsqhks,train,Dataset_Shard_0100000_0199999,2,50,0.3465256917476654,0.33145350217819214,0.1304967440289398,0.16375419944524766,0.055008100159466264,13.274480585952187
GrND9qai5pY,train,Dataset_Shard_0100000_0199999,2,50,0.6258731687068939,0.6658354103565216,0.14498458680521853,0.09279000379145146,0.028109641764312982,16.758533950272987
HRJ4OhgNX08,train,Dataset_Shard_0100000_0199999,2,50,0.699996082186699,0.7187500298023224,0.10944522476489123,0.06289790317416191,0.015996316275559367,18.931282128089162
HWcwP-2-gBU,train,Dataset_Shard_0100000_0199999,2,50,0.674827960729599,0.6787021160125732,0.1403097017649079,0.08013019755482674,0.023973966939374803,17.680637715351722
HrG_CiyMH7A,train,Dataset_Shard_0100000_0199999,2,50,0.7333816927671433,0.7332228124141693,0.09570428422604246,0.050920048262923956,0.013602248176466674,19.574410752665315
Hvip1xhAJEk,train,Dataset_Shard_0100000_0199999,2,50,0.6942446792125702,0.7837461531162262,0.18540271088012314,0.06545821579173207,0.01819454481359571,19.300001901756268
I4YrJCXtmDQ,train,Dataset_Shard_0100000_0199999,2,50,0.7739334732294083,0.7959408760070801,0.10272460611962973,0.049825044199824337,0.01658583021024242,18.738280385570906
IJ6v8unnzlw,train,Dataset_Shard_0100000_0199999,2,50,0.6861123239994049,0.7499776780605316,0.1279299581861923,0.07332184862345457,0.021097624367102982,18.548458980654754
IMYS4tzoiWw,train,Dataset_Shard_0100000_0199999,2,50,0.5239094930887223,0.509738564491272,0.1575288319056909,0.12907607465982437,0.04702714364975691,14.121856600512215
IWAeIhWK8k0,train,Dataset_Shard_0100000_0199999,2,50,0.7901187950372696,0.831106573343277,0.12109475492376041,0.04298116648569703,0.012146674452815205,21.777529450211077
IgXDqL9n1yc,train,Dataset_Shard_0100000_0199999,2,50,0.36335746765136717,0.3437040448188782,0.14922756739379364,0.1362991189211607,0.043523877561092376,14.131972294862981
IknWlKwrkqM,train,Dataset_Shard_0100000_0199999,2,50,0.5602944701910019,0.6085565388202667,0.18206315568475348,0.13229973047040403,0.0654695063852705,14.112522303722956
IpeCPBTMsp8,train,Dataset_Shard_0100000_0199999,2,50,0.8779852753877639,0.9096928834915161,0.12461048826182734,0.027786971963942052,0.00719658846326638,24.234276970646942
IwlK3JWqWhA,train,Dataset_Shard_0100000_0199999,2,50,0.643061955422163,0.7132732570171356,0.22110839528680581,0.10934630125761031,0.034265407687053086,16.52779612476538
JF1WHXagVBg,train,Dataset_Shard_0100000_0199999,2,50,0.7818967145681381,0.8096692264080048,0.12377917855970577,0.04604408400133252,0.013180876947008074,20.281737106417523
J_Q3FptXl4E,train,Dataset_Shard_0100000_0199999,2,50,0.6642625591158867,0.7332713603973389,0.1757419829939111,0.08206580564379692,0.02564581579528749,17.692730245350813
JiFbkH4lkEA,train,Dataset_Shard_0100000_0199999,2,50,0.6303720040619374,0.6473627090454102,0.1714818810126266,0.08658043537288904,0.027809392283670603,16.699546450939206
JricrURk4aQ,train,Dataset_Shard_0100000_0199999,2,50,0.7638999846577644,0.7995466887950897,0.14537984361186512,0.06195381060242653,0.01907356293639168,19.22901229828523
K1-1564mVaE,train,Dataset_Shard_0100000_0199999,2,50,0.783379077911377,0.8739576935768127,0.19580109252363212,0.055838982877321544,0.013899660472525284,21.344782142802124
KGDAv4gY0CU,train,Dataset_Shard_0100000_0199999,2,50,0.6459522393345832,0.718081921339035,0.18032809661242627,0.08719665508717299,0.03213554233312607,16.1516254007729
KWLQZy3Trfc,train,Dataset_Shard_0100000_0199999,2,50,0.8915929335355759,0.9200217127799988,0.11198723584932616,0.03392099384218454,0.012907273200107738,22.30872925563343
K_9S0CZoNLw,train,Dataset_Shard_0100000_0199999,2,50,0.2675679823756218,0.23498264700174332,0.10750208722178387,0.20618030726909636,0.07963223163038492,11.462851279477505
KiIkP5rt664,train,Dataset_Shard_0100000_0199999,2,50,0.5667140749096871,0.6282603740692139,0.20721745301969216,0.10976334568113089,0.042563003413379194,15.089938456060771
LABUp-9fzpo,train,Dataset_Shard_0100000_0199999,2,50,0.751214149594307,0.7662566304206848,0.14773687342043967,0.06344941523857414,0.019224753567250445,19.221868836324266
LCu1WeLTHHs,train,Dataset_Shard_0100000_0199999,2,50,0.6071697449684144,0.6269586384296417,0.13450676215236784,0.10602980241179466,0.035644665844738486,15.04222189659502
LNm-RsObqrI,train,Dataset_Shard_0100000_0199999,2,50,0.4568884672224522,0.46612244844436646,0.10528828729495138,0.09396809667348861,0.024149127313867213,17.608561722881227
LY8eSMG5Zg_,train,Dataset_Shard_0100000_0199999,2,50,0.3364056035876274,0.32951565086841583,0.1269146687520538,0.18094143897294998,0.07202419314533472,12.192694843093626
LqVVbjKegLM,train,Dataset_Shard_0100000_0199999,2,50,0.7477876454591751,0.7787771224975586,0.10325983763947283,0.06835324708372355,0.019543860759586095,17.951598186045327
LsLsb6ON3HA,train,Dataset_Shard_0100000_0199999,2,50,0.6636972051858901,0.6873664557933807,0.16098630354450216,0.08833301205188036,0.03235923904459923,16.7974195154891
LxB4fZIr6QM,train,Dataset_Shard_0100000_0199999,2,50,0.6885469096899033,0.7032764852046967,0.1440875001186261,0.07078391648828983,0.020532358875498175,18.09331956251966
M0U21_jIkjs,train,Dataset_Shard_0100000_0199999,2,50,0.6779931247234344,0.7023961544036865,0.13987819615369748,0.09091933265328407,0.036718068746849894,15.569555697371161
MI9SBkWfYeE,train,Dataset_Shard_0100000_0199999,2,50,0.8193444077670574,0.8572452068328857,0.18439481374206332,0.049333106577396396,0.01770475519821048,20.522824111676588
MKXS5-a6wB4,train,Dataset_Shard_0100000_0199999,2,50,0.762800881266594,0.7714534997940063,0.10643644199255654,0.055803823582828045,0.018338439562357964,18.709428110322396
MO0BNkMVRUM,train,Dataset_Shard_0100000_0199999,2,50,0.3068863569200039,0.28366073966026306,0.15196773684527634,0.18435058556497097,0.07570516228675843,12.40303639076842
MQ0rcxyT_18,train,Dataset_Shard_0100000_0199999,2,50,0.675379649400711,0.6763704121112823,0.13196291834793764,0.08737445820122958,0.03456969724968076,15.932438240274228
Mb1sAgqD2zk,train,Dataset_Shard_0100000_0199999,2,50,0.735278582572937,0.8498845100402832,0.2271663809483079,0.0625148044899106,0.01613595015835017,21.18678919450525
MoldpStWdSM,train,Dataset_Shard_0100000_0199999,2,50,0.7759416645765305,0.8097707629203796,0.11390411863363513,0.05748245622962713,0.01504016182385385,19.74157264628092
MwffJW2HSBw,train,Dataset_Shard_0100000_0199999,2,50,0.7527322566509247,0.7714211344718933,0.1039358531325756,0.05130419131368399,0.01480995713500306,19.3764369734218
Mwqts-3PkoQ,train,Dataset_Shard_0100000_0199999,2,50,0.6114990067481995,0.6183963119983673,0.06870026391176931,0.10420135930180549,0.0456993979588151,13.924006710761187
Mz477FcOK1I,train,Dataset_Shard_0100000_0199999,2,50,0.57901611328125,0.5918187201023102,0.1348203104592767,0.09824296481907367,0.031486415858380495,15.682607580964447
NBZN1K9PE38,train,Dataset_Shard_0100000_0199999,2,50,0.7462808695435524,0.7629221379756927,0.13613916756604352,0.050981272738426925,0.012935948565136642,20.686945719151822
NDEQ8jZEeMg,train,Dataset_Shard_0100000_0199999,2,50,0.7550968509912491,0.8055323362350464,0.1360863091655582,0.07002796908840538,0.021032992885448038,19.59556529277856
NNaNjLEnyCc,train,Dataset_Shard_0100000_0199999,2,50,0.8321932518482208,0.8674100637435913,0.1315275890657458,0.04973323149606586,0.01898439053678885,19.174033149940666
NSBXNBFcSM_,train,Dataset_Shard_0100000_0199999,2,50,0.6830016583204269,0.7215353846549988,0.2029431192835916,0.07467572931919676,0.020536398891382573,22.666828424299883
NTl51OfTzPY,train,Dataset_Shard_0200000_0299999,2,50,0.421316045820713,0.19731414318084717,0.32680410771898605,0.15962814477272333,0.059073913261890994,16.17560780818116
Nd5eAZn0k8Q,train,Dataset_Shard_0200000_0299999,2,50,0.7603626000881195,0.7652272284030914,0.11191745764502325,0.054199413750320675,0.013348315606126562,20.12147011556055
Nenwue8ACQE,train,Dataset_Shard_0200000_0299999,2,50,0.625337276160717,0.633691281080246,0.2109893538173324,0.0988366100564599,0.03372000516392291,16.268322622706407
NjNROlXjW5I,train,Dataset_Shard_0200000_0299999,2,50,0.7884755933284759,0.8062214553356171,0.06459368754701358,0.042685974277555945,0.010043225791305304,20.898841924539695
NnlJ2WtQxhw,train,Dataset_Shard_0200000_0299999,2,50,0.7675586819648743,0.79434534907341,0.12278618841042262,0.042525340784341094,0.008961767806904391,22.468460071482365
NsLZGmOq9MM,train,Dataset_Shard_0200000_0299999,2,50,0.8676760697364807,0.875057578086853,0.08683431925332341,0.042455157190561296,0.01814569971174933,19.94764060181545
Nt95VxNw1JA,train,Dataset_Shard_0200000_0299999,2,50,0.6845759695768356,0.6805550754070282,0.10987670511755251,0.06969126880168915,0.019774962347000838,17.78299997940649
NumylOGDIqs,train,Dataset_Shard_0200000_0299999,2,50,0.6187922801077366,0.7466324269771576,0.26099681567194466,0.09774473547935486,0.031096774325706063,16.470766716131727
O6svjbPlqR0,train,Dataset_Shard_0200000_0299999,2,50,0.7824005603790283,0.8206200301647186,0.11970272320383912,0.05374488985165954,0.015176856922917068,19.763039318288637
OOXpm9RUBr4,train,Dataset_Shard_0200000_0299999,2,50,0.6338695675134659,0.6477799415588379,0.1686497644132733,0.09577684238553047,0.03751153570599854,16.27812160463334
Oh6s2ckLVCc,train,Dataset_Shard_0200000_0299999,2,50,0.7986058861017227,0.8358899056911469,0.12430224059291592,0.05427706763148308,0.014626484396867454,20.002510132232036
P42sNbDRQVI,train,Dataset_Shard_0200000_0299999,2,50,0.5626651918888093,0.6996504664421082,0.21824244015111335,0.16745873261243105,0.08025979015976191,13.737202687408924
PAp-oCbJbao,train,Dataset_Shard_0200000_0299999,2,50,0.7908103561401367,0.8373958766460419,0.14514978482979352,0.050052356356754896,0.009992956793867051,22.740198411259456
PBh8_Cc90uw,train,Dataset_Shard_0200000_0299999,2,50,0.5938839408755302,0.5798436403274536,0.14370280547260353,0.08072137083858251,0.025318020498380066,17.016301980599746
PCuj0aU8-4E,train,Dataset_Shard_0200000_0299999,2,50,0.6737326282262802,0.6698397397994995,0.08829232824120627,0.07272870156913996,0.01990005941130221,17.672189281116218
PF0ym46Ji90,train,Dataset_Shard_0200000_0299999,2,50,0.5344192746281624,0.5323675274848938,0.21325582205757965,0.13600560005754234,0.05595722007099539,14.383504868663016
PGb6eporHd4,train,Dataset_Shard_0200000_0299999,2,50,0.6072075143456459,0.6562701761722565,0.17325726800399655,0.09519136533141136,0.031264307806268335,16.65702794836878
PVyHZ65Fny0,train,Dataset_Shard_0200000_0299999,2,50,0.4627415318787098,0.573851466178894,0.236821254376513,0.150722174346447,0.06430207898840308,13.399724094891798
Pft9pKcpJfQ,train,Dataset_Shard_0200000_0299999,2,50,0.8783338442444801,0.9054801166057587,0.1453114194533701,0.025263899751007558,0.007125058633973822,23.742977245046475
Pxfgv-VzJb8,train,Dataset_Shard_0200000_0299999,2,50,0.8030753850936889,0.8435857594013214,0.14754547690961947,0.0637207889650017,0.022220509792678058,19.547593238745506
Q3-hgENLscU,train,Dataset_Shard_0200000_0299999,2,50,0.5956887349486351,0.6499425172805786,0.2011031535206402,0.11736759267747403,0.03912697499617934,16.218391307420394
QGuO3Ikm9L0,train,Dataset_Shard_0200000_0299999,2,50,0.7928699842840433,0.8599855601787567,0.17131374766253862,0.06124991623684764,0.0197437818715116,20.94784405120333
QPaAUPP0L2s,train,Dataset_Shard_0200000_0299999,2,50,0.26936153568327426,0.1943720504641533,0.1986485202613266,0.17456833336502314,0.06455388543196022,12.674319337834559
QRGS3EjB5I4,train,Dataset_Shard_0200000_0299999,2,50,0.47125359505414965,0.4034607410430908,0.19819345125237828,0.10713628359138966,0.029288607696071268,16.483245204753484
QZqfMruo1-w,train,Dataset_Shard_0200000_0299999,2,50,0.6011969935894013,0.6036894619464874,0.14801534209022915,0.10719649743288756,0.039284029565751555,15.077875462250493
R2AgAYViA-Q,train,Dataset_Shard_0200000_0299999,2,50,0.6494754695892334,0.6382752060890198,0.1412091817919756,0.0907888426631689,0.029838101626373827,16.775238804667225
R8C5qDxBYj0,train,Dataset_Shard_0200000_0299999,2,50,0.7265464806556702,0.7687459886074066,0.1337821041876004,0.058777897395193575,0.014608007580973208,19.95416484751197
ROt4Y-lkzD8,train,Dataset_Shard_0200000_0299999,2,50,0.8000450247526169,0.8197160959243774,0.12648778126834978,0.0620289315469563,0.019751746128313243,19.49021337490189
RUu5-e13gZw,train,Dataset_Shard_0200000_0299999,2,50,0.5745055089890957,0.5973253846168518,0.24685661781653395,0.1325066640553996,0.05608971112465952,14.24311368446311
RWeESNvnYQs,train,Dataset_Shard_0200000_0299999,2,50,0.8148437476158142,0.8610019683837891,0.13682764444124287,0.04643599709495902,0.013881744877435266,21.68142034488078
RXnWs2i_f2w,train,Dataset_Shard_0200000_0299999,2,50,0.7001070761680603,0.7465716600418091,0.12346095014358853,0.07327026581391692,0.01941238206345588,18.18897233000894
RjAhTdGaZpw,train,Dataset_Shard_0200000_0299999,2,50,0.7735315135121346,0.7737778127193451,0.1219616502070339,0.06110049817711115,0.015983505591284485,20.291889800271807
RrCuR6tPFxI,train,Dataset_Shard_0200000_0299999,2,50,0.7259704023599625,0.7348829805850983,0.11629867014753971,0.06166047444567084,0.01860470293846447,19.02198950589422
S9MeH6oej30,train,Dataset_Shard_0200000_0299999,2,50,0.7229262816905976,0.7525074779987335,0.12954520721296736,0.08709909323602914,0.03479810272343457,15.669719771247442
SJcqdf3mIc8,train,Dataset_Shard_0200000_0299999,2,50,0.9631227964162826,0.9911762475967407,0.10437124643567765,0.0179619987658225,0.00603216010495089,33.64925509002235
SWqtN9u71FI,train,Dataset_Shard_0200000_0299999,2,50,0.5814052376151085,0.6382322311401367,0.21084701031936068,0.09870575205422938,0.03314540170133114,16.72958006955882
SjbNwQc9Uko,train,Dataset_Shard_0200000_0299999,2,50,0.7744676864147186,0.7703560590744019,0.10039821392071961,0.06258919645100831,0.0206574349780567,18.40689367337261
SpUWKtLtTN8,train,Dataset_Shard_0200000_0299999,2,50,0.7093955928087234,0.71233269572258,0.16185827527319782,0.06391497991979123,0.022883200019132344,18.45281132534137
SrkeG7CkkJY,train,Dataset_Shard_0200000_0299999,2,50,0.6010926258563996,0.6769338846206665,0.17995602612769257,0.10177404910326004,0.0389047391526401,15.791040738248832
SsxtoWJHb4o,train,Dataset_Shard_0200000_0299999,2,50,0.7090028327703476,0.8311325013637543,0.2810466885763311,0.06866482114419341,0.020309438566328025,19.889252129306378
TDCUZ3rN6H8,train,Dataset_Shard_0200000_0299999,2,50,0.6431543338298797,0.6497980356216431,0.09887713385630391,0.08601469345390797,0.02834467949345708,16.301451912993883
TLUD5I3rzoc,train,Dataset_Shard_0200000_0299999,2,50,0.7547622048854827,0.7759467959403992,0.1222287937233023,0.0634069100767374,0.01943486254196614,18.758155091188247
T_FBIBGomLM,train,Dataset_Shard_0200000_0299999,2,50,0.7142299544811249,0.7791685461997986,0.1354119111689868,0.06753305559977889,0.02270072537707165,18.20632245959657
TcjaEAyS8ts,train,Dataset_Shard_0200000_0299999,2,50,0.6602515345811844,0.6517935693264008,0.12787619482926388,0.07047269438859076,0.023453421582235023,17.847217045008662
TlGCU7dVYvo,train,Dataset_Shard_0200000_0299999,2,50,0.708168877363205,0.7720275223255157,0.1713612261375689,0.07792435813695192,0.022670411770232022,18.766749080322395
Tn_MfGExzrw,train,Dataset_Shard_0200000_0299999,2,50,0.6799994069337845,0.6717179715633392,0.08471469870202922,0.058128811363130806,0.014345104857347905,19.592758287070534
TqH1zY7HkZE,train,Dataset_Shard_0200000_0299999,2,50,0.5662402701377869,0.6586432754993439,0.25561176741654523,0.1437149352580309,0.06176945359678939,14.537287015011326
TxDFFE1BV8k,train,Dataset_Shard_0200000_0299999,2,50,0.8213744938373566,0.8255414962768555,0.07134045977858189,0.04386301310732961,0.009110787869431078,21.40903726925527
U5_e_c9A3Rc,train,Dataset_Shard_0200000_0299999,2,50,0.7461675065755844,0.7542133927345276,0.08086924916724283,0.061143575897440315,0.021326184566132726,17.85758335018306
U7HzviIwyfs,train,Dataset_Shard_0200000_0299999,2,50,0.3142810299992561,0.17755655944347382,0.25516116905060665,0.23282725583761932,0.10747991642449051,12.277480267415504
UFtV7H3fdIs,train,Dataset_Shard_0200000_0299999,2,50,0.624808058142662,0.5616956949234009,0.22690731163655153,0.08820448664948344,0.02799852942349389,18.190443994361274
UQfPmUjyJUM,train,Dataset_Shard_0200000_0299999,2,50,0.630237951874733,0.6555143296718597,0.1274766023528926,0.1087736089527607,0.03955586440861225,14.775044378420862
UTkGQGJkQcM,train,Dataset_Shard_0200000_0299999,2,50,0.35647897601127626,0.36934392154216766,0.20710558272442572,0.17726963706314564,0.07226533992215992,12.592006483055638
UVKesI-XW-I,train,Dataset_Shard_0200000_0299999,2,50,0.47923299014568327,0.5061222910881042,0.1443743563520484,0.11191893473267556,0.034264249727129936,15.512978482386123
UhLOi799970,train,Dataset_Shard_0200000_0299999,2,50,0.8087460207939148,0.8264792859554291,0.07085595297611712,0.05044067358598113,0.015284265889786184,19.17720671544877
Ursk6DLqdv4,train,Dataset_Shard_0200000_0299999,2,50,0.7890046334266663,0.8060856759548187,0.08921934742225392,0.04397926449775696,0.008932037609629333,21.291288375774574
UzHgEVKrIqc,train,Dataset_Shard_0200000_0299999,2,50,0.606081776022911,0.6513796150684357,0.2357117907006137,0.11217868295963854,0.04483924686443061,15.779491326986255
WNqNsRzvBvo,train,Dataset_Shard_0200000_0299999,2,50,0.8206873154640197,0.8603957891464233,0.14235536941192792,0.030664967820048333,0.006906375544494949,24.361729124737202
WQGAJwFwH0w,train,Dataset_Shard_0200000_0299999,2,50,0.6885429695248604,0.7075453400611877,0.1526645125961629,0.0773034855350852,0.026760755223222077,17.27360020536668
WRYnLiiVC_o,train,Dataset_Shard_0200000_0299999,2,50,0.6070125696063041,0.6753401458263397,0.22400887979084624,0.08437860146164894,0.02568148887483403,18.07911978418488
WaNC6Haohmo,train,Dataset_Shard_0200000_0299999,2,50,0.7981881600618362,0.8201619982719421,0.13401674175242465,0.05069904941134155,0.012167908060364425,20.732591816582534
WomgOCKLrVc,train,Dataset_Shard_0200000_0299999,2,50,0.7246402895450592,0.7263575196266174,0.08407715378502388,0.06304187189787626,0.0200680679269135,17.707855445012623
Wxgkda9YiHw,train,Dataset_Shard_0200000_0299999,2,50,0.45416162952780725,0.43517230451107025,0.20997750130281956,0.11656539283692836,0.03938449085690081,16.04090634819762
WzV4jMKBeew,train,Dataset_Shard_0200000_0299999,2,50,0.673735245168209,0.8039285838603973,0.23358669207640725,0.09004095837473869,0.031410996839404105,17.356682402567923
X5tZRyCgJK8,train,Dataset_Shard_0200000_0299999,2,50,0.646443042755127,0.6873651146888733,0.16154178203994424,0.08303672105073928,0.025705962823703885,17.36809351582941
X7orN2iRgls,train,Dataset_Shard_0200000_0299999,2,50,0.7439476478099823,0.7568781077861786,0.13595815426591684,0.05139139302074909,0.013675386193208397,19.96892440239513
XCsmC9bEuDg,train,Dataset_Shard_0200000_0299999,2,50,0.8865811145305633,0.8912513852119446,0.0561187524731361,0.028385833045467733,0.005856874574674293,24.22204945827554
XHK8f0jmGFw,train,Dataset_Shard_0200000_0299999,2,50,0.7693172025680542,0.7857637703418732,0.0709382836574643,0.06419812858104706,0.015752653144299984,18.779333228244017
XK0SUybge_0,train,Dataset_Shard_0200000_0299999,2,50,0.6492087131738663,0.7215346395969391,0.21207763464193288,0.08238977501168847,0.027772870883345603,17.96551886380101
XRtazMBnC9Y,train,Dataset_Shard_0200000_0299999,2,50,0.8159749007225037,0.8139040172100067,0.09618447974679022,0.05075843695551157,0.01855101259658113,18.583003929509886
XSkVffeCQ8c,train,Dataset_Shard_0200000_0299999,2,50,0.8004741346836091,0.8322586119174957,0.13831226898161258,0.055381281841546295,0.019522863645106553,20.09767546541476
Xb5EGVKJPoI,train,Dataset_Shard_0200000_0299999,2,50,0.5844087120890618,0.6348389089107513,0.18557300502578292,0.11750753704458475,0.0424418918043375,14.867598721317314
XhaQLBKD6Sc,train,Dataset_Shard_0200000_0299999,2,50,0.4694302415847778,0.46321190893650055,0.17848706681122595,0.14372540470212697,0.051760682612657545,13.876313974806681
Xkv0iBd50dQ,train,Dataset_Shard_0200000_0299999,2,50,0.6452583649754524,0.739691287279129,0.21029044772880898,0.09485529355704785,0.03613121315836906,15.503607665947422
Xr0VL5ak2YA,train,Dataset_Shard_0200000_0299999,2,50,0.7279384589195251,0.7316496074199677,0.06024722220838949,0.07014608226716518,0.021599278952926397,16.932384540949574
Y1rsLA_zWpw,train,Dataset_Shard_0200000_0299999,2,50,0.7297585266828537,0.7626971006393433,0.12954476728354583,0.05756508937105537,0.01455915277445456,19.907265250809107
YLFEJ_74Qps,train,Dataset_Shard_0200000_0299999,2,50,0.6700029689073562,0.6961354911327362,0.17018276083807551,0.08934787046164275,0.03807049364317208,15.539781371366043
YTTraNue048,train,Dataset_Shard_0200000_0299999,2,50,0.38313500374555587,0.3625915050506592,0.16773823175452207,0.144862618483603,0.044730164767242966,14.226171895723134
YUA8cOH4wTA,train,Dataset_Shard_0200000_0299999,2,50,0.6587771457433701,0.6580256223678589,0.11745996745802013,0.0738228815793991,0.02559586222283542,16.725017636177796
Yg5Ssy3qkgQ,train,Dataset_Shard_0200000_0299999,2,50,0.5812066313624382,0.6398169994354248,0.19651499637144756,0.08664698943495751,0.026320007778704167,17.11700987116322
Ykj7lbApeTs,train,Dataset_Shard_0200000_0299999,2,50,0.7768894782662392,0.8115196228027344,0.1542765883916224,0.06465809036046266,0.022348240476567298,18.804396416265476
YweVXE4EVWM,train,Dataset_Shard_0200000_0299999,2,50,0.7679105633497239,0.7738676071166992,0.10678419936604734,0.0479155452735722,0.012058197903679685,20.74015867703748
Z3wah38KgoA,train,Dataset_Shard_0200000_0299999,2,50,0.7918379724025726,0.7800436317920685,0.09276040546427863,0.04340830698609352,0.010268530801404267,21.216199876582383
ZBsE2JWimj0,train,Dataset_Shard_0200000_0299999,2,50,0.6919303929805756,0.7386153936386108,0.16201857573406947,0.08244026679545641,0.03229421862401068,16.14998502487946
ZPGB4_jJCyc,train,Dataset_Shard_0200000_0299999,2,50,0.4638324776291847,0.37361854314804077,0.2221042151191325,0.11945286072790623,0.03907833049073815,15.67305650868348
Z_Nk-d3D3VI,train,Dataset_Shard_0200000_0299999,2,50,0.8411531734466553,0.8462452590465546,0.051896263707586016,0.034053185023367405,0.00691775381565094,22.437543053160567
ZbjWbqnnYyE,train,Dataset_Shard_0200000_0299999,2,50,0.7922148609161377,0.817593902349472,0.10782743510649605,0.051936316937208175,0.014160944231553002,20.141415706911754
Zcn7rbz3Xqc,train,Dataset_Shard_0200000_0299999,2,50,0.7419091498851776,0.7547807097434998,0.07696418979394296,0.05890486665070057,0.01975564940366894,18.27021422436677
aIi6zkwglCM,train,Dataset_Shard_0200000_0299999,2,50,0.7823147457838059,0.8989105522632599,0.24472363159369595,0.05642251544704777,0.01660481260140827,24.73255448819868
aKAbodQ83uk,train,Dataset_Shard_0200000_0299999,2,50,0.7550051987171174,0.7760028541088104,0.10870380979484992,0.06851723615080119,0.019049652854446323,18.956570785258815
aUad-7rZkQE,train,Dataset_Shard_0200000_0299999,2,50,0.8824175727367402,0.8913649320602417,0.0523685752035543,0.02787088116630912,0.006172793488949537,23.57294827964547
aq7naPyd_ps,train,Dataset_Shard_0200000_0299999,2,50,0.8689478021860123,0.9047968685626984,0.1301667700462402,0.030521115697920324,0.008426992802415044,22.588283671065856
aykwHkSTKps,train,Dataset_Shard_0200000_0299999,2,50,0.7711121398210525,0.7795274257659912,0.098086159480857,0.04457738142460585,0.011105107886251062,21.055370522243425
b4wQRPqpcHo,train,Dataset_Shard_0200000_0299999,2,50,0.6200771698355675,0.7103826701641083,0.2613932148266418,0.12235542084556073,0.05132738265063381,15.640915301685679
b7nnK-iWh_s,train,Dataset_Shard_0200000_0299999,2,2,0.8005410134792328,0.8005410134792328,0.021932214498519897,0.044340540654957294,0.0079569888766855,21.3575150486997
b7nnK-iWh_s,train,Dataset_Shard_0300000_0399999,2,48,0.8067557041843733,0.8137008249759674,0.08912873273445822,0.04570227087242529,0.01190767445465705,20.722003296064276
bDs_lr_2dpg,train,Dataset_Shard_0300000_0399999,2,50,0.8913814276456833,0.924380362033844,0.09303280466847463,0.03202678341418505,0.007491924843052402,23.880736843594786
bGaEvKvZWas,train,Dataset_Shard_0300000_0399999,2,50,0.6834854140877724,0.6956326961517334,0.10569060713936619,0.08002108551561832,0.032513588201254606,15.435783224266972
bQ869A6Z27I,train,Dataset_Shard_0300000_0399999,2,50,0.5620648670196533,0.5877918303012848,0.18122956023371137,0.09722630623728037,0.033639278020709755,15.569044000579634
bf8S2Tnk5-c,train,Dataset_Shard_0300000_0399999,2,50,0.7314358985424042,0.7340299785137177,0.08423769948586073,0.06812630027532578,0.014158979462226853,19.417367913993637
bkQ5uGu5qE8,train,Dataset_Shard_0300000_0399999,2,50,0.7420629519224167,0.8234139680862427,0.23961807632493703,0.05317920914851129,0.013936547070625239,20.709325125645073
bnVPLUTCR7U,train,Dataset_Shard_0300000_0399999,2,50,0.6297747713327407,0.6321986615657806,0.18291868034271422,0.08994596313685178,0.031235687877051534,16.35656467590861
btNRAupsVCA,train,Dataset_Shard_0300000_0399999,2,50,0.6777030289173126,0.7269207537174225,0.23750239552949282,0.0807125418074429,0.028801406838465483,18.187716991504825
c2Gd126Ko_w,train,Dataset_Shard_0300000_0399999,2,50,0.44341070801019666,0.41054028272628784,0.2104884071131447,0.15812140990048648,0.061081359228119254,13.378170726918762
c7Al1YuIwUI,train,Dataset_Shard_0300000_0399999,2,50,0.7131904572248459,0.8107602298259735,0.25460369498897006,0.060727793127298355,0.017114320917753504,20.746448789211534
cCQSFjK9mhw,train,Dataset_Shard_0300000_0399999,2,50,0.8838160079717636,0.9287040531635284,0.13805771006527703,0.03107163288630545,0.010676688176026801,25.17210028600759
cF3FypUIZhA,train,Dataset_Shard_0300000_0399999,2,50,0.6809369462728501,0.7000735700130463,0.13242774800767812,0.08446463506668805,0.030164518621750177,16.12648851172605
cFUZYGRYK94,train,Dataset_Shard_0300000_0399999,2,50,0.20609886541962624,0.17764127254486084,0.11337512137469623,0.2393370223045349,0.10177314601838588,10.302184529117703
cPcyix9lBG0,train,Dataset_Shard_0300000_0399999,2,50,0.5698135542869568,0.5659294724464417,0.12367797268775799,0.10091381039470435,0.03607290046289563,15.172479565894967
cQAkgnu0KNE,train,Dataset_Shard_0300000_0399999,2,50,0.7881427693367005,0.7814209163188934,0.06111372068814475,0.06266778092831374,0.01575186807429418,18.904161427769683
cTIbhq8KHSM,train,Dataset_Shard_0300000_0399999,2,50,0.6330446760356426,0.752570778131485,0.24185854012147587,0.0917721512913704,0.02807531354483217,17.2240015743884
ciLvB2zwaOE,train,Dataset_Shard_0300000_0399999,2,50,0.7069730171561242,0.7205120325088501,0.13435687183485615,0.08278276728466154,0.025522938828216865,17.591207967576693
ck3jZjhnQ84,train,Dataset_Shard_0300000_0399999,2,50,0.7793836468458175,0.8073000907897949,0.12477422769623636,0.04729974345304072,0.01242975664907135,21.030251486937885
cqUD7jK9olE,train,Dataset_Shard_0300000_0399999,2,50,0.6003537249565124,0.6184770166873932,0.1999406577400139,0.0958817695826292,0.03486745428701397,16.460390392127515
cxKVZ0NO0V4,train,Dataset_Shard_0300000_0399999,2,50,0.6984580767154693,0.7134212255477905,0.12330909805344188,0.09301166694611311,0.03090744761750102,16.311392085351095
d21L6jFe6C8,train,Dataset_Shard_0300000_0399999,2,50,0.6315886610746384,0.6636851131916046,0.13676789103573858,0.10536547414958478,0.035597445834428074,16.39031554168722
d9IvvjcFxp8,train,Dataset_Shard_0300000_0399999,2,50,0.8614805787801743,0.8713642656803131,0.0916880704658142,0.0446737814694643,0.018799668872961774,19.19705897993921
dadeCjt1zZ8,train,Dataset_Shard_0300000_0399999,2,50,0.6307592487335205,0.6203802227973938,0.10959586826372868,0.08423881210386754,0.030491131437011064,16.3703040953601
dpttD5WWzs0,train,Dataset_Shard_0300000_0399999,2,50,0.6281909883022309,0.6398592591285706,0.18142334203369054,0.10576775055378676,0.03875894886441529,15.599849862942781
dtf0Qt8rCPE,train,Dataset_Shard_0300000_0399999,2,50,0.6587930965423584,0.6469058096408844,0.13686774871438726,0.08506555210798979,0.027451935950666667,17.068056407043557
e63J3OFgS7M,train,Dataset_Shard_0300000_0399999,2,50,0.7439382803440094,0.7520658373832703,0.14597973635293574,0.08253939972259104,0.02986437834566459,17.94972222822095
eAyLA25v2ls,train,Dataset_Shard_0300000_0399999,2,50,0.44043482303619386,0.41817575693130493,0.23417380033968438,0.14565252229571343,0.05318377023562789,13.996225332725505
eC9gwP4mNPQ,train,Dataset_Shard_0300000_0399999,2,50,0.5437896040081978,0.5519537031650543,0.17587128143624858,0.12680222254246473,0.042809881027787926,15.355486199556262
ePQhPKVW2vk,train,Dataset_Shard_0300000_0399999,2,50,0.6658498936891556,0.6780513525009155,0.15505661440080104,0.09459304909512867,0.03412759779392218,17.624916398072433
eVYUkO383bM,train,Dataset_Shard_0300000_0399999,2,50,0.6850688436627388,0.7315258979797363,0.16166638471038744,0.08261570520699024,0.02878913959953934,17.119273245917217
eg5ydF06A9U,train,Dataset_Shard_0300000_0399999,2,50,0.7523838806152344,0.7612348794937134,0.08867977926550649,0.06938261430710554,0.029435313353314996,16.36127184959611
euGB9ACrIrg,train,Dataset_Shard_0300000_0399999,2,50,0.6902044498920441,0.7255277931690216,0.13462461561155376,0.07044371120631694,0.021689812811091544,17.720533200980483
f10cdSfKzdc,train,Dataset_Shard_0300000_0399999,2,50,0.5675689016282558,0.6386413276195526,0.2151068706575611,0.10808686066418886,0.03577869426459074,16.00078528355563
fGK4CtMVIGk,train,Dataset_Shard_0300000_0399999,2,50,0.8237053024768829,0.8484861254692078,0.09421633778548023,0.04616768864914775,0.019987688292749228,18.239373025373023
fJ0BU_4rY28,train,Dataset_Shard_0300000_0399999,2,50,0.7179405209422112,0.7617749273777008,0.1632010871116446,0.08789445374161005,0.028570795187260956,17.09654986343294
fM0ea2tSBNQ,train,Dataset_Shard_0300000_0399999,2,50,0.7203287932276726,0.7698404788970947,0.18808269235221098,0.05413861327804625,0.015565623674192466,20.649429900365018
fVXYoBINHcs,train,Dataset_Shard_0300000_0399999,2,50,0.6009417122602463,0.6305919885635376,0.17866463173766692,0.1169713418930769,0.04606198624707759,14.593555264345891
fcmXnubsug8,train,Dataset_Shard_0300000_0399999,2,50,0.628980467915535,0.6641897559165955,0.21212823718050022,0.11106507798656821,0.03495387864881195,16.885845792318015
fj1Kji79nQ8,train,Dataset_Shard_0300000_0399999,2,50,0.7154481452703476,0.7913103103637695,0.21727022588445016,0.09175516303628684,0.0401282546389848,16.348300997406625
g0YkYrnLS_A,train,Dataset_Shard_0300000_0399999,2,50,0.6602753856778145,0.7054237723350525,0.18537843656192715,0.0966620269883424,0.03965414310921915,16.40026288077381
g6LFKsNbbnw,train,Dataset_Shard_0300000_0399999,2,50,0.5545444321632386,0.5433579832315445,0.2014685707123423,0.14393099643290042,0.05583032028749585,13.100238622599978
gFTV_Kjw3OE,train,Dataset_Shard_0300000_0399999,2,50,0.7591524839401245,0.7853976488113403,0.1197305372899064,0.05368159862235188,0.01746605838648975,19.1620855565361
gKgHFMHDn3g,train,Dataset_Shard_0300000_0399999,2,50,0.47021020770072935,0.41790033876895905,0.14250153103932792,0.1348679270595312,0.04295178766362369,14.42887999988508
gQW3RFC0ofo,train,Dataset_Shard_0300000_0399999,2,50,0.7841263917088509,0.8570356965065002,0.20527101428710803,0.04881480108946562,0.014821471117902546,21.513261250622236
gQmCY2PXvtQ,train,Dataset_Shard_0300000_0399999,2,50,0.753572764992714,0.7525913119316101,0.11565918152205806,0.07002178637310863,0.02456545357592404,17.849647089224298
gRZZVFAq8-s,train,Dataset_Shard_0300000_0399999,2,50,0.6712553071975708,0.6836271584033966,0.17036129050859622,0.07643193319439888,0.02424656187882647,17.792843285339664
gZNb0Jwiu7c,train,Dataset_Shard_0300000_0399999,2,50,0.49279297977685926,0.5035826563835144,0.16033932956471725,0.13920795381069184,0.04343545015901327,14.32918712895057
gcMtz5Gyj2A,train,Dataset_Shard_0300000_0399999,2,50,0.9096955376863479,0.9207023680210114,0.07781362400115939,0.02271352260373533,0.005267464693461079,24.866926685797758
gcsbxVIuYr4,train,Dataset_Shard_0300000_0399999,2,50,0.4812691301107407,0.4771525710821152,0.12484622184608955,0.08254277981817722,0.021919510420411827,17.5272400049424
gdh2-9qm8fE,train,Dataset_Shard_0300000_0399999,2,50,0.7727626258134842,0.7832618951797485,0.11413181837297298,0.06921667328104376,0.027303351224400103,17.67932587240738
gpSJUuKG1rY,train,Dataset_Shard_0300000_0399999,2,50,0.7739563852548599,0.8087005913257599,0.12586100614603452,0.056685511339455846,0.017741595669649543,19.489568527023298
gtUBWqX0ceM,train,Dataset_Shard_0300000_0399999,2,50,0.5068043617904187,0.45597130060195923,0.2547379270887065,0.14314320061355829,0.05842995575629175,14.482894628064784
h6yjx26N9WE,train,Dataset_Shard_0300000_0399999,2,50,0.7688005793094635,0.7916827201843262,0.1012552548619558,0.04270127546042204,0.010454829104710371,21.13207031252693
hT-ia0Oj-VE,train,Dataset_Shard_0300000_0399999,2,50,0.27738858878612516,0.25748394429683685,0.1436441948270785,0.17932198211550712,0.06447172734886408,12.728294654252222
haSfscv0K_Q,train,Dataset_Shard_0300000_0399999,2,50,0.6529367491602898,0.6528764069080353,0.1446325262746618,0.09847413895651698,0.0370047452673316,15.608701385272687
hds-48OBLUc,train,Dataset_Shard_0300000_0399999,2,50,0.8320202338695526,0.8328729569911957,0.09574022513173808,0.034591047018766405,0.008122361666173673,23.49941248892234
hgp1tH8T4qA,train,Dataset_Shard_0300000_0399999,2,50,0.8159902435541153,0.8599714934825897,0.1671629390294579,0.047601220421493055,0.016711707676295193,19.744042225889565
hw40llsYXWQ,train,Dataset_Shard_0300000_0399999,2,50,0.7122359156608582,0.7159033715724945,0.12127362668347244,0.08099191280081869,0.02794540108181536,16.74280133804266
hyxtYzAFcv8,train,Dataset_Shard_0300000_0399999,2,50,0.6431139749288559,0.6822936534881592,0.14447104384190967,0.0755172472819686,0.019228722252883017,18.863176961724957
iNEWcQaXeKw,train,Dataset_Shard_0300000_0399999,2,50,0.2461697979271412,0.21245932579040527,0.14001948922744317,0.2060486102849245,0.08521629365161061,11.216841442598804
if7qojtGe5U,train,Dataset_Shard_0300000_0399999,2,50,0.6572715489566326,0.7383852899074554,0.23174306892577676,0.08873908434063196,0.03630586355924606,15.912209175677745
ij9lUf2EqLQ,train,Dataset_Shard_0300000_0399999,2,50,0.8630493265390397,0.9064309597015381,0.13085056098917838,0.025595321645960213,0.008372845058329404,22.214158560602442
ijkiYD_qvrI,train,Dataset_Shard_0300000_0399999,2,50,0.5777054688334465,0.6467626094818115,0.259829293262483,0.12489343594759703,0.04713618573267013,16.378717498892293
ir37UNwA0L8,train,Dataset_Shard_0300000_0399999,2,50,0.7798807543516159,0.8024796843528748,0.10570433963057006,0.055996048767119645,0.012673243765020744,20.869387279442357
ivKq1LrQnIw,train,Dataset_Shard_0300000_0399999,2,50,0.6880178412050009,0.7226824164390564,0.1874038455603501,0.10379739055410027,0.04014887735247612,16.599248743279105
j9xytCxCRas,train,Dataset_Shard_0300000_0399999,2,50,0.6984902352094651,0.7647994160652161,0.14287997494188734,0.06529614336788654,0.020307328612543644,18.27110367268873
jOYC6mxNnOU,train,Dataset_Shard_0300000_0399999,2,50,0.6175764566659927,0.6783421039581299,0.2438190460137224,0.09986656621098518,0.03224495332164224,16.81658779272759
jTsp_AmBAo0,train,Dataset_Shard_0300000_0399999,2,50,0.6775541357696057,0.7438342869281769,0.2165596699905797,0.07821617946960031,0.02684006965253502,19.39239705051846
jYXIs1jlomo,train,Dataset_Shard_0300000_0399999,2,50,0.7980709111690522,0.8082545399665833,0.09794123604460604,0.05876130126416683,0.027581759449094533,17.32943075885936
jaAfalvJdzs,train,Dataset_Shard_0300000_0399999,2,50,0.7216604459285736,0.8258490860462189,0.24914038694520346,0.06257811959832907,0.022569420812651515,22.004014869956748
jlS3u6WQJ0k,train,Dataset_Shard_0300000_0399999,2,50,0.5971137261390687,0.505656898021698,0.20187378966529337,0.10725441075861454,0.03321528718341142,16.35900744549974
joZScleEqcM,train,Dataset_Shard_0300000_0399999,2,50,0.7698106482625008,0.831529825925827,0.21200246603825457,0.05097329556941986,0.017870763042010365,20.348179695462463
jsECb6fwYeM,train,Dataset_Shard_0300000_0399999,2,50,0.6735800823569298,0.714493453502655,0.1731580679862612,0.09041618783026933,0.029712621071375907,17.24691484651562
kOD48vrvC9c,train,Dataset_Shard_0300000_0399999,2,50,0.6673292121291161,0.709440141916275,0.15010443707016655,0.08889626082032918,0.03244368106592446,16.25643212594834
kTz4ixn3FNQ,train,Dataset_Shard_0300000_0399999,2,50,0.6253086340427398,0.686445564031601,0.1692294230292551,0.08651010241359472,0.027474073488265277,16.69813907154675
kkSQWC1v0Zs,train,Dataset_Shard_0300000_0399999,2,50,0.6211769038438797,0.6268308758735657,0.101611190037822,0.09693871784955263,0.03560113174840808,15.430912903831096
kmoiuVMBrJg,train,Dataset_Shard_0300000_0399999,2,50,0.6499443048238754,0.6049653887748718,0.1780197092730953,0.08144684979692102,0.027742260842351242,17.754621989332882
kwXkEFlx1Q4,train,Dataset_Shard_0300000_0399999,2,50,0.3913119691610336,0.25514623522758484,0.2379982839663786,0.18251289591193198,0.07392304280772805,13.080511314226891
kx4_1AOBE18,train,Dataset_Shard_0300000_0399999,2,50,0.8614130675792694,0.9195642173290253,0.13214535001759445,0.02945998511277139,0.007398657050798647,24.798825644757038
lEgp6oBfREo,train,Dataset_Shard_0300000_0399999,2,50,0.7352966248989106,0.7708560228347778,0.13272725590061066,0.06501845449209213,0.02065294882748276,18.074131649228157
lMNq15l1QT0,train,Dataset_Shard_0300000_0399999,2,50,0.6093352477252484,0.6167712211608887,0.17006094559139792,0.10271135902032257,0.0373829922452569,15.81636667407402
lOe0gTapJ1k,train,Dataset_Shard_0300000_0399999,2,50,0.7100720930099488,0.7492335736751556,0.12306805606332887,0.0583486607670784,0.013602904127910733,19.776961802935052
lRBRTysHyrA,train,Dataset_Shard_0300000_0399999,2,50,0.6304423004388809,0.6902854144573212,0.15368059502868087,0.0954770703241229,0.031996699646115304,16.1753631612713
lpi9Yuj2Lk_,train,Dataset_Shard_0300000_0399999,2,50,0.5475646823644638,0.5601129531860352,0.0957112992230128,0.10493807218968869,0.02944294296205044,15.78850491144098
ltNtwExtVa4,train,Dataset_Shard_0300000_0399999,2,50,0.6740503126382827,0.711826890707016,0.1628549246554905,0.11409771692007781,0.05203967141918838,14.283620363862305
m6Nb2qOf30Y,train,Dataset_Shard_0300000_0399999,2,50,0.5732010960578918,0.5417879223823547,0.1774779109360547,0.08632272601127625,0.02394319490995258,17.29882404501054
m8cxfdV2LB4,train,Dataset_Shard_0300000_0399999,2,50,0.6635136675834655,0.6986560225486755,0.11146514173800401,0.09106802180409432,0.031137432251125575,15.6949612677264
mFrrmh9euA4,train,Dataset_Shard_0300000_0399999,2,50,0.6310886478424073,0.631687194108963,0.11303834847481979,0.12396163210272788,0.04238670913502574,14.519742832352604
n-F9z5TA1vE,train,Dataset_Shard_0300000_0399999,2,50,0.6454760473966599,0.6785705387592316,0.11586163502859845,0.07799676906317472,0.024262912403792143,17.102167578262783
n0gRomV5Gnk,train,Dataset_Shard_0300000_0399999,2,50,0.8080821061134338,0.8047252893447876,0.075931817447873,0.0430373596213758,0.014506249697878957,19.86842877581413
n1jA2GVDa-o,train,Dataset_Shard_0300000_0399999,2,50,0.8297008144855499,0.8722406625747681,0.13486603235858713,0.040421270113438365,0.013779551063198597,20.822042336499813
n7YqEWvxyrA,train,Dataset_Shard_0300000_0399999,2,50,0.26241594813764096,0.2147061452269554,0.14386770431842583,0.20908413901925088,0.08440080009400845,11.410155490571155
nNJK2P8gqPA,train,Dataset_Shard_0300000_0399999,2,50,0.8089012163877487,0.8404897153377533,0.12733298959848682,0.04557411883026361,0.012527698040939868,21.02268856042494
nNo4Kzvf548,train,Dataset_Shard_0300000_0399999,2,50,0.7933052843809127,0.8817245960235596,0.20969477850470158,0.06127318024635315,0.027698864685371517,18.41949830518388
ncZh6hd-xIk,train,Dataset_Shard_0400000_0499999,2,50,0.7075961807370186,0.7940536737442017,0.20422941353212917,0.06677376326173544,0.020464593158103526,19.06567124267566
ng40P4mMO3s,train,Dataset_Shard_0400000_0499999,2,50,0.4594902453571558,0.4721777141094208,0.2411421258509693,0.15561371482908726,0.058684918005019425,13.544125056092515
nhbz8VTchUE,train,Dataset_Shard_0400000_0499999,2,50,0.6392980597913265,0.6356093883514404,0.2114824494431159,0.08508802920579911,0.02797843861626461,17.872298295813756
nvGSZykPC-E,train,Dataset_Shard_0400000_0499999,2,50,0.833178396821022,0.8700739443302155,0.1155876983005994,0.04102749109268188,0.013501788520952686,21.831213474021503
o4fPTM4nXHA,train,Dataset_Shard_0400000_0499999,2,50,0.7979940521717072,0.7920469045639038,0.06651923982398937,0.042894315235316754,0.011414271239191294,20.19459446688912
oLt2YHQmxyo,train,Dataset_Shard_0400000_0499999,2,50,0.6286945390701294,0.6136162281036377,0.17757026786839297,0.06751115417107939,0.01596938984352164,19.794774336368288
oN1DmJvfFYU,train,Dataset_Shard_0400000_0499999,2,50,0.6601562893390656,0.6899051368236542,0.12041814018630775,0.08507606279104948,0.02491636293940246,16.885881680577
oOmQQ_LW06o,train,Dataset_Shard_0400000_0499999,2,50,0.6080065524578094,0.6277218461036682,0.15530498817010133,0.09050454936921597,0.025406423937529326,16.8181069171093
oXwNFZng37M,train,Dataset_Shard_0400000_0499999,2,50,0.7550935155153274,0.8205236196517944,0.17333428933444858,0.06018390860408544,0.019109703451395035,18.779400546349926
oYJk9jqnp5E,train,Dataset_Shard_0400000_0499999,2,50,0.6339894807338715,0.5953344106674194,0.22861576525585284,0.08977539859712123,0.0330471175792627,18.32473121631658
odXf_O2kwg8,train,Dataset_Shard_0400000_0499999,2,50,0.3865890122205019,0.33867330849170685,0.25835968092028616,0.23573821214027701,0.13545072138076647,11.131846890278368
oeJE10KLFIk,train,Dataset_Shard_0400000_0499999,2,50,0.6551793664693832,0.6645324528217316,0.12596754270795596,0.08690926890820265,0.029234504122287036,16.739893112013732
og-5KsPqZrA,train,Dataset_Shard_0400000_0499999,2,50,0.40802853271365164,0.2967166006565094,0.2748159184087328,0.1395157570950687,0.04805451624793932,15.232651732756649
oli_KZ4buY_,train,Dataset_Shard_0400000_0499999,2,50,0.8861921560764313,0.9081355929374695,0.07555928360552355,0.030986997140571473,0.01402878861874342,20.71059835399335
ooRkX9iO-V8,train,Dataset_Shard_0400000_0499999,2,50,0.7803502023220062,0.7907105684280396,0.09460076520747174,0.05227461503818631,0.015972122801467776,19.282532618521277
pGv2v2SSQY0,train,Dataset_Shard_0400000_0499999,2,50,0.8837549877166748,0.9171326458454132,0.1072193915847856,0.02799905192106962,0.006478541312972084,25.621834002510116
pLCE_Kc3_rs,train,Dataset_Shard_0400000_0499999,2,50,0.5052213586866856,0.6014212667942047,0.25422887147811846,0.09613624960184097,0.026928346268832684,17.21153602650515
paTT6mFga2A,train,Dataset_Shard_0400000_0499999,2,50,0.6760692429542542,0.7146748602390289,0.13388196158458132,0.08158594634383917,0.029061354594305158,16.73734142318951
ph67f1KcoCc,train,Dataset_Shard_0400000_0499999,2,50,0.7648905310034751,0.8600775003433228,0.24139440263984027,0.06508278156630695,0.020193734358617803,22.117649389677577
phc99Ienk8Q,train,Dataset_Shard_0400000_0499999,2,50,0.8513508069515229,0.8680346310138702,0.10142998114201317,0.03723372299224138,0.009571274970658123,22.481582567833406
py87QzHSZHg,train,Dataset_Shard_0400000_0499999,2,50,0.6234921103715897,0.7033446431159973,0.22686907639200776,0.09886521313339472,0.03225821499014273,17.172747254843646
q4vz6MTv3g8,train,Dataset_Shard_0400000_0499999,2,50,0.711025288850069,0.8736299574375153,0.2993693383486273,0.06810163060203195,0.026155562393832953,19.684715811414293
qBFGirFLB38,train,Dataset_Shard_0400000_0499999,2,50,0.5391563487052917,0.5474048554897308,0.1005417769118118,0.11679458901286126,0.045876228753477334,13.910898904607514
qJHtaMqYzd8,train,Dataset_Shard_0400000_0499999,2,50,0.8093095088005066,0.8217525482177734,0.11316057925640065,0.048214887864887715,0.016268238690681756,19.130903389435375
qUEhPbkqz0w,train,Dataset_Shard_0400000_0499999,2,50,0.6284475874900818,0.6558474004268646,0.14641280687789346,0.12229136876761913,0.04136447524651885,14.79891295036597
qkQttwJ0DEY,train,Dataset_Shard_0400000_0499999,2,50,0.7580596876144409,0.7584083080291748,0.07417893981524638,0.05706611478701234,0.017396945250220598,18.467476762874018
qnLfS6_QOQc,train,Dataset_Shard_0400000_0499999,2,50,0.8123650503158569,0.8367598652839661,0.10761078485229382,0.059237613957375285,0.025150039102882146,17.792292749329917
qs-2SwlcufA,train,Dataset_Shard_0400000_0499999,2,50,0.6452888864278793,0.6564711928367615,0.12266085864672834,0.09061650525778532,0.03321790003217757,15.66401449400414
qxwqNmXb_pM,train,Dataset_Shard_0400000_0499999,2,50,0.832599766254425,0.8803757131099701,0.1336934040507873,0.04880601974204182,0.015294798167888075,22.00613262482651
rJL6f0C3zVk,train,Dataset_Shard_0400000_0499999,2,50,0.33636982396245,0.21375027298927307,0.24069660504359577,0.15791832038899883,0.058234767789065243,15.035186892115691
rLlr1JgTkDk,train,Dataset_Shard_0400000_0499999,2,50,0.8017089366912842,0.7981124520301819,0.06522649877322699,0.058369294852018354,0.02071739367209375,17.63558124465846
rYzVEZZO83c,train,Dataset_Shard_0400000_0499999,2,50,0.575481906235218,0.5639740824699402,0.2114125064466168,0.08171892439946532,0.02190691989962943,18.443572001392404
rx9tSu1wTeY,train,Dataset_Shard_0400000_0499999,2,50,0.7867185884714126,0.8473053276538849,0.17226730200826157,0.04407002792693675,0.01209074453538051,22.980458901668968
sAhIK9HKTqs,train,Dataset_Shard_0400000_0499999,2,50,0.7580582851171493,0.8689700365066528,0.25221914585979566,0.05187956172972918,0.014449730824853759,21.66195831452012
sBLH1z63TGw,train,Dataset_Shard_0400000_0499999,2,50,0.7798080593347549,0.7926433384418488,0.12392479124606905,0.04654418270103634,0.010056914529413916,21.81954417386029
sMUdNbpJLWw,train,Dataset_Shard_0400000_0499999,2,50,0.7171500194072723,0.7595083713531494,0.18009653718001717,0.07475208709947764,0.026837727401289157,18.74017596834861
sTE1jXTBt6s,train,Dataset_Shard_0400000_0499999,2,50,0.6850823938846589,0.7069981098175049,0.14330165164269384,0.07212838081642986,0.02210300446487963,18.11290493544489
snGQA5LPehE,train,Dataset_Shard_0400000_0499999,2,50,0.7618875181674958,0.7961638867855072,0.14338137362069875,0.058961095083504916,0.017914850256638602,19.418115946135803
soqNFAIhsEA,train,Dataset_Shard_0400000_0499999,2,50,0.4236102299392223,0.38129958510398865,0.27904201373382925,0.16812927849590778,0.0713082573399879,13.154588223468236
tKpQA-YM5qw,train,Dataset_Shard_0400000_0499999,2,50,0.6161870375275612,0.6318238079547882,0.1798435364684417,0.09754690241068602,0.037304669092409315,15.900130234309502
tMUc1b6NHsk,train,Dataset_Shard_0400000_0499999,2,50,0.542592155560851,0.5512270033359528,0.24988693056176406,0.12287178760394454,0.04542999414727092,15.056365736364286
tTHpaGSDRCA,train,Dataset_Shard_0400000_0499999,2,50,0.7991444319486618,0.8243900239467621,0.09831221734082501,0.04361529137939215,0.008578558093868196,22.392731457158252
tVK6t2vfa6g,train,Dataset_Shard_0400000_0499999,2,50,0.84833899974823,0.8612126410007477,0.08740545228277365,0.03634597214870155,0.009268695901846513,23.002312338138207
t_qmGs9IgK4,train,Dataset_Shard_0400000_0499999,2,50,0.2862349966168404,0.20412492752075195,0.1681662813741512,0.19908349882811308,0.07319849727675319,12.128307281646107
trD-QUe4ZNU,train,Dataset_Shard_0400000_0499999,2,50,0.7764299595355988,0.8409355580806732,0.1747480420355754,0.04305609744042158,0.011914085986791178,21.284269396390542
twyPRvVFhZM,train,Dataset_Shard_0400000_0499999,2,50,0.640606290102005,0.7404451668262482,0.24801623924306043,0.09072489243000746,0.03103527065832168,17.099082087628002
uJLCrvIrjqA,train,Dataset_Shard_0400000_0499999,2,50,0.8130651688575745,0.8477464318275452,0.11465375719030002,0.04346504529938102,0.010308285921346395,21.755349660792653
uNQDRZz4TUU,train,Dataset_Shard_0400000_0499999,2,50,0.5652874390780925,0.60796919465065,0.25399731684075827,0.10246148835867644,0.03355547554790974,16.813845352851626
udsPZ1WnDLY,train,Dataset_Shard_0400000_0499999,2,50,0.8365847361087799,0.8774332404136658,0.10797693013390623,0.031469421964138745,0.006935804546810686,22.654981388648437
ui7IAukQXtI,train,Dataset_Shard_0400000_0499999,2,50,0.7295229023694992,0.7342542111873627,0.1293887357717647,0.06898640096187592,0.02161708736559376,18.64415992070928
ujOANeD1dtA,train,Dataset_Shard_0400000_0499999,2,50,0.3268356291949749,0.26094889640808105,0.19935804094101361,0.12615625511854886,0.03844617995899171,15.123033484918064
ukBG8k6dca4,train,Dataset_Shard_0400000_0499999,2,50,0.1571496584266424,0.12547922134399414,0.09828072487752834,0.18620933279395102,0.06328959453850985,12.350518360734064
ukn-1au2zeM,train,Dataset_Shard_0400000_0499999,2,50,0.46187237828969957,0.4187711328268051,0.2057606821540422,0.1469527081400156,0.0543280529929325,14.759973016065072
uu2DI2YM5VY,train,Dataset_Shard_0400000_0499999,2,50,0.5008399304747582,0.4477691054344177,0.2768979458389852,0.13827444918453694,0.054069253478664904,15.082112646056238
uwuY48k-xus,train,Dataset_Shard_0400000_0499999,2,50,0.632474245429039,0.732174426317215,0.26705646386490045,0.08409076830372214,0.02599979712627828,18.03763021798931
uyHdKE2S3m8,train,Dataset_Shard_0400000_0499999,2,50,0.6470137739181518,0.6807425916194916,0.1435139484803932,0.08884133197367192,0.02581639510113746,17.011865457287968
vCp0mrZdlmU,train,Dataset_Shard_0400000_0499999,2,50,0.7023016738891602,0.7416280508041382,0.12738631977038525,0.08231536582112313,0.02242094006855041,17.66890918626474
vNuWxJankEQ,train,Dataset_Shard_0400000_0499999,2,50,0.7825395730137825,0.8151981830596924,0.16127044482062666,0.049744901582598686,0.01350593420676887,21.189386681468235
vrgv_E5pDII,train,Dataset_Shard_0400000_0499999,2,50,0.581547572016716,0.6340045630931854,0.18299159306460638,0.10339706964790821,0.04087860375642777,15.336313301693957
vwz7M5xbztM,train,Dataset_Shard_0400000_0499999,2,50,0.6241459129750728,0.7468720078468323,0.22765031067579003,0.13263019369915127,0.0548565664771013,15.910946322291657
w40fRDQNQo4,train,Dataset_Shard_0400000_0499999,2,50,0.7105960784852505,0.7976880073547363,0.24311468935563268,0.07374760727398097,0.021528030214831233,20.432438946574777
wNvrCt-FlUo,train,Dataset_Shard_0400000_0499999,2,50,0.380612376332283,0.3232004642486572,0.1575176095046888,0.14442495241761208,0.054877253752201795,13.12651898033294
wXHNYyQIIA_,train,Dataset_Shard_0400000_0499999,2,50,0.9340768754482269,0.9419738352298737,0.029487030020080816,0.016265465151518582,0.003152302346425131,26.04773976378426
wXQHg2GbOv4,train,Dataset_Shard_0400000_0499999,2,50,0.879284737110138,0.8925430178642273,0.08741547937968991,0.03807716788724065,0.011707585419353564,23.076628990641282
wZIPPpbh3_c,train,Dataset_Shard_0400000_0499999,2,50,0.729747647345066,0.7427869439125061,0.10714056727087928,0.06468289833515882,0.02455372378230095,16.832173714104147
wi-keYwDk1s,train,Dataset_Shard_0400000_0499999,2,50,0.7291665089130401,0.7835875153541565,0.17697303244769602,0.056641346514225005,0.018343350340146572,20.126249500739043
wt0RIrkrfY_,train,Dataset_Shard_0400000_0499999,2,50,0.6158443358540535,0.712245911359787,0.20331307463112466,0.11903674483299255,0.05253684490919113,14.543577065534384
xHaiHZ9xq9s,train,Dataset_Shard_0400000_0499999,2,50,0.7669997492432594,0.8124303817749023,0.18460924612632945,0.057963748080655936,0.023261577087105252,19.1704669288342
xKtXanP9FYk,train,Dataset_Shard_0400000_0499999,2,50,0.7954620552062989,0.8622715473175049,0.17430857332479277,0.05479076838120818,0.01751387619471643,20.600900525205
xLp8iOxXFxo,train,Dataset_Shard_0400000_0499999,2,50,0.6094180339574814,0.657888263463974,0.16336378632344953,0.0953709975257516,0.029425364406779408,16.307744203900928
xVaf2MFNbnY,train,Dataset_Shard_0400000_0499999,2,50,0.7282223987579346,0.7341615259647369,0.1109869546194882,0.05725141132250428,0.01891661532688886,18.29143571763358
xjdsZdUofoU,train,Dataset_Shard_0400000_0499999,2,50,0.6307313644886017,0.6501573324203491,0.12233861309146049,0.08961383789777756,0.03780635881237686,15.535165579667389
yQGj3B57_Iw,train,Dataset_Shard_0400000_0499999,2,50,0.7642239642143249,0.8011194467544556,0.11979133840829748,0.0637226727604866,0.017919868351891636,18.613977937961455
yR15HSy2iYM,train,Dataset_Shard_0400000_0499999,2,50,0.7452114248275756,0.7747234404087067,0.12328112206360585,0.05462333779782057,0.014424777028616519,19.61263804193282
ybDcIfdcUVU,train,Dataset_Shard_0400000_0499999,2,50,0.7070865899324417,0.8642438352108002,0.3073217788461327,0.08065297569148243,0.02872469278750941,19.938865205256487
ytmhoYpa1ws,train,Dataset_Shard_0400000_0499999,2,50,0.6376666751503944,0.6711669564247131,0.25083569803024475,0.10224944412475452,0.04085833411213116,17.893536266051388
z06sgpMVS10,train,Dataset_Shard_0400000_0499999,2,50,0.8767481106519699,0.9071665704250336,0.1328125103572988,0.02992008049041033,0.00770802595972782,24.73909651802394
z3mVtH-Jqw4,train,Dataset_Shard_0400000_0499999,2,50,0.7668043142557144,0.8083993196487427,0.1496981128688467,0.05520954165607691,0.015541251346003265,19.95688602343294
z4KIYSXA8OY,train,Dataset_Shard_0400000_0499999,2,50,0.7388576513528824,0.7790002524852753,0.13809715095625782,0.08647379457950592,0.02906710888259113,16.676114977274572
z4eQhv4jhsU,train,Dataset_Shard_0400000_0499999,2,50,0.5135571965575219,0.6007484197616577,0.27170652752830693,0.12623839538544415,0.046199782418552784,15.39964315945063
zAmGTHQ8LUI,train,Dataset_Shard_0400000_0499999,2,50,0.7280733132362366,0.7252092957496643,0.08772781776969059,0.07392243169248104,0.025314430696889757,16.735851919483338
zHW35Y8ghrY,train,Dataset_Shard_0400000_0499999,2,50,0.7682008904218673,0.8040502369403839,0.10748926632714174,0.0531246691942215,0.01363130279816687,19.71591436845374
zUXPNRKCJqk,train,Dataset_Shard_0400000_0499999,2,50,0.7980964148044586,0.8097468316555023,0.11345380198412637,0.05002233162522316,0.014477826408110558,20.181130509997384
zXVq4sDkwEQ,train,Dataset_Shard_0400000_0499999,2,50,0.7914382529258728,0.8650614023208618,0.20080341765255952,0.038716074507683516,0.010084821640630253,22.772624052635912
za-_NYW8Mjo,train,Dataset_Shard_0400000_0499999,2,50,0.5974122500419616,0.5651750862598419,0.1753987176025908,0.09951656837016344,0.037076474358327685,16.02945309782782
zbn9xbXTC00,train,Dataset_Shard_0400000_0499999,2,50,0.7889947736263275,0.7956179976463318,0.11447264212970301,0.04450100189074874,0.010266540783923118,21.398507051586627
zjbMfssb9tU,train,Dataset_Shard_0400000_0499999,2,50,0.6853934311866761,0.7230658531188965,0.15984983126870367,0.06583021689206361,0.02125897794496268,17.92720813633417
zo9h0PqVn-U,train,Dataset_Shard_0400000_0499999,2,50,0.5517532867193222,0.5321500301361084,0.16121160898046136,0.12646106626838446,0.046175292208790776,14.390846500648221
zsbl6oa5pGQ,train,Dataset_Shard_0400000_0499999,2,21,0.17401511754308427,0.13582921028137207,0.09863764197100966,0.23499583914166405,0.0990393225635801,10.429276770711022
zsbl6oa5pGQ,train,Dataset_Shard_0500000_0599999,2,29,0.3254899202749647,0.26637744903564453,0.1831087854921917,0.16207527279339987,0.06326158987037067,13.23951499353344
0xr9UkXgp2E,val,Dataset_Shard_0000000_0099999,2,50,0.48143853068351744,0.4929441213607788,0.260034642640917,0.1620476599037647,0.06601600054651499,13.66743710545401
24jIoFvJ_7o,val,Dataset_Shard_0000000_0099999,2,50,0.5231221058964729,0.554245263338089,0.15989376714787973,0.1392658757418394,0.0443503138050437,13.995520625632098
2RUNdnb2B1w,val,Dataset_Shard_0000000_0099999,2,50,0.7064779156446457,0.7076623737812042,0.1002859076118765,0.07474978679791093,0.02226919010747224,17.97564673834298
3HZMLSYtFEM,val,Dataset_Shard_0000000_0099999,2,50,0.6841812631487847,0.7166876494884491,0.24861969577307633,0.10224967727815965,0.04065067648703916,19.168614659931702
3PHrXAE7new,val,Dataset_Shard_0000000_0099999,2,50,0.7288770569860935,0.7788254618644714,0.1747567617917733,0.07928746208548546,0.02598074173554778,17.518793649659248
4Djb4L_VGIU,val,Dataset_Shard_0000000_0099999,2,50,0.6056181156635284,0.6068997383117676,0.1131797152228033,0.11255761995911598,0.03866075411438942,14.706084792245582
4F1jCw1yzKA,val,Dataset_Shard_0000000_0099999,2,50,0.5725951518118382,0.5957211256027222,0.14761127413334102,0.1125182831287384,0.041540496591478585,14.7745701730336
7HV-wL3jJ5U,val,Dataset_Shard_0000000_0099999,2,50,0.875474044084549,0.8770854473114014,0.059059810320058824,0.025350857954472304,0.006396697553573177,24.079140900759338
Al4Q6ORp6CQ,val,Dataset_Shard_0000000_0099999,2,50,0.6340381170809269,0.6940629184246063,0.21890086607712067,0.09697839047759771,0.03911893031559885,16.913885701982682
CF81s4pzmew,val,Dataset_Shard_0100000_0199999,2,50,0.5371740517020226,0.5802192091941833,0.17267836503036246,0.1232415197789669,0.04153919763863087,15.126314508390683
CIkvuF5f6ak,val,Dataset_Shard_0100000_0199999,2,50,0.6488593232631683,0.8073995113372803,0.2597549987316964,0.1106711720982912,0.040003615266490156,17.567500770406095
DzJPrFInDgI,val,Dataset_Shard_0100000_0199999,2,50,0.8331051123142242,0.8305726945400238,0.06006446166911786,0.04056152848526835,0.012199642532505096,20.46251400994497
FHQdsG4y6sA,val,Dataset_Shard_0100000_0199999,2,50,0.4918262231349945,0.3518188148736954,0.2571262825403791,0.1332352158334106,0.04651815889403224,16.00457579349759
G8vA3NnBdms,val,Dataset_Shard_0100000_0199999,2,50,0.6611062526702881,0.6906157433986664,0.11583400931184894,0.09028942789882421,0.02967184007167816,16.217244387471858
HvxUw40lGmU,val,Dataset_Shard_0100000_0199999,2,50,0.751620067358017,0.7849667072296143,0.11318689613109818,0.08153484161943197,0.027620060937479138,16.534138238450968
JGxn16KUavc,val,Dataset_Shard_0100000_0199999,2,50,0.578912196457386,0.603456437587738,0.15046194004824015,0.12190003708004951,0.04670188377611339,14.256886369688818
L_MDy-YN-qU,val,Dataset_Shard_0100000_0199999,2,50,0.7564790177345276,0.7709826231002808,0.1065910338384294,0.0666769640520215,0.02115544638130814,18.005648552356615
MWvT1QbVPW4,val,Dataset_Shard_0100000_0199999,2,50,0.5605576556921005,0.5486234128475189,0.1582331309900442,0.12002221692353487,0.04838125585578382,14.276034247852971
NMv_tUPIx3M,val,Dataset_Shard_0100000_0199999,2,50,0.7566002357006073,0.751270979642868,0.11531042046550347,0.07479285337030887,0.02159826902905479,18.244591261594877
NTTKigtDFOM,val,Dataset_Shard_0100000_0199999,2,7,0.8137591396059308,0.85121750831604,0.09405271547818604,0.04468731103198869,0.014737869280257396,19.917663609705702
NTTKigtDFOM,val,Dataset_Shard_0200000_0299999,2,43,0.76143455782602,0.7608668804168701,0.10428712891181838,0.06348563360353542,0.02528903386718052,17.595055442811237
NxPc-RxaurE,val,Dataset_Shard_0200000_0299999,2,50,0.6681873792409897,0.6730198562145233,0.19110623632034118,0.081189377438277,0.025499652954749763,18.214430749244954
OK0NO9Pofgk,val,Dataset_Shard_0200000_0299999,2,50,0.7824348676204681,0.8181309700012207,0.11822583791410042,0.06389097321778536,0.021983706180471928,18.563811822675515
Oxh1el_9L68,val,Dataset_Shard_0200000_0299999,2,50,0.38501771077513697,0.3815638870000839,0.12654497443055188,0.1919835601001978,0.07803784422576428,12.896542537272502
PON6UARN2Ho,val,Dataset_Shard_0200000_0299999,2,50,0.5967836940288543,0.5834786295890808,0.13735404718953345,0.08297673612833023,0.01892180155031383,18.50506746218011
PQO_bd79mec,val,Dataset_Shard_0200000_0299999,2,50,0.28641790330410005,0.23273538053035736,0.15788205621211432,0.1902567146718502,0.06871347898500972,12.917106836134579
TMhssQ2rLOc,val,Dataset_Shard_0200000_0299999,2,50,0.5328876084089279,0.5398824214935303,0.10339404541783316,0.11588461756706238,0.046923221442848446,13.800117797700711
YBdiEmhvUL4,val,Dataset_Shard_0200000_0299999,2,50,0.6055726435780525,0.7235103249549866,0.31066406258337537,0.08886785705573857,0.02760355497333876,20.378267727191957
YNJTgfO5Mvs,val,Dataset_Shard_0200000_0299999,2,50,0.6284061290323735,0.6477830111980438,0.15975355652408726,0.08326166726648808,0.028297152477316557,16.52193567822357
YufGRlASfNw,val,Dataset_Shard_0200000_0299999,2,50,0.3948296085000038,0.4042752981185913,0.15936903164547794,0.11739039711654187,0.033834285167977214,15.807022980037818
aRF_slIwqM4,val,Dataset_Shard_0200000_0299999,2,50,0.7540041434764863,0.8001682758331299,0.1574474424672554,0.07718439460732043,0.02561052049131831,18.02804423379436
bF1ORN7QtkE,val,Dataset_Shard_0300000_0399999,2,50,0.8619872617721558,0.8820479810237885,0.13547715175852937,0.04008958095684648,0.012199375089257955,21.648599782880037
e0x_uAwuUVE,val,Dataset_Shard_0300000_0399999,2,50,0.5238099154829979,0.5677825510501862,0.19589188914952235,0.13232671007514,0.048326615402475,14.67279197004201
e6FMbxEpdus,val,Dataset_Shard_0300000_0399999,2,50,0.7819079267978668,0.8027238547801971,0.12950059442620032,0.052381120221034506,0.012475328720799438,22.019763661106396
eFquyliJz0U,val,Dataset_Shard_0300000_0399999,2,50,0.38836911231279375,0.3503802716732025,0.16845109532215227,0.12183974400162696,0.03811961306259036,15.149064747825202
erLQ1Ojy-TQ,val,Dataset_Shard_0300000_0399999,2,50,0.5275176000595093,0.5253253877162933,0.22631814676810674,0.12919269628822805,0.04618134932592511,14.428034257166503
fOLyRAD-0Zw,val,Dataset_Shard_0300000_0399999,2,50,0.7689311090111732,0.7845265865325928,0.12968245242361445,0.06840121993795037,0.02108027191599831,18.175023836050663
hWgU6TyNnkw,val,Dataset_Shard_0300000_0399999,2,50,0.7944012367725373,0.8024837076663971,0.08289936890382608,0.045455639846622944,0.010663144883073983,21.450838893489713
i4AW7iRDqsU,val,Dataset_Shard_0300000_0399999,2,50,0.8721474540233612,0.8766610622406006,0.0807045149922883,0.034410159187391404,0.011240518396953121,21.914703555189384
jzgW4PGt3XE,val,Dataset_Shard_0300000_0399999,2,50,0.696290490180254,0.729706346988678,0.23027005483076785,0.09369681150652469,0.039434660902479664,18.127354539409772
kxunkO4v048,val,Dataset_Shard_0300000_0399999,2,50,0.8336858409643173,0.84890216588974,0.10711292644924733,0.05198262370191514,0.014956082620483358,21.717512624896912
l7F1MHpB1u0,val,Dataset_Shard_0300000_0399999,2,50,0.6336391124129296,0.7942134439945221,0.2915922824027484,0.08286875212565065,0.024428624360007235,20.44538720631168
lxHmqyU2TSc,val,Dataset_Shard_0300000_0399999,2,50,0.5618205758929252,0.5578193664550781,0.13066427505806152,0.0982267301529646,0.03249065591953695,15.718721793889458
oKwo2V65yJE,val,Dataset_Shard_0400000_0499999,2,50,0.6066668039560318,0.647216409444809,0.13132972721778854,0.09428436547517777,0.03269604322500527,16.089653827202714
p8-hHmHaQkQ,val,Dataset_Shard_0400000_0499999,2,50,0.7314836716651917,0.7298152148723602,0.11036670546269678,0.06275271523743868,0.014129160342272372,19.629182002646917
q-XdFFWSAeQ,val,Dataset_Shard_0400000_0499999,2,50,0.45496969744563104,0.47517646849155426,0.22804860200173435,0.12822800863534212,0.042308852751739325,15.12357475870973
tIZcUgrcWWc,val,Dataset_Shard_0400000_0499999,2,50,0.6820907241106033,0.6979586482048035,0.15516009442158019,0.0809874271415174,0.02467942039715126,17.36603580267968
tUAYRMtMyb0,val,Dataset_Shard_0400000_0499999,2,50,0.7740445762872696,0.8045043051242828,0.14651283819213795,0.07427412562072278,0.02026861665537581,19.877040275993565
wXJY7EQy4Ns,val,Dataset_Shard_0400000_0499999,2,50,0.7222818544507027,0.82541424036026,0.22426388985191478,0.08897906702011824,0.03735456001784769,18.98695506260295
xUp_PDUsIyc,val,Dataset_Shard_0400000_0499999,2,50,0.49726454079151156,0.5141220092773438,0.1665221840367026,0.12040228433907033,0.04967999248765409,13.955800610061853
ysLwpEhLkqI,val,Dataset_Shard_0400000_0499999,2,50,0.8777814471721649,0.8844422996044159,0.08386924170755532,0.03351691189222038,0.008380297869443894,23.10839089271232
zg_dwcSRLxo,val,Dataset_Shard_0400000_0499999,2,50,0.5453334197402,0.4872087687253952,0.1923973636958675,0.12186122376471759,0.046004843851551416,14.386765888697232
-VAjjH6TTts,test,Dataset_Shard_0000000_0099999,5,50,0.7468743282556534,0.7662114202976227,0.09226494689653693,0.06651107732206583,0.02131116799544543,17.642074877798947
-jo_cPHYmjg,test,Dataset_Shard_0000000_0099999,5,50,0.9000181663036346,0.9255323112010956,0.10901390014294403,0.023616967061534523,0.00849640168773476,25.52231714638666
-wUKLCvobpI,test,Dataset_Shard_0000000_0099999,5,50,0.7781617949903011,0.8241062164306641,0.20361827805177452,0.060242134463042024,0.01861376528337132,21.03817482359854
3cwtNTYOszU,test,Dataset_Shard_0000000_0099999,5,50,0.7070606401562691,0.7648599743843079,0.20002548996428596,0.09321325398981571,0.031196008455008268,17.588686048830542
46-qefy8Nwc,test,Dataset_Shard_0000000_0099999,5,50,0.5092765247821808,0.5219415426254272,0.1410336160544004,0.1413904020935297,0.0453973556868732,15.131212578331729
4bA4M-spkoI,test,Dataset_Shard_0000000_0099999,5,50,0.6967781162261963,0.7055477201938629,0.12264577287086528,0.0812042608950287,0.023702477125771112,17.44177870936772
5Cq1OqWFAzw,test,Dataset_Shard_0000000_0099999,5,50,0.6866350144147872,0.7817074060440063,0.2027614916065679,0.10126651678234339,0.04073555786046199,16.708572442944643
5oBOMUXaJwc,test,Dataset_Shard_0000000_0099999,5,50,0.7346050345897674,0.7941775619983673,0.13993323371910016,0.0937823772057891,0.029241078151389956,16.543734483428715
8e9ejcfVQfY,test,Dataset_Shard_0000000_0099999,5,50,0.7294016700983047,0.7142229080200195,0.11930638129743563,0.08585319493897259,0.033996208470634885,16.206077876549543
9azhMaMU4Eo,test,Dataset_Shard_0000000_0099999,5,50,0.7610745930671692,0.7878007292747498,0.13900397696651395,0.061338014136999845,0.016311231644358486,20.240969591079878
CzkK0xSXUMs,test,Dataset_Shard_0100000_0199999,5,50,0.7618098622560501,0.8090064227581024,0.16513345995372194,0.08251839112490415,0.0270788047532551,18.155577083335317
F3BeAm1eM6Y,test,Dataset_Shard_0100000_0199999,5,50,0.6271216037869454,0.6369987726211548,0.14792949910916167,0.0885211843624711,0.031083233118988574,16.2473212076826
HDs_owlm-kM,test,Dataset_Shard_0100000_0199999,5,50,0.425852966606617,0.3867487907409668,0.131074604948699,0.15505393326282502,0.06287889650091529,12.746727148272804
I3ynWCdH9-Q,test,Dataset_Shard_0100000_0199999,5,50,0.5775802540779114,0.5624719858169556,0.18400317141555506,0.09584203861653805,0.027661542491987347,16.950690606637608
J2BXGfLbEQk,test,Dataset_Shard_0100000_0199999,5,50,0.7456411620974541,0.7781209051609039,0.1266697720772867,0.07716512836515904,0.017068129889667036,18.77713604770752
J2x0zNcfLzg,test,Dataset_Shard_0100000_0199999,5,50,0.5531090140342713,0.5778011083602905,0.1460848117620809,0.14840745605528355,0.059118276266381144,13.642864953899107
J72oRFQXj5o,test,Dataset_Shard_0100000_0199999,5,50,0.6106284880638122,0.6439918875694275,0.1712080588509922,0.09842690136283636,0.032134858071804044,16.446695442999207
J8RgC4W1HeU,test,Dataset_Shard_0100000_0199999,5,50,0.8137863832712173,0.8356717526912689,0.07606144967600063,0.05832708902657032,0.023260375820100307,17.62238914437896
KcYwOQfhWUk,test,Dataset_Shard_0100000_0199999,5,50,0.810801654458046,0.815781980752945,0.10969120343834333,0.04901510423049331,0.012292919656028972,21.089900132059274
OLLAoZsGd0Q,test,Dataset_Shard_0200000_0299999,5,50,0.6997066178917885,0.7282049059867859,0.15622380484701331,0.1061205225251615,0.03891696141567081,16.258443243278418
PfsdriLJNvI,test,Dataset_Shard_0200000_0299999,5,50,0.6391194558143616,0.6834302544593811,0.18920967517910445,0.11165516870096326,0.03780789981014095,16.231377873937664
QJ-yAwmzwSs,test,Dataset_Shard_0200000_0299999,5,50,0.7001558154821396,0.7180298566818237,0.10231021337594252,0.06195301901549101,0.016433136169798673,18.898855487025106
QLqrGlVdPCw,test,Dataset_Shard_0200000_0299999,5,50,0.5739858031272889,0.6120113730430603,0.22813208286566553,0.12831307061016559,0.04051952783949673,15.776639536870505
QULIHG8qXNw,test,Dataset_Shard_0200000_0299999,5,50,0.4134495510160923,0.3137577921152115,0.24866841929961855,0.18469946712255478,0.07180751902982592,12.944923313379858
S-x-08mtMhM,test,Dataset_Shard_0200000_0299999,5,50,0.7272100299596786,0.7603211402893066,0.16478367318159812,0.07607210570480674,0.022084342339517206,20.033745586491822
c3SQmrJFsLY,test,Dataset_Shard_0300000_0399999,5,50,0.6532167768478394,0.6722649931907654,0.2510758116439795,0.08856379119679332,0.0317408882570453,17.409831311433496
hY6RjtE0L18,test,Dataset_Shard_0300000_0399999,5,50,0.6016300171613693,0.6033025979995728,0.18590028232602296,0.11879233337938785,0.043533757998084184,15.576346241121515
kMMFVGirbAo,test,Dataset_Shard_0300000_0399999,5,50,0.7589998370409012,0.8088752329349518,0.13304689790021312,0.07271021075546741,0.030430209361948072,16.668894082596886
lFhCwScSprM,test,Dataset_Shard_0300000_0399999,5,50,0.6010518959164619,0.6676960289478302,0.18113148598841014,0.14581773586571217,0.06819946949137375,14.01610315260866
n72VzMg9PvU,test,Dataset_Shard_0300000_0399999,5,50,0.6570984935760498,0.7228197157382965,0.1976294320479636,0.09774354513734579,0.03458213162608445,16.54523467895852
nVCvscVOQJM,test,Dataset_Shard_0300000_0399999,5,6,0.8212319115797678,0.9003569781780243,0.1737161989995362,0.04058746031175057,0.010266346313680211,21.904679026312454
nVCvscVOQJM,test,Dataset_Shard_0400000_0499999,5,44,0.6489193947477774,0.6507821679115295,0.08400720416229196,0.07044398771937598,0.019031538839705965,17.619139828707418
ncA2W_lCihM,test,Dataset_Shard_0400000_0499999,5,50,0.7528906011581421,0.7833910286426544,0.10092539199931293,0.09906673055142164,0.024346732264384628,17.333026303275513
rSvMG28dPqk,test,Dataset_Shard_0400000_0499999,5,50,0.5526217377185821,0.5750516057014465,0.13481414976835202,0.13476060904562473,0.05623327869921923,13.246162105588812
sM1dnw-TOcE,test,Dataset_Shard_0400000_0499999,5,50,0.5371618350595235,0.4095412790775299,0.277153496188234,0.13126496572047472,0.048168235486373306,15.512376924236566
tFReD_CSTZQ,test,Dataset_Shard_0400000_0499999,5,50,0.4985589998960495,0.4303825944662094,0.27336424384807095,0.15178394638001919,0.06267444835742936,14.931298509692274
uLa8mjhrP18,test,Dataset_Shard_0400000_0499999,5,50,0.7635243654251098,0.7801970541477203,0.12050290474005543,0.055060603264719246,0.014383742539794185,20.196233254788126
uaW87-Yz9wQ,test,Dataset_Shard_0400000_0499999,5,50,0.6017282105982303,0.6679642200469971,0.2231540178394993,0.09504200767725707,0.030305281737819312,16.822285708185976
udfXY1v4lks,test,Dataset_Shard_0400000_0499999,5,50,0.6944034969806672,0.696050763130188,0.14000268597821122,0.1040904924273491,0.03456464916933328,16.454760554148447
wxv1SDr8Kck,test,Dataset_Shard_0400000_0499999,5,50,0.4708755126595497,0.41831690073013306,0.1602182199066267,0.16087892398238182,0.06025540493428707,13.050041972394503
xfv3d809TTc,test,Dataset_Shard_0400000_0499999,5,50,0.5020030906796455,0.48314544558525085,0.20031094116504658,0.16356927946209907,0.06834613925777376,13.229185124706413
zHY3o_AprOU,test,Dataset_Shard_0400000_0499999,5,50,0.3552807813882828,0.316465824842453,0.172301908966368,0.12189947374165058,0.03597970396280289,15.489211193796507
-Hs-zuBOlQE,train,Dataset_Shard_0000000_0099999,5,50,0.7545740082859993,0.8579615950584412,0.24520330791194597,0.0434086055867374,0.011368397516198456,21.22716223451581
-J04CE5dA74,train,Dataset_Shard_0000000_0099999,5,50,0.6854730987548828,0.7071331143379211,0.17905081996776717,0.09225656360387802,0.02886944233439863,16.84519661463753
-Qoo3Uq5-50,train,Dataset_Shard_0000000_0099999,5,50,0.4631940159201622,0.437759205698967,0.262074165251455,0.14785265717655421,0.05650272409897297,14.216922313965465
-bqSDAsWptU,train,Dataset_Shard_0000000_0099999,5,50,0.5499873253703117,0.6508561074733734,0.29397233002620576,0.12609768752008677,0.047256097111385315,15.19087351096769
-tqqp2KwCIQ,train,Dataset_Shard_0000000_0099999,5,50,0.7556865167617798,0.7507518827915192,0.06159706680450394,0.09117208793759346,0.027733835130929946,16.232740229595045
02MD08BgFZ0,train,Dataset_Shard_0000000_0099999,5,50,0.34665431320667267,0.143153578042984,0.3398252646472248,0.17030527021735906,0.0697480624774471,13.930265242287177
0FxsmwVeriw,train,Dataset_Shard_0000000_0099999,5,50,0.5346525606513023,0.5218258798122406,0.2283234543667667,0.1360506760329008,0.046592168165370824,14.727378001383173
0NN6ySHCHVA,train,Dataset_Shard_0000000_0099999,5,50,0.26184007450938224,0.1508198156952858,0.2317781979318037,0.1777618480473757,0.06148995492607355,13.001022470647243
0TJxBDyP9dw,train,Dataset_Shard_0000000_0099999,5,50,0.6321523874998093,0.6477960050106049,0.13752262863231773,0.1318915719166398,0.05339892844669521,13.742266490805502
0U2jrFZuBZM,train,Dataset_Shard_0000000_0099999,5,50,0.730916355252266,0.7894011735916138,0.1380030741637182,0.06575658248737454,0.016430867998860777,19.65287863807288
0ZSqAjagrVo,train,Dataset_Shard_0000000_0099999,5,50,0.6660525611042977,0.6896073520183563,0.17631800079675175,0.08927621375769376,0.026596083811018616,17.546306466638846
0uLJTnNb2Es,train,Dataset_Shard_0000000_0099999,5,50,0.8323574763536453,0.8358640372753143,0.07483576712716664,0.04686125434935093,0.009124682745896279,21.681693526339224
0w6Ky8PBYSQ,train,Dataset_Shard_0000000_0099999,5,50,0.4443118792772293,0.29091089963912964,0.26690385073668077,0.16788745983794798,0.06808140941248667,15.119306484081356
0zLSpoyKV_A,train,Dataset_Shard_0000000_0099999,5,50,0.5379444736242295,0.5425486862659454,0.12203760244117925,0.1836137831956148,0.08406834503635764,11.805328519914497
10gPc7VqgJk,train,Dataset_Shard_0000000_0099999,5,50,0.575823635160923,0.5600322186946869,0.13958877051273755,0.10809875067323446,0.03207752341404557,15.801417836044688
1ER3kxd2RvQ,train,Dataset_Shard_0000000_0099999,5,50,0.7441627460718155,0.764151930809021,0.11633482969080511,0.07600720226764679,0.02740888050291687,17.451248524603677
1FhZqPfKWjE,train,Dataset_Shard_0000000_0099999,5,50,0.7901279789209366,0.8024707436561584,0.09996325286943,0.046815191227942705,0.011746270039584488,20.453013980008457
1YmFjGfQGnw,train,Dataset_Shard_0000000_0099999,5,50,0.6924064326286316,0.7270323932170868,0.12337884693900998,0.09317012194544078,0.033086895644664764,16.159937301497166
1cMfYuRTDX4,train,Dataset_Shard_0000000_0099999,5,50,0.15090646132826804,0.14106395095586777,0.06122889340028754,0.2886508372426033,0.13664421416819095,8.847365574537633
1heJXaiMZBw,train,Dataset_Shard_0000000_0099999,5,50,0.7862276560068131,0.8562419414520264,0.15657179063492302,0.048810164872556926,0.015319358971901238,19.793235384296715
1hla9mZZWKM,train,Dataset_Shard_0000000_0099999,5,50,0.5078911405801773,0.49327850341796875,0.1510687786788878,0.1319415108859539,0.04775931741110981,13.847910916199291
1jkQfyIl7Kg,train,Dataset_Shard_0000000_0099999,5,50,0.7238803952932358,0.7638823390007019,0.18197389155414118,0.07612248614430428,0.020443579310085624,18.68439880143119
1kyGOkXUEKI,train,Dataset_Shard_0000000_0099999,5,50,0.6447222131490707,0.6849582195281982,0.17920768748038468,0.13666958450572564,0.04829536006014678,15.077062284993037
27uEnvzS8O4,train,Dataset_Shard_0000000_0099999,5,50,0.41376187711954115,0.42637062072753906,0.08872535440989211,0.13704018741846086,0.04686070293188095,13.717177745159146
2KbVOj8YcRw,train,Dataset_Shard_0000000_0099999,5,50,0.49439278155565264,0.516977071762085,0.16354003964599664,0.14917629174888133,0.056548084076493976,13.63798953009868
2ZnT6CqmPoQ,train,Dataset_Shard_0000000_0099999,5,50,0.466733945608139,0.47575409710407257,0.13006336204530866,0.12440458439290523,0.04750803530216217,13.967041342091159
2aDuMKNR8Z0,train,Dataset_Shard_0000000_0099999,5,50,0.7087826770544052,0.7062187790870667,0.12442660146240091,0.07148021502420306,0.022204568770248442,17.78051733247366
2el-ZR4A4D4,train,Dataset_Shard_0000000_0099999,5,50,0.7491091442108154,0.755274772644043,0.08504085135002919,0.05585659801959991,0.017289819922298194,18.439459324831677
3AR1FxFue7c,train,Dataset_Shard_0000000_0099999,5,50,0.6905668354034424,0.7170138359069824,0.19480757390344533,0.06986759513616563,0.024518241905607283,18.28742583344113
3Cg8-eoNXdY,train,Dataset_Shard_0000000_0099999,5,50,0.5242753231525421,0.564650148153305,0.2239586042170285,0.1651828219741583,0.07822770033031702,12.106999452306315
3YwJ5Fzodfk,train,Dataset_Shard_0000000_0099999,5,50,0.8261739885807038,0.8321829438209534,0.0631724797620433,0.04462874343618751,0.009872686022426934,20.97081390491758
3p5gb_JqO78,train,Dataset_Shard_0000000_0099999,5,50,0.5164191418886185,0.6578192114830017,0.24920107430862048,0.10745442472398281,0.03215460266452283,15.669994734115058
3sty8XW-6FU,train,Dataset_Shard_0000000_0099999,5,50,0.5350033837556839,0.4768730401992798,0.21500479962242133,0.12206204887479544,0.04228774099145085,15.592584197354709
3xK6shdTeCs,train,Dataset_Shard_0000000_0099999,5,50,0.6235493361949921,0.6545530259609222,0.1263066017238447,0.08460051983594895,0.02077028670348227,17.469215101797943
49dGxeU0X5E,train,Dataset_Shard_0000000_0099999,5,50,0.64054618537426,0.6309534311294556,0.1872752450467053,0.07705393882468342,0.020340452601667492,18.656004031126027
4EtAcruEhTI,train,Dataset_Shard_0000000_0099999,5,50,0.5562568512558937,0.6106516718864441,0.18579085732107584,0.15453802235424519,0.07381884086877108,12.73500973373818
4FjwzNlLCdU,train,Dataset_Shard_0000000_0099999,5,50,0.780506943911314,0.8170764446258545,0.15107563720807143,0.05834984576329589,0.016198188128182665,19.492425915094646
4KfWaQz2Qxg,train,Dataset_Shard_0000000_0099999,5,50,0.782600262761116,0.8476096093654633,0.19045453186138764,0.0651372417807579,0.02552289609797299,18.756418462176487
4OwtoyYoSKY,train,Dataset_Shard_0000000_0099999,5,50,0.5477573519945145,0.5720908343791962,0.22757553174353734,0.14202430864796042,0.05657718786969781,14.290937289031971
4ZL5KtH01eQ,train,Dataset_Shard_0000000_0099999,5,50,0.50097047239542,0.5328720510005951,0.19827013436631327,0.1404395643621683,0.05222209198400378,13.829431190413596
4ciVQzZxNkk,train,Dataset_Shard_0000000_0099999,5,50,0.6675092053413391,0.6805561482906342,0.13939959651071882,0.08856824055314064,0.027118663424625992,17.087012963417422
4xuwsEvzX1g,train,Dataset_Shard_0000000_0099999,5,50,0.5332057556509971,0.54852694272995,0.146538692846761,0.11214330323040485,0.03869456239975989,15.20419652092736
51bXx1vyjBE,train,Dataset_Shard_0000000_0099999,5,50,0.546528408229351,0.6781396269798279,0.3047842653137763,0.11613598113879561,0.039863430238328876,16.33956896191662
59_VE9iR-fE,train,Dataset_Shard_0000000_0099999,5,50,0.41691757053136824,0.3990142345428467,0.194687180212052,0.152870724350214,0.0483734087459743,14.211416993452943
5GLtwzZw3tc,train,Dataset_Shard_0000000_0099999,5,50,0.5109648841619492,0.46048417687416077,0.15006045831312256,0.10488730046898126,0.03310746919363737,15.62170718925271
5HzD-gmSlU0,train,Dataset_Shard_0000000_0099999,5,50,0.5058724451065063,0.4421035796403885,0.17857247917141172,0.1341845388710499,0.06018602265045047,13.872951578329248
5ITYjnz12-Y,train,Dataset_Shard_0000000_0099999,5,50,0.5823102420568467,0.5936536192893982,0.1234017511811423,0.13205866262316704,0.05064200257882476,13.709451943385984
5USYVhzhMes,train,Dataset_Shard_0000000_0099999,5,50,0.5548086833953857,0.6908275187015533,0.28549816654042953,0.1100310381129384,0.03544111925410107,16.486620432823965
5sNeoy5PKug,train,Dataset_Shard_0000000_0099999,5,50,0.6259084731340409,0.6272424161434174,0.13686934789485677,0.0915531288459897,0.03463028833270073,15.71546171904627
5smiMjCVrkg,train,Dataset_Shard_0000000_0099999,5,50,0.7111475297808647,0.7952412664890289,0.22934659504308744,0.08433512026444077,0.032193818029481916,18.20561280688348
6KzSnrEFKlU,train,Dataset_Shard_0000000_0099999,5,50,0.69166724473238,0.8736589848995209,0.3151514775152128,0.08192053813487292,0.026979532628320157,19.239762793168385
6QNI1KTP-uA,train,Dataset_Shard_0000000_0099999,5,50,0.6073468685150146,0.6766868829727173,0.20874182808815156,0.10276085473597049,0.033965515741147104,16.585254192444154
6QeMNsQww3A,train,Dataset_Shard_0000000_0099999,5,50,0.0832307481020689,0.0855582170188427,0.01829078179677338,0.1956380468606949,0.06696025989949703,11.867054778822586
6mmq34Ib8xg,train,Dataset_Shard_0000000_0099999,5,50,0.47262712389230727,0.5601317882537842,0.2367318214319862,0.15750913951545953,0.05920401498675346,13.407185631784962
6oSMlrVPW8w,train,Dataset_Shard_0000000_0099999,5,50,0.8190894901752472,0.8260917365550995,0.09188555072222838,0.040447486769407986,0.011075066837947815,21.234991659832108
6rdUDJMfJQc,train,Dataset_Shard_0000000_0099999,5,50,0.7296284890174866,0.7542596161365509,0.11127499282405404,0.0592183655500412,0.016423496142961083,19.60582354830067
6s1nSHVMZwM,train,Dataset_Shard_0000000_0099999,5,50,0.5636973756551743,0.5137026309967041,0.17330354306634652,0.12630936258472503,0.04473675790210109,15.196712838026793
6ys4etJ1IFg,train,Dataset_Shard_0000000_0099999,5,50,0.3025237360596657,0.2712586224079132,0.13596640325343326,0.18586226910352707,0.07059792250394821,12.423630908828839
77rVIqWlxNU,train,Dataset_Shard_0000000_0099999,5,50,0.7910988131165504,0.8245676755905151,0.1819343569090029,0.05570293616503477,0.01922592517454177,19.265787179128615
79n77IIyriY,train,Dataset_Shard_0000000_0099999,5,50,0.6145318365097046,0.6213595867156982,0.1511007444143942,0.11821387004107237,0.04721503891982138,14.91223012178138
7Uke7HVpaeA,train,Dataset_Shard_0000000_0099999,5,50,0.6364023080468177,0.6691831052303314,0.13534122467209952,0.08722438558936119,0.027333200639113785,16.92681192565058
7ZUOn2pZRls,train,Dataset_Shard_0000000_0099999,5,50,0.7112516528367996,0.7969266772270203,0.23601720175213406,0.09863387055695057,0.04976657247636467,18.343580908261455
7erD56xKJaM,train,Dataset_Shard_0000000_0099999,5,50,0.20632465407252312,0.17926190793514252,0.10150538471031022,0.2773112380504608,0.13945391599088908,9.029630733511848
7nFvvB200qQ,train,Dataset_Shard_0000000_0099999,5,50,0.7035308210551738,0.7234938442707062,0.17055075672342482,0.06920508239418269,0.022402812582440673,18.37282606060935
7nYRFn4c0B8,train,Dataset_Shard_0000000_0099999,5,50,0.5784739251434803,0.7402894794940948,0.24605990001922473,0.11809610836207866,0.04439734061248601,15.064813942177002
7tf2BC4mC8s,train,Dataset_Shard_0000000_0099999,5,50,0.8385363602638245,0.8461136817932129,0.06443741025847063,0.05323907557874918,0.01021257164888084,21.11402753099091
87ygy8_a7Uk,train,Dataset_Shard_0000000_0099999,5,50,0.4888135467469692,0.5388449132442474,0.21231393997154113,0.14390283867716788,0.056118561830371616,13.323100350827277
8BgfmtrtmLI,train,Dataset_Shard_0000000_0099999,5,50,0.7734388095140458,0.8215838670730591,0.16048680719133288,0.049070525243878366,0.011623223479837179,21.128095335367156
8Fo-MdmXmBE,train,Dataset_Shard_0000000_0099999,5,50,0.4359183022379875,0.4128655940294266,0.10915505901096946,0.10977339833974838,0.03218324831686914,15.660686652197242
8efNcdaz4zU,train,Dataset_Shard_0000000_0099999,5,50,0.7614458364248275,0.7871188223361969,0.10503691435720312,0.07132650949060917,0.024195344485342503,17.15291780991271
8rYV4ViS9U4,train,Dataset_Shard_0000000_0099999,5,50,0.7363561744987964,0.8183632493019104,0.24517097157466805,0.07444351358339191,0.028305989722139203,19.703855161955502
91wTIWNvkCg,train,Dataset_Shard_0000000_0099999,5,50,0.7047752958536148,0.7567733228206635,0.1475005898421101,0.07534216171130538,0.027816860270686448,18.13284925173567
96ChCVGsYPM,train,Dataset_Shard_0000000_0099999,5,50,0.7275089544057846,0.7890702486038208,0.16310211502458621,0.06387415777891875,0.02263479620218277,17.926409359995557
9AE2GviExXs,train,Dataset_Shard_0000000_0099999,5,50,0.4403187158703804,0.42143702507019043,0.11543981895799253,0.12736191660165785,0.04092486884444952,14.318354360254919
9MPPZdAWF4U,train,Dataset_Shard_0000000_0099999,5,50,0.807643393278122,0.8184857070446014,0.07669760650212971,0.059011828526854514,0.01801569589879364,18.486081506603263
9Tq2xbgsGkM,train,Dataset_Shard_0000000_0099999,5,50,0.34510426998138427,0.32667773962020874,0.1729054205389794,0.2102460904419422,0.08202606694772839,11.67242119127207
9lVD-SGOSjg,train,Dataset_Shard_0000000_0099999,5,50,0.21875027000904082,0.18260698020458221,0.13106580855161776,0.22008144192397594,0.10113118939101697,10.649314096935322
9oBVaGfsKf4,train,Dataset_Shard_0000000_0099999,5,50,0.5543550601601601,0.5712511241436005,0.2119728520816677,0.12739752140827476,0.05180527481250465,15.235041844906327
9vQKn6w95ow,train,Dataset_Shard_0000000_0099999,5,50,0.2878907208144665,0.27098293602466583,0.09491865086967162,0.1782363823056221,0.05909827973693609,12.62395433678919
9yQHxxtlxt4,train,Dataset_Shard_0000000_0099999,5,50,0.7860024571418762,0.8019979298114777,0.08446325762292962,0.05070476230233908,0.012668682099319994,20.542902201255593
A2dimG5cbgc,train,Dataset_Shard_0000000_0099999,5,50,0.7392195236682891,0.7878290712833405,0.1411886062194318,0.08028978222981095,0.035647911154665056,15.809714708047638
AE1Dd0KPmlw,train,Dataset_Shard_0000000_0099999,5,50,0.5492607954144478,0.4892878234386444,0.28442881275586024,0.1096062812814489,0.03586393053403299,17.87899407549289
AG0EifkPvGY,train,Dataset_Shard_0000000_0099999,5,50,0.30450398921966554,0.2747812122106552,0.13019224838071455,0.17835647568106652,0.060237856386229395,12.730809206969502
AKC7bYyldHo,train,Dataset_Shard_0000000_0099999,5,50,0.8602654123306275,0.9058332741260529,0.12590192863077182,0.03349956267746165,0.007680259705193748,24.892077453260125
AOHQ0aYQ4QI,train,Dataset_Shard_0000000_0099999,5,50,0.6710026839375496,0.70536670088768,0.19308479361583833,0.0782580373995006,0.02434287200216204,17.64526999562806
AQ_qy4s9-58,train,Dataset_Shard_0000000_0099999,5,50,0.5080539324879646,0.5298587083816528,0.16435935162825416,0.12658501353114843,0.04150648171082139,15.314554283556602
AXEbpZ0lhEM,train,Dataset_Shard_0000000_0099999,5,50,0.46507159948349,0.48848429322242737,0.15767742157190937,0.1333064743131399,0.053163128225132826,13.5824256626692
Aw4Vaqqq_Eg,train,Dataset_Shard_0000000_0099999,5,50,0.6728878545761109,0.8366155326366425,0.2857952345006686,0.08484861135482788,0.029298170041292905,17.86672088699495
Aymbap8XcG8,train,Dataset_Shard_0000000_0099999,5,50,0.5400485010445117,0.6113757193088531,0.2363136960287803,0.11962716802954673,0.04084088619798422,15.296817201164753
AzqgcU5_3mo,train,Dataset_Shard_0000000_0099999,5,50,0.7451698970794678,0.8162487745285034,0.16130334914335365,0.09494047921150922,0.02584383904002607,17.99190991008759
B3np71w5K1c,train,Dataset_Shard_0000000_0099999,5,28,0.5970565352056708,0.6906107068061829,0.2259755491583797,0.09275280458054372,0.027633721590973437,17.47226362075286
B3np71w5K1c,train,Dataset_Shard_0100000_0199999,5,22,0.5648997859521345,0.7281107902526855,0.33202053390357056,0.11831742456725826,0.044567054287030936,19.784360575358956
B5IAda_ZR3Q,train,Dataset_Shard_0100000_0199999,5,50,0.44025551319122314,0.30836181342601776,0.28439005762181907,0.14269835390150548,0.054111003633588554,14.466696323977626
BDFwFmaztC0,train,Dataset_Shard_0100000_0199999,5,50,0.7182844084501266,0.7529992461204529,0.15554829273336926,0.06260100832208991,0.021151654198765756,19.295636065657487
BI2jJ2nsUaw,train,Dataset_Shard_0100000_0199999,5,50,0.7587188065052033,0.7745018303394318,0.09041507698542833,0.057918389923870564,0.014739418239332735,19.032318667520343
BaGpiUru22U,train,Dataset_Shard_0100000_0199999,5,50,0.7662692284584045,0.7687124311923981,0.07678103650135244,0.05274381548166275,0.013470431000459939,19.926855991994017
Bdy36xv68Fs,train,Dataset_Shard_0100000_0199999,5,50,0.6352644869685173,0.6359532475471497,0.11038685235571162,0.1040342015773058,0.027979706497862935,16.38949694489189
BevoiaUK5ao,train,Dataset_Shard_0100000_0199999,5,50,0.773561395406723,0.8617468178272247,0.20963474630269166,0.06910701410844922,0.026395853073336185,18.858368448811554
C09ZpevuOVk,train,Dataset_Shard_0100000_0199999,5,50,0.5672992572188378,0.6337532997131348,0.19361752532433868,0.11944552905857563,0.04710710857994854,14.346399102665798
C5tgj76oc7E,train,Dataset_Shard_0100000_0199999,5,50,0.5944901102781296,0.6355683207511902,0.18470648602514123,0.10386864665895701,0.03043231007643044,16.155747029192522
CIc39aXlHRY,train,Dataset_Shard_0100000_0199999,5,50,0.6333472755551338,0.6501789093017578,0.14597070459144623,0.08476773288100958,0.02845597105100751,16.741532351467516
CNbMProDX_I,train,Dataset_Shard_0100000_0199999,5,50,0.8382883632183075,0.8553745150566101,0.10202910213400054,0.05099861143156886,0.0127842634357512,20.802034053758415
CRYDNSvrbis,train,Dataset_Shard_0100000_0199999,5,50,0.7807659137248993,0.8021473586559296,0.12617867204647662,0.05639526819810271,0.019945145619567485,19.4802917547666
Ccs73enFclU,train,Dataset_Shard_0100000_0199999,5,50,0.6251085680723191,0.6259004473686218,0.1139739986931244,0.09933407608419657,0.02638971506152302,16.931424731391992
CiYlq0pHhnM,train,Dataset_Shard_0100000_0199999,5,50,0.6456288146972656,0.7042948007583618,0.1448854978119375,0.10267782881855965,0.03856218233704567,14.899904777106997
Cl1w60d8Tqc,train,Dataset_Shard_0100000_0199999,5,50,0.6708112174272537,0.7435812652111053,0.16331381518012292,0.09395364921540023,0.032587941801175475,16.699038220393735
Ctp1DySPKS0,train,Dataset_Shard_0100000_0199999,5,50,0.8116119539737702,0.8193262815475464,0.08464180246261019,0.04523498602211475,0.008150727662723511,22.121509737155247
D2q4s2rE0s_,train,Dataset_Shard_0100000_0199999,5,50,0.7150719243288041,0.733982652425766,0.12447238488516629,0.08332298196852207,0.023747741337865592,17.2711693477306
DN3a8fF6FtU,train,Dataset_Shard_0100000_0199999,5,50,0.847302331328392,0.8769640922546387,0.11637835655334763,0.039367181900888684,0.009299127398990095,23.320773886338376
DOjCrrrGa5s,train,Dataset_Shard_0100000_0199999,5,50,0.48797140959650276,0.5171412825584412,0.2703931360237935,0.21735992555506528,0.12362342466367408,11.960446849398728
DXcoe1mtinI,train,Dataset_Shard_0100000_0199999,5,50,0.6105327236652375,0.6272939741611481,0.1198633639320625,0.10713088687509298,0.03150340413674712,15.782437893551311
DZHdNtwKBMo,train,Dataset_Shard_0100000_0199999,5,50,0.8508950978517532,0.8834708034992218,0.15122695722373866,0.03909248433075845,0.010022093125153333,22.80487963653941
De9wq1vFUVo,train,Dataset_Shard_0100000_0199999,5,50,0.5568132871389389,0.6478014588356018,0.37124224437816117,0.12413731642067433,0.048057614727877083,18.327048987138266
DhitzRyJg4k,train,Dataset_Shard_0100000_0199999,5,50,0.5403883343935013,0.5276279747486115,0.18141004943929995,0.13092412620782853,0.04469639170914888,15.043514878471536
DlBR2IuS-_Q,train,Dataset_Shard_0100000_0199999,5,50,0.5032111046463251,0.5048317611217499,0.22466055010187816,0.1358414829149842,0.04767916940618307,14.690833173516824
DpcTinoxOZQ,train,Dataset_Shard_0100000_0199999,5,50,0.5774172219634056,0.6754208505153656,0.24541687807147983,0.1185167408362031,0.04269206040538848,15.637523711382707
DwsiVdwkl_M,train,Dataset_Shard_0100000_0199999,5,50,0.7957054936885833,0.7907027006149292,0.03549343059641781,0.04885510023683309,0.016895187655463814,18.271677045732478
E0OylseYSt8,train,Dataset_Shard_0100000_0199999,5,50,0.7248710632324219,0.7527634799480438,0.1203956093940144,0.08390292085707188,0.03327108976431191,15.77696993171614
E5eP26MKE98,train,Dataset_Shard_0100000_0199999,5,50,0.8164846247434616,0.8371945023536682,0.11888109144193912,0.0463344288803637,0.01426581877283752,20.205747733918198
EJiNfGhoa3Y,train,Dataset_Shard_0100000_0199999,5,50,0.6708417844772339,0.6767135262489319,0.12524892197909665,0.09325094981119036,0.032817428717389706,16.013490670003783
EQhbPGMfvZU,train,Dataset_Shard_0100000_0199999,5,50,0.7796219837665558,0.7880397737026215,0.09319640158569018,0.05886012904345989,0.02021823260933161,18.088454478720514
F1UNeBWv6Ww,train,Dataset_Shard_0100000_0199999,5,50,0.7803014159202576,0.7956412434577942,0.09047405021870059,0.05628533508628607,0.011855885286349803,20.533193713508822
F1mXo8STM24,train,Dataset_Shard_0100000_0199999,5,50,0.4957662624120712,0.5029743015766144,0.20963616999985726,0.14267434377223254,0.049745518509298564,13.834903812707115
F89GbwV1duU,train,Dataset_Shard_0100000_0199999,5,50,0.4345384168624878,0.39485226571559906,0.15298725707410685,0.1319615838676691,0.047239078376442194,13.815696998642103
FF6KGtNtiwQ,train,Dataset_Shard_0100000_0199999,5,50,0.5631747698783874,0.5998855531215668,0.1442524651220998,0.12896046007052064,0.04766312285093591,14.417376200236575
FFcXOiRGMaU,train,Dataset_Shard_0100000_0199999,5,50,0.4192486393451691,0.4040392190217972,0.1713005859979146,0.14474390730261802,0.05048930961638689,13.412209580029128
FGjqL-YO8E8,train,Dataset_Shard_0100000_0199999,5,50,0.7275910073518753,0.7888096570968628,0.1693332398771312,0.07526318373158575,0.02962079463992268,17.04447981313058
FNFe75hIKd4,train,Dataset_Shard_0100000_0199999,5,50,0.7992706000804901,0.8144282698631287,0.07507554493373948,0.05686456520110369,0.016660636821761728,18.558086614333256
FUGgFV3WFig,train,Dataset_Shard_0100000_0199999,5,50,0.6318190789222717,0.6487839818000793,0.14477984678062267,0.11083694025874138,0.037057499936781826,15.43632965707238
FhpkDxLChRA,train,Dataset_Shard_0100000_0199999,5,50,0.6607752013206482,0.7287798225879669,0.14563217459184533,0.09701292838901282,0.0323837255872786,16.787334419866312
Fi_z7GBejhs,train,Dataset_Shard_0100000_0199999,5,50,0.23816572338342668,0.18716643750667572,0.13560346964020387,0.18833727285265922,0.07042540084570646,11.888987747187175
FzpQ92s8Idw,train,Dataset_Shard_0100000_0199999,5,50,0.550373049378395,0.5723991096019745,0.15907855993484574,0.10723351456224918,0.03017160540446639,15.97194347947816
G5iYNFJuHkc,train,Dataset_Shard_0100000_0199999,5,50,0.6675149321556091,0.7182260751724243,0.19245483124105225,0.08958577774465085,0.036169671623501924,16.920713281837568
G6vEW8-Tk5w,train,Dataset_Shard_0100000_0199999,5,50,0.6733677157759667,0.694757491350174,0.1542008705189132,0.08517780099064112,0.027343556294217707,17.47123228506559
GVoppuU8cFo,train,Dataset_Shard_0100000_0199999,5,50,0.40999085038900374,0.3832360655069351,0.14641479419282047,0.16029948577284814,0.05303183702751994,13.23630543950518
Gi3eUcsqhks,train,Dataset_Shard_0100000_0199999,5,50,0.3191822329163551,0.28968967497348785,0.1630765620964552,0.184136126562953,0.06530750270932913,12.617685098660345
GrND9qai5pY,train,Dataset_Shard_0100000_0199999,5,50,0.5544216322898865,0.5949701070785522,0.1507110233735386,0.1287011294811964,0.04456740302033722,14.64058799786062
HRJ4OhgNX08,train,Dataset_Shard_0100000_0199999,5,50,0.5956977921724319,0.5662112236022949,0.1411282232054163,0.09418136168271303,0.02979426188627258,16.41553016694276
HWcwP-2-gBU,train,Dataset_Shard_0100000_0199999,5,50,0.6076546728610992,0.6214804649353027,0.14002767852700193,0.10044895965605974,0.03152633875608444,16.3644836330152
HrG_CiyMH7A,train,Dataset_Shard_0100000_0199999,5,50,0.6978116622567176,0.7368553280830383,0.1561349784095065,0.06334253657609225,0.01899132535792887,18.66148328835386
Hvip1xhAJEk,train,Dataset_Shard_0100000_0199999,5,50,0.6444545698165893,0.682890921831131,0.19697100144719004,0.08598784165456891,0.026248041146900505,17.738546251808994
I4YrJCXtmDQ,train,Dataset_Shard_0100000_0199999,5,50,0.7323732769489288,0.7485748529434204,0.128586767331595,0.06390349944122135,0.0201688665439724,18.508269493243866
IJ6v8unnzlw,train,Dataset_Shard_0100000_0199999,5,50,0.6305114997923374,0.6831763684749603,0.19926677782190402,0.09989411935210228,0.03188433455768973,17.563786591523108
IMYS4tzoiWw,train,Dataset_Shard_0100000_0199999,5,50,0.3440888974070549,0.30137093365192413,0.11680543327314676,0.22074926286935806,0.0884718631207943,10.920111617752672
IWAeIhWK8k0,train,Dataset_Shard_0100000_0199999,5,50,0.7257190677523613,0.7878624498844147,0.17105211136517662,0.06467729547992349,0.02111063679913059,20.04993610986335
IgXDqL9n1yc,train,Dataset_Shard_0100000_0199999,5,50,0.2651096883416176,0.23378320783376694,0.12060969779918784,0.18153864838182926,0.06371424496173858,12.243346325576411
IknWlKwrkqM,train,Dataset_Shard_0100000_0199999,5,50,0.5162713626027107,0.5257870256900787,0.1916045448457254,0.15356479320675134,0.07726894158404321,12.92731708540421
IpeCPBTMsp8,train,Dataset_Shard_0100000_0199999,5,50,0.8436704897880554,0.891313374042511,0.1434798583094994,0.037802134240046144,0.009814598805969582,22.548977505517392
IwlK3JWqWhA,train,Dataset_Shard_0100000_0199999,5,50,0.6319204753637314,0.6806358397006989,0.191249454146578,0.11050000928342342,0.0341987973311916,16.069703575334284
JF1WHXagVBg,train,Dataset_Shard_0100000_0199999,5,50,0.6740686681866646,0.77475306391716,0.21948615946342592,0.07705114433541894,0.024043495338410138,17.795060824117826
J_Q3FptXl4E,train,Dataset_Shard_0100000_0199999,5,50,0.603889043033123,0.664502739906311,0.19115975546891284,0.10275128625333309,0.032583926348015664,16.520000801948672
JiFbkH4lkEA,train,Dataset_Shard_0100000_0199999,5,50,0.5484144394099713,0.5719297528266907,0.2105430093430589,0.12034284174442292,0.04281421777326613,15.056888732559345
JricrURk4aQ,train,Dataset_Shard_0100000_0199999,5,50,0.6807024344801903,0.7587118446826935,0.17787734774028496,0.08228859383612872,0.026721364106051623,17.5845074988645
K1-1564mVaE,train,Dataset_Shard_0100000_0199999,5,50,0.7398709619045257,0.8590478599071503,0.20597691121440817,0.06276502842083573,0.017100974693894388,19.955172227439363
KGDAv4gY0CU,train,Dataset_Shard_0100000_0199999,5,50,0.6269505327939987,0.6877972781658173,0.18326374050992306,0.1035413533076644,0.04255077606067061,15.2675666416024
KWLQZy3Trfc,train,Dataset_Shard_0100000_0199999,5,50,0.8839948934316635,0.9048106074333191,0.09381630134902898,0.039050327260047195,0.01533820643555373,20.800856035254636
K_9S0CZoNLw,train,Dataset_Shard_0100000_0199999,5,50,0.2534670536220074,0.20711495727300644,0.1205678567595306,0.2228432673215866,0.09060584012418986,10.810006202198588
KiIkP5rt664,train,Dataset_Shard_0100000_0199999,5,50,0.4900874349474907,0.5589392781257629,0.22066146079968957,0.14972077090293168,0.057462323042564094,13.6239039391683
LABUp-9fzpo,train,Dataset_Shard_0100000_0199999,5,50,0.7047805279493332,0.7503208220005035,0.15698795554585174,0.079638384655118,0.024789408235810696,17.409037850653064
LCu1WeLTHHs,train,Dataset_Shard_0100000_0199999,5,50,0.5636408439278603,0.609872579574585,0.16998881477996813,0.12349734384566545,0.039892659541219476,14.692695605264227
LNm-RsObqrI,train,Dataset_Shard_0100000_0199999,5,50,0.4386547389626503,0.4464245140552521,0.09018196755960087,0.10407020211219788,0.029319285480305553,16.813313889720682
LY8eSMG5Zg_,train,Dataset_Shard_0100000_0199999,5,50,0.34648479968309404,0.34202177822589874,0.12101674950428191,0.1848147400468588,0.07293364504352212,11.878780460027874
LqVVbjKegLM,train,Dataset_Shard_0100000_0199999,5,50,0.6444777888059616,0.6734773814678192,0.13304425903414752,0.1063832039386034,0.03635129034519195,15.204608420174726
LsLsb6ON3HA,train,Dataset_Shard_0100000_0199999,5,50,0.5944031399488449,0.6807237863540649,0.22268649427936216,0.11762845560908318,0.04506034227088094,15.741128365588198
LxB4fZIr6QM,train,Dataset_Shard_0100000_0199999,5,50,0.5792028671503067,0.6595906615257263,0.18480797327289078,0.11751728136092425,0.04185932294465602,15.439991001000397
M0U21_jIkjs,train,Dataset_Shard_0100000_0199999,5,50,0.6337218141555786,0.6404781937599182,0.15316743007402195,0.12279986364766955,0.05387551468797028,14.054902597948912
MI9SBkWfYeE,train,Dataset_Shard_0100000_0199999,5,50,0.7425840626657009,0.8213727474212646,0.20930312953872832,0.07204214073717594,0.0240469237184152,17.937617647246935
MKXS5-a6wB4,train,Dataset_Shard_0100000_0199999,5,50,0.7066150087118149,0.7122776210308075,0.13033876391127394,0.07496907025575637,0.026762593067251147,17.038450199818193
MO0BNkMVRUM,train,Dataset_Shard_0100000_0199999,5,50,0.21689060337841512,0.19374825060367584,0.08358803691679871,0.23959616959095,0.10516799967736006,10.217619292734398
MQ0rcxyT_18,train,Dataset_Shard_0100000_0199999,5,50,0.5926617914438248,0.6240764856338501,0.14552073001864152,0.11514226146042347,0.046661412119865416,14.138135825292773
Mb1sAgqD2zk,train,Dataset_Shard_0100000_0199999,5,50,0.6222282180190086,0.7335315346717834,0.2376389240464945,0.10364172320812941,0.02883750376291573,17.674276491950867
MoldpStWdSM,train,Dataset_Shard_0100000_0199999,5,50,0.7501072287559509,0.8005989789962769,0.13252242090822353,0.06861480122432112,0.017503165588714183,18.93037474833636
MwffJW2HSBw,train,Dataset_Shard_0100000_0199999,5,50,0.7117428058385848,0.7650645971298218,0.1300531968978875,0.06698401108384132,0.019057413721457125,18.436202046178735
Mwqts-3PkoQ,train,Dataset_Shard_0100000_0199999,5,50,0.5707430648803711,0.586437463760376,0.08753777089582392,0.12288249760866166,0.05299154080450535,13.228992047106793
Mz477FcOK1I,train,Dataset_Shard_0100000_0199999,5,50,0.5350627672672271,0.5358938276767731,0.16737263604656527,0.11865701630711556,0.039588954634964466,14.547366496253364
NBZN1K9PE38,train,Dataset_Shard_0100000_0199999,5,50,0.690870960354805,0.729508250951767,0.15275700268900666,0.07239472091197968,0.019746307260356845,19.105933767744713
NDEQ8jZEeMg,train,Dataset_Shard_0100000_0199999,5,50,0.692497907280922,0.6895927786827087,0.08734485452007111,0.13304783944040538,0.037801424851641056,15.63092379057945
NNaNjLEnyCc,train,Dataset_Shard_0100000_0199999,5,50,0.7825700569152833,0.8285600244998932,0.15009290311819426,0.07556852169334888,0.03245026742108166,16.687875735063287
NSBXNBFcSM_,train,Dataset_Shard_0100000_0199999,5,50,0.6112619879841804,0.6572998464107513,0.22825537025348205,0.10285117525221722,0.032584558139859894,18.441921237570213
NTl51OfTzPY,train,Dataset_Shard_0200000_0299999,5,50,0.38913028106093406,0.2349337935447693,0.2826095434972834,0.16890169995371251,0.06286511522441288,14.315941133282179
Nd5eAZn0k8Q,train,Dataset_Shard_0200000_0299999,5,50,0.6763006377220154,0.6893583238124847,0.12283155817031785,0.07439764373004437,0.019768995000049472,17.875570679047893
Nenwue8ACQE,train,Dataset_Shard_0200000_0299999,5,50,0.5422723716497422,0.5288991034030914,0.21487607070661308,0.13348671965301037,0.05036123842466623,14.451365437182538
NjNROlXjW5I,train,Dataset_Shard_0200000_0299999,5,50,0.735753390789032,0.77156001329422,0.11277447373265666,0.06397736176848412,0.016927020507864654,19.32285066812329
NnlJ2WtQxhw,train,Dataset_Shard_0200000_0299999,5,50,0.756191354393959,0.7793338894844055,0.10946598426469942,0.05301875151693821,0.0104344195057638,21.514490206340625
NsLZGmOq9MM,train,Dataset_Shard_0200000_0299999,5,50,0.8394667470455169,0.8770520687103271,0.12781839961640326,0.052119857985526326,0.021839273157529534,19.122280230217324
Nt95VxNw1JA,train,Dataset_Shard_0200000_0299999,5,50,0.6250553345680236,0.636342465877533,0.12033519792593649,0.08443968035280705,0.025681281359866262,16.575392463968413
NumylOGDIqs,train,Dataset_Shard_0200000_0299999,5,50,0.46901032105088236,0.30938711762428284,0.2974314215640917,0.12919054104480893,0.04137164174760983,15.389338784614656
O6svjbPlqR0,train,Dataset_Shard_0200000_0299999,5,50,0.7393035387992859,0.79428431391716,0.14193390233952716,0.06612386133521796,0.019275562621187417,18.552339984306997
OOXpm9RUBr4,train,Dataset_Shard_0200000_0299999,5,50,0.5434043616056442,0.5815246403217316,0.20061307662611577,0.12289343729615211,0.04891048276796937,14.66996742278405
Oh6s2ckLVCc,train,Dataset_Shard_0200000_0299999,5,50,0.7577454370260238,0.8146081566810608,0.15552089362262772,0.06835317922756076,0.01805247079813853,18.71491246708408
P42sNbDRQVI,train,Dataset_Shard_0200000_0299999,5,50,0.41297587484121323,0.3207850754261017,0.1911608159583062,0.23987022921442985,0.11714497191132978,10.989182933797629
PAp-oCbJbao,train,Dataset_Shard_0200000_0299999,5,50,0.7661929565668106,0.8428359925746918,0.14873278416307484,0.05535455510020256,0.011243861180264502,21.58879577490497
PBh8_Cc90uw,train,Dataset_Shard_0200000_0299999,5,50,0.5301366820931435,0.5324929058551788,0.17596501047628207,0.09505098886787891,0.029154036822728813,16.34604481904698
PCuj0aU8-4E,train,Dataset_Shard_0200000_0299999,5,50,0.6488009583950043,0.657013326883316,0.11518673954335361,0.08103604674339294,0.022267929986119272,17.0472291039053
PF0ym46Ji90,train,Dataset_Shard_0200000_0299999,5,50,0.4580646178126335,0.49178940057754517,0.20529843294220945,0.17039747416973114,0.0728129168599844,12.558701100376837
PGb6eporHd4,train,Dataset_Shard_0200000_0299999,5,50,0.5418806833028793,0.582550585269928,0.21730647353760804,0.1279500375315547,0.04468754382804036,15.524082613631654
PVyHZ65Fny0,train,Dataset_Shard_0200000_0299999,5,50,0.3563729932904243,0.24242353439331055,0.2272877621048822,0.1943535304069519,0.08324500884860754,12.168553755641987
Pft9pKcpJfQ,train,Dataset_Shard_0200000_0299999,5,50,0.7635675850510597,0.845336526632309,0.24604373052974984,0.05015042008832097,0.015106491922633723,21.314408892316735
Pxfgv-VzJb8,train,Dataset_Shard_0200000_0299999,5,50,0.7357056379318238,0.7716644108295441,0.1422394717497202,0.0801767566613853,0.028470426647691057,17.171238962597236
Q3-hgENLscU,train,Dataset_Shard_0200000_0299999,5,50,0.4772119611501694,0.4458964020013809,0.19730238344950773,0.16492537662386894,0.05928059047088027,13.295973633041497
QGuO3Ikm9L0,train,Dataset_Shard_0200000_0299999,5,50,0.6549864496290684,0.6147549748420715,0.17985636672405328,0.1225061871483922,0.043876523671206084,15.770286225327613
QPaAUPP0L2s,train,Dataset_Shard_0200000_0299999,5,50,0.18476834058761596,0.1362796127796173,0.1577927647085043,0.213999081030488,0.08360523747280241,11.18196790486614
QRGS3EjB5I4,train,Dataset_Shard_0200000_0299999,5,50,0.41310281872749327,0.3462824523448944,0.16521361160679093,0.11923794016242027,0.03330525601282716,15.715295664149412
QZqfMruo1-w,train,Dataset_Shard_0200000_0299999,5,50,0.531926479935646,0.52935391664505,0.15273237829828526,0.13692299515008927,0.052500214483588936,14.14939647997001
R2AgAYViA-Q,train,Dataset_Shard_0200000_0299999,5,50,0.583623257279396,0.5652931928634644,0.14296800651619218,0.1229618301615119,0.043420794857665895,14.435730433818605
R8C5qDxBYj0,train,Dataset_Shard_0200000_0299999,5,50,0.6589426696300507,0.715145081281662,0.1789927674688261,0.08129611175507306,0.02326804638840258,18.091756489191276
ROt4Y-lkzD8,train,Dataset_Shard_0200000_0299999,5,50,0.771555231809616,0.7996726930141449,0.13471298470708312,0.08834565032273531,0.024735559625551105,17.38175126548832
RUu5-e13gZw,train,Dataset_Shard_0200000_0299999,5,50,0.37339599125087264,0.24744201451539993,0.27631777477166714,0.2053671468514949,0.09474653102486627,12.001143597755743
RWeESNvnYQs,train,Dataset_Shard_0200000_0299999,5,50,0.7456780135631561,0.7880007028579712,0.1454771533013144,0.07540265385061502,0.022975751541089266,18.640393637076233
RXnWs2i_f2w,train,Dataset_Shard_0200000_0299999,5,50,0.6264224481582642,0.6601340174674988,0.1646389127827901,0.10465371515601873,0.03200593934394419,16.31362805430155
RjAhTdGaZpw,train,Dataset_Shard_0200000_0299999,5,50,0.7529048645496368,0.767287403345108,0.07196595800342456,0.06988427385687829,0.015567718865349888,19.25635382202394
RrCuR6tPFxI,train,Dataset_Shard_0200000_0299999,5,50,0.702425155043602,0.7217862606048584,0.10775660646219552,0.0684142080321908,0.021092216856777667,18.250754870795994
S9MeH6oej30,train,Dataset_Shard_0200000_0299999,5,50,0.6994042164087295,0.7001216411590576,0.0922798314421647,0.10180330917239189,0.03838995575904846,14.589708024997712
SJcqdf3mIc8,train,Dataset_Shard_0200000_0299999,5,50,0.9518002593517303,0.9887560606002808,0.08899651620540847,0.023066886253654956,0.006565965967238299,31.72811046502172
SWqtN9u71FI,train,Dataset_Shard_0200000_0299999,5,50,0.5339140492677689,0.5245418846607208,0.23778429446046934,0.1226498094573617,0.04259792795404792,15.372824094794385
SjbNwQc9Uko,train,Dataset_Shard_0200000_0299999,5,50,0.7338726580142975,0.7360514402389526,0.12439501806725557,0.07813745867460967,0.027248575722333045,17.04713346451839
SpUWKtLtTN8,train,Dataset_Shard_0200000_0299999,5,50,0.6299409908056259,0.7285212576389313,0.24478216082485385,0.09855304608121514,0.03886637051589787,16.790012690180394
SrkeG7CkkJY,train,Dataset_Shard_0200000_0299999,5,50,0.5623220038414002,0.6263549625873566,0.16751797953206526,0.11545458957552909,0.04446588270366192,14.678550497997449
SsxtoWJHb4o,train,Dataset_Shard_0200000_0299999,5,50,0.7078412969410419,0.8254975378513336,0.25379214797931604,0.06793137650936842,0.018980767279863357,19.391764614849173
TDCUZ3rN6H8,train,Dataset_Shard_0200000_0299999,5,50,0.6059445595741272,0.6030785143375397,0.11286297504367655,0.09880933679640293,0.03274627373553812,15.620181542344984
TLUD5I3rzoc,train,Dataset_Shard_0200000_0299999,5,50,0.715411348938942,0.7245082259178162,0.09695594829071162,0.07325159621424973,0.022436058836756274,17.447228464688784
T_FBIBGomLM,train,Dataset_Shard_0200000_0299999,5,50,0.6738636496663094,0.7356453239917755,0.18237157247423935,0.07770585030317306,0.02576796714682132,17.65662580342799
TcjaEAyS8ts,train,Dataset_Shard_0200000_0299999,5,50,0.6116634571552276,0.5899722278118134,0.11597961991821025,0.09539545087143779,0.03339525572955608,15.707191986536907
TlGCU7dVYvo,train,Dataset_Shard_0200000_0299999,5,50,0.6940561431646347,0.7654882073402405,0.19033307188162854,0.08205531217157841,0.02352775981882587,18.821538387538506
Tn_MfGExzrw,train,Dataset_Shard_0200000_0299999,5,50,0.6591640943288803,0.6624307632446289,0.06410415134470263,0.06397223643958569,0.015037201745435595,18.905965532044167
TqH1zY7HkZE,train,Dataset_Shard_0200000_0299999,5,50,0.43892703592777255,0.3621339201927185,0.19708555452081458,0.20355911001563073,0.09168821534141898,11.407431165367777
TxDFFE1BV8k,train,Dataset_Shard_0200000_0299999,5,50,0.7396713182330131,0.7807143926620483,0.16338017474983613,0.06947042314335704,0.019766035510692746,19.095257073022925
U5_e_c9A3Rc,train,Dataset_Shard_0200000_0299999,5,50,0.7316075885295867,0.7537774443626404,0.08235513063882555,0.06733483996242284,0.024023106778040527,17.02982534891364
U7HzviIwyfs,train,Dataset_Shard_0200000_0299999,5,50,0.20790061250329017,0.18991035223007202,0.09048231909968553,0.2705586962401867,0.1212584912404418,9.484294545239152
UFtV7H3fdIs,train,Dataset_Shard_0200000_0299999,5,50,0.5488603523373604,0.4895854890346527,0.23209298680564525,0.11456269565969705,0.037289889180101454,16.27698612875944
UQfPmUjyJUM,train,Dataset_Shard_0200000_0299999,5,50,0.5906384533643723,0.616176962852478,0.11303453984475388,0.1284300847351551,0.049144313000142575,13.546144143799403
UTkGQGJkQcM,train,Dataset_Shard_0200000_0299999,5,50,0.22817665241658688,0.1476612612605095,0.17364401151903724,0.24436551854014396,0.11119127895683051,10.385212307768095
UVKesI-XW-I,train,Dataset_Shard_0200000_0299999,5,50,0.4532532534003258,0.4929196685552597,0.13738742228784637,0.12214180469512939,0.03846190080046654,14.995997038942333
UhLOi799970,train,Dataset_Shard_0200000_0299999,5,50,0.7746947360038757,0.786556750535965,0.07496611727506039,0.06456742584705352,0.019713612021878362,17.836004954629757
Ursk6DLqdv4,train,Dataset_Shard_0200000_0299999,5,50,0.7643366050720215,0.776491791009903,0.08806630391041947,0.05180187296122313,0.012084423615597188,20.30542543772651
UzHgEVKrIqc,train,Dataset_Shard_0200000_0299999,5,50,0.556958100348711,0.624896377325058,0.23301464245881123,0.13301343511790037,0.054818538976833225,14.201033345532485
WNqNsRzvBvo,train,Dataset_Shard_0200000_0299999,5,50,0.8055355620384216,0.8453280627727509,0.13301758827372248,0.03620370637625456,0.008922054308932274,22.635702036006364
WQGAJwFwH0w,train,Dataset_Shard_0200000_0299999,5,50,0.6336337986588478,0.6587140560150146,0.1473632603978496,0.09630314622074365,0.035339098097756504,15.608148275927519
WRYnLiiVC_o,train,Dataset_Shard_0200000_0299999,5,50,0.5101651506125927,0.5678540766239166,0.23425711806474553,0.11969462685286998,0.04238267929293215,15.723872563587108
WaNC6Haohmo,train,Dataset_Shard_0200000_0299999,5,50,0.7573210257291794,0.8128573298454285,0.18387709193159815,0.07853952653706074,0.019676726376637817,18.5919234711492
WomgOCKLrVc,train,Dataset_Shard_0200000_0299999,5,50,0.7003464579582215,0.6963640451431274,0.08196035561216772,0.07617651361972094,0.025103019382804632,16.660059758431213
Wxgkda9YiHw,train,Dataset_Shard_0200000_0299999,5,50,0.32977388612926006,0.3335784822702408,0.15554503259304248,0.18477289140224457,0.07163496028631926,12.872654832345269
WzV4jMKBeew,train,Dataset_Shard_0200000_0299999,5,50,0.5974929428100586,0.7539354860782623,0.25973695671861724,0.11923158176243305,0.042717724624089896,16.10042601062481
X5tZRyCgJK8,train,Dataset_Shard_0200000_0299999,5,50,0.6083526223897934,0.6184808611869812,0.13749136888106522,0.10614759165793658,0.03279772108886391,15.971035351698244
X7orN2iRgls,train,Dataset_Shard_0200000_0299999,5,50,0.701860455274582,0.7274637818336487,0.1612815151091427,0.06252897918224334,0.017423193657305092,19.158949850948318
XCsmC9bEuDg,train,Dataset_Shard_0200000_0299999,5,50,0.8235765588283539,0.8540100157260895,0.15364482789303197,0.04630712671205402,0.011858498507644982,21.47858531755496
XHK8f0jmGFw,train,Dataset_Shard_0200000_0299999,5,50,0.7618120849132538,0.7883436381816864,0.09660298643239787,0.07685373466461896,0.01711999870836735,18.440522069188283
XK0SUybge_0,train,Dataset_Shard_0200000_0299999,5,50,0.5532631188631058,0.611353874206543,0.20888445182338958,0.12118588719516993,0.04352863684063777,15.441560018958787
XRtazMBnC9Y,train,Dataset_Shard_0200000_0299999,5,50,0.789452565908432,0.7952457964420319,0.08446323930643573,0.06911641117185355,0.025285281408578157,16.90735636166702
XSkVffeCQ8c,train,Dataset_Shard_0200000_0299999,5,50,0.7856409955024719,0.8275555670261383,0.13059118029720246,0.067266858946532,0.022511809684801848,19.146675732672335
Xb5EGVKJPoI,train,Dataset_Shard_0200000_0299999,5,50,0.4988661417365074,0.511640340089798,0.19565171696035014,0.15932012658566236,0.061441799337044356,13.081469453022219
XhaQLBKD6Sc,train,Dataset_Shard_0200000_0299999,5,50,0.3790733188390732,0.3477768152952194,0.14292260679007046,0.1786280679702759,0.06756231140345335,12.136343278157618
Xkv0iBd50dQ,train,Dataset_Shard_0200000_0299999,5,50,0.6035679745674133,0.716289222240448,0.2201213191896668,0.11564297370612621,0.04459152100607753,14.374087974906203
Xr0VL5ak2YA,train,Dataset_Shard_0200000_0299999,5,50,0.7203077983856201,0.7379428148269653,0.06299010881803062,0.07787666521966458,0.023636216055601834,16.551517055806272
Y1rsLA_zWpw,train,Dataset_Shard_0200000_0299999,5,50,0.715747013092041,0.7344190180301666,0.09135788542717617,0.07318784471601247,0.019634937183000148,18.1787325384492
YLFEJ_74Qps,train,Dataset_Shard_0200000_0299999,5,50,0.6163071969151497,0.6240383088588715,0.1959561972584205,0.1144890584424138,0.051044357009232044,14.421300959327601
YTTraNue048,train,Dataset_Shard_0200000_0299999,5,50,0.27665101796388625,0.23879383504390717,0.11667147261763816,0.18812475115060806,0.062418651785701516,12.416688463131436
YUA8cOH4wTA,train,Dataset_Shard_0200000_0299999,5,50,0.6044469130039215,0.6554876267910004,0.15945886336342793,0.09405534271150827,0.03464306098408997,15.586364780798592
Yg5Ssy3qkgQ,train,Dataset_Shard_0200000_0299999,5,50,0.43357205122709275,0.42261457443237305,0.2043651710636801,0.13624330677092075,0.04697488253004849,14.645679707525382
Ykj7lbApeTs,train,Dataset_Shard_0200000_0299999,5,50,0.7546839445829392,0.7432841658592224,0.10841979723559597,0.07295175179839135,0.02395673269871622,17.564746591182953
YweVXE4EVWM,train,Dataset_Shard_0200000_0299999,5,50,0.7346918600797653,0.7616218328475952,0.1344338193660601,0.05949173459783196,0.016271017629187555,19.531601999422698
Z3wah38KgoA,train,Dataset_Shard_0200000_0299999,5,50,0.763256368637085,0.7722677290439606,0.09064910579991232,0.05550649238750339,0.013488432019948959,19.82121248175638
ZBsE2JWimj0,train,Dataset_Shard_0200000_0299999,5,50,0.6097739851474762,0.6822679936885834,0.2009429845054257,0.10728390607982874,0.04241796797607094,15.001705758950441
ZPGB4_jJCyc,train,Dataset_Shard_0200000_0299999,5,50,0.32316808521747586,0.27454888820648193,0.13589863343789174,0.15755265560001136,0.05221517296507955,13.36090093489187
Z_Nk-d3D3VI,train,Dataset_Shard_0200000_0299999,5,50,0.7946991121768952,0.8001278340816498,0.05188496840482272,0.04274398274719715,0.01053593517281115,20.668045167991473
ZbjWbqnnYyE,train,Dataset_Shard_0200000_0299999,5,50,0.7171544694900512,0.7637813687324524,0.1335493396678376,0.07513016615062952,0.022430405439808964,17.599237931966012
Zcn7rbz3Xqc,train,Dataset_Shard_0200000_0299999,5,50,0.7114122477173805,0.7422112226486206,0.1535392854644237,0.07138014912605285,0.0232437963783741,17.825874711217136
aIi6zkwglCM,train,Dataset_Shard_0200000_0299999,5,50,0.6710119174420833,0.7973814904689789,0.2887903904571304,0.10001392196398229,0.035107132861539866,18.99368924091306
aKAbodQ83uk,train,Dataset_Shard_0200000_0299999,5,50,0.7108011257648468,0.758939117193222,0.1354848579766886,0.08742365255951881,0.024532138337381184,17.45295803670721
aUad-7rZkQE,train,Dataset_Shard_0200000_0299999,5,50,0.8269425450265407,0.8698596954345703,0.15843239064070025,0.0429611187800765,0.012829583254642785,21.83482841710621
aq7naPyd_ps,train,Dataset_Shard_0200000_0299999,5,50,0.8520331466197968,0.8832859396934509,0.12262365734164801,0.03478464065119624,0.00954817801946774,21.611969618613497
aykwHkSTKps,train,Dataset_Shard_0200000_0299999,5,50,0.6756132429838181,0.7465399503707886,0.2023629519296093,0.08252514926716685,0.02615244612796232,18.78954284553723
b4wQRPqpcHo,train,Dataset_Shard_0200000_0299999,5,50,0.46653154999017715,0.4208857864141464,0.23116077521678924,0.16829216794110835,0.07371132344298531,12.697772466168047
b7nnK-iWh_s,train,Dataset_Shard_0200000_0299999,5,1,0.7489888072013855,0.7489888072013855,0.0,0.06064843013882637,0.012020375579595566,19.20081962483229
b7nnK-iWh_s,train,Dataset_Shard_0300000_0399999,5,49,0.7792792697342075,0.7996919751167297,0.10043577463598748,0.055196822601921706,0.01582371199275462,19.186923825575974
bDs_lr_2dpg,train,Dataset_Shard_0300000_0399999,5,50,0.8767744642496109,0.901972621679306,0.11888152017168835,0.042237479146569966,0.011973654414759949,22.889129522893146
bGaEvKvZWas,train,Dataset_Shard_0300000_0399999,5,50,0.6068910813331604,0.6567884981632233,0.1949119716283956,0.11079288188368082,0.048746893294155595,14.538608750169
bQ869A6Z27I,train,Dataset_Shard_0300000_0399999,5,50,0.4396687845885754,0.38209810853004456,0.21815839129739062,0.15377652563154698,0.05889567617326975,13.509590289729683
bf8S2Tnk5-c,train,Dataset_Shard_0300000_0399999,5,50,0.7069507467746735,0.7097154259681702,0.06935661334488415,0.08531712394207716,0.01941824210807681,18.321341244244262
bkQ5uGu5qE8,train,Dataset_Shard_0300000_0399999,5,50,0.6485759404301643,0.7620276808738708,0.25864673533680427,0.07655062897130847,0.021321467106463387,18.10495351631073
bnVPLUTCR7U,train,Dataset_Shard_0300000_0399999,5,50,0.5250718227028847,0.5465514659881592,0.2213375699961526,0.1344167944788933,0.04919674820266664,14.123158100677179
btNRAupsVCA,train,Dataset_Shard_0300000_0399999,5,50,0.5902144923806191,0.6178118288516998,0.2270974535640792,0.1103684239834547,0.040003857081755995,15.411391841618286
c2Gd126Ko_w,train,Dataset_Shard_0300000_0399999,5,50,0.3925831687450409,0.3007175922393799,0.23743201991718738,0.1946165918558836,0.08172028272412718,12.200705332171665
c7Al1YuIwUI,train,Dataset_Shard_0300000_0399999,5,50,0.6150284704566001,0.7967092096805573,0.29184553157497994,0.08635703831911087,0.024550114246085285,18.849697525249052
cCQSFjK9mhw,train,Dataset_Shard_0300000_0399999,5,50,0.8817751157283783,0.9090141355991364,0.10721332280291848,0.032919838838279245,0.012194740147097037,23.792598762561976
cF3FypUIZhA,train,Dataset_Shard_0300000_0399999,5,50,0.5531509104371071,0.6304971277713776,0.22365292578827756,0.1237045044451952,0.04845996882766485,14.085757327580668
cFUZYGRYK94,train,Dataset_Shard_0300000_0399999,5,50,0.22136638477444648,0.15925980359315872,0.1987588946733572,0.25112417750060556,0.10974661607760935,10.508589098281432
cPcyix9lBG0,train,Dataset_Shard_0300000_0399999,5,50,0.5238927868008614,0.5386574268341064,0.10668466745673112,0.12004911221563816,0.04443926522508264,14.01151689171048
cQAkgnu0KNE,train,Dataset_Shard_0300000_0399999,5,50,0.7219166180491448,0.7543568313121796,0.17389033411626423,0.0909219279140234,0.026365841841325163,17.194600035300063
cTIbhq8KHSM,train,Dataset_Shard_0300000_0399999,5,50,0.6042192524671555,0.7451375722885132,0.234291787580033,0.11223789088428021,0.038324307054281234,15.84904747875292
ciLvB2zwaOE,train,Dataset_Shard_0300000_0399999,5,50,0.6303341534733772,0.6559396386146545,0.13956266192572064,0.12247203338891267,0.04160836102906615,14.898178444831784
ck3jZjhnQ84,train,Dataset_Shard_0300000_0399999,5,50,0.6941124176979065,0.7822304368019104,0.2065903567007966,0.08630762100219727,0.02536612857831642,19.351651462061223
cqUD7jK9olE,train,Dataset_Shard_0300000_0399999,5,50,0.5415377515554428,0.5954470336437225,0.2227771149441722,0.12092661626636982,0.0464072004891932,14.86286404203466
cxKVZ0NO0V4,train,Dataset_Shard_0300000_0399999,5,50,0.6397144293785095,0.6569174528121948,0.12950706205988582,0.1144460178911686,0.03977105195634067,14.9964309739982
d21L6jFe6C8,train,Dataset_Shard_0300000_0399999,5,50,0.6016456860303879,0.6205300986766815,0.13165090534966642,0.12502229936420917,0.04295080518350005,15.20053791441695
d9IvvjcFxp8,train,Dataset_Shard_0300000_0399999,5,50,0.8733833891153335,0.8830621242523193,0.0719205952025586,0.03930073477327824,0.016110847962554544,19.32113557210635
dadeCjt1zZ8,train,Dataset_Shard_0300000_0399999,5,50,0.5656683227047324,0.5663668513298035,0.13403563288543568,0.10858537018299103,0.04470003517344594,14.729261520639485
dpttD5WWzs0,train,Dataset_Shard_0300000_0399999,5,50,0.6345679268240929,0.6539937257766724,0.12018963084030057,0.11266645640134812,0.037395984251052145,14.958571132024387
dtf0Qt8rCPE,train,Dataset_Shard_0300000_0399999,5,50,0.6222233986854553,0.5975291728973389,0.14943159908610656,0.1065027867630124,0.03535411382094025,15.695935603483214
e63J3OFgS7M,train,Dataset_Shard_0300000_0399999,5,50,0.7307546931505203,0.7124831974506378,0.10570280320252147,0.08854674000293017,0.030025146715343,17.094456069445467
eAyLA25v2ls,train,Dataset_Shard_0300000_0399999,5,50,0.3596604044735432,0.27676497399806976,0.2116559243965011,0.17972287751734256,0.0703694992698729,12.73119163663257
eC9gwP4mNPQ,train,Dataset_Shard_0300000_0399999,5,50,0.4753971230983734,0.4978214502334595,0.1487065456411841,0.15393787235021592,0.057498945789411664,13.509236790259619
ePQhPKVW2vk,train,Dataset_Shard_0300000_0399999,5,50,0.6153001064062118,0.6673549115657806,0.16804919873428892,0.12170350521802903,0.048363167932257055,14.654429245696923
eVYUkO383bM,train,Dataset_Shard_0300000_0399999,5,50,0.5619210770726204,0.5729597806930542,0.16233819934840713,0.13584367699921132,0.050392228662967685,13.955382546454027
eg5ydF06A9U,train,Dataset_Shard_0300000_0399999,5,50,0.7250888061523437,0.7246270775794983,0.07087876300185361,0.07971226554363967,0.034063424211926756,15.23916972151168
euGB9ACrIrg,train,Dataset_Shard_0300000_0399999,5,50,0.6614417114853859,0.7019188106060028,0.1348883646410871,0.08493067346513271,0.02664856678340584,16.817904725806653
f10cdSfKzdc,train,Dataset_Shard_0300000_0399999,5,50,0.5158370420336723,0.5784800350666046,0.197378241659368,0.12304395608603955,0.04135471684858203,14.713224920533161
fGK4CtMVIGk,train,Dataset_Shard_0300000_0399999,5,50,0.7716408908367157,0.8085662126541138,0.11304494131771936,0.06550904214382172,0.02783147751353681,16.70509878060666
fJ0BU_4rY28,train,Dataset_Shard_0300000_0399999,5,50,0.6267426082491875,0.660367488861084,0.18686634926816517,0.10746476657688618,0.03628369418904185,15.518282868071172
fM0ea2tSBNQ,train,Dataset_Shard_0300000_0399999,5,50,0.5389419311285019,0.49969078600406647,0.26213427568939046,0.11274883788079024,0.03840555814560503,16.858557390841796
fVXYoBINHcs,train,Dataset_Shard_0300000_0399999,5,50,0.5321431195735932,0.5267240107059479,0.1371752823751718,0.1432260924577713,0.058327377839013934,13.024789659801424
fcmXnubsug8,train,Dataset_Shard_0300000_0399999,5,50,0.5291520956158638,0.5290303826332092,0.20292999405428974,0.15003237437456846,0.05032881662249565,14.351672198655988
fj1Kji79nQ8,train,Dataset_Shard_0300000_0399999,5,50,0.604478480219841,0.6622411906719208,0.2231570421153646,0.13663754895329475,0.0620310749579221,13.432122160911776
g0YkYrnLS_A,train,Dataset_Shard_0300000_0399999,5,50,0.6127393431216478,0.6567398011684418,0.1823871783837268,0.1167704687640071,0.04672957637347281,15.118074017526764
g6LFKsNbbnw,train,Dataset_Shard_0300000_0399999,5,50,0.5468477731943131,0.6046968400478363,0.16971067592387307,0.1570127150416374,0.06326803062111139,12.278303000281207
gFTV_Kjw3OE,train,Dataset_Shard_0300000_0399999,5,50,0.7450483125448227,0.7701613008975983,0.11721814858453582,0.05931488221511245,0.019979240293614565,18.56184273151951
gKgHFMHDn3g,train,Dataset_Shard_0300000_0399999,5,50,0.4145979407429695,0.37493133544921875,0.14098529827450895,0.16712930530309678,0.058285200856626036,13.050204431236734
gQW3RFC0ofo,train,Dataset_Shard_0300000_0399999,5,50,0.6133383515477181,0.7027342319488525,0.27085088422705633,0.09669751345179975,0.03226513086934574,17.326749809645445
gQmCY2PXvtQ,train,Dataset_Shard_0300000_0399999,5,50,0.686709825694561,0.7162976562976837,0.1570392809257681,0.08916079986840486,0.03242844519671053,16.169127655607348
gRZZVFAq8-s,train,Dataset_Shard_0300000_0399999,5,50,0.6284609299898147,0.6609148681163788,0.17719237112642486,0.08563569601625204,0.027393987085670233,16.771306698233804
gZNb0Jwiu7c,train,Dataset_Shard_0300000_0399999,5,50,0.46642032384872434,0.4815610200166702,0.1566797618383572,0.14798914059996604,0.048186936918646096,13.79106656084466
gcMtz5Gyj2A,train,Dataset_Shard_0300000_0399999,5,50,0.8915843141078948,0.8900361061096191,0.04230473930264256,0.028535402193665505,0.00720085795968771,22.820210013706184
gcsbxVIuYr4,train,Dataset_Shard_0300000_0399999,5,50,0.4218250396847725,0.40421751141548157,0.12133618569851203,0.10545773394405841,0.03198201739229262,15.690467038575939
gdh2-9qm8fE,train,Dataset_Shard_0300000_0399999,5,50,0.6797675102949142,0.6910432577133179,0.10722579932460823,0.09961063742637634,0.04078208568040281,15.006578230032702
gpSJUuKG1rY,train,Dataset_Shard_0300000_0399999,5,50,0.6876859956979752,0.7090061604976654,0.15325694955808644,0.08476917745545506,0.027445018803700805,16.888288374567612
gtUBWqX0ceM,train,Dataset_Shard_0300000_0399999,5,50,0.49522118240594865,0.4433754086494446,0.2168863449513848,0.1454161588475108,0.055165066057816146,13.77322680079057
h6yjx26N9WE,train,Dataset_Shard_0300000_0399999,5,50,0.7167823168635369,0.7365810573101044,0.13652102870943036,0.06386261504143477,0.018812869219109418,19.32577607102072
hT-ia0Oj-VE,train,Dataset_Shard_0300000_0399999,5,50,0.24314818456768988,0.2153894007205963,0.11377036945735544,0.204335098862648,0.07692599400877953,11.76544650450966
haSfscv0K_Q,train,Dataset_Shard_0300000_0399999,5,50,0.5967246240377426,0.6290371417999268,0.13649665735037125,0.12364137917757034,0.04901604812592268,13.795390363599658
hds-48OBLUc,train,Dataset_Shard_0300000_0399999,5,50,0.7833403360843658,0.7899644076824188,0.10382580850231411,0.04588395981118083,0.011260857299203054,21.29178820116484
hgp1tH8T4qA,train,Dataset_Shard_0300000_0399999,5,50,0.7640663440525531,0.8405320346355438,0.23300848510688846,0.06472010057419539,0.024888721997849642,18.658106919115106
hw40llsYXWQ,train,Dataset_Shard_0300000_0399999,5,50,0.6459486129879951,0.6856182217597961,0.18059021306979733,0.10507426179945469,0.04051319348625839,15.134685484078028
hyxtYzAFcv8,train,Dataset_Shard_0300000_0399999,5,50,0.5303634655475616,0.5490365624427795,0.16544860792283478,0.10285668186843396,0.027661403310485184,16.729193154903363
iNEWcQaXeKw,train,Dataset_Shard_0300000_0399999,5,50,0.17962971195578575,0.16820180416107178,0.08045108610371669,0.2413489957153797,0.10378908265382052,10.052124955602405
if7qojtGe5U,train,Dataset_Shard_0300000_0399999,5,50,0.6076250892877578,0.6616765558719635,0.28062991931437087,0.1112292261980474,0.0481969992001541,15.501843445688062
ij9lUf2EqLQ,train,Dataset_Shard_0300000_0399999,5,50,0.7711185014247894,0.86674964427948,0.18525185994823468,0.04840091001242399,0.016984245614148675,19.820341080082084
ijkiYD_qvrI,train,Dataset_Shard_0300000_0399999,5,50,0.5525968541949987,0.6888729333877563,0.256460354913477,0.14302544619888066,0.052553060678765175,15.490976138388524
ir37UNwA0L8,train,Dataset_Shard_0300000_0399999,5,50,0.7235665041208267,0.7450810372829437,0.1365006423485085,0.07752469910308718,0.020398054847028106,18.70280231705533
ivKq1LrQnIw,train,Dataset_Shard_0300000_0399999,5,50,0.5871827083826066,0.607399046421051,0.18852177698982017,0.14147627968341112,0.05994148734491318,13.662260169808372
j9xytCxCRas,train,Dataset_Shard_0300000_0399999,5,50,0.691482761502266,0.7729302048683167,0.16011559290908242,0.07010445445775985,0.021911345794796942,18.076795838275604
jOYC6mxNnOU,train,Dataset_Shard_0300000_0399999,5,50,0.6066767299175262,0.659689724445343,0.2388901109948564,0.10388234861195088,0.03404801990371197,16.11167836384885
jTsp_AmBAo0,train,Dataset_Shard_0300000_0399999,5,50,0.6203320439159871,0.6710085868835449,0.23454243899769806,0.10698250170797109,0.03953890818869695,17.55931543891812
jYXIs1jlomo,train,Dataset_Shard_0300000_0399999,5,50,0.8144586515426636,0.8368508219718933,0.06900907282573882,0.054203742276877166,0.02303527368698269,17.49448068176469
jaAfalvJdzs,train,Dataset_Shard_0300000_0399999,5,50,0.6249032812565565,0.8024512231349945,0.2976426853747823,0.11794326439499855,0.058663269956596195,19.058710441160855
jlS3u6WQJ0k,train,Dataset_Shard_0300000_0399999,5,50,0.5136455166339874,0.46236032247543335,0.1682806707994857,0.13299261324107647,0.044776588836684825,14.627323647205522
joZScleEqcM,train,Dataset_Shard_0300000_0399999,5,50,0.6538716152310371,0.8040922284126282,0.29053880671844,0.09633203508332372,0.04005477007478476,17.45668638083391
jsECb6fwYeM,train,Dataset_Shard_0300000_0399999,5,50,0.6183013615012168,0.6306390166282654,0.17789413185754688,0.1105739588662982,0.03546413252130151,15.777630310552295
kOD48vrvC9c,train,Dataset_Shard_0300000_0399999,5,50,0.5591157120466232,0.5734800696372986,0.17778723378513997,0.13341314624994993,0.05185761329717934,14.060399874345801
kTz4ixn3FNQ,train,Dataset_Shard_0300000_0399999,5,50,0.4521201863884926,0.373315691947937,0.17794155844524004,0.15185785170644522,0.053066170364618304,13.750862441750737
kkSQWC1v0Zs,train,Dataset_Shard_0300000_0399999,5,50,0.5844626533985138,0.6090429723262787,0.1429110554498723,0.12018991857767106,0.04645304314792156,14.49743598048641
kmoiuVMBrJg,train,Dataset_Shard_0300000_0399999,5,50,0.5592861020565033,0.5529555976390839,0.15929545790633184,0.1138067345879972,0.04126869142521173,14.993116830092438
kwXkEFlx1Q4,train,Dataset_Shard_0300000_0399999,5,50,0.2900159701704979,0.23015999048948288,0.17693490101845294,0.22629154223948716,0.09400520643219351,11.214491207456158
kx4_1AOBE18,train,Dataset_Shard_0300000_0399999,5,50,0.8224595749378204,0.8622311055660248,0.1385464177477175,0.041413996387273076,0.011626639851601794,22.946195211783948
lEgp6oBfREo,train,Dataset_Shard_0300000_0399999,5,50,0.6635728850960732,0.6985338628292084,0.14957600436102161,0.09235889662057162,0.03132240095175803,16.126889056520973
lMNq15l1QT0,train,Dataset_Shard_0300000_0399999,5,50,0.5650768472254276,0.5784995257854462,0.16008117384812998,0.1196897254511714,0.04520392048638314,14.594458442749573
lOe0gTapJ1k,train,Dataset_Shard_0300000_0399999,5,50,0.6285280853509903,0.616275280714035,0.12428122334300337,0.08086721319705248,0.021065764455124737,17.646166688845966
lRBRTysHyrA,train,Dataset_Shard_0300000_0399999,5,50,0.4768182456493378,0.48550668358802795,0.21707136683035005,0.16106232542544605,0.06194586881436408,13.56076483701039
lpi9Yuj2Lk_,train,Dataset_Shard_0300000_0399999,5,50,0.5073240557312966,0.5193520188331604,0.1236607332745063,0.13083573408424853,0.03998900195583701,14.691691150318077
ltNtwExtVa4,train,Dataset_Shard_0300000_0399999,5,50,0.5352765268087387,0.5637722015380859,0.215118923240527,0.183927720785141,0.09443263506516814,11.74081189260402
m6Nb2qOf30Y,train,Dataset_Shard_0300000_0399999,5,50,0.48711043924093245,0.47959399223327637,0.1719982198311427,0.11664897717535495,0.03466020113322884,15.58939293762845
m8cxfdV2LB4,train,Dataset_Shard_0300000_0399999,5,50,0.6178006142377853,0.6478852033615112,0.14165383338041151,0.11134193748235703,0.038822969794273375,14.79962090969325
mFrrmh9euA4,train,Dataset_Shard_0300000_0399999,5,50,0.58920474588871,0.5919442474842072,0.11387058308573808,0.138866026699543,0.04888531088829041,13.518791659764108
n-F9z5TA1vE,train,Dataset_Shard_0300000_0399999,5,50,0.5857237680256366,0.5954902172088623,0.12430758551596635,0.10385263279080391,0.03469116445630789,15.385139661392527
n0gRomV5Gnk,train,Dataset_Shard_0300000_0399999,5,50,0.7295390510559082,0.7760832905769348,0.15181879156237835,0.07864033168181778,0.02951270332094282,17.193144288869718
n1jA2GVDa-o,train,Dataset_Shard_0300000_0399999,5,50,0.7789098745584488,0.833818256855011,0.15621717298515608,0.05995821183547378,0.022371210870333016,18.576370573020107
n7YqEWvxyrA,train,Dataset_Shard_0300000_0399999,5,50,0.29777998130768535,0.22915513068437576,0.20124618819097115,0.21552417487371714,0.08997162109377314,11.854210731742933
nNJK2P8gqPA,train,Dataset_Shard_0300000_0399999,5,50,0.7936572363972664,0.8297845721244812,0.13563435386220868,0.04911802139133215,0.014133532103151082,20.174407732717622
nNo4Kzvf548,train,Dataset_Shard_0300000_0399999,5,50,0.7360936313867569,0.8345978856086731,0.24512842001715932,0.08425506981089712,0.03943835848709568,17.33532823871944
ncZh6hd-xIk,train,Dataset_Shard_0400000_0499999,5,50,0.5658756071329116,0.6743841469287872,0.24283140923808644,0.08931666292250157,0.024781117527745665,17.502817082948994
ng40P4mMO3s,train,Dataset_Shard_0400000_0499999,5,50,0.4167582055181265,0.44897234439849854,0.24712019979137054,0.1832888528704643,0.07560363840311765,12.42855234619993
nhbz8VTchUE,train,Dataset_Shard_0400000_0499999,5,50,0.6013551115989685,0.5810926556587219,0.1802447063256089,0.10360352864488959,0.03693512615282089,16.04264847820118
nvGSZykPC-E,train,Dataset_Shard_0400000_0499999,5,50,0.7741939949989319,0.8608146607875824,0.1928435038447541,0.06926006689667702,0.029683460197411478,19.347936743055904
o4fPTM4nXHA,train,Dataset_Shard_0400000_0499999,5,50,0.7761218595504761,0.7818190157413483,0.06276866373744963,0.05344237335026264,0.014530063336715103,19.07538024009904
oLt2YHQmxyo,train,Dataset_Shard_0400000_0499999,5,50,0.5626305863261223,0.5834617912769318,0.18894127700593363,0.10446092579513788,0.031970412861555816,16.837623754973805
oN1DmJvfFYU,train,Dataset_Shard_0400000_0499999,5,50,0.6127735814452171,0.6453774273395538,0.15198820885060882,0.10608068134635687,0.03217369925230742,15.97091382524593
oOmQQ_LW06o,train,Dataset_Shard_0400000_0499999,5,50,0.6231482955813408,0.6529016196727753,0.16344996455099797,0.08828525453805923,0.024850190710276367,16.806875996145088
oXwNFZng37M,train,Dataset_Shard_0400000_0499999,5,50,0.741569635272026,0.7854912877082825,0.15481347225824524,0.0653399308770895,0.019895969592034816,18.221312585033193
oYJk9jqnp5E,train,Dataset_Shard_0400000_0499999,5,50,0.5260178613662719,0.514963686466217,0.16952655603567765,0.11704346004873514,0.043354890625923875,15.281176610193102
odXf_O2kwg8,train,Dataset_Shard_0400000_0499999,5,50,0.2668529190868139,0.21320772171020508,0.1656668677772661,0.311742888931185,0.17844839539611712,8.645849209439437
oeJE10KLFIk,train,Dataset_Shard_0400000_0499999,5,50,0.6469114458560944,0.6667352914810181,0.11847345324656539,0.08874680917710066,0.02990439855493605,16.584060776072295
og-5KsPqZrA,train,Dataset_Shard_0400000_0499999,5,50,0.30651346877217295,0.18732984364032745,0.22820682907457734,0.18477320875972508,0.06995021306443959,12.826135694838053
oli_KZ4buY_,train,Dataset_Shard_0400000_0499999,5,50,0.854250620007515,0.8750430345535278,0.1010364687649371,0.0439489041082561,0.020946220732294022,18.938336308519407
ooRkX9iO-V8,train,Dataset_Shard_0400000_0499999,5,50,0.7294907534122467,0.7385169863700867,0.1084614405043668,0.07929644409567117,0.0232164922170341,17.581517784508023
pGv2v2SSQY0,train,Dataset_Shard_0400000_0499999,5,50,0.8217270362377167,0.7968404591083527,0.10452187576281151,0.04578162711113691,0.011422239864477888,21.67710189547138
pLCE_Kc3_rs,train,Dataset_Shard_0400000_0499999,5,50,0.3999706944823265,0.29151929914951324,0.23530303267541328,0.13086317524313926,0.04087782490998507,15.065553647297316
paTT6mFga2A,train,Dataset_Shard_0400000_0499999,5,50,0.5980777633190155,0.6648466885089874,0.1819719335468652,0.12629280973225832,0.052437082170508804,14.451592435527754
ph67f1KcoCc,train,Dataset_Shard_0400000_0499999,5,50,0.698612414598465,0.7994540333747864,0.22860443950291448,0.08728766711428762,0.02630178924766369,18.922368402943114
phc99Ienk8Q,train,Dataset_Shard_0400000_0499999,5,50,0.8034426662325859,0.8496934175491333,0.1689007875634915,0.05718531699851155,0.015969888917170466,21.100429362016886
py87QzHSZHg,train,Dataset_Shard_0400000_0499999,5,50,0.4975678199529648,0.3671955317258835,0.19985853215146865,0.13999609872698784,0.04751614820212126,14.385186375666999
q4vz6MTv3g8,train,Dataset_Shard_0400000_0499999,5,50,0.7602552083879709,0.871047854423523,0.27090630552389455,0.06729802956804633,0.02652212469605729,20.43247945820874
qBFGirFLB38,train,Dataset_Shard_0400000_0499999,5,50,0.5047293287515641,0.5032203197479248,0.08454040604064189,0.1288535936921835,0.05174360416829586,13.22581851319082
qJHtaMqYzd8,train,Dataset_Shard_0400000_0499999,5,50,0.7769525071978569,0.7942072153091431,0.11903846409486009,0.0619504489377141,0.020648205168545247,18.025663438687126
qUEhPbkqz0w,train,Dataset_Shard_0400000_0499999,5,50,0.5203838515281677,0.5489343106746674,0.1882989918445748,0.16644473284482955,0.06026937119662762,12.875496042955849
qkQttwJ0DEY,train,Dataset_Shard_0400000_0499999,5,50,0.7445622181892395,0.7388544380664825,0.05036665797936428,0.05877554249018431,0.016822831160388886,18.13507754709223
qnLfS6_QOQc,train,Dataset_Shard_0400000_0499999,5,50,0.7872031503915786,0.8149948716163635,0.13196137739882874,0.07323179872706533,0.030815265593118965,16.739719062542353
qs-2SwlcufA,train,Dataset_Shard_0400000_0499999,5,50,0.5745184758305549,0.5824231803417206,0.16055309332585732,0.1293215388804674,0.050986294280737636,14.352413153524763
qxwqNmXb_pM,train,Dataset_Shard_0400000_0499999,5,50,0.8475200116634369,0.8724033236503601,0.10091496056205658,0.045559191312640905,0.010976672212127597,21.6791475958237
rJL6f0C3zVk,train,Dataset_Shard_0400000_0499999,5,50,0.2620025624334812,0.18598121404647827,0.17870472480092298,0.1946375785022974,0.07513505287468433,12.046228027675381
rLlr1JgTkDk,train,Dataset_Shard_0400000_0499999,5,50,0.7864591485261917,0.8013488948345184,0.07937849493580063,0.06274831920862198,0.02149931696243584,17.471921965406615
rYzVEZZO83c,train,Dataset_Shard_0400000_0499999,5,50,0.43758301466703414,0.36800040304660797,0.2165548011532498,0.11289926663041115,0.03292751688859426,16.226632520226485
rx9tSu1wTeY,train,Dataset_Shard_0400000_0499999,5,50,0.7704594480991364,0.8550697565078735,0.18143246888056086,0.056555325984954836,0.015420319293625653,21.835544085270655
sAhIK9HKTqs,train,Dataset_Shard_0400000_0499999,5,50,0.8120247131586075,0.8717970848083496,0.19982891489555912,0.04155915267765522,0.009945644710678608,22.24003999191091
sBLH1z63TGw,train,Dataset_Shard_0400000_0499999,5,50,0.7242728459835053,0.7388393878936768,0.16221431821244234,0.07657312588766217,0.019234496597200633,19.75298389767762
sMUdNbpJLWw,train,Dataset_Shard_0400000_0499999,5,50,0.6435419775545597,0.7406303882598877,0.22364509135992275,0.10265455333516002,0.042895755041390655,16.433888139966953
sTE1jXTBt6s,train,Dataset_Shard_0400000_0499999,5,50,0.5695810511708259,0.5994779169559479,0.16342401894536407,0.09709918297827244,0.028745994688943028,16.443403205631643
snGQA5LPehE,train,Dataset_Shard_0400000_0499999,5,50,0.7159523347020149,0.7843993902206421,0.17011646177685555,0.07246711615473032,0.022504132282920183,18.39756623684001
soqNFAIhsEA,train,Dataset_Shard_0400000_0499999,5,50,0.27422311022877693,0.16816774755716324,0.21421064307901014,0.21824353337287902,0.0934805746935308,10.995472881453688
tKpQA-YM5qw,train,Dataset_Shard_0400000_0499999,5,50,0.5496184310317039,0.6155445873737335,0.22385955183879883,0.1251532705128193,0.050736569482833144,14.327114724693567
tMUc1b6NHsk,train,Dataset_Shard_0400000_0499999,5,50,0.48241210348904134,0.5278288424015045,0.2356330596869304,0.15023394323885442,0.05779518843628466,13.484367556639015
tTHpaGSDRCA,train,Dataset_Shard_0400000_0499999,5,50,0.7272128707170487,0.7739665508270264,0.12828160039164482,0.06590979505330324,0.01568292489275336,20.024949996861036
tVK6t2vfa6g,train,Dataset_Shard_0400000_0499999,5,50,0.7894941914081574,0.8394589424133301,0.1502767785806906,0.05310699872672558,0.015718523373361677,21.119978797731424
t_qmGs9IgK4,train,Dataset_Shard_0400000_0499999,5,50,0.2834039208292961,0.1954970508813858,0.15810620121900212,0.2216867707669735,0.08664409199729561,11.474645122447717
trD-QUe4ZNU,train,Dataset_Shard_0400000_0499999,5,50,0.7150099658966065,0.8161395490169525,0.19236908859136256,0.056014654040336606,0.015603904761373997,19.341369992577896
twyPRvVFhZM,train,Dataset_Shard_0400000_0499999,5,50,0.5324599286913871,0.5648733228445053,0.2586685041440683,0.12754265874624252,0.04619230434298515,14.918789588591599
uJLCrvIrjqA,train,Dataset_Shard_0400000_0499999,5,50,0.6890066951513291,0.7611739635467529,0.20440496587895582,0.09134724084287882,0.029941042147111147,18.382590371027568
uNQDRZz4TUU,train,Dataset_Shard_0400000_0499999,5,50,0.46054257318377495,0.5104698836803436,0.24230569652932535,0.14063219420611858,0.04673620069865137,14.540307704476295
udsPZ1WnDLY,train,Dataset_Shard_0400000_0499999,5,50,0.8093509995937347,0.8332250118255615,0.10436423020766951,0.04015301119536161,0.009412144820671528,21.14774857179901
ui7IAukQXtI,train,Dataset_Shard_0400000_0499999,5,50,0.6836148637533188,0.7011695206165314,0.13236565120761018,0.08286705706268549,0.02725564964581281,17.24248468682466
ujOANeD1dtA,train,Dataset_Shard_0400000_0499999,5,50,0.20152729570865632,0.16627981513738632,0.10717093541204822,0.1561588356643915,0.050810704119503496,13.358992226137728
ukBG8k6dca4,train,Dataset_Shard_0400000_0499999,5,50,0.15690428391098976,0.13130126893520355,0.06263665208812401,0.198089297413826,0.06933788519352674,11.937491718882917
ukn-1au2zeM,train,Dataset_Shard_0400000_0499999,5,50,0.3905499751865864,0.31915681064128876,0.18394912822619894,0.19092663753777742,0.08048607103526592,12.715226875345717
uu2DI2YM5VY,train,Dataset_Shard_0400000_0499999,5,50,0.3164632478356361,0.22520878911018372,0.2238430611984805,0.20092478666454552,0.08336867784149944,12.163992774883841
uwuY48k-xus,train,Dataset_Shard_0400000_0499999,5,50,0.5268902400135994,0.5077405869960785,0.26131576019555225,0.10509096134454012,0.03278538729529828,16.48064458327289
uyHdKE2S3m8,train,Dataset_Shard_0400000_0499999,5,50,0.6498825547099113,0.6591688692569733,0.12521657956680088,0.09446461152285338,0.028209410512354226,16.373099418757683
vCp0mrZdlmU,train,Dataset_Shard_0400000_0499999,5,50,0.6138205167651176,0.6648554801940918,0.17936506541895594,0.11358589768409728,0.03315413475967944,15.692787207560544
vNuWxJankEQ,train,Dataset_Shard_0400000_0499999,5,50,0.739334234893322,0.8102547228336334,0.19365734313722302,0.06854126043617725,0.019600142899435014,19.53302568978991
vrgv_E5pDII,train,Dataset_Shard_0400000_0499999,5,50,0.5470111435651779,0.6392772495746613,0.19804840127532589,0.11682175945490599,0.04663061186671257,14.689983926114694
vwz7M5xbztM,train,Dataset_Shard_0400000_0499999,5,50,0.4611897344887257,0.43387073278427124,0.2021884092292482,0.2168917715549469,0.09352871182374656,11.94412101513237
w40fRDQNQo4,train,Dataset_Shard_0400000_0499999,5,50,0.6319922004640103,0.7630992531776428,0.23705893491121063,0.09224184865131974,0.025019183296244592,18.375904089366255
wNvrCt-FlUo,train,Dataset_Shard_0400000_0499999,5,50,0.3575853809714317,0.31732794642448425,0.14615743603414555,0.15814546778798103,0.060276715978980065,12.559550431567532
wXHNYyQIIA_,train,Dataset_Shard_0400000_0499999,5,50,0.8437203323841095,0.9269275367259979,0.2322655006441065,0.05109811082482338,0.019256753670051693,23.291728607648093
wXQHg2GbOv4,train,Dataset_Shard_0400000_0499999,5,50,0.8803061199188232,0.8887466192245483,0.07639041128241338,0.03752589965239167,0.00979290061048232,22.91130611259158
wZIPPpbh3_c,train,Dataset_Shard_0400000_0499999,5,50,0.6983933860063553,0.7191447615623474,0.11473619952636797,0.07220614071935415,0.027218660935759545,16.239095706382017
wi-keYwDk1s,train,Dataset_Shard_0400000_0499999,5,50,0.7317814928293228,0.8226131796836853,0.1931438064616066,0.059242313411086794,0.019610502175055444,20.094835834639763
wt0RIrkrfY_,train,Dataset_Shard_0400000_0499999,5,50,0.4766337051987648,0.3327466547489166,0.22153570338213496,0.16305420998483897,0.07575217898003757,12.489759665780369
xHaiHZ9xq9s,train,Dataset_Shard_0400000_0499999,5,50,0.6859155660867691,0.7510493397712708,0.22878700226022292,0.0863386956602335,0.036363028094638136,16.69874909959865
xKtXanP9FYk,train,Dataset_Shard_0400000_0499999,5,50,0.7762426811456681,0.7907142639160156,0.14555113968021097,0.06262581575661898,0.021288404557853937,19.014053912608816
xLp8iOxXFxo,train,Dataset_Shard_0400000_0499999,5,50,0.5709683611989022,0.6348724365234375,0.2043832743315856,0.10916501086205244,0.03571886863559484,15.820646026161537
xVaf2MFNbnY,train,Dataset_Shard_0400000_0499999,5,50,0.7107082802057266,0.7274933457374573,0.09771735389493594,0.068965352922678,0.02391481153201312,17.19995876235424
xjdsZdUofoU,train,Dataset_Shard_0400000_0499999,5,50,0.5485620820522308,0.5568524897098541,0.13119494359443293,0.12796289347112177,0.05833502184599638,13.34726122631559
yQGj3B57_Iw,train,Dataset_Shard_0400000_0499999,5,50,0.72887226998806,0.7592065036296844,0.10895309783705029,0.07714610800147056,0.021681198161095382,17.58544655618441
yR15HSy2iYM,train,Dataset_Shard_0400000_0499999,5,50,0.7340607666969299,0.7360339760780334,0.09402898726276833,0.060592598468065265,0.016111302631907166,18.638609020095224
ybDcIfdcUVU,train,Dataset_Shard_0400000_0499999,5,50,0.6014211243391037,0.8030112385749817,0.34157685542585936,0.10795680927112698,0.038999808724038305,17.792892245230103
ytmhoYpa1ws,train,Dataset_Shard_0400000_0499999,5,50,0.5602274659276009,0.48334816098213196,0.23552471724476395,0.1314094568230212,0.055768822408281266,14.937510316972357
z06sgpMVS10,train,Dataset_Shard_0400000_0499999,5,50,0.90476398229599,0.925304114818573,0.0636400248697641,0.022207130528986454,0.003965072751743719,25.932973251478405
z3mVtH-Jqw4,train,Dataset_Shard_0400000_0499999,5,50,0.6642183402180671,0.7652696371078491,0.23224176910559458,0.09317926807329059,0.030652484614402054,17.51042823818596
z4KIYSXA8OY,train,Dataset_Shard_0400000_0499999,5,50,0.714029381275177,0.7457155883312225,0.13058902010516796,0.09652869209647179,0.031837874939665195,15.819377572975203
z4eQhv4jhsU,train,Dataset_Shard_0400000_0499999,5,50,0.4447855707257986,0.4098987877368927,0.23163595134560938,0.1527306043356657,0.05948975400999188,13.598700338612293
zAmGTHQ8LUI,train,Dataset_Shard_0400000_0499999,5,50,0.697382681965828,0.7036066651344299,0.11381357866229189,0.08867159470915795,0.033175193099305035,15.955193878665618
zHW35Y8ghrY,train,Dataset_Shard_0400000_0499999,5,50,0.7358401679992675,0.758463978767395,0.10088569259985919,0.06232601784169674,0.016073043877258896,18.71506260387002
zUXPNRKCJqk,train,Dataset_Shard_0400000_0499999,5,50,0.7463715264201164,0.7751998007297516,0.1434552656845225,0.0665184347704053,0.020246937265619637,18.757341359230068
zXVq4sDkwEQ,train,Dataset_Shard_0400000_0499999,5,50,0.7673142337799073,0.8444875776767731,0.1926966829170878,0.05477058193646371,0.016146988676046022,20.612307186127694
za-_NYW8Mjo,train,Dataset_Shard_0400000_0499999,5,50,0.4884639571607113,0.47719989717006683,0.17986992142764197,0.1425353532657027,0.05831120723858476,13.631966855179755
zbn9xbXTC00,train,Dataset_Shard_0400000_0499999,5,50,0.7294535195827484,0.750049889087677,0.08236631897388327,0.06309543196111918,0.015530520086176693,18.839500909756087
zjbMfssb9tU,train,Dataset_Shard_0400000_0499999,5,50,0.6076941961050033,0.6578668653964996,0.19139757797965148,0.08952511731535197,0.03096014109440148,16.58997440678352
zo9h0PqVn-U,train,Dataset_Shard_0400000_0499999,5,50,0.46958563596010205,0.4826430529356003,0.16648970559937082,0.1545501846820116,0.056930959410965445,13.140839896887982
zsbl6oa5pGQ,train,Dataset_Shard_0400000_0499999,5,19,0.16997796865670303,0.12974558770656586,0.09313998757170187,0.24949045008734652,0.10690111137534443,9.993903906433852
zsbl6oa5pGQ,train,Dataset_Shard_0500000_0599999,5,31,0.2515084820408975,0.2194346934556961,0.15416241610842485,0.20303133538653773,0.08644207464831491,11.566049027254055
0xr9UkXgp2E,val,Dataset_Shard_0000000_0099999,5,50,0.4394631715118885,0.38175076246261597,0.23065341968005185,0.18980196945369243,0.08294156707823276,12.236992029364021
24jIoFvJ_7o,val,Dataset_Shard_0000000_0099999,5,50,0.5054665467143059,0.4901605099439621,0.16046436846490467,0.14016310684382915,0.04349938429892063,14.053002648182867
2RUNdnb2B1w,val,Dataset_Shard_0000000_0099999,5,50,0.659824555516243,0.6695794761180878,0.11539764417863065,0.0940138740837574,0.029405464073643087,16.614755852843917
3HZMLSYtFEM,val,Dataset_Shard_0000000_0099999,5,50,0.5097411122918128,0.5392023921012878,0.24008325464916466,0.17100813165307044,0.06788493395783007,13.887243911271284
3PHrXAE7new,val,Dataset_Shard_0000000_0099999,5,50,0.6931439512968063,0.7721923589706421,0.1838926880749885,0.08673698011785745,0.027987357964739203,16.8566011531379
4Djb4L_VGIU,val,Dataset_Shard_0000000_0099999,5,50,0.5746685194969178,0.5730570554733276,0.126875101601086,0.13075782261788846,0.04311020107939839,14.124002042113025
4F1jCw1yzKA,val,Dataset_Shard_0000000_0099999,5,50,0.5064550772309303,0.5665247738361359,0.19660684685654248,0.1471927238255739,0.06050445867702365,13.41875635178325
7HV-wL3jJ5U,val,Dataset_Shard_0000000_0099999,5,50,0.8561895650625229,0.8687961399555206,0.09619245810709946,0.03179595746099949,0.008693397437455133,22.86464070816484
Al4Q6ORp6CQ,val,Dataset_Shard_0000000_0099999,5,50,0.5608877338469028,0.6780841648578644,0.24296655474153758,0.12501725517213344,0.0525490234605968,15.238500833086755
CF81s4pzmew,val,Dataset_Shard_0100000_0199999,5,47,0.4438575997631601,0.38679417967796326,0.15316743296043603,0.15478452382252572,0.05462649905499309,13.509477180815775
CIkvuF5f6ak,val,Dataset_Shard_0100000_0199999,5,50,0.6085719507932663,0.6765092611312866,0.22280086082881773,0.1307694048061967,0.04795444406569004,14.695146175542941
DzJPrFInDgI,val,Dataset_Shard_0100000_0199999,5,50,0.7912024354934692,0.8091988265514374,0.0675896864143017,0.051380163729190825,0.014619210166856647,19.14019846042601
FHQdsG4y6sA,val,Dataset_Shard_0100000_0199999,5,50,0.367089104950428,0.2906101495027542,0.1858155160187666,0.17815660063177347,0.06411347855813801,12.910706917171288
G8vA3NnBdms,val,Dataset_Shard_0100000_0199999,5,50,0.6255282580852508,0.6577178239822388,0.10763590988215692,0.10416696064174175,0.033507659304887055,15.532305894343153
HvxUw40lGmU,val,Dataset_Shard_0100000_0199999,5,50,0.6645961672067642,0.6712899804115295,0.08786952134912014,0.10844558358192444,0.040830161329358815,14.346799079418558
JGxn16KUavc,val,Dataset_Shard_0100000_0199999,5,50,0.5136713425815106,0.4948711097240448,0.20790511821443097,0.1588260604441166,0.06770373793784529,13.74774501688153
L_MDy-YN-qU,val,Dataset_Shard_0100000_0199999,5,50,0.709538831114769,0.7399905920028687,0.11501442189810965,0.08654454287141561,0.02846926210448146,16.822202179516477
MWvT1QbVPW4,val,Dataset_Shard_0100000_0199999,5,50,0.5497449880838394,0.5367385745048523,0.14264409241211395,0.13056120473891497,0.05375160792144015,13.691731905085085
NMv_tUPIx3M,val,Dataset_Shard_0100000_0199999,5,50,0.757991099357605,0.7596443593502045,0.09166794941738432,0.07670094270259142,0.023339842949062585,17.41781235237926
NTTKigtDFOM,val,Dataset_Shard_0100000_0199999,5,3,0.7464537620544434,0.7145411372184753,0.13191529735183335,0.06602824913958709,0.02146430251499017,18.228773720168775
NTTKigtDFOM,val,Dataset_Shard_0200000_0299999,5,47,0.7167705208697217,0.7061255574226379,0.10026297132325039,0.07784357983024513,0.031029102079783308,16.269220149455773
NxPc-RxaurE,val,Dataset_Shard_0200000_0299999,5,50,0.5844802209734916,0.5862559378147125,0.1815088781699482,0.11458556409925222,0.042521550306119024,15.410317658288436
OK0NO9Pofgk,val,Dataset_Shard_0200000_0299999,5,50,0.706955600976944,0.7405842542648315,0.15018052637570184,0.09031219307333231,0.033526545194908976,16.49315008381093
Oxh1el_9L68,val,Dataset_Shard_0200000_0299999,5,50,0.36243948817253113,0.37095998227596283,0.10379385027533655,0.1984865342080593,0.07716115901246667,12.329190342765164
PON6UARN2Ho,val,Dataset_Shard_0200000_0299999,5,50,0.607146931886673,0.6281365156173706,0.13086693098431262,0.07954937599599361,0.017457958445884287,18.59504998170982
PQO_bd79mec,val,Dataset_Shard_0200000_0299999,5,50,0.24096454411745072,0.21142853051424026,0.08943939551473314,0.21886504754424096,0.0806262095272541,11.297792897384822
TMhssQ2rLOc,val,Dataset_Shard_0200000_0299999,5,50,0.4944353348016739,0.48626725375652313,0.10088301275411697,0.13204094856977464,0.053739764615893366,13.192277160619685
YBdiEmhvUL4,val,Dataset_Shard_0200000_0299999,5,50,0.4737903356552124,0.3847542256116867,0.27780717629064106,0.12780212707817554,0.04329209368908778,15.571817418944487
YNJTgfO5Mvs,val,Dataset_Shard_0200000_0299999,5,50,0.4968278796970844,0.5810447335243225,0.2256998359751582,0.12647109054028988,0.048211946133524176,14.311812019391944
YufGRlASfNw,val,Dataset_Shard_0200000_0299999,5,50,0.33204371511936187,0.29661740362644196,0.11001926320966823,0.13449089407920836,0.0392319767922163,14.566530440744124
aRF_slIwqM4,val,Dataset_Shard_0200000_0299999,5,50,0.5818277103826404,0.7059100568294525,0.2692549965268052,0.1369327124208212,0.06011643617239315,15.06498413365938
bF1ORN7QtkE,val,Dataset_Shard_0300000_0399999,5,50,0.8152368474006653,0.8484389781951904,0.17030771690675586,0.054456027783453466,0.018054493353702128,19.667346828021312
e0x_uAwuUVE,val,Dataset_Shard_0300000_0399999,5,50,0.4671199321746826,0.37075741589069366,0.19630690619438768,0.15256912238895892,0.05309445665217936,14.181917051183694
e6FMbxEpdus,val,Dataset_Shard_0300000_0399999,5,50,0.6638304018974304,0.701130211353302,0.19295122306283133,0.09904410054441541,0.03161732515676704,17.820529820684833
eFquyliJz0U,val,Dataset_Shard_0300000_0399999,5,50,0.3173680779337883,0.2926250249147415,0.11939311687123358,0.13795631632208824,0.04280537387356162,14.346668382197063
erLQ1Ojy-TQ,val,Dataset_Shard_0300000_0399999,5,50,0.4104708680510521,0.3615126460790634,0.1822971380223194,0.1645693737268448,0.05898280676454306,12.915362443804264
fOLyRAD-0Zw,val,Dataset_Shard_0300000_0399999,5,50,0.6838441735506058,0.7292982935905457,0.18201603823885737,0.09061610497534275,0.02940417730482295,16.413379588645288
hWgU6TyNnkw,val,Dataset_Shard_0300000_0399999,5,50,0.7627647459506989,0.7806701958179474,0.07016227090000346,0.05936929680407047,0.013790642120875418,19.663584502364333
i4AW7iRDqsU,val,Dataset_Shard_0300000_0399999,5,50,0.8368702042102814,0.8631663918495178,0.12948312669585862,0.048244551457464695,0.01631024108501151,20.22756816617873
jzgW4PGt3XE,val,Dataset_Shard_0300000_0399999,5,50,0.6971835350990295,0.7216963469982147,0.20654880579453147,0.09405375923961401,0.03730791946174577,17.66383262102265
kxunkO4v048,val,Dataset_Shard_0300000_0399999,5,50,0.768463842868805,0.8422477543354034,0.18520100546809934,0.0824547151569277,0.031169295008585323,19.715493577204025
l7F1MHpB1u0,val,Dataset_Shard_0300000_0399999,5,50,0.5614702504873276,0.6219021677970886,0.2790197015873573,0.09984002320095897,0.030809929626993835,18.150424504949605
lxHmqyU2TSc,val,Dataset_Shard_0300000_0399999,5,50,0.47093596518039704,0.470332533121109,0.16547386239477144,0.13708775587379932,0.04716304467990994,14.063151868779494
oKwo2V65yJE,val,Dataset_Shard_0400000_0499999,5,50,0.6123581045866012,0.6326155066490173,0.12017800648851398,0.08560647130012512,0.028096449244767428,16.394035562623323
p8-hHmHaQkQ,val,Dataset_Shard_0400000_0499999,5,50,0.7081616652011872,0.6855133771896362,0.08151664223707568,0.07042029350996018,0.015093223578296601,18.803264042523384
q-XdFFWSAeQ,val,Dataset_Shard_0400000_0499999,5,50,0.4111575161665678,0.46938174962997437,0.2041280098572984,0.1510699450969696,0.05152677832171321,13.709527526450518
tIZcUgrcWWc,val,Dataset_Shard_0400000_0499999,5,50,0.6588572865724563,0.7138514816761017,0.17799864467227106,0.09024595614522696,0.0277754582837224,16.828226211344845
tUAYRMtMyb0,val,Dataset_Shard_0400000_0499999,5,50,0.7640104126930237,0.7894508242607117,0.1292943228773223,0.08829972945153713,0.023932611665222793,18.30118601516093
wXJY7EQy4Ns,val,Dataset_Shard_0400000_0499999,5,50,0.7313906264305114,0.7972959578037262,0.2010991644324014,0.08099251559004188,0.035137783440295604,18.387017618404247
xUp_PDUsIyc,val,Dataset_Shard_0400000_0499999,5,50,0.45182656854391096,0.45961980521678925,0.11114543683368203,0.1435224997997284,0.06310996238142252,12.330507588926205
ysLwpEhLkqI,val,Dataset_Shard_0400000_0499999,5,50,0.8603095245361329,0.8663384914398193,0.07440448243834209,0.04026615360751748,0.010306184875080362,21.48908345729196
zg_dwcSRLxo,val,Dataset_Shard_0400000_0499999,5,50,0.5659131476283074,0.615758091211319,0.18886371920389272,0.11798498008400202,0.0458105156943202,14.537869449496894
-VAjjH6TTts,test,Dataset_Shard_0000000_0099999,10,50,0.7342538577318192,0.7826291024684906,0.12290858807525272,0.07798072069883347,0.02393974386155605,17.155877463662417
-jo_cPHYmjg,test,Dataset_Shard_0000000_0099999,10,50,0.8797826951742173,0.9139966666698456,0.10376404948765731,0.02850718839094043,0.008679181272163987,24.007713235580155
-wUKLCvobpI,test,Dataset_Shard_0000000_0099999,10,50,0.6840689413249492,0.831244170665741,0.29191171141735195,0.09270975034683943,0.029935876213712617,19.1874540409227
3cwtNTYOszU,test,Dataset_Shard_0000000_0099999,10,50,0.589708656668663,0.6549334228038788,0.21356777501220078,0.14340015865862368,0.0526182312425226,14.459697531448738
46-qefy8Nwc,test,Dataset_Shard_0000000_0099999,10,50,0.502635281085968,0.46415121853351593,0.16438977008443625,0.1472727869078517,0.048375558438710865,15.14926786464983
4bA4M-spkoI,test,Dataset_Shard_0000000_0099999,10,50,0.6303227934241294,0.6840959191322327,0.1669288383810828,0.11124165702611208,0.034716465268284084,15.708198389676511
5Cq1OqWFAzw,test,Dataset_Shard_0000000_0099999,10,50,0.6496293073892594,0.7281957864761353,0.19022570147531956,0.12187046643346548,0.05259857712313533,15.030575059958473
5oBOMUXaJwc,test,Dataset_Shard_0000000_0099999,10,50,0.6935518193244934,0.7532210052013397,0.15643485699430548,0.11251220934092998,0.034688697345554825,15.71480673880934
8e9ejcfVQfY,test,Dataset_Shard_0000000_0099999,10,50,0.6568160146474838,0.6463387608528137,0.15334440294453303,0.12276426335796714,0.05404791638749885,14.31104173391207
9azhMaMU4Eo,test,Dataset_Shard_0000000_0099999,10,50,0.7378964918851852,0.7517107725143433,0.14383568463086968,0.06684266205877065,0.017086412131320686,19.982094046644104
CzkK0xSXUMs,test,Dataset_Shard_0100000_0199999,10,50,0.7206274776160717,0.7929127812385559,0.2069839986600998,0.09742265429347753,0.03129612552002072,16.8355621054746
F3BeAm1eM6Y,test,Dataset_Shard_0100000_0199999,10,50,0.5779449337720871,0.6005340814590454,0.15000179338580036,0.1035496111959219,0.037753873942419885,15.21305441640226
HDs_owlm-kM,test,Dataset_Shard_0100000_0199999,10,50,0.4081971237063408,0.38835060596466064,0.14575742456403343,0.17302921339869498,0.07342869423795491,12.686344790413
I3ynWCdH9-Q,test,Dataset_Shard_0100000_0199999,10,50,0.5010714828968048,0.4918283671140671,0.18566392686772532,0.12115615915507078,0.03791426722891629,15.162451187632366
J2BXGfLbEQk,test,Dataset_Shard_0100000_0199999,10,50,0.7409213441610336,0.7859679758548737,0.1307754394968999,0.08399851460009813,0.019869193909689786,18.393309910063724
J2x0zNcfLzg,test,Dataset_Shard_0100000_0199999,10,50,0.5253337237238884,0.5130302906036377,0.16155518554701903,0.15542188674211502,0.06106219325214624,13.117141904554915
J72oRFQXj5o,test,Dataset_Shard_0100000_0199999,10,50,0.5737746179103851,0.6455895602703094,0.207770904090206,0.12462142627686262,0.045016368995420636,15.604658134216884
J8RgC4W1HeU,test,Dataset_Shard_0100000_0199999,10,50,0.7374432578682899,0.8051885068416595,0.1752882119493697,0.09381993778049946,0.04183162772562355,15.426013587584011
KcYwOQfhWUk,test,Dataset_Shard_0100000_0199999,10,50,0.7779844850301743,0.8109458684921265,0.16849845099663624,0.05357364069670439,0.01375360379111953,20.547009016237798
OLLAoZsGd0Q,test,Dataset_Shard_0200000_0299999,10,50,0.7391733080148697,0.8085746765136719,0.1688489555511098,0.09783908598124981,0.03252718100324273,17.53172433270044
PfsdriLJNvI,test,Dataset_Shard_0200000_0299999,10,50,0.595672519505024,0.6747695207595825,0.20699708083051901,0.13436052337288856,0.04515459059271962,15.185733089254908
QJ-yAwmzwSs,test,Dataset_Shard_0200000_0299999,10,50,0.6827176356315613,0.716404139995575,0.11724302646128473,0.07428792238235474,0.023425161484628917,17.781082513482357
QLqrGlVdPCw,test,Dataset_Shard_0200000_0299999,10,50,0.5261624836921692,0.46909813582897186,0.219507397484803,0.13282480087131263,0.043946491295937445,15.06318261005389
QULIHG8qXNw,test,Dataset_Shard_0200000_0299999,10,50,0.3542835035175085,0.24766326695680618,0.23509435423344202,0.20980556540191173,0.08705374930985271,12.286348237579881
S-x-08mtMhM,test,Dataset_Shard_0200000_0299999,10,50,0.7056597781181335,0.7096062004566193,0.13037438488768865,0.09768776301061735,0.026877338914000574,17.586869866326122
c3SQmrJFsLY,test,Dataset_Shard_0300000_0399999,10,50,0.5847001698613167,0.654872477054596,0.23961553969446062,0.10723137753084303,0.039043430376332254,15.657990795699535
hY6RjtE0L18,test,Dataset_Shard_0300000_0399999,10,50,0.5561365920305252,0.5370091795921326,0.15494778219313132,0.14235900834202767,0.05427176099270582,13.666277712464556
kMMFVGirbAo,test,Dataset_Shard_0300000_0399999,10,50,0.7857280766963959,0.8179015815258026,0.10818627857771283,0.06904062852263451,0.029931696793064476,16.7421640928864
lFhCwScSprM,test,Dataset_Shard_0300000_0399999,10,50,0.5593015995621681,0.582356721162796,0.185814191286653,0.1806109656393528,0.08537559492513537,12.388641072498604
n72VzMg9PvU,test,Dataset_Shard_0300000_0399999,10,50,0.572157399058342,0.6457279622554779,0.22232566574388904,0.13844390768557788,0.0518694312684238,14.565123105972072
nVCvscVOQJM,test,Dataset_Shard_0300000_0399999,10,4,0.9354704916477203,0.9354586601257324,0.013207677715162968,0.0158204750623554,0.0022578368079848588,26.658947902809345
nVCvscVOQJM,test,Dataset_Shard_0400000_0499999,10,46,0.6099654934976412,0.6077400743961334,0.07543885617828155,0.08068546660892341,0.022623139210855184,16.72252238654357
ncA2W_lCihM,test,Dataset_Shard_0400000_0499999,10,50,0.7403507661819458,0.7435003817081451,0.10807739183631283,0.09404502172023058,0.02538070428185165,16.935997185824895
rSvMG28dPqk,test,Dataset_Shard_0400000_0499999,10,50,0.5058748209476471,0.5103673040866852,0.1427839079130575,0.16172487288713455,0.06779352171346545,12.34981889873855
sM1dnw-TOcE,test,Dataset_Shard_0400000_0499999,10,50,0.5005587433278561,0.3711138069629669,0.2633478886755003,0.1374746187776327,0.048928031781688336,14.955872598090046
tFReD_CSTZQ,test,Dataset_Shard_0400000_0499999,10,50,0.43469611287117005,0.2354675680398941,0.27471842230064003,0.19738383006304502,0.0870871606701985,13.038434494272668
uLa8mjhrP18,test,Dataset_Shard_0400000_0499999,10,50,0.7100606870651245,0.6704038977622986,0.09806713520319417,0.06773641644045711,0.019219688929151744,18.082191718847085
uaW87-Yz9wQ,test,Dataset_Shard_0400000_0499999,10,50,0.5492542879283429,0.6053118407726288,0.25849058053551316,0.1149640710838139,0.03912826093379408,16.11421760018901
udfXY1v4lks,test,Dataset_Shard_0400000_0499999,10,50,0.6571884596347809,0.673433929681778,0.1402191863826123,0.12493910662829875,0.04212103361263871,15.280678827283154
wxv1SDr8Kck,test,Dataset_Shard_0400000_0499999,10,50,0.3979660040140152,0.37590956687927246,0.12282955679519446,0.1931631848216057,0.07456186946481466,11.793230561055266
xfv3d809TTc,test,Dataset_Shard_0400000_0499999,10,50,0.4334945371747017,0.4375418573617935,0.20441431702660512,0.1934571484476328,0.08603986588306725,11.9951279878671
zHY3o_AprOU,test,Dataset_Shard_0400000_0499999,10,50,0.2641197583079338,0.2136540412902832,0.12096677331617497,0.14862358018755914,0.04590108662843704,13.981077451716292
-Hs-zuBOlQE,train,Dataset_Shard_0000000_0099999,10,50,0.7670722663402557,0.8665928840637207,0.23031374351682066,0.0480291523039341,0.01424598592100665,20.611840140957703
-J04CE5dA74,train,Dataset_Shard_0000000_0099999,10,50,0.677976500093937,0.7252506017684937,0.18160448850556732,0.10812996074557304,0.032339893896132704,16.25350378045708
-Qoo3Uq5-50,train,Dataset_Shard_0000000_0099999,10,50,0.3131497049331665,0.193833626806736,0.2198510820496313,0.19915369298309088,0.07862407892011106,11.952776588251606
-bqSDAsWptU,train,Dataset_Shard_0000000_0099999,10,50,0.5344900178909302,0.5899036526679993,0.27889643593744634,0.1365308516100049,0.052449915506877005,14.554427714427472
-tqqp2KwCIQ,train,Dataset_Shard_0000000_0099999,10,50,0.7696099209785462,0.7755109667778015,0.057653770978515956,0.08801374826580285,0.024641842478886247,16.827177206364293
02MD08BgFZ0,train,Dataset_Shard_0000000_0099999,10,50,0.24047452241182327,0.11211634054780006,0.27936471266884155,0.2125444634258747,0.08790245748125017,11.709468617539237
0FxsmwVeriw,train,Dataset_Shard_0000000_0099999,10,50,0.5584078168869019,0.6304101347923279,0.2261561417262031,0.13655205883085728,0.05091177637223154,14.794567917518789
0NN6ySHCHVA,train,Dataset_Shard_0000000_0099999,10,50,0.20663734711706638,0.1255144141614437,0.2146639884157344,0.1983127797394991,0.07057780807837843,12.227226499965338
0TJxBDyP9dw,train,Dataset_Shard_0000000_0099999,10,50,0.5895161575078964,0.5851402282714844,0.14319534950839757,0.13782667871564627,0.054045096803456545,13.516557776326406
0U2jrFZuBZM,train,Dataset_Shard_0000000_0099999,10,50,0.6826308673620224,0.7230834364891052,0.17042098634047428,0.08530730206519366,0.024093409045599402,18.299003235915812
0ZSqAjagrVo,train,Dataset_Shard_0000000_0099999,10,50,0.6107168225944042,0.6545926332473755,0.21878350141282946,0.12158340267837048,0.040744306989945474,15.65987137442087
0uLJTnNb2Es,train,Dataset_Shard_0000000_0099999,10,50,0.8279811000823974,0.8315719366073608,0.04689700632241586,0.04546641904860735,0.008923695145640523,21.366320863576128
0w6Ky8PBYSQ,train,Dataset_Shard_0000000_0099999,10,50,0.3084738938510418,0.251962348818779,0.17688074034174958,0.21781741589307785,0.09142615741118788,10.922097946789895
0zLSpoyKV_A,train,Dataset_Shard_0000000_0099999,10,50,0.4997409474849701,0.4935402274131775,0.09838581765554225,0.2087142999470234,0.09200383462011814,11.01613745562989
10gPc7VqgJk,train,Dataset_Shard_0000000_0099999,10,50,0.5921841084957122,0.5732045471668243,0.16874099522161765,0.10594211526215076,0.03293754681013525,15.97442182340351
1ER3kxd2RvQ,train,Dataset_Shard_0000000_0099999,10,50,0.7233638125658035,0.7511946260929108,0.08940343332571385,0.08656486630439758,0.033957646107301113,16.107526865018983
1FhZqPfKWjE,train,Dataset_Shard_0000000_0099999,10,50,0.7630085742473602,0.7996282577514648,0.12589609747955396,0.05771254792809486,0.014799916739575565,19.313787816538376
1YmFjGfQGnw,train,Dataset_Shard_0000000_0099999,10,50,0.6608323234319687,0.6694522500038147,0.12226757994748104,0.11030433494597673,0.04021677291020751,15.078454087993798
1cMfYuRTDX4,train,Dataset_Shard_0000000_0099999,10,50,0.15398214414715766,0.14385680854320526,0.0484760813840751,0.2982320383191109,0.14622259877622126,8.590120755797667
1heJXaiMZBw,train,Dataset_Shard_0000000_0099999,10,50,0.7603278356790543,0.8244884610176086,0.1562860897003905,0.0595259927213192,0.0192912258207798,18.600262826106697
1hla9mZZWKM,train,Dataset_Shard_0000000_0099999,10,50,0.49291552126407623,0.5197471976280212,0.15377001012324093,0.1357815931737423,0.0489966331422329,13.65168376588449
1jkQfyIl7Kg,train,Dataset_Shard_0000000_0099999,10,50,0.719818329513073,0.7517075836658478,0.1395005375861923,0.08274777177721263,0.023214102941565215,17.601492158544744
1kyGOkXUEKI,train,Dataset_Shard_0000000_0099999,10,50,0.5649517664313316,0.5869296193122864,0.1980100612078892,0.16690400095656513,0.05960511731318548,13.539272135597278
27uEnvzS8O4,train,Dataset_Shard_0000000_0099999,10,50,0.37053931802511214,0.3946744352579117,0.09719246719013375,0.1586221958696842,0.056646292190998794,12.787656551830842
2KbVOj8YcRw,train,Dataset_Shard_0000000_0099999,10,50,0.4740245369076729,0.48334333300590515,0.16285641892527147,0.15691069915890693,0.05888363163918257,13.336898529444804
2ZnT6CqmPoQ,train,Dataset_Shard_0000000_0099999,10,50,0.4230153739452362,0.39902475476264954,0.14106440569931075,0.14510958328843115,0.05821959814056754,13.132209630937307
2aDuMKNR8Z0,train,Dataset_Shard_0000000_0099999,10,50,0.6342545932531357,0.626684844493866,0.13296357310737725,0.09217223066836595,0.03000772152096033,16.0898414972175
2el-ZR4A4D4,train,Dataset_Shard_0000000_0099999,10,50,0.7132922387123108,0.7367678284645081,0.11816182405934357,0.0634235418215394,0.019055132614448668,17.756962650573357
3AR1FxFue7c,train,Dataset_Shard_0000000_0099999,10,50,0.5728221017122269,0.6627090275287628,0.28288109570791053,0.10168874733150006,0.039241110365837814,16.28656544114845
3Cg8-eoNXdY,train,Dataset_Shard_0000000_0099999,10,50,0.38506423473358153,0.33670012652873993,0.20915325060307122,0.20908894829452038,0.09935640722513199,10.545480128947387
3YwJ5Fzodfk,train,Dataset_Shard_0000000_0099999,10,50,0.7769807654619217,0.7978239059448242,0.09063103812279233,0.06472285937517881,0.015058882711455225,19.353045734742235
3p5gb_JqO78,train,Dataset_Shard_0000000_0099999,10,50,0.34428300201892853,0.23493389785289764,0.21411825104229998,0.12822680853307247,0.036093700639903546,14.974445841899296
3sty8XW-6FU,train,Dataset_Shard_0000000_0099999,10,50,0.44820678025484084,0.45450055599212646,0.21273926953839709,0.14505170837044715,0.051377066755667326,14.535698276882712
3xK6shdTeCs,train,Dataset_Shard_0000000_0099999,10,50,0.6136329501867295,0.6387108862400055,0.11312654822325764,0.093346491381526,0.025082892570644617,16.812308118595563
49dGxeU0X5E,train,Dataset_Shard_0000000_0099999,10,50,0.5715000307559968,0.5438494980335236,0.11668555110728365,0.09037798129022122,0.024048863369971515,16.74586531415663
4EtAcruEhTI,train,Dataset_Shard_0000000_0099999,10,50,0.4972207996249199,0.5460630059242249,0.2017416078554228,0.1851154488325119,0.08900893907994031,11.91826847992861
4FjwzNlLCdU,train,Dataset_Shard_0000000_0099999,10,50,0.7145893661677838,0.8069826364517212,0.22179405326171162,0.0694471144489944,0.019965263729682194,18.857856846327643
4KfWaQz2Qxg,train,Dataset_Shard_0000000_0099999,10,50,0.7237048161029815,0.8259698152542114,0.22771652681957094,0.08228016827255487,0.03207040261477232,17.62157567193804
4OwtoyYoSKY,train,Dataset_Shard_0000000_0099999,10,50,0.5660406023263931,0.5423796474933624,0.23845496783073838,0.14047921305522323,0.05523816326167434,14.538832775890892
4ZL5KtH01eQ,train,Dataset_Shard_0000000_0099999,10,50,0.5293573555350304,0.5606203675270081,0.21550287210605862,0.13426502645015717,0.05181757045909762,14.02035495961996
4ciVQzZxNkk,train,Dataset_Shard_0000000_0099999,10,50,0.6328727388381958,0.629103273153305,0.1364112788152585,0.09192418538033963,0.027558251339942216,16.870705641297075
4xuwsEvzX1g,train,Dataset_Shard_0000000_0099999,10,50,0.5158351966738701,0.5352325737476349,0.13008317048985585,0.1159931766986847,0.039392145471647384,14.862401485588414
51bXx1vyjBE,train,Dataset_Shard_0000000_0099999,10,50,0.4827949295938015,0.5332088768482208,0.28255330179510535,0.14009599082171917,0.05129899580497295,14.4357462707056
59_VE9iR-fE,train,Dataset_Shard_0000000_0099999,10,50,0.3946673285961151,0.39139027893543243,0.1789010338346506,0.16194230556488037,0.05145383100956678,13.601554265325019
5GLtwzZw3tc,train,Dataset_Shard_0000000_0099999,10,50,0.4786758929491043,0.4217347651720047,0.176219244269589,0.13926732605323194,0.05093177968978125,14.928602795633505
5HzD-gmSlU0,train,Dataset_Shard_0000000_0099999,10,50,0.46346487283706667,0.42895957827568054,0.16440660071289218,0.15492922641336918,0.06990219049155712,12.913762271719888
5ITYjnz12-Y,train,Dataset_Shard_0000000_0099999,10,50,0.5653527879714966,0.5584360659122467,0.10148790663589251,0.14483056873083114,0.05857027821242809,12.735902647480136
5USYVhzhMes,train,Dataset_Shard_0000000_0099999,10,50,0.5232083979249,0.6228895485401154,0.28232774290736534,0.11958458174020052,0.037808010769076646,16.062370564940522
5sNeoy5PKug,train,Dataset_Shard_0000000_0099999,10,50,0.5465423378348351,0.5623292028903961,0.15526899041835648,0.11433238480240107,0.04452303159050643,14.4433843226631
5smiMjCVrkg,train,Dataset_Shard_0000000_0099999,10,50,0.6510893000662327,0.7377345263957977,0.245104585600299,0.10565152861177922,0.0429570039967075,16.628918760961813
6KzSnrEFKlU,train,Dataset_Shard_0000000_0099999,10,50,0.7786559349298477,0.8896113038063049,0.24760041600386395,0.06382264140993357,0.018803287332411857,20.37794167144335
6QNI1KTP-uA,train,Dataset_Shard_0000000_0099999,10,50,0.5419446945190429,0.6097502112388611,0.22119660685892653,0.12770352568477392,0.04334401206113398,15.214167713421343
6QeMNsQww3A,train,Dataset_Shard_0000000_0099999,10,50,0.0861758130043745,0.08171939477324486,0.020706934270823187,0.19732452303171158,0.06776855766773224,11.750936879964495
6mmq34Ib8xg,train,Dataset_Shard_0000000_0099999,10,50,0.4481292340159416,0.522088885307312,0.22355330406712418,0.16799511194229125,0.0600786480307579,13.00965764157077
6oSMlrVPW8w,train,Dataset_Shard_0000000_0099999,10,50,0.7416446524858474,0.7529233992099762,0.14864410123582433,0.05974926836788654,0.01715165484463796,18.98031777438621
6rdUDJMfJQc,train,Dataset_Shard_0000000_0099999,10,50,0.6366455364227295,0.6439649164676666,0.14821693022175703,0.08224821120500564,0.024941359143704177,17.56125661657526
6s1nSHVMZwM,train,Dataset_Shard_0000000_0099999,10,50,0.48115864843130113,0.44785913825035095,0.19011756194323715,0.1623330992460251,0.05937865530140698,13.199479950586637
6ys4etJ1IFg,train,Dataset_Shard_0000000_0099999,10,50,0.28192597210407255,0.24046427756547928,0.14204211511229642,0.20394534558057786,0.08073343485593795,11.81428861605109
77rVIqWlxNU,train,Dataset_Shard_0000000_0099999,10,50,0.7800787883996964,0.8131098449230194,0.15378867905451163,0.05579146271571517,0.018528549810871483,18.850228234019184
79n77IIyriY,train,Dataset_Shard_0000000_0099999,10,50,0.5300100219249725,0.5105056464672089,0.15877727350365858,0.1597786432132125,0.06583634096197784,13.036105742888902
7Uke7HVpaeA,train,Dataset_Shard_0000000_0099999,10,50,0.5411048412322998,0.5323271751403809,0.15611997186396717,0.1226434063538909,0.04412695702165365,14.782768849380629
7ZUOn2pZRls,train,Dataset_Shard_0000000_0099999,10,50,0.6726520884037018,0.7637955546379089,0.23729885990962937,0.10209679063409567,0.04570795894600451,17.474106812172614
7erD56xKJaM,train,Dataset_Shard_0000000_0099999,10,50,0.1893189823627472,0.1618889570236206,0.08028169570748646,0.2868910665810108,0.14443220362067222,8.704849168030798
7nFvvB200qQ,train,Dataset_Shard_0000000_0099999,10,50,0.6731465280055999,0.7246644198894501,0.20483887877321172,0.08742073625326156,0.03188350470736623,17.076626047539328
7nYRFn4c0B8,train,Dataset_Shard_0000000_0099999,10,50,0.5571628332138061,0.7070662081241608,0.25179000842162763,0.12218177735805512,0.046568172220140695,14.745428721930613
7tf2BC4mC8s,train,Dataset_Shard_0000000_0099999,10,50,0.8230026018619537,0.8334979712963104,0.05662170114364177,0.060549330338835715,0.012312900493852794,20.022718725450833
87ygy8_a7Uk,train,Dataset_Shard_0000000_0099999,10,50,0.3294175186753273,0.2675554230809212,0.17582982077189013,0.22075236789882183,0.09695400180295109,10.680412566246059
8BgfmtrtmLI,train,Dataset_Shard_0000000_0099999,10,50,0.6978740632534027,0.79206383228302,0.22524129935510628,0.06693206559866667,0.01704387820325792,19.75816307738772
8Fo-MdmXmBE,train,Dataset_Shard_0000000_0099999,10,50,0.3887285313010216,0.3874346911907196,0.08425645820664283,0.13457698777318,0.04256486404687166,14.339623801776362
8efNcdaz4zU,train,Dataset_Shard_0000000_0099999,10,50,0.7118872252106666,0.7455810010433197,0.14027052809441085,0.08766912732273341,0.031282476615160704,15.908409930842618
8rYV4ViS9U4,train,Dataset_Shard_0000000_0099999,10,50,0.7054841509461403,0.8023918867111206,0.22836165786964205,0.08119573580101132,0.031206890081521124,18.42334290858799
91wTIWNvkCg,train,Dataset_Shard_0000000_0099999,10,50,0.7343359839916229,0.7738820612430573,0.12026192168189684,0.06497487276792527,0.017180575525853784,19.60671125118819
96ChCVGsYPM,train,Dataset_Shard_0000000_0099999,10,50,0.6996689531207084,0.8009017109870911,0.2112322180009444,0.07080767761915922,0.024848874513991176,17.726689952747332
9AE2GviExXs,train,Dataset_Shard_0000000_0099999,10,50,0.44401772677898405,0.43811239302158356,0.1156170083182339,0.1313314500451088,0.042284987252205614,14.181143644430268
9MPPZdAWF4U,train,Dataset_Shard_0000000_0099999,10,50,0.7702469229698181,0.7807140350341797,0.07762135259434076,0.07422822684049607,0.0222185541363433,17.241551354046624
9Tq2xbgsGkM,train,Dataset_Shard_0000000_0099999,10,50,0.32218847028911113,0.298403725028038,0.16534405262460294,0.223486290872097,0.08798303555697203,11.041262911787955
9lVD-SGOSjg,train,Dataset_Shard_0000000_0099999,10,50,0.17744416631758214,0.17184587568044662,0.08091165750001367,0.26113840147852896,0.13335286416113376,9.16287713047982
9oBVaGfsKf4,train,Dataset_Shard_0000000_0099999,10,50,0.5225700874626636,0.574304610490799,0.1897910534159877,0.134094196613878,0.05308967973105609,14.60053674444154
9vQKn6w95ow,train,Dataset_Shard_0000000_0099999,10,50,0.282884401679039,0.2700098156929016,0.08958045585363991,0.18152234002947806,0.06115889396518469,12.43848331162477
9yQHxxtlxt4,train,Dataset_Shard_0000000_0099999,10,50,0.7008840310573577,0.7123982310295105,0.1169036057320249,0.08116671610623598,0.021165714794769884,17.995657433866942
A2dimG5cbgc,train,Dataset_Shard_0000000_0099999,10,50,0.6891424968838692,0.7189540565013885,0.16834075627620274,0.10738414151594043,0.05128836398944259,14.976766025907224
AE1Dd0KPmlw,train,Dataset_Shard_0000000_0099999,10,50,0.589271764755249,0.7477946281433105,0.30549888491653315,0.09868238283321261,0.030187684972770513,19.086262240876298
AG0EifkPvGY,train,Dataset_Shard_0000000_0099999,10,50,0.3036701081693172,0.263199120759964,0.14941217168647525,0.18461212821304798,0.06322739276103675,12.426583793492478
AKC7bYyldHo,train,Dataset_Shard_0000000_0099999,10,50,0.8746319615840912,0.8942248523235321,0.07649468843711267,0.03631076015532017,0.007482731668278575,23.67899251019066
AOHQ0aYQ4QI,train,Dataset_Shard_0000000_0099999,10,50,0.6329201936721802,0.6802820861339569,0.20593030529944809,0.08701108455657959,0.0258883933769539,17.140532020135527
AQ_qy4s9-58,train,Dataset_Shard_0000000_0099999,10,50,0.5115092465281487,0.5281221270561218,0.1464251714313928,0.12480264317244291,0.03722554387524724,15.529511174296871
AXEbpZ0lhEM,train,Dataset_Shard_0000000_0099999,10,50,0.46041893273591994,0.4769050180912018,0.14936305656063278,0.1402475655078888,0.057341856490820645,13.077101228365512
Aw4Vaqqq_Eg,train,Dataset_Shard_0000000_0099999,10,50,0.6078339427709579,0.810059130191803,0.30415202963496224,0.11409982398152352,0.045573543724603954,16.14564927159545
Aymbap8XcG8,train,Dataset_Shard_0000000_0099999,10,50,0.43845013707876207,0.5174128711223602,0.24942220158578585,0.1493131123483181,0.05241102088242769,13.942500442402354
AzqgcU5_3mo,train,Dataset_Shard_0000000_0099999,10,50,0.7336972936987877,0.8102829456329346,0.187240574371121,0.10198760122060775,0.026674724672921,18.093880250823883
B3np71w5K1c,train,Dataset_Shard_0000000_0099999,10,19,0.4916632481311497,0.5898361206054688,0.2613367347844302,0.1368084303838642,0.045696205447280876,15.419059243244044
B3np71w5K1c,train,Dataset_Shard_0100000_0199999,10,31,0.5754469171647103,0.7423319816589355,0.2904852700120762,0.12154841807580763,0.04300557404396034,16.691850720966375
B5IAda_ZR3Q,train,Dataset_Shard_0100000_0199999,10,50,0.37925576373934744,0.21999576687812805,0.277073400349311,0.16766286488622428,0.06743279666174203,13.508577325785891
BDFwFmaztC0,train,Dataset_Shard_0100000_0199999,10,50,0.712599563896656,0.7775304317474365,0.15842996412964425,0.06830619491636752,0.022807164299301803,18.879382888936817
BI2jJ2nsUaw,train,Dataset_Shard_0100000_0199999,10,50,0.7667787837982177,0.7911024689674377,0.07800461705057878,0.06071165792644024,0.014575728978961706,18.95553644737506
BaGpiUru22U,train,Dataset_Shard_0100000_0199999,10,50,0.7241692370176316,0.7248671650886536,0.09833627087200836,0.070627381503582,0.01940630598925054,18.48724350376875
Bdy36xv68Fs,train,Dataset_Shard_0100000_0199999,10,50,0.5954213044047356,0.6258820295333862,0.1456052737541104,0.1202022858709097,0.036784009374678135,15.396170312491883
BevoiaUK5ao,train,Dataset_Shard_0100000_0199999,10,50,0.6765255513787269,0.8065414130687714,0.24277969242915648,0.1098417312093079,0.041689855107106266,16.096419378502844
C09ZpevuOVk,train,Dataset_Shard_0100000_0199999,10,50,0.4936702573299408,0.5247072279453278,0.20545837143757031,0.15434112094342708,0.06371341744437814,12.734598093309776
C5tgj76oc7E,train,Dataset_Shard_0100000_0199999,10,50,0.514866150021553,0.39587824046611786,0.18182596118100014,0.1298034542798996,0.039918771712109447,14.774523389364097
CIc39aXlHRY,train,Dataset_Shard_0100000_0199999,10,50,0.5277904567122459,0.613725483417511,0.2065211713105243,0.1188568090647459,0.04330311317928135,15.267421545287975
CNbMProDX_I,train,Dataset_Shard_0100000_0199999,10,50,0.8427935087680817,0.8563955724239349,0.040720318484356616,0.0457022612541914,0.010028083017095924,20.55390932844159
CRYDNSvrbis,train,Dataset_Shard_0100000_0199999,10,50,0.7410850578546524,0.7676752209663391,0.1381381802245285,0.07102897562086583,0.02717327568680048,18.182062962205006
Ccs73enFclU,train,Dataset_Shard_0100000_0199999,10,50,0.6089115619659424,0.5933690071105957,0.08669704196416374,0.11365774653851986,0.0316507204528898,15.734366224876485
CiYlq0pHhnM,train,Dataset_Shard_0100000_0199999,10,50,0.6223496121168136,0.6353465914726257,0.13057485737197982,0.11259641706943511,0.04235256720334291,14.353559382184303
Cl1w60d8Tqc,train,Dataset_Shard_0100000_0199999,10,50,0.6022069704532623,0.6666475534439087,0.17920600670955783,0.133459433875978,0.05075722927227616,14.901495359072483
Ctp1DySPKS0,train,Dataset_Shard_0100000_0199999,10,50,0.7801606190204621,0.8161001205444336,0.10740120643207775,0.05539925063028932,0.011082313763909042,20.95468483852723
D2q4s2rE0s_,train,Dataset_Shard_0100000_0199999,10,50,0.6194560125470161,0.6673306822776794,0.15663835922578873,0.11457580968737602,0.0385647882707417,14.947091499755581
DN3a8fF6FtU,train,Dataset_Shard_0100000_0199999,10,50,0.7822012573480606,0.8483767509460449,0.17200015505518007,0.06675743298605084,0.01950361576164141,20.689030509208305
DOjCrrrGa5s,train,Dataset_Shard_0100000_0199999,10,50,0.3784457708522677,0.31451112031936646,0.24399706306087135,0.27090415120124817,0.15641307185404002,9.753356873769288
DXcoe1mtinI,train,Dataset_Shard_0100000_0199999,10,50,0.6260751032829285,0.6402987539768219,0.10785199558023406,0.11532022580504417,0.034720602799206975,15.249019074886212
DZHdNtwKBMo,train,Dataset_Shard_0100000_0199999,10,50,0.7029844099283218,0.8400090634822845,0.26194708328288774,0.07047656709328294,0.020857395231723787,19.808134690901557
De9wq1vFUVo,train,Dataset_Shard_0100000_0199999,10,50,0.40795299887657166,0.2056969851255417,0.3272127501993378,0.1685321445669979,0.06635192515328527,14.601524136261549
DhitzRyJg4k,train,Dataset_Shard_0100000_0199999,10,50,0.49332208395004273,0.4858754277229309,0.15901259648510863,0.15377126581966877,0.05471770639531314,13.73247235632318
DlBR2IuS-_Q,train,Dataset_Shard_0100000_0199999,10,50,0.4369242841005325,0.4226914644241333,0.22864507016696767,0.16411325745284558,0.06116904675960541,13.62239067213366
DpcTinoxOZQ,train,Dataset_Shard_0100000_0199999,10,50,0.5558440306782723,0.6779637932777405,0.24783584116739354,0.12714759320020674,0.04652485170401633,15.197463524571809
DwsiVdwkl_M,train,Dataset_Shard_0100000_0199999,10,50,0.7753866541385651,0.7726856768131256,0.03535365635438119,0.05769350938498974,0.019794900864362718,17.56165313917234
E0OylseYSt8,train,Dataset_Shard_0100000_0199999,10,50,0.7096602141857147,0.7479645311832428,0.12601478471405222,0.08446081787347794,0.03180521436035633,15.580239727968536
E5eP26MKE98,train,Dataset_Shard_0100000_0199999,10,50,0.804380521774292,0.8224599361419678,0.09617926974709666,0.0572256470285356,0.018547384897246957,18.752972166592496
EJiNfGhoa3Y,train,Dataset_Shard_0100000_0199999,10,50,0.6626884317398072,0.6541932821273804,0.11074601508736354,0.10094939298927784,0.034393119476735595,15.371478909256531
EQhbPGMfvZU,train,Dataset_Shard_0100000_0199999,10,50,0.7734265470504761,0.7840512096881866,0.09690385281697686,0.06565476939082146,0.022597430194728076,17.567876395896572
F1UNeBWv6Ww,train,Dataset_Shard_0100000_0199999,10,50,0.7841295909881592,0.7947936356067657,0.07602066372966673,0.05834608782082796,0.012259439043700695,20.473340864347904
F1mXo8STM24,train,Dataset_Shard_0100000_0199999,10,50,0.4444765290617943,0.41943521797657013,0.195893082845038,0.154442298412323,0.05131797337904573,13.272288893947705
F89GbwV1duU,train,Dataset_Shard_0100000_0199999,10,50,0.4378461229801178,0.4654041826725006,0.14264501697863366,0.1354820916056633,0.048466893546283245,13.573780243054792
FF6KGtNtiwQ,train,Dataset_Shard_0100000_0199999,10,50,0.5546598899364471,0.5698166787624359,0.13160452901233063,0.14735206466168166,0.05807013673707843,13.653241389372324
FFcXOiRGMaU,train,Dataset_Shard_0100000_0199999,10,50,0.4405833026766777,0.45497366786003113,0.1582403747754154,0.13828723311424254,0.047591644413769243,13.634617911570242
FGjqL-YO8E8,train,Dataset_Shard_0100000_0199999,10,50,0.6997530978918075,0.76970374584198,0.16808786900738498,0.08629492042586208,0.03413877614308149,16.299163970975542
FNFe75hIKd4,train,Dataset_Shard_0100000_0199999,10,50,0.7469839268922805,0.7739909887313843,0.12289983917297252,0.07178663533180953,0.020567640317603945,17.35527138085895
FUGgFV3WFig,train,Dataset_Shard_0100000_0199999,10,50,0.628571002483368,0.6339150965213776,0.11569596408602136,0.12302642606198788,0.03955039088614285,14.5303618262978
FhpkDxLChRA,train,Dataset_Shard_0100000_0199999,10,50,0.6249395260214805,0.7079967558383942,0.19060663068002728,0.10357363924384116,0.03411698319250718,16.602246069361705
Fi_z7GBejhs,train,Dataset_Shard_0100000_0199999,10,50,0.20106281250715255,0.1779245287179947,0.12038037269106769,0.2061345986276865,0.07989135971292853,11.386931890347876
FzpQ92s8Idw,train,Dataset_Shard_0100000_0199999,10,50,0.5599120977520943,0.5756210088729858,0.13499719259487472,0.10525686234235763,0.029708494525402786,15.824327172591355
G5iYNFJuHkc,train,Dataset_Shard_0100000_0199999,10,50,0.617920055091381,0.6267420649528503,0.19685919887640446,0.1017221424728632,0.04247934754937887,15.77801941789462
G6vEW8-Tk5w,train,Dataset_Shard_0100000_0199999,10,50,0.6113905537128449,0.6362359523773193,0.2098551233605796,0.11380588028579951,0.03912588257808238,16.46328191501367
GVoppuU8cFo,train,Dataset_Shard_0100000_0199999,10,50,0.408949259519577,0.36963701248168945,0.14336960448567473,0.16189107812941075,0.05381259266287088,13.039694145598713
Gi3eUcsqhks,train,Dataset_Shard_0100000_0199999,10,50,0.27110369995236394,0.260137215256691,0.11221179714056603,0.20945196852087974,0.07745442938059569,11.554835249891598
GrND9qai5pY,train,Dataset_Shard_0100000_0199999,10,50,0.5617558002471924,0.6053732633590698,0.13501975127922783,0.113928537145257,0.035052427612245085,15.375266079037406
HRJ4OhgNX08,train,Dataset_Shard_0100000_0199999,10,50,0.5651607608795166,0.5774274468421936,0.1360253987409086,0.09900507189333439,0.030739837670698763,15.899556336905173
HWcwP-2-gBU,train,Dataset_Shard_0100000_0199999,10,50,0.5731359538435936,0.6119172871112823,0.15936909838738653,0.11296643428504467,0.036383860912173986,15.670443237351023
HrG_CiyMH7A,train,Dataset_Shard_0100000_0199999,10,50,0.5713548731803894,0.7134875357151031,0.23859297373157193,0.1031161604449153,0.03386693214997649,16.424067239674233
Hvip1xhAJEk,train,Dataset_Shard_0100000_0199999,10,50,0.6118447762727738,0.5532909333705902,0.16063035317791607,0.08836535021662711,0.024566890760324894,17.023485540544474
I4YrJCXtmDQ,train,Dataset_Shard_0100000_0199999,10,50,0.6971331110596657,0.7197390794754028,0.15935210023505617,0.08049675968475639,0.029348088801125414,17.624293841581586
IJ6v8unnzlw,train,Dataset_Shard_0100000_0199999,10,50,0.5731603452563285,0.6204359829425812,0.22247008590822118,0.11892183661460877,0.039494769452139734,16.4122949293573
IMYS4tzoiWw,train,Dataset_Shard_0100000_0199999,10,50,0.3766105020046234,0.334937646985054,0.15438136181284903,0.20087636202573778,0.07750751201063394,11.6156898201525
IWAeIhWK8k0,train,Dataset_Shard_0100000_0199999,10,50,0.7204302263259887,0.7819445729255676,0.16712961356613182,0.07168945018202066,0.023159157657064496,19.135823209322023
IgXDqL9n1yc,train,Dataset_Shard_0100000_0199999,10,50,0.24488714337348938,0.20363298803567886,0.12041726719654082,0.189262203425169,0.06656635645776987,12.029715681387199
IknWlKwrkqM,train,Dataset_Shard_0100000_0199999,10,50,0.4220204263925552,0.4067484140396118,0.15766394481188173,0.2000356398522854,0.09959310406818986,11.23647913267515
IpeCPBTMsp8,train,Dataset_Shard_0100000_0199999,10,50,0.7802548766136169,0.8586741983890533,0.19560870129049607,0.05431834356859326,0.014692170387133956,20.666719468273303
IwlK3JWqWhA,train,Dataset_Shard_0100000_0199999,10,50,0.5425216796994209,0.6278053522109985,0.21182088854153508,0.1484152430295944,0.04879941239953041,14.36750121097902
JF1WHXagVBg,train,Dataset_Shard_0100000_0199999,10,50,0.5290660518407821,0.6778709888458252,0.2730398515571973,0.1079657931253314,0.03454846617765725,15.926524764897593
J_Q3FptXl4E,train,Dataset_Shard_0100000_0199999,10,50,0.5260135352611541,0.5188627541065216,0.1821956795759198,0.1342412918061018,0.04705038589425385,14.232432076849834
JiFbkH4lkEA,train,Dataset_Shard_0100000_0199999,10,50,0.4563408736884594,0.5100070238113403,0.21240001648526333,0.14401745289564133,0.051189990919083356,13.577582781860013
JricrURk4aQ,train,Dataset_Shard_0100000_0199999,10,50,0.6237059018015861,0.7018778026103973,0.19457294316838575,0.10295396525412798,0.03388949465472251,16.032330233499493
K1-1564mVaE,train,Dataset_Shard_0100000_0199999,10,50,0.6550740510225296,0.6196005940437317,0.212870754266396,0.10291013043373823,0.029351478961762042,17.440497340333767
KGDAv4gY0CU,train,Dataset_Shard_0100000_0199999,10,50,0.5667232492566109,0.6669561564922333,0.22675396783945634,0.12263627141714097,0.04912322417832911,14.393823905716664
KWLQZy3Trfc,train,Dataset_Shard_0100000_0199999,10,50,0.850761553645134,0.8774205446243286,0.10761331382107533,0.052754474878311156,0.02082032258156687,18.470941664131328
K_9S0CZoNLw,train,Dataset_Shard_0100000_0199999,10,50,0.2282533200085163,0.20754936337471008,0.0793326980617083,0.22983401417732238,0.09335415784269571,10.631559501018446
KiIkP5rt664,train,Dataset_Shard_0100000_0199999,10,50,0.39588061094284055,0.2814609408378601,0.21587675917154536,0.19672721184790135,0.08104882592335344,11.732638650411591
LABUp-9fzpo,train,Dataset_Shard_0100000_0199999,10,50,0.6573382666707039,0.6766763627529144,0.18159515529104006,0.09979102961719036,0.03206889365799725,16.4892282567987
LCu1WeLTHHs,train,Dataset_Shard_0100000_0199999,10,50,0.4994437047839165,0.5063041746616364,0.18578675499447037,0.14962939091026783,0.050990230161696674,13.72378758846437
LNm-RsObqrI,train,Dataset_Shard_0100000_0199999,10,50,0.4109888908267021,0.4460402727127075,0.11581168936153645,0.11973859295248986,0.03664438975974917,15.958997060294767
LY8eSMG5Zg_,train,Dataset_Shard_0100000_0199999,10,50,0.31453029870986937,0.29774245619773865,0.10580575172810319,0.21480332240462302,0.08988486807793379,10.931392563651766
LqVVbjKegLM,train,Dataset_Shard_0100000_0199999,10,50,0.6438829267024994,0.6677958071231842,0.11816940683140624,0.11551378339529038,0.038501651752740146,14.754607231245762
LsLsb6ON3HA,train,Dataset_Shard_0100000_0199999,10,50,0.5354134196043014,0.5017884820699692,0.19179955045542788,0.1430518640950322,0.057984256073832514,14.280702822887395
LxB4fZIr6QM,train,Dataset_Shard_0100000_0199999,10,50,0.5804403755068779,0.6220544278621674,0.18421932442940214,0.12352486804127694,0.045035791946575046,15.171532085929968
M0U21_jIkjs,train,Dataset_Shard_0100000_0199999,10,50,0.5784484395384788,0.5911463499069214,0.16732153515678122,0.15357123360037803,0.06992175237275661,12.789862034556847
MI9SBkWfYeE,train,Dataset_Shard_0100000_0199999,10,50,0.7748099792003632,0.8177842199802399,0.1493007330965891,0.06932680670171976,0.02420500960201025,17.77361572221359
MKXS5-a6wB4,train,Dataset_Shard_0100000_0199999,10,50,0.6372184503078461,0.6685188412666321,0.1600026077847452,0.09628054242581129,0.03625723820645362,15.724133572510699
MO0BNkMVRUM,train,Dataset_Shard_0100000_0199999,10,50,0.20773995608091356,0.19672715663909912,0.06716990262001835,0.24332107812166215,0.10527161467820406,10.169135122433874
MQ0rcxyT_18,train,Dataset_Shard_0100000_0199999,10,50,0.5329527971148491,0.588101863861084,0.1673101625574325,0.1403565650433302,0.05689529022201896,12.937109969961336
Mb1sAgqD2zk,train,Dataset_Shard_0100000_0199999,10,50,0.5079178863763809,0.41193604469299316,0.2344193547646166,0.12969650188460946,0.03810835825046524,16.146367164667087
MoldpStWdSM,train,Dataset_Shard_0100000_0199999,10,50,0.6982765412330627,0.7619301080703735,0.13121589949493917,0.09084778886288404,0.02531942361034453,17.106636448126597
MwffJW2HSBw,train,Dataset_Shard_0100000_0199999,10,50,0.6748686414957047,0.7340568602085114,0.14197706053368644,0.08173685155808925,0.023645514580421148,17.548883947979412
Mwqts-3PkoQ,train,Dataset_Shard_0100000_0199999,10,50,0.5437821048498154,0.5542627274990082,0.07881582122096904,0.13339053109288215,0.058391751199960706,12.648807701452247
Mz477FcOK1I,train,Dataset_Shard_0100000_0199999,10,50,0.4988396894931793,0.4671091139316559,0.1311925229420602,0.13039078697562217,0.04511990578845143,14.064540413400582
NBZN1K9PE38,train,Dataset_Shard_0100000_0199999,10,50,0.690913325548172,0.7371816635131836,0.15557191363182662,0.0758058006875217,0.02115712164202705,19.00057239887817
NDEQ8jZEeMg,train,Dataset_Shard_0100000_0199999,10,50,0.6559428632259369,0.6535977721214294,0.1155930975046802,0.14227468974888324,0.04302229950204492,15.078376338578698
NNaNjLEnyCc,train,Dataset_Shard_0100000_0199999,10,50,0.7836434090137482,0.813461035490036,0.12183822688647619,0.07603436201810837,0.03150768299587071,16.274480859275805
NSBXNBFcSM_,train,Dataset_Shard_0100000_0199999,10,50,0.555962809920311,0.5535723865032196,0.18521973615008694,0.12005516818608157,0.03708604194830876,17.008212963578316
NTl51OfTzPY,train,Dataset_Shard_0200000_0299999,10,50,0.3806713925302029,0.22458089888095856,0.2637947544440102,0.16302806116640567,0.059153849291615185,13.80455931261592
Nd5eAZn0k8Q,train,Dataset_Shard_0200000_0299999,10,50,0.6600248736143112,0.67080357670784,0.12025669179314556,0.08150304604321718,0.022123106801882387,17.367618926443004
Nenwue8ACQE,train,Dataset_Shard_0200000_0299999,10,50,0.5035154369473457,0.45440228283405304,0.20224360282950024,0.1480028985068202,0.052725786278024316,13.943724016601358
NjNROlXjW5I,train,Dataset_Shard_0200000_0299999,10,50,0.7400689443945885,0.7665988206863403,0.11734793419795878,0.06287421178072691,0.017049426464363932,19.481338975632454
NnlJ2WtQxhw,train,Dataset_Shard_0200000_0299999,10,50,0.6503364086151123,0.6458041071891785,0.14047261388985335,0.08174721110612154,0.01950665777316317,18.585230703588067
NsLZGmOq9MM,train,Dataset_Shard_0200000_0299999,10,50,0.8365688043832779,0.8702230155467987,0.09011353662092354,0.056017080321908,0.023333722995594143,18.026010531822482
Nt95VxNw1JA,train,Dataset_Shard_0200000_0299999,10,50,0.6292403990030289,0.6410363018512726,0.11025065387396596,0.08149423740804196,0.024082942726090552,16.715371882687283
NumylOGDIqs,train,Dataset_Shard_0200000_0299999,10,50,0.3664469619095325,0.24797935783863068,0.2489776837553326,0.1517670315876603,0.051828832488972694,13.709011694634528
O6svjbPlqR0,train,Dataset_Shard_0200000_0299999,10,50,0.6995581018924714,0.7418681681156158,0.14348207800743965,0.07408310417085887,0.020660611004568636,17.70740778820885
OOXpm9RUBr4,train,Dataset_Shard_0200000_0299999,10,50,0.44983309984207154,0.48592206835746765,0.2087162083230539,0.15516276836395262,0.06438210040330887,13.262237323926547
Oh6s2ckLVCc,train,Dataset_Shard_0200000_0299999,10,50,0.793779838681221,0.8160738348960876,0.08601093898549678,0.061092757023870944,0.015029690684750676,18.93694804258589
P42sNbDRQVI,train,Dataset_Shard_0200000_0299999,10,50,0.407156927883625,0.3400375247001648,0.18454186515886345,0.25308136820793153,0.12571303986944257,10.460067472165106
PAp-oCbJbao,train,Dataset_Shard_0200000_0299999,10,50,0.7225331032276153,0.8130804896354675,0.17430276819869853,0.09437300251796842,0.021809962822590023,19.20820315720792
PBh8_Cc90uw,train,Dataset_Shard_0200000_0299999,10,50,0.4712100973725319,0.48431430757045746,0.17502270555103808,0.11758994065225124,0.03893350902944803,15.087390222318847
PCuj0aU8-4E,train,Dataset_Shard_0200000_0299999,10,50,0.600563188791275,0.6335921585559845,0.13742755337486198,0.10018914759159088,0.030305588552728295,15.947510887228464
PF0ym46Ji90,train,Dataset_Shard_0200000_0299999,10,50,0.42790586516261103,0.45015858113765717,0.19856267032946376,0.18551989547908307,0.08030460134148598,11.787222562916527
PGb6eporHd4,train,Dataset_Shard_0200000_0299999,10,50,0.4829175427556038,0.5676140487194061,0.23430739675553416,0.15314659241586923,0.05554618341382593,14.333771257811668
PVyHZ65Fny0,train,Dataset_Shard_0200000_0299999,10,50,0.3095331227779388,0.19036057591438293,0.22408256911206975,0.22692163690924644,0.10484948186203838,11.03034476590669
Pft9pKcpJfQ,train,Dataset_Shard_0200000_0299999,10,50,0.5756308361887932,0.7474456131458282,0.3143721577660815,0.09704276960343122,0.03204208113718778,17.69608783755788
Pxfgv-VzJb8,train,Dataset_Shard_0200000_0299999,10,50,0.6534281283617019,0.6380646824836731,0.170718118068445,0.12453528203070163,0.04668605921790004,14.9330533338689
Q3-hgENLscU,train,Dataset_Shard_0200000_0299999,10,50,0.4143401113152504,0.378399133682251,0.1417484510129577,0.18336029134690762,0.06451059740036726,12.241448955506591
QGuO3Ikm9L0,train,Dataset_Shard_0200000_0299999,10,50,0.6423490301519632,0.5841108560562134,0.173171277811913,0.13375702802091838,0.046892266967333854,15.200700408585202
QPaAUPP0L2s,train,Dataset_Shard_0200000_0299999,10,50,0.16158858552575112,0.12482647225260735,0.1128301217839474,0.23477081321179866,0.09387090098112821,10.58515948796404
QRGS3EjB5I4,train,Dataset_Shard_0200000_0299999,10,50,0.3510399320721626,0.3055318742990494,0.12367285634275664,0.13686412535607814,0.03969198642298579,14.7038656268239
QZqfMruo1-w,train,Dataset_Shard_0200000_0299999,10,50,0.5033833101391793,0.5054657161235809,0.14327013605209196,0.16993282936513424,0.06971034847199917,13.130505504167182
R2AgAYViA-Q,train,Dataset_Shard_0200000_0299999,10,50,0.5479202133417129,0.5292845070362091,0.1303804312412267,0.13832402653992176,0.04801086438819766,13.701008364321522
R8C5qDxBYj0,train,Dataset_Shard_0200000_0299999,10,50,0.5990452098846436,0.6281429827213287,0.1787666672506496,0.10196648415178061,0.02838641133159399,16.81396381329985
ROt4Y-lkzD8,train,Dataset_Shard_0200000_0299999,10,50,0.7314385735988617,0.7567328214645386,0.12153137482407443,0.09830879043787717,0.031537094307132064,16.2225161339074
RUu5-e13gZw,train,Dataset_Shard_0200000_0299999,10,50,0.3692537820339203,0.2768819183111191,0.2530226481692256,0.20085173454135657,0.0906596909055952,11.818075704050393
RWeESNvnYQs,train,Dataset_Shard_0200000_0299999,10,50,0.6911667633056641,0.7554911077022552,0.13335814281460365,0.09626493848860264,0.030599240260198713,16.572963497495238
RXnWs2i_f2w,train,Dataset_Shard_0200000_0299999,10,50,0.5963500374555588,0.5741496682167053,0.1917804892490549,0.10978856924921274,0.032140350388363007,16.262631926752263
RjAhTdGaZpw,train,Dataset_Shard_0200000_0299999,10,50,0.7328270003199577,0.7569293677806854,0.11781086674591222,0.07841481473296881,0.01870105938054621,18.830786909881986
RrCuR6tPFxI,train,Dataset_Shard_0200000_0299999,10,50,0.66733911216259,0.698143482208252,0.1265514783982612,0.07976370520889758,0.024477339521981775,17.41598124742892
S9MeH6oej30,train,Dataset_Shard_0200000_0299999,10,50,0.6908667081594467,0.7227440178394318,0.11626426689320626,0.11132237710058689,0.04467018138617277,14.09845321512056
SJcqdf3mIc8,train,Dataset_Shard_0200000_0299999,10,50,0.9165870594978333,0.9689105451107025,0.1129533947235374,0.04495883245952428,0.013933022159326356,26.00213960776044
SWqtN9u71FI,train,Dataset_Shard_0200000_0299999,10,50,0.494723402261734,0.47847138345241547,0.21298621860188494,0.14232986048795282,0.050399224469438196,14.364848989081166
SjbNwQc9Uko,train,Dataset_Shard_0200000_0299999,10,50,0.6935692238807678,0.7044495642185211,0.1044529237896495,0.09245176672935486,0.03320048757363111,15.718033359552248
SpUWKtLtTN8,train,Dataset_Shard_0200000_0299999,10,50,0.6561677494645118,0.7852751910686493,0.224137990973352,0.09079323781654239,0.0368453070288524,17.185334234270105
SrkeG7CkkJY,train,Dataset_Shard_0200000_0299999,10,50,0.5355579099059105,0.6109192669391632,0.1798916369687582,0.1264394825696945,0.05004192493855953,14.365328940074301
SsxtoWJHb4o,train,Dataset_Shard_0200000_0299999,10,50,0.5308779338002205,0.6862238049507141,0.32919199404955324,0.101831198297441,0.030169390011578798,17.18603233905744
TDCUZ3rN6H8,train,Dataset_Shard_0200000_0299999,10,50,0.5960107687115669,0.6209327280521393,0.1432181187736462,0.10714541107416153,0.037396219624206424,15.173725389192208
TLUD5I3rzoc,train,Dataset_Shard_0200000_0299999,10,50,0.6881972259283066,0.6932123303413391,0.10277004127729218,0.09110741060227155,0.02993243286386132,16.46595285876427
T_FBIBGomLM,train,Dataset_Shard_0200000_0299999,10,50,0.5873318403959275,0.6631930768489838,0.2081100286898951,0.11331623584032059,0.042839758405461906,15.431341667422306
TcjaEAyS8ts,train,Dataset_Shard_0200000_0299999,10,50,0.5472513210773468,0.5286363065242767,0.12593215613453704,0.14296721629798412,0.058097397508099675,13.895405706014184
TlGCU7dVYvo,train,Dataset_Shard_0200000_0299999,10,50,0.6196641933917999,0.6667899489402771,0.1953958080676638,0.1063019509240985,0.03130618068389594,16.551328174383055
Tn_MfGExzrw,train,Dataset_Shard_0200000_0299999,10,50,0.6407101786136628,0.6637644469738007,0.06331620793768084,0.07661305479705334,0.01775679137557745,18.020902121909973
TqH1zY7HkZE,train,Dataset_Shard_0200000_0299999,10,50,0.43347803175449373,0.3585476279258728,0.1970429408482471,0.21546374563127757,0.09825436025392265,11.450242640109902
TxDFFE1BV8k,train,Dataset_Shard_0200000_0299999,10,50,0.6887188428640365,0.7731627523899078,0.22009748705480806,0.08577494163066149,0.027133075715973974,18.234529031522598
U5_e_c9A3Rc,train,Dataset_Shard_0200000_0299999,10,50,0.7341501235961914,0.7507613003253937,0.06247364300686975,0.0664321357384324,0.02378951843827963,16.872193053443144
U7HzviIwyfs,train,Dataset_Shard_0200000_0299999,10,50,0.1760008952021599,0.16737931966781616,0.07091130573886184,0.2898054267466068,0.1353295346349478,9.015384555199768
UFtV7H3fdIs,train,Dataset_Shard_0200000_0299999,10,50,0.5021570035815239,0.4412665218114853,0.23805919042549567,0.13897154662758113,0.048159811166115105,15.17282338879944
UQfPmUjyJUM,train,Dataset_Shard_0200000_0299999,10,50,0.5843213814496994,0.5969333648681641,0.12998402583983443,0.1317879507690668,0.048515912648290395,13.635573536386238
UTkGQGJkQcM,train,Dataset_Shard_0200000_0299999,10,50,0.21642893970012664,0.12599141895771027,0.1577472735140711,0.2617424115538597,0.11972033713012933,9.932409894907792
UVKesI-XW-I,train,Dataset_Shard_0200000_0299999,10,50,0.4393568375706673,0.47254587709903717,0.11733187155964359,0.12429185897111893,0.039201487209647896,14.78668053598687
UhLOi799970,train,Dataset_Shard_0200000_0299999,10,50,0.766484569311142,0.7815972566604614,0.07348311613102383,0.07202294871211051,0.021220732596702874,17.66282388981022
Ursk6DLqdv4,train,Dataset_Shard_0200000_0299999,10,50,0.7412569451332093,0.7790606021881104,0.11500053836604382,0.05984560403972864,0.012408642047084868,20.17086752133036
UzHgEVKrIqc,train,Dataset_Shard_0200000_0299999,10,50,0.3848107881844044,0.2612217590212822,0.24062978856306128,0.17789558179676532,0.07049111121334135,12.344733165188847
WNqNsRzvBvo,train,Dataset_Shard_0200000_0299999,10,50,0.7554495137929916,0.8184954226016998,0.15288862328165156,0.04756881237030029,0.012078885899391024,21.432709762768518
WQGAJwFwH0w,train,Dataset_Shard_0200000_0299999,10,50,0.5700338289141655,0.588773787021637,0.18667984281931368,0.12259484145790339,0.04710475230589509,14.660171919530944
WRYnLiiVC_o,train,Dataset_Shard_0200000_0299999,10,50,0.4684697511792183,0.5295459628105164,0.2570246549643425,0.1336704633757472,0.04801790008321404,15.113382551888197
WaNC6Haohmo,train,Dataset_Shard_0200000_0299999,10,50,0.6413906693458558,0.7543506324291229,0.23759488894068723,0.11301032908260822,0.03240460108965635,16.80620210420991
WomgOCKLrVc,train,Dataset_Shard_0200000_0299999,10,50,0.63650952398777,0.6609412431716919,0.09344484287353703,0.10214839033782482,0.03511112773790956,15.01280573659202
Wxgkda9YiHw,train,Dataset_Shard_0200000_0299999,10,50,0.29984713017940523,0.26785023510456085,0.1695152609844083,0.20131711095571517,0.08083520718850196,11.880327718457401
WzV4jMKBeew,train,Dataset_Shard_0200000_0299999,10,50,0.504443031847477,0.31395323574543,0.25986578437481667,0.1629415937140584,0.061886380361393094,13.84038861215522
X5tZRyCgJK8,train,Dataset_Shard_0200000_0299999,10,50,0.4938798528909683,0.49651244282722473,0.12857397224482908,0.14771894983947276,0.04970822617411613,13.840520685888942
X7orN2iRgls,train,Dataset_Shard_0200000_0299999,10,50,0.6648648917675019,0.7006092071533203,0.17079042066483843,0.07594748321920633,0.02080868461634964,18.245119807995977
XCsmC9bEuDg,train,Dataset_Shard_0200000_0299999,10,50,0.8301123882830143,0.8463359475135803,0.11273930305121939,0.05181714557111263,0.011967225610278546,20.73861954655364
XHK8f0jmGFw,train,Dataset_Shard_0200000_0299999,10,50,0.6809843611717225,0.7602649927139282,0.15529447272144498,0.10441823571920394,0.025626904191449286,16.76771678441907
XK0SUybge_0,train,Dataset_Shard_0200000_0299999,10,50,0.45998152762651445,0.4918968677520752,0.207107824333353,0.15389289356768132,0.057895189989358185,13.859908504498849
XRtazMBnC9Y,train,Dataset_Shard_0200000_0299999,10,50,0.732407905459404,0.7905412018299103,0.16716243937377387,0.0868078651279211,0.03127193962223828,15.994880540593504
XSkVffeCQ8c,train,Dataset_Shard_0200000_0299999,10,50,0.7275733184814454,0.715377002954483,0.17816214784339188,0.09927172942087054,0.03654889365658164,17.83023609890712
Xb5EGVKJPoI,train,Dataset_Shard_0200000_0299999,10,50,0.4186785835027695,0.3239213228225708,0.1759502938260927,0.16702192313969136,0.06284820176661014,12.496933600979578
XhaQLBKD6Sc,train,Dataset_Shard_0200000_0299999,10,50,0.3828389045596123,0.3698395937681198,0.15176557318501696,0.178728893622756,0.06658644480630756,12.24824893629075
Xkv0iBd50dQ,train,Dataset_Shard_0200000_0299999,10,50,0.6299542185664176,0.7163983285427094,0.19124057519523782,0.11957798808813096,0.044427480399608615,14.36785708158261
Xr0VL5ak2YA,train,Dataset_Shard_0200000_0299999,10,50,0.7108352828025818,0.7188009917736053,0.05455342010639462,0.08206650733947754,0.024370675273239613,16.333904226884258
Y1rsLA_zWpw,train,Dataset_Shard_0200000_0299999,10,50,0.6642032524943352,0.6993478536605835,0.14050851869619876,0.08773160219192505,0.02655715850647539,17.109242630138997
YLFEJ_74Qps,train,Dataset_Shard_0200000_0299999,10,50,0.503701511323452,0.48459355533123016,0.21595786633050693,0.1587752841413021,0.07361850222572684,12.61050175751337
YTTraNue048,train,Dataset_Shard_0200000_0299999,10,50,0.30560122668743134,0.24130617082118988,0.15594649648106867,0.1846379093825817,0.06214382505975664,12.71677628548804
YUA8cOH4wTA,train,Dataset_Shard_0200000_0299999,10,50,0.5617663598060608,0.5910693109035492,0.1501095113799371,0.11041546802967787,0.04227235333994031,14.394745099847093
Yg5Ssy3qkgQ,train,Dataset_Shard_0200000_0299999,10,50,0.41603974521160125,0.4154083728790283,0.17470650173305718,0.13601488448679447,0.04679629511199892,14.334918178038977
Ykj7lbApeTs,train,Dataset_Shard_0200000_0299999,10,50,0.7140665256977081,0.7114887833595276,0.1300182184864997,0.09322438577190041,0.03241175664123148,16.200317894863655
YweVXE4EVWM,train,Dataset_Shard_0200000_0299999,10,50,0.7192491102218628,0.7675331234931946,0.13194991304727655,0.06283308934420347,0.018305749418213963,19.147126136364992
Z3wah38KgoA,train,Dataset_Shard_0200000_0299999,10,50,0.7259099531173706,0.7234747111797333,0.09859718793533859,0.07138195669278502,0.018132254669908435,18.420586546774363
ZBsE2JWimj0,train,Dataset_Shard_0200000_0299999,10,50,0.5444712939858437,0.6214428246021271,0.20946045934434257,0.13119807947427034,0.05574457164853811,13.609879377241395
ZPGB4_jJCyc,train,Dataset_Shard_0200000_0299999,10,50,0.2858623053133488,0.2664072513580322,0.12055214030618995,0.17466756271198391,0.06041908029932529,12.834372716946909
Z_Nk-d3D3VI,train,Dataset_Shard_0200000_0299999,10,50,0.7828498136997223,0.7852055132389069,0.058879158010130196,0.04984253540635109,0.013963071955367922,19.529293129453446
ZbjWbqnnYyE,train,Dataset_Shard_0200000_0299999,10,50,0.6444051575660705,0.7159741818904877,0.1502001970503097,0.11062341146171092,0.036553203482180836,15.57020727619876
Zcn7rbz3Xqc,train,Dataset_Shard_0200000_0299999,10,50,0.6037016919255257,0.6780066788196564,0.21245519574864064,0.11360261298716068,0.04174421957693994,15.011335562702795
aIi6zkwglCM,train,Dataset_Shard_0200000_0299999,10,50,0.6546542793512344,0.8072879910469055,0.29312528456804493,0.10850734036415816,0.04251660303678364,18.35823131269589
aKAbodQ83uk,train,Dataset_Shard_0200000_0299999,10,50,0.7033525323867797,0.737073689699173,0.12750199086690459,0.09356653794646264,0.027114822934381663,17.081846742821224
aUad-7rZkQE,train,Dataset_Shard_0200000_0299999,10,50,0.8119224049150944,0.839692085981369,0.13934409072837978,0.05038019655272365,0.014808093246538192,20.467585548771048
aq7naPyd_ps,train,Dataset_Shard_0200000_0299999,10,50,0.7941594982147216,0.8561152815818787,0.17404117569405023,0.04794587163254618,0.013793212017044426,19.977855962946133
aykwHkSTKps,train,Dataset_Shard_0200000_0299999,10,50,0.5650440847873688,0.6458652019500732,0.21305081439165224,0.11894145956262946,0.039346485147252676,16.36215939906323
b4wQRPqpcHo,train,Dataset_Shard_0200000_0299999,10,50,0.4504424937069416,0.30222776532173157,0.2626568969646418,0.18407324496656657,0.08280671333777719,12.42450312298
b7nnK-iWh_s,train,Dataset_Shard_0200000_0299999,10,1,0.8136788010597229,0.8136788010597229,0.0,0.034264203161001205,0.007408292032778263,21.302819062229453
b7nnK-iWh_s,train,Dataset_Shard_0300000_0399999,10,49,0.7208225751409725,0.7556762099266052,0.12167582880871641,0.07588876677410943,0.025697442988047794,17.425054163174853
bDs_lr_2dpg,train,Dataset_Shard_0300000_0399999,10,50,0.8639012551307679,0.8888792395591736,0.10379539767073488,0.03676767723634839,0.008611092084320262,22.554622950085673
bGaEvKvZWas,train,Dataset_Shard_0300000_0399999,10,50,0.5101704010367394,0.6080866456031799,0.20209621048795165,0.14491065710783005,0.06499832505360245,12.726925650628417
bQ869A6Z27I,train,Dataset_Shard_0300000_0399999,10,50,0.2858350858092308,0.17737919092178345,0.20272503318872442,0.22956799425184726,0.09251263115555047,10.939365620593389
bf8S2Tnk5-c,train,Dataset_Shard_0300000_0399999,10,50,0.6534035634994507,0.664252370595932,0.12254279631499304,0.1424093597382307,0.036795989675447345,15.576830054737789
bkQ5uGu5qE8,train,Dataset_Shard_0300000_0399999,10,50,0.710532263815403,0.7552827894687653,0.2034611915023489,0.0732762310653925,0.019893407304771245,18.374272941935104
bnVPLUTCR7U,train,Dataset_Shard_0300000_0399999,10,50,0.495065715610981,0.4930677115917206,0.21980729976502308,0.14584327526390553,0.05703110160306096,13.552922452692417
btNRAupsVCA,train,Dataset_Shard_0300000_0399999,10,50,0.48845995277166365,0.5530976355075836,0.24228453942416572,0.14053375486284495,0.050994863361120225,14.152752596690515
c2Gd126Ko_w,train,Dataset_Shard_0300000_0399999,10,50,0.37048573419451714,0.3299809545278549,0.2333488781495769,0.19918452441692353,0.08510257126763462,11.667406378026906
c7Al1YuIwUI,train,Dataset_Shard_0300000_0399999,10,50,0.44268708616495134,0.305294930934906,0.2627650744400366,0.12793286673724652,0.03668900535907596,16.056009477110724
cCQSFjK9mhw,train,Dataset_Shard_0300000_0399999,10,50,0.8151098734140396,0.867256224155426,0.16911412921392846,0.0563449539244175,0.02122240879572928,21.36885402182264
cF3FypUIZhA,train,Dataset_Shard_0300000_0399999,10,50,0.6035858273506165,0.6174655854701996,0.15048432972601447,0.11398017592728138,0.04447796685621142,14.24290935038184
cFUZYGRYK94,train,Dataset_Shard_0300000_0399999,10,50,0.15886845871806143,0.15864065289497375,0.052882774211767486,0.2772361001372337,0.12238818623125552,9.2604549464187
cPcyix9lBG0,train,Dataset_Shard_0300000_0399999,10,50,0.5011243540048599,0.5075766742229462,0.10304144152080039,0.13019533060491084,0.04780889242887497,13.556828133870518
cQAkgnu0KNE,train,Dataset_Shard_0300000_0399999,10,50,0.7371755033731461,0.7635436356067657,0.12529166268299158,0.08581080205738545,0.02313659293577075,17.12340061063169
cTIbhq8KHSM,train,Dataset_Shard_0300000_0399999,10,50,0.5418058544397354,0.6278363168239594,0.24053354139018346,0.11603277247399092,0.03733680476434529,15.41204536223137
ciLvB2zwaOE,train,Dataset_Shard_0300000_0399999,10,50,0.5995849370956421,0.611199140548706,0.1526576656466097,0.12993059936910867,0.0453533343039453,14.586479202309974
ck3jZjhnQ84,train,Dataset_Shard_0300000_0399999,10,50,0.6918938282132149,0.7764218151569366,0.19823546068148534,0.0897576387412846,0.028949528760276736,18.392159519377365
cqUD7jK9olE,train,Dataset_Shard_0300000_0399999,10,50,0.47244117021560667,0.4976624995470047,0.2325836322195301,0.1554873200878501,0.06459915220737457,13.754063305640019
cxKVZ0NO0V4,train,Dataset_Shard_0300000_0399999,10,50,0.6833378750085831,0.6931166052818298,0.1084064314960929,0.10171365924179554,0.03268718371167779,15.791050596877579
d21L6jFe6C8,train,Dataset_Shard_0300000_0399999,10,50,0.5453504398465157,0.5431659817695618,0.13425982731300803,0.14245970495045185,0.04922858467325568,14.069492802848737
d9IvvjcFxp8,train,Dataset_Shard_0300000_0399999,10,50,0.815317131280899,0.8684059083461761,0.13874001815669929,0.06288110475987196,0.027378529580309986,17.5381189694769
dadeCjt1zZ8,train,Dataset_Shard_0300000_0399999,10,50,0.5408332341909409,0.5513535141944885,0.1078629015874323,0.1291126424074173,0.05224551136605442,13.747237751458684
dpttD5WWzs0,train,Dataset_Shard_0300000_0399999,10,50,0.6015616442263126,0.6070417165756226,0.12297207077998075,0.12608972243964672,0.04013102620840073,14.516316508021108
dtf0Qt8rCPE,train,Dataset_Shard_0300000_0399999,10,50,0.5692042070627212,0.559493213891983,0.13967640691864705,0.12828110154718161,0.04387179110199213,14.582034703302401
e63J3OFgS7M,train,Dataset_Shard_0300000_0399999,10,50,0.6743806302547455,0.6822434067726135,0.1302815496165247,0.10885124024003744,0.03404516615672037,15.85487646288039
eAyLA25v2ls,train,Dataset_Shard_0300000_0399999,10,50,0.3546039028465748,0.277118444442749,0.22460051066775283,0.18551008366048335,0.07349755201488734,12.570169365928884
eC9gwP4mNPQ,train,Dataset_Shard_0300000_0399999,10,50,0.3533424010872841,0.3518984168767929,0.19993856518359912,0.19373620830476285,0.07604483971372247,12.054050286986808
ePQhPKVW2vk,train,Dataset_Shard_0300000_0399999,10,50,0.48094532668590545,0.5179169178009033,0.2032052587988249,0.18861568331718445,0.0853219404630363,12.395899862874467
eVYUkO383bM,train,Dataset_Shard_0300000_0399999,10,50,0.6124509939551354,0.6474386751651764,0.18653447701802978,0.11691866599023343,0.041081981053575876,15.394374380963438
eg5ydF06A9U,train,Dataset_Shard_0300000_0399999,10,50,0.7109348621964454,0.7199447154998779,0.09720564725005817,0.0859887434542179,0.03682622696273029,14.877759927385618
euGB9ACrIrg,train,Dataset_Shard_0300000_0399999,10,50,0.5690191328525543,0.6185464262962341,0.17353758395191643,0.12108021110296249,0.04374713095836341,14.818263817799242
f10cdSfKzdc,train,Dataset_Shard_0300000_0399999,10,50,0.3732307434082031,0.2015683650970459,0.2192655586858572,0.16936575777828694,0.06226236447691917,12.972567017388563
fGK4CtMVIGk,train,Dataset_Shard_0300000_0399999,10,50,0.6876745218038559,0.7327951788902283,0.181627732547186,0.08947511052712798,0.03502104941755533,15.753647777062922
fJ0BU_4rY28,train,Dataset_Shard_0300000_0399999,10,50,0.47782076716423033,0.5252223610877991,0.23333643110541602,0.1551263403147459,0.056042950600385666,13.380890667426442
fM0ea2tSBNQ,train,Dataset_Shard_0300000_0399999,10,50,0.49988991737365723,0.3762771636247635,0.23508160184596832,0.12158180648460984,0.04089562149485573,16.01444691681921
fVXYoBINHcs,train,Dataset_Shard_0300000_0399999,10,50,0.44969948023557665,0.44599854946136475,0.1448400881036742,0.1873960456252098,0.08269278418272734,11.394496868361871
fcmXnubsug8,train,Dataset_Shard_0300000_0399999,10,50,0.4341585835814476,0.3150918036699295,0.2134823942360964,0.18654525958001614,0.06977130350656807,13.034626710589954
fj1Kji79nQ8,train,Dataset_Shard_0300000_0399999,10,50,0.617440205514431,0.6775093078613281,0.2388151821250466,0.13449094094336034,0.0613933992665261,13.517864020390595
g0YkYrnLS_A,train,Dataset_Shard_0300000_0399999,10,50,0.5227303801476956,0.5218717753887177,0.22301410954748366,0.1745282132178545,0.0795482875034213,12.783095598764948
g6LFKsNbbnw,train,Dataset_Shard_0300000_0399999,10,50,0.5165714150667191,0.3956070989370346,0.1894182442819173,0.160480502396822,0.06269270312041045,12.393827397363102
gFTV_Kjw3OE,train,Dataset_Shard_0300000_0399999,10,50,0.6870483070611954,0.7137565016746521,0.13381248545173477,0.0846821290254593,0.02997702705208212,16.808941510094755
gKgHFMHDn3g,train,Dataset_Shard_0300000_0399999,10,50,0.4055596178770065,0.3401900827884674,0.15276683977248356,0.18592299938201903,0.06693140625953674,12.494480662093551
gQW3RFC0ofo,train,Dataset_Shard_0300000_0399999,10,50,0.5533177369832992,0.6958179473876953,0.29160712862607524,0.10813593121245503,0.03749498222954571,16.416124742003454
gQmCY2PXvtQ,train,Dataset_Shard_0300000_0399999,10,50,0.695583564043045,0.693164587020874,0.148421404844787,0.09174382131546736,0.03278555635828525,16.191358326732477
gRZZVFAq8-s,train,Dataset_Shard_0300000_0399999,10,50,0.509445863366127,0.5371088981628418,0.18621756407397075,0.12193356327712536,0.03982640499249101,14.885289144171086
gZNb0Jwiu7c,train,Dataset_Shard_0300000_0399999,10,50,0.4528291618824005,0.48119933903217316,0.16867524844649195,0.15039346382021904,0.04795155353844166,14.020409294565583
gcMtz5Gyj2A,train,Dataset_Shard_0300000_0399999,10,50,0.8814746189117432,0.8797781765460968,0.03581976363573839,0.032985079530626536,0.007905595717020333,21.959313786859855
gcsbxVIuYr4,train,Dataset_Shard_0300000_0399999,10,50,0.4109574043750763,0.39855310320854187,0.10939766461294258,0.11027689985930919,0.03315048512071371,15.40809644437692
gdh2-9qm8fE,train,Dataset_Shard_0300000_0399999,10,50,0.7193835794925689,0.7277993559837341,0.07580239247512195,0.09293738525360823,0.03736501658335328,14.972825286287277
gpSJUuKG1rY,train,Dataset_Shard_0300000_0399999,10,50,0.6036678439378739,0.6609296798706055,0.1760779707659866,0.11727686416357756,0.040946663450449707,14.934122011462938
gtUBWqX0ceM,train,Dataset_Shard_0300000_0399999,10,50,0.4252260109782219,0.29527364671230316,0.24343896706768098,0.18546092092990876,0.07379287460818887,12.724009955961046
h6yjx26N9WE,train,Dataset_Shard_0300000_0399999,10,50,0.668762109875679,0.689790815114975,0.14802588864675545,0.08957535091787577,0.03308765215333551,17.357658926089915
hT-ia0Oj-VE,train,Dataset_Shard_0300000_0399999,10,50,0.21327809125185013,0.20225103944540024,0.08921621822643161,0.21575466439127922,0.08188963711261749,11.320337157612244
haSfscv0K_Q,train,Dataset_Shard_0300000_0399999,10,50,0.5509616187214852,0.6287328898906708,0.19473112196834177,0.13722452618181705,0.05620894565246999,13.430650596869604
hds-48OBLUc,train,Dataset_Shard_0300000_0399999,10,50,0.75123140335083,0.7312406301498413,0.09688545418874611,0.05895681533962488,0.016330147935077546,19.200313038733007
hgp1tH8T4qA,train,Dataset_Shard_0300000_0399999,10,50,0.7615917319059372,0.8134689331054688,0.19940972592100795,0.06741219107061625,0.024629484764300286,17.72910717081319
hw40llsYXWQ,train,Dataset_Shard_0300000_0399999,10,50,0.5799381622672081,0.6483453214168549,0.19606473184829645,0.1305891752243042,0.05091701385565102,14.062752007542167
hyxtYzAFcv8,train,Dataset_Shard_0300000_0399999,10,50,0.5283857095241546,0.5830307006835938,0.1598892706926279,0.10484475828707218,0.02729143377393484,16.658995609844343
iNEWcQaXeKw,train,Dataset_Shard_0300000_0399999,10,50,0.16298501566052437,0.15083137899637222,0.06994175632278829,0.257433577477932,0.11259952500462532,9.600604626161443
if7qojtGe5U,train,Dataset_Shard_0300000_0399999,10,50,0.5395609314739704,0.6791663765907288,0.29455062003788435,0.1332567574083805,0.05852934088557959,14.109298875131442
ij9lUf2EqLQ,train,Dataset_Shard_0300000_0399999,10,50,0.6718623465299607,0.6876743733882904,0.20278560044292968,0.06853753175586462,0.02348339229240082,17.957502139756304
ijkiYD_qvrI,train,Dataset_Shard_0300000_0399999,10,50,0.44797183260321616,0.4285682439804077,0.26562336076969334,0.19302506420761348,0.0778320871014148,13.188818792813104
ir37UNwA0L8,train,Dataset_Shard_0300000_0399999,10,50,0.674136312007904,0.7276833653450012,0.2124559599414613,0.10649659812450409,0.03406602141913027,17.825179598407864
ivKq1LrQnIw,train,Dataset_Shard_0300000_0399999,10,50,0.5766768315434456,0.6375158131122589,0.20007325813449894,0.15119328681379557,0.0553655356541276,13.784067055432256
j9xytCxCRas,train,Dataset_Shard_0300000_0399999,10,50,0.6289149779081344,0.7510206401348114,0.20385045429944104,0.08392754342406988,0.02532144136261195,17.518134057008147
jOYC6mxNnOU,train,Dataset_Shard_0300000_0399999,10,50,0.37012660764157773,0.2808557152748108,0.2708563666054923,0.15514342878013848,0.052313950462266806,13.81625954019021
jTsp_AmBAo0,train,Dataset_Shard_0300000_0399999,10,50,0.5505116890370846,0.6556877493858337,0.26947709557940364,0.14100140349939466,0.05705718174343929,16.218802236564535
jYXIs1jlomo,train,Dataset_Shard_0300000_0399999,10,50,0.7663999098539352,0.8059905171394348,0.10266883836652657,0.06873306833207607,0.030568853029981257,15.959923475630443
jaAfalvJdzs,train,Dataset_Shard_0300000_0399999,10,50,0.5626793795824051,0.782933920621872,0.30474269011981187,0.1351573212444782,0.06210395504254848,17.216483671587493
jlS3u6WQJ0k,train,Dataset_Shard_0300000_0399999,10,50,0.442646304666996,0.4121761620044708,0.1394492658071279,0.1576885974407196,0.05663938757032156,13.071932891282893
joZScleEqcM,train,Dataset_Shard_0300000_0399999,10,50,0.629809616804123,0.796675443649292,0.2909306543058706,0.10143127363175154,0.04220299773849547,16.39247453293057
jsECb6fwYeM,train,Dataset_Shard_0300000_0399999,10,50,0.5815808537602425,0.6182121336460114,0.1891216310972148,0.1267200618982315,0.042856827359646556,14.98247115950767
kOD48vrvC9c,train,Dataset_Shard_0300000_0399999,10,50,0.5619370567798615,0.6113766431808472,0.16641199968279588,0.13067925907671452,0.04829044667072594,14.007679442035199
kTz4ixn3FNQ,train,Dataset_Shard_0300000_0399999,10,50,0.3756760141253471,0.3253258913755417,0.15838735577273058,0.18990480728447437,0.0695439544506371,12.329308376206198
kkSQWC1v0Zs,train,Dataset_Shard_0300000_0399999,10,50,0.557166947722435,0.5639715194702148,0.11123801879027999,0.12382391229271889,0.04641165414825082,14.129570423597015
kmoiuVMBrJg,train,Dataset_Shard_0300000_0399999,10,50,0.5468427020311356,0.5223301351070404,0.18751952239825356,0.12612935550510884,0.049631572403013705,14.47151662508274
kwXkEFlx1Q4,train,Dataset_Shard_0300000_0399999,10,50,0.26545110493898394,0.20472969859838486,0.1708824054800682,0.23698063064366579,0.10042517197318375,10.68128589402885
kx4_1AOBE18,train,Dataset_Shard_0300000_0399999,10,50,0.7565725535154343,0.8521682918071747,0.172543444067437,0.060636417446658014,0.018166873769368975,20.86845554354404
lEgp6oBfREo,train,Dataset_Shard_0300000_0399999,10,50,0.6692357259988785,0.686942458152771,0.10708505791370397,0.08987192317843437,0.0277398438192904,15.995854744235334
lMNq15l1QT0,train,Dataset_Shard_0300000_0399999,10,50,0.5258205395936966,0.5818307399749756,0.19357397537015877,0.1367292232811451,0.05509806346148252,13.90829979146099
lOe0gTapJ1k,train,Dataset_Shard_0300000_0399999,10,50,0.6158160996437073,0.602148175239563,0.14282555163036073,0.09013978566974401,0.022858976242132484,17.435160917815473
lRBRTysHyrA,train,Dataset_Shard_0300000_0399999,10,50,0.3893626923859119,0.30732500553131104,0.19837128956839425,0.20470832221210003,0.08639280568808318,11.91848980994812
lpi9Yuj2Lk_,train,Dataset_Shard_0300000_0399999,10,50,0.49345223933458326,0.49950768053531647,0.14600950595977982,0.1349790707230568,0.04219616338610649,14.68701389083541
ltNtwExtVa4,train,Dataset_Shard_0300000_0399999,10,50,0.49349381536245346,0.548633873462677,0.22596367217144472,0.2073853950202465,0.1121105582267046,10.816339000679637
m6Nb2qOf30Y,train,Dataset_Shard_0300000_0399999,10,50,0.4166140225529671,0.3992607146501541,0.14513900643237354,0.13435362733900547,0.04133027454838157,14.517063245046689
m8cxfdV2LB4,train,Dataset_Shard_0300000_0399999,10,50,0.5823977118730546,0.6540873050689697,0.1862154542256071,0.12119888596236705,0.04211838060989976,14.700787354501186
mFrrmh9euA4,train,Dataset_Shard_0300000_0399999,10,50,0.5940402340888977,0.6017420589923859,0.10689889044574666,0.13927554130554198,0.052244234569370746,13.345436881636186
n-F9z5TA1vE,train,Dataset_Shard_0300000_0399999,10,50,0.5703423768281937,0.5712361335754395,0.11966423502564166,0.1064150045067072,0.03387478224001825,15.520726360021083
n0gRomV5Gnk,train,Dataset_Shard_0300000_0399999,10,50,0.7280800324678421,0.7556540966033936,0.13547007750423037,0.08273476261645556,0.030552282365970313,16.870048423621856
n1jA2GVDa-o,train,Dataset_Shard_0300000_0399999,10,50,0.7964035496115685,0.8439500629901886,0.1257025882039322,0.049466747846454384,0.01727269501890987,18.781819178873505
n7YqEWvxyrA,train,Dataset_Shard_0300000_0399999,10,50,0.2920778547227383,0.2317839041352272,0.18479666683549137,0.23167454019188882,0.09869756676256657,10.814371095271962
nNJK2P8gqPA,train,Dataset_Shard_0300000_0399999,10,50,0.7220939445495606,0.7847699224948883,0.1638214651302484,0.07457722153514623,0.023252010457217694,18.39458803852131
nNo4Kzvf548,train,Dataset_Shard_0300000_0399999,10,50,0.6533480924367905,0.816948652267456,0.2866320928982932,0.11351188780739903,0.05540988123510033,15.458419041482198
ncZh6hd-xIk,train,Dataset_Shard_0400000_0499999,10,50,0.5461040204763412,0.6931653916835785,0.23976130050145644,0.10401768382638693,0.029788392493501306,16.241498738760853
ng40P4mMO3s,train,Dataset_Shard_0400000_0499999,10,50,0.3262553212791681,0.2034141719341278,0.2353085481494458,0.22346384361386298,0.0973032265342772,11.111674437207364
nhbz8VTchUE,train,Dataset_Shard_0400000_0499999,10,50,0.554193289577961,0.5634806156158447,0.15659802391550545,0.11727094247937203,0.03970635151490569,14.86434068931272
nvGSZykPC-E,train,Dataset_Shard_0400000_0499999,10,50,0.7360255727171898,0.7782449424266815,0.18877476701210735,0.073964359536767,0.028329547410830856,18.561640042449582
o4fPTM4nXHA,train,Dataset_Shard_0400000_0499999,10,50,0.7563435924053192,0.7556415796279907,0.074470487830329,0.05807212721556425,0.015804989081807434,18.72154073907221
oLt2YHQmxyo,train,Dataset_Shard_0400000_0499999,10,50,0.5551416406035423,0.5506257712841034,0.20200926823663617,0.1107155578956008,0.03624427141621709,16.660529312855978
oN1DmJvfFYU,train,Dataset_Shard_0400000_0499999,10,50,0.5538372573256493,0.6041515171527863,0.17375955959796363,0.12676343217492103,0.03947742915712297,14.846936240277655
oOmQQ_LW06o,train,Dataset_Shard_0400000_0499999,10,50,0.5770963990688324,0.6086970865726471,0.17355980340574576,0.10405655235052108,0.029634338952600956,16.113546949853557
oXwNFZng37M,train,Dataset_Shard_0400000_0499999,10,50,0.7565205693244934,0.7993046343326569,0.13075755356208552,0.06961989216506481,0.022074892329983414,17.98308081611284
oYJk9jqnp5E,train,Dataset_Shard_0400000_0499999,10,50,0.5100131726264954,0.4383805841207504,0.19777840172967748,0.12970792278647422,0.04970682706683874,14.829104330852008
odXf_O2kwg8,train,Dataset_Shard_0400000_0499999,10,50,0.24316529072821141,0.1877816542983055,0.15642984688930425,0.3512024641036987,0.21338586203753948,7.438060360413722
oeJE10KLFIk,train,Dataset_Shard_0400000_0499999,10,50,0.6694692116975784,0.6749261319637299,0.09450234754770245,0.08654478952288627,0.028600836358964443,16.476267850213485
og-5KsPqZrA,train,Dataset_Shard_0400000_0499999,10,50,0.3171331222355366,0.17933443188667297,0.24841571939905055,0.18092260010540484,0.06756554698571562,12.95703470885278
oli_KZ4buY_,train,Dataset_Shard_0400000_0499999,10,50,0.8285710233449936,0.8448569476604462,0.10058136514962118,0.053438179828226566,0.024666041652671993,17.681221342403656
ooRkX9iO-V8,train,Dataset_Shard_0400000_0499999,10,50,0.7183944606781005,0.7179992496967316,0.1000021446346206,0.08788023116067052,0.026193092605099083,16.942986690055854
pGv2v2SSQY0,train,Dataset_Shard_0400000_0499999,10,50,0.7966753399372101,0.8008051812648773,0.1437997581393389,0.0502555413171649,0.012046194252325221,21.32300163689285
pLCE_Kc3_rs,train,Dataset_Shard_0400000_0499999,10,50,0.41107556834816933,0.30923105776309967,0.23717572881384688,0.1471842112392187,0.05174825546331704,14.25173647857052
paTT6mFga2A,train,Dataset_Shard_0400000_0499999,10,50,0.5547488978505135,0.5728216171264648,0.17851323448635326,0.12259388104081154,0.04579103949479759,14.991039910835843
ph67f1KcoCc,train,Dataset_Shard_0400000_0499999,10,50,0.6314173778891563,0.7730598449707031,0.26069093960876616,0.11603060767054557,0.03892293311888352,16.469551409618234
phc99Ienk8Q,train,Dataset_Shard_0400000_0499999,10,50,0.7602579537034034,0.8194038271903992,0.1603558853661214,0.07450624542310834,0.021840364714153113,19.30628129634936
py87QzHSZHg,train,Dataset_Shard_0400000_0499999,10,50,0.5257635766267776,0.47943632304668427,0.19208857724630665,0.13984541062265635,0.045856991857290266,14.504186025110615
q4vz6MTv3g8,train,Dataset_Shard_0400000_0499999,10,50,0.6741100055724383,0.8383439183235168,0.31554193973121225,0.08726259101182222,0.03475893363589421,18.555634348324798
qBFGirFLB38,train,Dataset_Shard_0400000_0499999,10,50,0.49209684669971465,0.4949984550476074,0.09850139414595456,0.13864570811390878,0.0572462559863925,12.822570256151561
qJHtaMqYzd8,train,Dataset_Shard_0400000_0499999,10,50,0.7370116513967514,0.7627882063388824,0.13367151555208803,0.07510303288698196,0.02614583494607359,16.878573316505047
qUEhPbkqz0w,train,Dataset_Shard_0400000_0499999,10,50,0.5571553140878678,0.6041406095027924,0.14844329506720108,0.17616598032414912,0.06242133300751448,12.572875534924494
qkQttwJ0DEY,train,Dataset_Shard_0400000_0499999,10,50,0.7079658126831054,0.7218467891216278,0.09261888762448385,0.07235534392297267,0.021748555256053806,17.110522563307107
qnLfS6_QOQc,train,Dataset_Shard_0400000_0499999,10,50,0.7859786266088485,0.8138570487499237,0.10048288948851286,0.06818212322890758,0.03049429734237492,16.336876396366623
qs-2SwlcufA,train,Dataset_Shard_0400000_0499999,10,50,0.5466219583153724,0.5572049617767334,0.16723230369376318,0.1400027696788311,0.05314165392890573,13.6210401318437
qxwqNmXb_pM,train,Dataset_Shard_0400000_0499999,10,50,0.8526286721229553,0.8695317804813385,0.07839840095848578,0.04969630982726812,0.012033152393996716,20.709202198817543
rJL6f0C3zVk,train,Dataset_Shard_0400000_0499999,10,50,0.25951259434223173,0.18801730126142502,0.15869644841305652,0.19683557003736496,0.07315531553700566,12.017743520194417
rLlr1JgTkDk,train,Dataset_Shard_0400000_0499999,10,50,0.7874902474880219,0.7895835638046265,0.0800257854352736,0.06408471155911684,0.02188509389292449,17.524485273659362
rYzVEZZO83c,train,Dataset_Shard_0400000_0499999,10,50,0.3409742064774036,0.31155693531036377,0.15700860833214061,0.13975276254117489,0.042936347760260105,14.359911388638912
rx9tSu1wTeY,train,Dataset_Shard_0400000_0499999,10,50,0.7141136157512665,0.7757329046726227,0.1996404200875404,0.07705194931477308,0.02092156924540177,20.16480770422062
sAhIK9HKTqs,train,Dataset_Shard_0400000_0499999,10,50,0.7270685507357121,0.8204086124897003,0.2411682759741074,0.06475131572224199,0.016346567280124874,19.811072026034857
sBLH1z63TGw,train,Dataset_Shard_0400000_0499999,10,50,0.6260022914409638,0.6018402576446533,0.14626073747250729,0.1286413047835231,0.036000998065574094,15.965592829610742
sMUdNbpJLWw,train,Dataset_Shard_0400000_0499999,10,50,0.5695235627889633,0.5804450213909149,0.24493376735287062,0.1384036013111472,0.06131324514746666,14.914407018829674
sTE1jXTBt6s,train,Dataset_Shard_0400000_0499999,10,50,0.5929288509488105,0.6026214063167572,0.14260040051457382,0.09268595214933156,0.025690269633196296,16.630193116661083
snGQA5LPehE,train,Dataset_Shard_0400000_0499999,10,50,0.6806690832972526,0.7599258422851562,0.18953689819549915,0.08961522731930018,0.029666793728247286,17.425004671527752
soqNFAIhsEA,train,Dataset_Shard_0400000_0499999,10,50,0.21638715595006944,0.1363813579082489,0.2027922707985443,0.23895171768963336,0.10135044181719423,10.504943669162342
tKpQA-YM5qw,train,Dataset_Shard_0400000_0499999,10,50,0.39698580771684644,0.35852308571338654,0.23895738864093882,0.18204108580946923,0.07810629731044173,12.163750610476933
tMUc1b6NHsk,train,Dataset_Shard_0400000_0499999,10,50,0.439480764567852,0.45854417979717255,0.2076464892469351,0.16675062596797943,0.0629097133129835,12.643658938039273
tTHpaGSDRCA,train,Dataset_Shard_0400000_0499999,10,50,0.6990522915124893,0.7336553335189819,0.12556389276065388,0.0849713347479701,0.020541290128603576,18.666545299115466
tVK6t2vfa6g,train,Dataset_Shard_0400000_0499999,10,50,0.7729328846931458,0.7871695756912231,0.10079211300704963,0.056166830472648144,0.016523366945330055,19.81917367073666
t_qmGs9IgK4,train,Dataset_Shard_0400000_0499999,10,50,0.24075727477669717,0.18461857736110687,0.12800907025485314,0.24185710102319719,0.0944697174988687,10.682953360788499
trD-QUe4ZNU,train,Dataset_Shard_0400000_0499999,10,50,0.6907383465766906,0.7973765730857849,0.19164036584653318,0.06704480974003672,0.020735348165035247,18.547301647463634
twyPRvVFhZM,train,Dataset_Shard_0400000_0499999,10,50,0.5658109107613564,0.7065467834472656,0.25266148207465194,0.11882828596979379,0.0418835352640599,15.473392117168736
uJLCrvIrjqA,train,Dataset_Shard_0400000_0499999,10,50,0.6095438307523727,0.6726905703544617,0.2159616809703917,0.12702853679656984,0.04318170295795426,16.082554668458574
uNQDRZz4TUU,train,Dataset_Shard_0400000_0499999,10,50,0.5283070094883442,0.5786972939968109,0.23372520974228164,0.14021960712969303,0.04795097129419446,14.57354153282407
udsPZ1WnDLY,train,Dataset_Shard_0400000_0499999,10,50,0.7748976534605027,0.8161769509315491,0.13276842935428904,0.04649503564462066,0.011323954937979578,20.465002680142028
ui7IAukQXtI,train,Dataset_Shard_0400000_0499999,10,50,0.6681678515672683,0.6778909862041473,0.12246845980967608,0.09594106163829565,0.029888748228549956,16.371923386063823
ujOANeD1dtA,train,Dataset_Shard_0400000_0499999,10,50,0.14694350741803647,0.13108789920806885,0.06445694795220756,0.18326378002762794,0.06334182143211364,12.185263830224981
ukBG8k6dca4,train,Dataset_Shard_0400000_0499999,10,50,0.14762408465147017,0.12533480674028397,0.062036445479375965,0.21611656963825226,0.07814028836786747,11.281246402079638
ukn-1au2zeM,train,Dataset_Shard_0400000_0499999,10,50,0.4031415233016014,0.34184741973876953,0.18437149966831023,0.178349294885993,0.07088885790668428,13.273843997578826
uu2DI2YM5VY,train,Dataset_Shard_0400000_0499999,10,50,0.2684438988566399,0.19009065628051758,0.20618333759230306,0.21929424554109572,0.09044031603261829,11.39621174148145
uwuY48k-xus,train,Dataset_Shard_0400000_0499999,10,50,0.4370990580320358,0.44062483310699463,0.2338195392593631,0.13201713308691979,0.04170392440166324,15.007677527359418
uyHdKE2S3m8,train,Dataset_Shard_0400000_0499999,10,50,0.5849266746640205,0.5909555554389954,0.1631190689478537,0.12753558687865735,0.04191798800602555,14.818223179920933
vCp0mrZdlmU,train,Dataset_Shard_0400000_0499999,10,50,0.6535199522972107,0.6595336198806763,0.14775407155136153,0.10454162128269673,0.02900008493103087,16.158292343532715
vNuWxJankEQ,train,Dataset_Shard_0400000_0499999,10,50,0.7420778307318687,0.7900525331497192,0.15381799744877483,0.07364474561065436,0.022051310169044883,18.748521436987343
vrgv_E5pDII,train,Dataset_Shard_0400000_0499999,10,50,0.5618805056810379,0.6398832499980927,0.1884733163856784,0.12141034044325352,0.04866701469756663,14.423333734940375
vwz7M5xbztM,train,Dataset_Shard_0400000_0499999,10,50,0.4910720527917147,0.4598742872476578,0.18840738175835775,0.20734582643955946,0.08930313327349722,12.51064406903494
w40fRDQNQo4,train,Dataset_Shard_0400000_0499999,10,50,0.6519388580322265,0.7451256215572357,0.20149278431571208,0.08801840007305145,0.02316838325932622,18.13029890929031
wNvrCt-FlUo,train,Dataset_Shard_0400000_0499999,10,50,0.3238022044301033,0.27038441598415375,0.15381633472451803,0.17535855390131475,0.07018540367484093,12.081567181561871
wXHNYyQIIA_,train,Dataset_Shard_0400000_0499999,10,50,0.837677501887083,0.9165302217006683,0.227462977869874,0.05800372589379549,0.023063240577466785,22.72167422921017
wXQHg2GbOv4,train,Dataset_Shard_0400000_0499999,10,50,0.8751559376716613,0.8998476564884186,0.08144913334086343,0.037504334710538385,0.0088530431909021,22.876755929592218
wZIPPpbh3_c,train,Dataset_Shard_0400000_0499999,10,50,0.6486466500163078,0.6925690770149231,0.13543562059513495,0.09018209710717201,0.03342234194278717,15.367152817629284
wi-keYwDk1s,train,Dataset_Shard_0400000_0499999,10,50,0.656571224629879,0.7410096824169159,0.23738850942459497,0.07672911904752254,0.025846369690261783,18.90991926130132
wt0RIrkrfY_,train,Dataset_Shard_0400000_0499999,10,50,0.4255861705541611,0.311972439289093,0.18664958375685026,0.1810328984260559,0.08391369860619306,11.2888578760002
xHaiHZ9xq9s,train,Dataset_Shard_0400000_0499999,10,50,0.5234480600059033,0.5835636258125305,0.23498070711707045,0.14259220384061336,0.0628766486607492,13.008820044097014
xKtXanP9FYk,train,Dataset_Shard_0400000_0499999,10,50,0.7140318742394447,0.7613540291786194,0.19741224813383404,0.08670809894800185,0.03213943826965988,17.234121985579556
xLp8iOxXFxo,train,Dataset_Shard_0400000_0499999,10,50,0.560424217581749,0.5662674307823181,0.18750340136131707,0.11465589854866266,0.037146965404972435,15.529623973427851
xVaf2MFNbnY,train,Dataset_Shard_0400000_0499999,10,50,0.701046547293663,0.707385927438736,0.0903277262557793,0.07718070633709431,0.026446955231949686,16.50252359734184
xjdsZdUofoU,train,Dataset_Shard_0400000_0499999,10,50,0.49954735338687895,0.5269723832607269,0.14560632552364838,0.15980958696454764,0.07607013464905321,12.402457092607692
yQGj3B57_Iw,train,Dataset_Shard_0400000_0499999,10,50,0.7117757803201675,0.7569902241230011,0.11683350373130619,0.08080917943269014,0.024265362601727247,17.084003698290886
yR15HSy2iYM,train,Dataset_Shard_0400000_0499999,10,50,0.694968501329422,0.7096116542816162,0.10154449548134115,0.08523082435131073,0.023530351091176273,17.092583320486114
ybDcIfdcUVU,train,Dataset_Shard_0400000_0499999,10,50,0.6210839085280895,0.797471821308136,0.3208838272968792,0.10741040039807558,0.039217539280653,17.446840247965792
ytmhoYpa1ws,train,Dataset_Shard_0400000_0499999,10,50,0.4646510520577431,0.38970401883125305,0.2130140169481747,0.17246559128165245,0.07536203459370881,12.748261123685559
z06sgpMVS10,train,Dataset_Shard_0400000_0499999,10,50,0.851202557682991,0.8652677834033966,0.10704197143711021,0.036985065061599015,0.008270393216516823,22.551267899143735
z3mVtH-Jqw4,train,Dataset_Shard_0400000_0499999,10,50,0.6846933209896088,0.7582298815250397,0.1599311642621786,0.07848055582493543,0.022732001347467303,17.40280367190147
z4KIYSXA8OY,train,Dataset_Shard_0400000_0499999,10,50,0.722048020362854,0.7493633329868317,0.10743292516970386,0.10172719687223435,0.03429694388993085,15.436720140207303
z4eQhv4jhsU,train,Dataset_Shard_0400000_0499999,10,50,0.43367907151579854,0.41835491359233856,0.24514984549552774,0.16435617372393607,0.06390057201497257,13.414260193218979
zAmGTHQ8LUI,train,Dataset_Shard_0400000_0499999,10,50,0.6703078919649124,0.6927879452705383,0.12249805974393245,0.09642370156943798,0.03642782779410481,15.36414686787022
zHW35Y8ghrY,train,Dataset_Shard_0400000_0499999,10,50,0.7127428770065307,0.725239634513855,0.09503747604874414,0.06933096673339606,0.018377789645455778,17.993736240645394
zUXPNRKCJqk,train,Dataset_Shard_0400000_0499999,10,50,0.6800939854979515,0.7131087183952332,0.16496351578263319,0.08796467710286379,0.029542509401217103,16.925265016356395
zXVq4sDkwEQ,train,Dataset_Shard_0400000_0499999,10,50,0.6579089254140854,0.776954174041748,0.22738930522903653,0.06540809318423271,0.017050228726584463,19.48622861560954
za-_NYW8Mjo,train,Dataset_Shard_0400000_0499999,10,50,0.4874840593338013,0.4940714091062546,0.19828225391469306,0.14114431388676166,0.05626139521598816,13.632386615156042
zbn9xbXTC00,train,Dataset_Shard_0400000_0499999,10,50,0.6802373850345611,0.6974176168441772,0.12415087235316924,0.07435167051851749,0.019137655259110032,17.93511077775216
zjbMfssb9tU,train,Dataset_Shard_0400000_0499999,10,50,0.6204457727074623,0.646082878112793,0.1546068644553454,0.0909095099568367,0.0331305705010891,16.133475704864615
zo9h0PqVn-U,train,Dataset_Shard_0400000_0499999,10,50,0.4263607156276703,0.42623044550418854,0.15630822616797532,0.17441451504826547,0.06707523744553327,12.419600217772157
zsbl6oa5pGQ,train,Dataset_Shard_0400000_0499999,10,26,0.16927771814740622,0.13514822721481323,0.08817586871523073,0.2557581230424918,0.10904386102293546,9.955146742474698
zsbl6oa5pGQ,train,Dataset_Shard_0500000_0599999,10,24,0.23145348392426968,0.20062831789255142,0.09986997315446657,0.2025271641711394,0.08184195635840297,11.307946076459507
0xr9UkXgp2E,val,Dataset_Shard_0000000_0099999,10,50,0.4940436692535877,0.5313062369823456,0.23688242869956136,0.16813833594322206,0.07190062815789133,13.04152938068637
24jIoFvJ_7o,val,Dataset_Shard_0000000_0099999,10,50,0.45993828877806664,0.4442841708660126,0.15496903459550804,0.15761690810322762,0.05269023710861802,13.365253438748686
2RUNdnb2B1w,val,Dataset_Shard_0000000_0099999,10,50,0.6199871158599853,0.6272980570793152,0.14417840242643654,0.10883798565715551,0.03638526943512261,15.970684184682503
3HZMLSYtFEM,val,Dataset_Shard_0000000_0099999,10,50,0.4003522408008575,0.29463091492652893,0.191487698225745,0.21877239778637886,0.09746746740303934,11.625976649732387
3PHrXAE7new,val,Dataset_Shard_0000000_0099999,10,50,0.6680123803019523,0.7482176125049591,0.20134494396833386,0.10864272315055132,0.03808613479137421,15.794114782533129
4Djb4L_VGIU,val,Dataset_Shard_0000000_0099999,10,50,0.5396401339769363,0.5352214574813843,0.11789867341491864,0.15185045063495636,0.05182763040065765,13.292032209560691
4F1jCw1yzKA,val,Dataset_Shard_0000000_0099999,10,50,0.4654737564921379,0.4930514842271805,0.22502238118463694,0.16626826733350752,0.06943267000839114,13.077997292977102
7HV-wL3jJ5U,val,Dataset_Shard_0000000_0099999,10,50,0.8411415994167328,0.8443722128868103,0.09110744968670131,0.036734502222388984,0.010164244184270501,21.995852612849138
Al4Q6ORp6CQ,val,Dataset_Shard_0000000_0099999,10,50,0.5180661359429359,0.6457188129425049,0.26970495996341315,0.1538032914698124,0.06925339804962277,14.29188745179853
CF81s4pzmew,val,Dataset_Shard_0100000_0199999,10,42,0.37466954191525775,0.3616676926612854,0.12007782393521496,0.18505335297612918,0.06819894397631288,11.98656066052411
CIkvuF5f6ak,val,Dataset_Shard_0100000_0199999,10,50,0.5040181973576545,0.5229413509368896,0.20371477413971836,0.1637559939175844,0.06308217961341142,12.862169044647265
DzJPrFInDgI,val,Dataset_Shard_0100000_0199999,10,50,0.7618243718147277,0.7659421563148499,0.07691171302314811,0.06813276004046202,0.020642084246501328,17.767659599090297
FHQdsG4y6sA,val,Dataset_Shard_0100000_0199999,10,50,0.38225259333848954,0.31891122460365295,0.18392062295354059,0.17680878102779388,0.06346616797149181,12.778921522416633
G8vA3NnBdms,val,Dataset_Shard_0100000_0199999,10,50,0.5847414451837539,0.572691410779953,0.1311909203092371,0.11924045391380787,0.040446530012413856,14.998444942998104
HvxUw40lGmU,val,Dataset_Shard_0100000_0199999,10,50,0.6293976151943207,0.6444363296031952,0.08166426551708848,0.12720122553408145,0.04699338097125292,13.55689726489647
JGxn16KUavc,val,Dataset_Shard_0100000_0199999,10,50,0.46518843084573747,0.43182313442230225,0.1685975174802536,0.16958332911133767,0.06856093045324087,12.483957013144602
L_MDy-YN-qU,val,Dataset_Shard_0100000_0199999,10,50,0.6936786204576493,0.7208589315414429,0.12067375565761623,0.10575079090893269,0.03593323796987533,15.808541647863066
MWvT1QbVPW4,val,Dataset_Shard_0100000_0199999,10,50,0.4964675587415695,0.4642840027809143,0.16336900737471494,0.15711478024721146,0.06767190147191286,12.916717495163127
NMv_tUPIx3M,val,Dataset_Shard_0100000_0199999,10,50,0.7401262068748474,0.7275756895542145,0.09241581551158784,0.08743946980684995,0.024145582243800163,17.14441999978728
NTTKigtDFOM,val,Dataset_Shard_0100000_0199999,10,5,0.7474340677261353,0.7765498757362366,0.14103068236357338,0.09666922762989998,0.04521465124562383,17.0704263436781
NTTKigtDFOM,val,Dataset_Shard_0200000_0299999,10,45,0.6833084404468537,0.6786067485809326,0.12535355161196796,0.09483351968228818,0.03681485491494338,15.363842289194638
NxPc-RxaurE,val,Dataset_Shard_0200000_0299999,10,50,0.5263529659807682,0.520844966173172,0.20873270585654738,0.13521478850394486,0.05030511203687638,14.476123698904317
OK0NO9Pofgk,val,Dataset_Shard_0200000_0299999,10,50,0.6706375700235366,0.6340798437595367,0.1366315374518569,0.10364290177822114,0.03590193259064108,15.396650379850007
Oxh1el_9L68,val,Dataset_Shard_0200000_0299999,10,50,0.3462421828508377,0.3584907054901123,0.07687851970886848,0.19672031417489053,0.07702311951667071,11.694348720403328
PON6UARN2Ho,val,Dataset_Shard_0200000_0299999,10,50,0.5159523528814316,0.5061302781105042,0.12017593162128071,0.12254230156540871,0.03429781616665423,16.104626132545405
PQO_bd79mec,val,Dataset_Shard_0200000_0299999,10,50,0.21627203837037087,0.19380922615528107,0.07252001220634684,0.22834369018673897,0.08583774078637361,11.046274219202582
TMhssQ2rLOc,val,Dataset_Shard_0200000_0299999,10,50,0.4585008692741394,0.4194255769252777,0.12734730033283903,0.16210548661649227,0.07225548727437854,12.091838958758535
YBdiEmhvUL4,val,Dataset_Shard_0200000_0299999,10,50,0.4507098111510277,0.3609553575515747,0.2775022117173219,0.13915169887244702,0.04868999807396904,15.467285800681031
YNJTgfO5Mvs,val,Dataset_Shard_0200000_0299999,10,50,0.490488887578249,0.5622571110725403,0.1907031069960676,0.1296892397105694,0.049967798385769126,13.755069315412513
YufGRlASfNw,val,Dataset_Shard_0200000_0299999,10,50,0.2944731891155243,0.26838813722133636,0.0850585590631621,0.14853768661618233,0.04549694128334522,13.888449958775885
aRF_slIwqM4,val,Dataset_Shard_0200000_0299999,10,50,0.5105050106346607,0.5121306329965591,0.25308710533575013,0.16361633598804473,0.07279711863026023,12.986800349948046
bF1ORN7QtkE,val,Dataset_Shard_0300000_0399999,10,50,0.8382244133949279,0.8432332575321198,0.09003483968869525,0.04977542445063591,0.013559056716039776,19.55209285194081
e0x_uAwuUVE,val,Dataset_Shard_0300000_0399999,10,50,0.4808221623301506,0.5150923579931259,0.19648281920132382,0.14330589048564435,0.05163839122280479,14.118187179438285
e6FMbxEpdus,val,Dataset_Shard_0300000_0399999,10,50,0.6032952907681465,0.691300630569458,0.22683551370049243,0.12075677391141654,0.04022095973137766,16.201455872464617
eFquyliJz0U,val,Dataset_Shard_0300000_0399999,10,50,0.2435500866174698,0.23387306183576584,0.06493124122108304,0.17062950104475022,0.05677358608692885,12.867332657177412
erLQ1Ojy-TQ,val,Dataset_Shard_0300000_0399999,10,50,0.3745733369886875,0.27618497610092163,0.20912268645222237,0.18225602857768536,0.06829062409698963,12.280988734745488
fOLyRAD-0Zw,val,Dataset_Shard_0300000_0399999,10,50,0.6383101868629456,0.6973253190517426,0.19533278901740458,0.10744208812713624,0.03706670578569174,15.42938566730562
hWgU6TyNnkw,val,Dataset_Shard_0300000_0399999,10,50,0.7406493300199508,0.7565935850143433,0.09342233101828301,0.08846929989755153,0.027711761882528663,18.34066745847137
i4AW7iRDqsU,val,Dataset_Shard_0300000_0399999,10,50,0.7889563512802124,0.8238878846168518,0.1385802603449267,0.06762056296691299,0.02299648354295641,17.774295648379923
jzgW4PGt3XE,val,Dataset_Shard_0300000_0399999,10,50,0.6914669179916382,0.7377103269100189,0.18992346836304597,0.09850483616814017,0.03851324984338134,17.018353795483165
kxunkO4v048,val,Dataset_Shard_0300000_0399999,10,50,0.6410047790408134,0.6463041305541992,0.21244693783204285,0.1310072909295559,0.05235341855790466,15.86347863975614
l7F1MHpB1u0,val,Dataset_Shard_0300000_0399999,10,50,0.4431000392138958,0.32414965331554413,0.2575933208964704,0.1422925484366715,0.049918013429269194,15.205406516535607
lxHmqyU2TSc,val,Dataset_Shard_0300000_0399999,10,50,0.40694738626480104,0.40397824347019196,0.1597390472082875,0.15940628223121167,0.05390482051298022,13.18516016342978
oKwo2V65yJE,val,Dataset_Shard_0400000_0499999,10,50,0.5439882415533066,0.617899626493454,0.17142718201643656,0.11626920469105244,0.03989571853540838,15.248486906702317
p8-hHmHaQkQ,val,Dataset_Shard_0400000_0499999,10,50,0.6712552607059479,0.6708896458148956,0.0708012504331019,0.08401045702397823,0.018693218203261495,17.638201714046378
q-XdFFWSAeQ,val,Dataset_Shard_0400000_0499999,10,50,0.3469998649507761,0.36256760358810425,0.19617596103371143,0.1829567950218916,0.06815400021150708,12.487097277356488
tIZcUgrcWWc,val,Dataset_Shard_0400000_0499999,10,50,0.556402792930603,0.5852726101875305,0.19481859058385903,0.12698257353156805,0.04048988309688866,14.808638421792878
tUAYRMtMyb0,val,Dataset_Shard_0400000_0499999,10,50,0.6785517904162407,0.7298368811607361,0.19696436615369745,0.10654739405959844,0.03338984200265258,16.97358064841759
wXJY7EQy4Ns,val,Dataset_Shard_0400000_0499999,10,50,0.523912855386734,0.46812790632247925,0.2263857202088928,0.16439435131847857,0.06797851249575615,13.501081999373447
xUp_PDUsIyc,val,Dataset_Shard_0400000_0499999,10,50,0.4357329379022121,0.45467081665992737,0.12264821188726485,0.16021849028766155,0.07274898387491703,11.819746961532239
ysLwpEhLkqI,val,Dataset_Shard_0400000_0499999,10,50,0.8161502158641816,0.8249882161617279,0.10686550730335874,0.06524210443720221,0.01663819035515189,19.88743363879957
zg_dwcSRLxo,val,Dataset_Shard_0400000_0499999,10,50,0.5139218634366989,0.5291280150413513,0.20008605834216814,0.15190275825560093,0.06268995124846696,12.967540388688457
